물품명,분류,원래이름,개수,단위,보유처,보유처종류,권역,시도,시군구,주소,대표전화,자료출처
개인보호구 세트,보호구,개인보호구,22742,set,광양광역방제지원센터(여수),국가기관 비축,,,,광양항,,07 해경 광역방제지원센터 비축물자
개인보호구 세트,보호구,개인보호구,22068,set,대산광역방제지원센터(태안),국가기관 비축,,,,대산항,,07 해경 광역방제지원센터 비축물자
개인보호구 세트,보호구,개인보호구세트,4,set,한국환경공단 수질오염방제센터 낙동강센터,국가기관 비축,경상권역,,,,,09 한국환경공단 수질오염방제센터
개인보호구 세트,보호구,개인보호구,2,SET,㈜삼엽,사업장,경상권역,경상남도,하동군,경상남도 하동군 금성면 금성로 31,055-4271-9220,05 사업장 보유 방제물품(화학안전공동체)
개인보호구 세트,보호구,개인보호구,21998,set,울산광역방제지원센터(울산),국가기관 비축,경상권역,울산광역시,,온산항,,07 해경 광역방제지원센터 비축물자
개인보호구 세트,보호구,개인보호구세트,4,set,한국환경공단 수질오염방제센터 한강센터,국가기관 비축,수도권,,,,,09 한국환경공단 수질오염방제센터
개인보호구 세트,보호구,안전보호구함,,3,GS칼텍스㈜ 바이오부탄올,사업장,전라권역,전라남도,여수시,전라남도 여수시 여수산단로 923-106,061-660-6268,05 사업장 보유 방제물품(화학안전공동체)
개인보호구 세트,보호구,보호구함,,28,GS칼텍스㈜ 바이오부탄올,사업장,전라권역,전라남도,여수시,전라남도 여수시 여수산단로 923-106,061-660-6268,05 사업장 보유 방제물품(화학안전공동체)
개인보호구 세트,보호구,개인보호구,5,SET,㈜로비스,사업장,전라권역,전라남도,여수시,전라남도 여수시 여수산단로 274-9,061-805-9220,05 사업장 보유 방제물품(화학안전공동체)
개인보호구 세트,보호구,개인보호구,2,EA,대정티씨 여수공장,사업장,전라권역,전라남도,여수시,전라남도 여수시 여수산단1로 310-37,061-685-3021,05 사업장 보유 방제물품(화학안전공동체)
개인보호구 세트,보호구,개인보호구함,10,EA,한국남동발전㈜ 여수발전본부,사업장,전라권역,전라남도,여수시,전라남도 여수시 여수산단로 727,070-8898-5622,05 사업장 보유 방제물품(화학안전공동체)
개인보호구 세트,보호구,방제장비(보호구),12,SET,한화에너지㈜ 여수공장,사업장,전라권역,전라남도,여수시,전라남도 여수시 산단중앙로 1445,061-689-7678,05 사업장 보유 방제물품(화학안전공동체)
개인보호구 세트,보호구,개인보호구세트,4,set,한국환경공단 수질오염방제센터 금강센터,국가기관 비축,충청권역,,,,,09 한국환경공단 수질오염방제센터
보안경·안전모,보호구,보호안경,46,EA,한국남동발전㈜ 하동발전본부,사업장,경상권역,경상남도,하동군,경상남도 하동군 금성면 경제산업로 509,070-7713-1294,05 사업장 보유 방제물품(화학안전공동체)
보안경·안전모,보호구,안면보호기,23,EA,한국남동발전㈜ 하동발전본부,사업장,경상권역,경상남도,하동군,경상남도 하동군 금성면 경제산업로 509,070-7713-1294,05 사업장 보유 방제물품(화학안전공동체)
보안경·안전모,보호구,보호안경,6,ea,한국도로공사 발안영업소 (한강청 관리),환경청·센터 장비함,수도권,경기도,화성시,경기 화성시 팔탄면 3.1만세로 879-40,031-790-2896,04 환경청·센터 방제장비함
보안경·안전모,보호구,보호경,,6EA,DSR제강㈜ 1공장,사업장,전라권역,전라남도,순천시,전라남도 순천시 서면 산단1길 15,061-729-3500,05 사업장 보유 방제물품(화학안전공동체)
보안경·안전모,보호구,보호경,,6EA,DSR제강㈜ 2공장,사업장,전라권역,전라남도,순천시,전라남도 순천시 서면 산단4길 38,061-751-7121,05 사업장 보유 방제물품(화학안전공동체)
보안경·안전모,보호구,안면보호구,,20EA,GS칼텍스㈜,사업장,전라권역,전라남도,여수시,전라남도 여수시 여수산단로 923-106,061-680-2387,05 사업장 보유 방제물품(화학안전공동체)
보안경·안전모,보호구,보안경,,24,GS칼텍스㈜ 바이오부탄올,사업장,전라권역,전라남도,여수시,전라남도 여수시 여수산단로 923-106,061-660-6268,05 사업장 보유 방제물품(화학안전공동체)
보안경·안전모,보호구,안전모,4,EA,KPX라이프 사이언스㈜,사업장,전라권역,전라남도,여수시,전라남도 여수시 여수산단2로 84,061-688-4622,05 사업장 보유 방제물품(화학안전공동체)
보안경·안전모,보호구,보안경,3,EA,KPX라이프 사이언스㈜,사업장,전라권역,전라남도,여수시,전라남도 여수시 여수산단2로 84,061-688-4622,05 사업장 보유 방제물품(화학안전공동체)
보안경·안전모,보호구,보안면,2,EA,KPX라이프 사이언스㈜,사업장,전라권역,전라남도,여수시,전라남도 여수시 여수산단2로 84,061-688-4622,05 사업장 보유 방제물품(화학안전공동체)
보안경·안전모,보호구,보안면,11,EA,KPX라이프 사이언스㈜,사업장,전라권역,전라남도,여수시,전라남도 여수시 여수산단로 201,061-688-4622,05 사업장 보유 방제물품(화학안전공동체)
보안경·안전모,보호구,보안경,10,EA,KPX라이프 사이언스㈜,사업장,전라권역,전라남도,여수시,전라남도 여수시 여수산단로 201,061-688-4622,05 사업장 보유 방제물품(화학안전공동체)
보안경·안전모,보호구,안전모,2,EA,KPX라이프 사이언스㈜,사업장,전라권역,전라남도,여수시,전라남도 여수시 여수산단로 201,061-688-4622,05 사업장 보유 방제물품(화학안전공동체)
보안경·안전모,보호구,보안경,2,EA,㈜대진,사업장,전라권역,전라남도,여수시,전라남도 여수시 삼동로 101,061-685-5980,05 사업장 보유 방제물품(화학안전공동체)
보안경·안전모,보호구,보안면,2,EA,㈜대진,사업장,전라권역,전라남도,여수시,전라남도 여수시 삼동로 101,061-685-5980,05 사업장 보유 방제물품(화학안전공동체)
보안경·안전모,보호구,안전모,2,EA,㈜대진,사업장,전라권역,전라남도,여수시,전라남도 여수시 삼동로 101,061-685-5980,05 사업장 보유 방제물품(화학안전공동체)
보안경·안전모,보호구,보안경,6,EA,㈜성원,사업장,전라권역,전라남도,광양시,전라남도 광양시 광양읍 초남공단2길 5,,05 사업장 보유 방제물품(화학안전공동체)
보안경·안전모,보호구,보안경,5,EA,㈜엠이시,사업장,전라권역,전라남도,광영시,전라남도 광영시 옥곡면 신금산단5길 30,061-772-8825,05 사업장 보유 방제물품(화학안전공동체)
보안경·안전모,보호구,안전면,2,EA,㈜와이엔텍,사업장,전라권역,전라남도,여수시,전라남도 여수시 여수산단로 1232,061-690-6910,05 사업장 보유 방제물품(화학안전공동체)
보안경·안전모,보호구,보안경(유체용),4,EA,㈜유니테크 여수지점,사업장,전라권역,전라남도,여수시,전라남도 여수시 진달래길 14,061-692-0461,05 사업장 보유 방제물품(화학안전공동체)
보안경·안전모,보호구,안전모,10,EA,㈜한익스프레스,사업장,전라권역,전라남도,여수시,전라남도 여수시 여수산단로 611,061-685-5524,05 사업장 보유 방제물품(화학안전공동체)
보안경·안전모,보호구,안전벨트,3,EA,㈜한익스프레스,사업장,전라권역,전라남도,여수시,전라남도 여수시 여수산단로 611,061-685-5524,05 사업장 보유 방제물품(화학안전공동체)
보안경·안전모,보호구,보호안경,8,EA,㈜한익스프레스,사업장,전라권역,전라남도,여수시,전라남도 여수시 여수산단로 611,061-685-5524,05 사업장 보유 방제물품(화학안전공동체)
보안경·안전모,보호구,안면보호면,5,EA,닛소남해아그로㈜,사업장,전라권역,전라남도,여수시,전라남도 여수시 여수산단로 1384,061-900-3531,05 사업장 보유 방제물품(화학안전공동체)
보안경·안전모,보호구,보안경,5,EA,닛소남해아그로㈜,사업장,전라권역,전라남도,여수시,전라남도 여수시 여수산단로 1384,061-900-3531,05 사업장 보유 방제물품(화학안전공동체)
보안경·안전모,보호구,방열안전모,5,EA,대림산업㈜ 여수C4공장,사업장,전라권역,전라남도,여수시,전라남도 여수시 여수산단중앙로 275,061-688-6821,05 사업장 보유 방제물품(화학안전공동체)
보안경·안전모,보호구,보안경,2,EA(1BOX),롯데미쓰이화학㈜,사업장,전라권역,전라남도,여수시,전라남도 여수시 여수산단4로 129,061-680-8411,05 사업장 보유 방제물품(화학안전공동체)
보안경·안전모,보호구,보호안경,3,EA,매일식품㈜,사업장,전라권역,전라남도,순천시,전라남도 순천시 서면산단1길 16,061-752-3331,05 사업장 보유 방제물품(화학안전공동체)
보안경·안전모,보호구,안전모,10,EA,백광산업,사업장,전라권역,전라남도,여수시,전라남도 여수시 여수산단2로 284,061-680-0600,05 사업장 보유 방제물품(화학안전공동체)
보안경·안전모,보호구,보호안경,10,EA,백광산업,사업장,전라권역,전라남도,여수시,전라남도 여수시 여수산단2로 284,061-680-0600,05 사업장 보유 방제물품(화학안전공동체)
보안경·안전모,보호구,안전모,2,EA,수자원공사 여수권지사 별량수령장,사업장,전라권역,전라남도,순천시,전라남도 순천시,061-759-4212,05 사업장 보유 방제물품(화학안전공동체)
보안경·안전모,보호구,보안경,0,㎥,케이에스광학㈜,사업장,전라권역,전라남도,순천시,전라남도 순천시 율촌산단4로 26-108,061-727-9717,05 사업장 보유 방제물품(화학안전공동체)
보안경·안전모,보호구,보안면,100,EA,코니상사,판매업체,전라권역,전라남도,여수시,전남 여수시 웅남3길,061-684-3611,15 전남·광주 방제약품 판매업체 (2017년 기준)
보안경·안전모,보호구,안전모,100,EA,코니상사,판매업체,전라권역,전라남도,여수시,전남 여수시 웅남3길,061-684-3611,15 전남·광주 방제약품 판매업체 (2017년 기준)
보안경·안전모,보호구,안면보호대,4,EA,한국남동발전㈜ 여수발전본부,사업장,전라권역,전라남도,여수시,전라남도 여수시 여수산단로 727,070-8898-5622,05 사업장 보유 방제물품(화학안전공동체)
보안경·안전모,보호구,보안경,10,EA,한국남동발전㈜ 호남화력본부,사업장,전라권역,전라남도,여수시,"전라남도 여수시 여수산단로 1203, 1층",,05 사업장 보유 방제물품(화학안전공동체)
보안경·안전모,보호구,보안면,7,EA,한국남동발전㈜ 호남화력본부,사업장,전라권역,전라남도,여수시,"전라남도 여수시 여수산단로 1203, 1층",,05 사업장 보유 방제물품(화학안전공동체)
보안경·안전모,보호구,사다리,11,EA,한국바스프㈜,사업장,전라권역,전라남도,여수시,전라남도 여수시 여수산단2로 284,061-680-7061,05 사업장 보유 방제물품(화학안전공동체)
보안경·안전모,보호구,WATER SHIELD,44,EA,한국바스프㈜,사업장,전라권역,전라남도,여수시,전라남도 여수시 여수산단2로 284,061-680-7061,05 사업장 보유 방제물품(화학안전공동체)
보안경·안전모,보호구,로프,44,EA,한국바스프㈜,사업장,전라권역,전라남도,여수시,전라남도 여수시 여수산단2로 284,061-680-7061,05 사업장 보유 방제물품(화학안전공동체)
보안경·안전모,보호구,안전벨트,44,EA,한국바스프㈜,사업장,전라권역,전라남도,여수시,전라남도 여수시 여수산단2로 284,061-680-7061,05 사업장 보유 방제물품(화학안전공동체)
보안경·안전모,보호구,모노가글,62,EA,한국바스프㈜,사업장,전라권역,전라남도,여수시,전라남도 여수시 여수산단2로 284,061-680-7061,05 사업장 보유 방제물품(화학안전공동체)
보안경·안전모,보호구,FACE SHIELD,58,EA,한국바스프㈜,사업장,전라권역,전라남도,여수시,전라남도 여수시 여수산단2로 284,061-680-7061,05 사업장 보유 방제물품(화학안전공동체)
보안경·안전모,보호구,보안면,20,EA,한국바스프㈜,사업장,전라권역,전라남도,여수시,전라남도 여수시 여수산단2로 284,061-680-7061,05 사업장 보유 방제물품(화학안전공동체)
보안경·안전모,보호구,안전고글,5,EA,한국캐솔㈜,사업장,전라권역,전라남도,순천시,전라남도 순천시 양율길 286,061-741-1661,05 사업장 보유 방제물품(화학안전공동체)
보안경·안전모,보호구,안면보호구,4,EA,한승케미칼㈜,사업장,전라권역,전라남도,광양시,전라남도 광양시 광양읍 초남2공단2길 66,061-795-1958,05 사업장 보유 방제물품(화학안전공동체)
보안경·안전모,보호구,보안면,14,EA,한화케미칼㈜ 폴리실리콘,사업장,전라권역,전라남도,여수시,전라남도 여수시 여수산단4로 255,061-690-5728,05 사업장 보유 방제물품(화학안전공동체)
보안경·안전모,보호구,모노고글,14,EA,한화케미칼㈜ 폴리실리콘,사업장,전라권역,전라남도,여수시,전라남도 여수시 여수산단4로 255,061-690-5728,05 사업장 보유 방제물품(화학안전공동체)
보안경·안전모,보호구,안전모,8,EA,해인기업㈜ 여수공장,사업장,전라권역,전라남도,여수시,전라남도 여수시 중흥동 750-19,061-692-6800,05 사업장 보유 방제물품(화학안전공동체)
보안경·안전모,보호구,고글,21,EA,해인기업㈜ 여수공장,사업장,전라권역,전라남도,여수시,전라남도 여수시 중흥동 750-19,061-692-6800,05 사업장 보유 방제물품(화학안전공동체)
보안경·안전모,보호구,귀마개,10,EA,해인기업㈜ 여수공장,사업장,전라권역,전라남도,여수시,전라남도 여수시 중흥동 750-19,061-692-6800,05 사업장 보유 방제물품(화학안전공동체)
보안경·안전모,보호구,안전벨트,6,EA,해인기업㈜ 여수공장,사업장,전라권역,전라남도,여수시,전라남도 여수시 중흥동 750-19,061-692-6800,05 사업장 보유 방제물품(화학안전공동체)
보안경·안전모,보호구,안전벨트,5,EA,해인기업㈜ 화치공장,사업장,전라권역,전라남도,여수시,전라남도 여수시 산단중앙로 30,061-686-6801,05 사업장 보유 방제물품(화학안전공동체)
보안경·안전모,보호구,보안경,21,EA,현대에너지㈜,사업장,전라권역,전라남도,여수시,전라남도 여수시 여수산단로 727,061-683-7319,05 사업장 보유 방제물품(화학안전공동체)
보안경·안전모,보호구,보안면,19,EA,현대에너지㈜,사업장,전라권역,전라남도,여수시,전라남도 여수시 여수산단로 727,061-683-7319,05 사업장 보유 방제물품(화학안전공동체)
보안경·안전모,보호구,안전벨트,7,EA,휴켐스㈜ 여수공장,사업장,전라권역,전라남도,여수시,전라남도 여수시 상암로 963,061-680-4613,05 사업장 보유 방제물품(화학안전공동체)
보호장갑·장화,보호구,장갑,9,,강릉시 환경과,지자체,강원권역,강원특별자치도,강릉시,강원 강릉시 강릉대로 33,033-640-5356,01 지자체 보유 방재장비
보호장갑·장화,보호구,장화,9,,강릉시 환경과,지자체,강원권역,강원특별자치도,강릉시,강원 강릉시 강릉대로 33,033-640-5356,01 지자체 보유 방재장비
보호장갑·장화,보호구,장갑,21,,고성군 환경과,지자체,강원권역,강원특별자치도,고성군,강원 고성군 죽왕면 짱고개길 253,033-680-3823,01 지자체 보유 방재장비
보호장갑·장화,보호구,장화,20000,,고성군 환경과,지자체,강원권역,강원특별자치도,고성군,강원 고성군 죽왕면 짱고개길 253,033-680-3823,01 지자체 보유 방재장비
보호장갑·장화,보호구,장갑,13,,고성군 환경과,지자체,강원권역,강원특별자치도,고성군,강원 고성군 간성읍 고성중앙길9,033-680-3343,01 지자체 보유 방재장비
보호장갑·장화,보호구,장갑,24,,속초시 친환경과,지자체,강원권역,강원특별자치도,속초시,강원 속초시 중앙로 183,033-639-1578,01 지자체 보유 방재장비
보호장갑·장화,보호구,장화,13,,속초시 친환경과,지자체,강원권역,강원특별자치도,속초시,강원 속초시 중앙로 183,033-639-1578,01 지자체 보유 방재장비
보호장갑·장화,보호구,장갑,10,,양구군 환경과,지자체,강원권역,강원특별자치도,양구군,강원 양구군 관공서로 38,033-480-7284,01 지자체 보유 방재장비
보호장갑·장화,보호구,장화,10,,양구군 환경과,지자체,강원권역,강원특별자치도,양구군,강원 양구군 관공서로 38,033-480-7284,01 지자체 보유 방재장비
보호장갑·장화,보호구,장갑,5,,영월군 환경위생과,지자체,강원권역,강원특별자치도,영월군,강원 영월군 영월읍 하송로 64,033-370-2157,01 지자체 보유 방재장비
보호장갑·장화,보호구,장화,5,,영월군 환경위생과,지자체,강원권역,강원특별자치도,영월군,강원 영월군 영월읍 하송로 64,033-370-2157,01 지자체 보유 방재장비
보호장갑·장화,보호구,장갑,20,,인제군 환경보호과,지자체,강원권역,강원특별자치도,인제군,강원 인제군 인제읍 인제로187번길 8,033-460-4453,01 지자체 보유 방재장비
보호장갑·장화,보호구,장화,15,,인제군 환경보호과,지자체,강원권역,강원특별자치도,인제군,강원 인제군 인제읍 인제로187번길 8,033-460-4453,01 지자체 보유 방재장비
보호장갑·장화,보호구,장갑,5,,정선군 환경과,지자체,강원권역,강원특별자치도,정선군,강원 정선군 정선읍 봉양3길 21,033-560-2354,01 지자체 보유 방재장비
보호장갑·장화,보호구,장화,5,,정선군 환경과,지자체,강원권역,강원특별자치도,정선군,강원 정선군 정선읍 봉양3길 21,033-560-2354,01 지자체 보유 방재장비
보호장갑·장화,보호구,장화,5,,태백시 환경과,지자체,강원권역,강원특별자치도,태백시,강원 태백시 태붐로 21,033-550-3974,01 지자체 보유 방재장비
보호장갑·장화,보호구,장화,4,,평창군 환경과,지자체,강원권역,강원특별자치도,평창군,강원 평창군 평창읍 군청길 77,,01 지자체 보유 방재장비
보호장갑·장화,보호구,장화,7,,홍천군 환경과,지자체,강원권역,강원특별자치도,홍천군,강원 홍천군 홍천읍 석화로 93,033-430-2625,01 지자체 보유 방재장비
보호장갑·장화,보호구,Level C 보호장화,14,개,한국환경공단 수질오염방제센터 낙동강센터,국가기관 비축,경상권역,,,,,09 한국환경공단 수질오염방제센터
보호장갑·장화,보호구,Level C 보호장갑,40,개,한국환경공단 수질오염방제센터 낙동강센터,국가기관 비축,경상권역,,,,,09 한국환경공단 수질오염방제센터
보호장갑·장화,보호구,장갑,24,,거제시 기후환경과,지자체,경상권역,경상남도,거제시,경상남도 거제시 계룡로 125(고현동) 거제시청,055-639-3933,01 지자체 보유 방재장비
보호장갑·장화,보호구,장화,4,,거제시 기후환경과,지자체,경상권역,경상남도,거제시,경상남도 거제시 계룡로 125(고현동) 거제시청,055-639-3933,01 지자체 보유 방재장비
보호장갑·장화,보호구,장화,3,,거창군 환경과,지자체,경상권역,경상남도,거창군,경상남도 거창군 거창읍 중앙로 103,055-940-3514,01 지자체 보유 방재장비
보호장갑·장화,보호구,장갑,93,,김해시 환경정책과,지자체,경상권역,경상남도,김해시,경상남도 김해시 김해대로 2401,055-330-2733,01 지자체 보유 방재장비
보호장갑·장화,보호구,장화,20,,김해시 환경정책과,지자체,경상권역,경상남도,김해시,경상남도 김해시 김해대로 2401,055-330-2733,01 지자체 보유 방재장비
보호장갑·장화,보호구,장갑,2,,남해군 환경과,지자체,경상권역,경상남도,남해군,경상남도 남해군 남해읍 에코파크길 65-10,055-860-3273,01 지자체 보유 방재장비
보호장갑·장화,보호구,장화,2,,남해군 환경과,지자체,경상권역,경상남도,남해군,경상남도 남해군 남해읍 에코파크길 65-10,055-860-3273,01 지자체 보유 방재장비
보호장갑·장화,보호구,장갑,2,,남해군 환경과,지자체,경상권역,경상남도,남해군,경상남도 남해군 남해읍 에코파크길 65-10,055-860-3273,02 지자체 보유 방재장비(청·센터별)
보호장갑·장화,보호구,장화,2,,남해군 환경과,지자체,경상권역,경상남도,남해군,경상남도 남해군 남해읍 에코파크길 65-10,055-860-3273,02 지자체 보유 방재장비(청·센터별)
보호장갑·장화,보호구,장갑,20,,산청군 환경위생과,지자체,경상권역,경상남도,산청군,경상남도 산청군 산청읍 산엔청로 1,055-970-7122,01 지자체 보유 방재장비
보호장갑·장화,보호구,장화,10,,산청군 환경위생과,지자체,경상권역,경상남도,산청군,경상남도 산청군 산청읍 산엔청로 1,055-970-7122,01 지자체 보유 방재장비
보호장갑·장화,보호구,장갑,5,,양산시 수질관리과,지자체,경상권역,경상남도,양산시,경남 양산시 중앙로 39,055-392-3582,01 지자체 보유 방재장비
보호장갑·장화,보호구,장화,3,,양산시 수질관리과,지자체,경상권역,경상남도,양산시,경남 양산시 중앙로 39,055-392-3582,01 지자체 보유 방재장비
보호장갑·장화,보호구,장갑,5,,양산시 수질관리과,지자체,경상권역,경상남도,양산시,경남 양산시 중앙로 39,055-392-3582,02 지자체 보유 방재장비(청·센터별)
보호장갑·장화,보호구,장화,3,,양산시 수질관리과,지자체,경상권역,경상남도,양산시,경남 양산시 중앙로 39,055-392-3582,02 지자체 보유 방재장비(청·센터별)
보호장갑·장화,보호구,장갑,160,,창녕군 환경위생과,지자체,경상권역,경상남도,창녕군,경상남도 창녕군 창녕읍 군청길1,055-530-1614,01 지자체 보유 방재장비
보호장갑·장화,보호구,장화,18,,창녕군 환경위생과,지자체,경상권역,경상남도,창녕군,경상남도 창녕군 창녕읍 군청길1,055-530-1614,01 지자체 보유 방재장비
보호장갑·장화,보호구,장화,14,,창원시 마산합포구 환경과,지자체,경상권역,경상남도,창원시 마산합포구,경상남도 창원시 마산합포구 3·15대로 210,055-220-4573,01 지자체 보유 방재장비
보호장갑·장화,보호구,장화,20,,창원시 마산회원구 환경과,지자체,경상권역,경상남도,창원시 마산회원구,경상남도 창원시 마산회원구 삼호로 63,055-230-4573,01 지자체 보유 방재장비
보호장갑·장화,보호구,장갑,3,,창원시 성산구 안전건설과,지자체,경상권역,경상남도,창원시 성산구,경상남도 창원시 성산구 창원대로 1086(성주동),055-272-4654,01 지자체 보유 방재장비
보호장갑·장화,보호구,장화,3,,창원시 성산구 환경과,지자체,경상권역,경상남도,창원시 성산구,경상남도 창원시 성산구 창원대로 1086(성주동),055-272-4573,01 지자체 보유 방재장비
보호장갑·장화,보호구,장갑,60,,창원시 의창구 환경과,지자체,경상권역,경상남도,창원시 의창구,경상남도 창원시 의창구 원이대로 80,055-212-4573,01 지자체 보유 방재장비
보호장갑·장화,보호구,장화,30,,창원시 의창구 환경과,지자체,경상권역,경상남도,창원시 의창구,경상남도 창원시 의창구 원이대로 80,055-212-4573,01 지자체 보유 방재장비
보호장갑·장화,보호구,장갑,20,,창원시 진해구 환경과,지자체,경상권역,경상남도,창원시 진해구,창원시 진해구 진대해로 1101,055-548-4573,01 지자체 보유 방재장비
보호장갑·장화,보호구,장화,10,,창원시 진해구 환경과,지자체,경상권역,경상남도,창원시 진해구,창원시 진해구 진대해로 1101,055-548-4573,01 지자체 보유 방재장비
보호장갑·장화,보호구,장갑,5,,하동군 환경보호과,지자체,경상권역,경상남도,하동군,경상남도 하동군 하동읍 군청로 23,055-880-2574,01 지자체 보유 방재장비
보호장갑·장화,보호구,장화,5,,하동군 환경보호과,지자체,경상권역,경상남도,하동군,경상남도 하동군 하동읍 군청로 23,055-880-2574,01 지자체 보유 방재장비
보호장갑·장화,보호구,장갑,5,,하동군 환경보호과,지자체,경상권역,경상남도,하동군,경상남도 하동군 하동읍 군청로 23,055-880-2574,02 지자체 보유 방재장비(청·센터별)
보호장갑·장화,보호구,장화,5,,하동군 환경보호과,지자체,경상권역,경상남도,하동군,경상남도 하동군 하동읍 군청로 23,055-880-2574,02 지자체 보유 방재장비(청·센터별)
보호장갑·장화,보호구,보호신발,46,EA,한국남동발전㈜ 하동발전본부,사업장,경상권역,경상남도,하동군,경상남도 하동군 금성면 경제산업로 509,070-7713-1294,05 사업장 보유 방제물품(화학안전공동체)
보호장갑·장화,보호구,보호장갑,46,EA,한국남동발전㈜ 하동발전본부,사업장,경상권역,경상남도,하동군,경상남도 하동군 금성면 경제산업로 509,070-7713-1294,05 사업장 보유 방제물품(화학안전공동체)
보호장갑·장화,보호구,장갑,35,,함양군 환경정책과,지자체,경상권역,경상남도,함양군,경상남도 함양군 함양읍 고운로 35,055-960-6116,01 지자체 보유 방재장비
보호장갑·장화,보호구,장화,30,,함양군 환경정책과,지자체,경상권역,경상남도,함양군,경상남도 함양군 함양읍 고운로 35,055-960-6116,01 지자체 보유 방재장비
보호장갑·장화,보호구,장갑,40,,경산시 환경과,지자체,경상권역,경상북도,경산시,경상북도 경산시 남매로 159,053-810-5476,01 지자체 보유 방재장비
보호장갑·장화,보호구,장화,60,,경산시 환경과,지자체,경상권역,경상북도,경산시,경상북도 경산시 남매로 159,053-810-5476,01 지자체 보유 방재장비
보호장갑·장화,보호구,장갑,100,,경주시 환경정책과,지자체,경상권역,경상북도,경주시,경상북도 경주시 양정로 260(동천동),054-779-6372,01 지자체 보유 방재장비
보호장갑·장화,보호구,장화,20,,경주시 환경정책과,지자체,경상권역,경상북도,경주시,경상북도 경주시 양정로 260(동천동),054-779-6372,01 지자체 보유 방재장비
보호장갑·장화,보호구,장갑,20,,고령군 환경과,지자체,경상권역,경상북도,고령군,고령군 대가야읍 왕릉로 55,054-950-6523,01 지자체 보유 방재장비
보호장갑·장화,보호구,장화,20,,고령군 환경과,지자체,경상권역,경상북도,고령군,고령군 대가야읍 왕릉로 55,054-950-6523,01 지자체 보유 방재장비
보호장갑·장화,보호구,장갑,38,,구미시 환경관리과,지자체,경상권역,경상북도,구미시,경상북도 구미시 농산물시잘로 15,054-480-5275,01 지자체 보유 방재장비
보호장갑·장화,보호구,장화,12,,구미시 환경관리과,지자체,경상권역,경상북도,구미시,경상북도 구미시 농산물시잘로 15,054-480-5275,01 지자체 보유 방재장비
보호장갑·장화,보호구,장갑,38,,구미시 환경관리과,지자체,경상권역,경상북도,구미시,경상북도 구미시 농산물시잘로 15,054-480-5275,02 지자체 보유 방재장비(청·센터별)
보호장갑·장화,보호구,장화,12,,구미시 환경관리과,지자체,경상권역,경상북도,구미시,경상북도 구미시 농산물시잘로 15,054-480-5275,02 지자체 보유 방재장비(청·센터별)
보호장갑·장화,보호구,장갑,16,,김천시 환경위생과,지자체,경상권역,경상북도,김천시,김천시 시청1길 1,054-420-6681,01 지자체 보유 방재장비
보호장갑·장화,보호구,장화,26,,김천시 환경위생과,지자체,경상권역,경상북도,김천시,김천시 시청1길 1,054-420-6681,01 지자체 보유 방재장비
보호장갑·장화,보호구,장갑,11,,김천시 환경위생과,지자체,경상권역,경상북도,김천시,경상북도 김천시 시청1길 1,054-420-6681,02 지자체 보유 방재장비(청·센터별)
보호장갑·장화,보호구,장화,21,,김천시 환경위생과,지자체,경상권역,경상북도,김천시,경상북도 김천시 시청1길 1,054-420-6681,02 지자체 보유 방재장비(청·센터별)
보호장갑·장화,보호구,장화,10,,문경시 환경보호과,지자체,경상권역,경상북도,문경시,경상북도 문경시 당교로 225,054-550-6501,02 지자체 보유 방재장비(청·센터별)
보호장갑·장화,보호구,장갑,100,,봉화군 녹색환경과,지자체,경상권역,경상북도,봉화군,경북 봉화군 봉화읍 봉화로 1111,054-679-6403,01 지자체 보유 방재장비
보호장갑·장화,보호구,장화,100,,봉화군 녹색환경과,지자체,경상권역,경상북도,봉화군,경북 봉화군 봉화읍 봉화로 1111,054-679-6403,01 지자체 보유 방재장비
보호장갑·장화,보호구,장갑,32,,상주시 환경관리과,지자체,경상권역,경상북도,상주시,경북 상주시 상산로 223,054-537-7357,01 지자체 보유 방재장비
보호장갑·장화,보호구,장화,32,,상주시 환경관리과,지자체,경상권역,경상북도,상주시,경북 상주시 상산로 223,054-537-7357,01 지자체 보유 방재장비
보호장갑·장화,보호구,장갑,32,,상주시 환경관리과,지자체,경상권역,경상북도,상주시,경북 상주시 상산로 223,054-537-7357,02 지자체 보유 방재장비(청·센터별)
보호장갑·장화,보호구,장화,32,,상주시 환경관리과,지자체,경상권역,경상북도,상주시,경북 상주시 상산로 223,054-537-7357,02 지자체 보유 방재장비(청·센터별)
보호장갑·장화,보호구,장갑,50,,성주군 환경과,지자체,경상권역,경상북도,성주군,경북 성주군 성주읍 성주로 3200,054-930-6182,01 지자체 보유 방재장비
보호장갑·장화,보호구,장화,7,,성주군 환경과,지자체,경상권역,경상북도,성주군,경북 성주군 성주읍 성주로 3200,054-930-6182,01 지자체 보유 방재장비
보호장갑·장화,보호구,장갑,50,,성주군 환경과,지자체,경상권역,경상북도,성주군,경북 성주군 성주읍 성주로 3200,054-930-6182,02 지자체 보유 방재장비(청·센터별)
보호장갑·장화,보호구,장화,7,,성주군 환경과,지자체,경상권역,경상북도,성주군,경북 성주군 성주읍 성주로 3200,054-930-6182,02 지자체 보유 방재장비(청·센터별)
보호장갑·장화,보호구,장갑,10,,안동시 환경관리과,지자체,경상권역,경상북도,안동시,경상북도 안동시 퇴계로 115,054-840-5287,01 지자체 보유 방재장비
보호장갑·장화,보호구,장화,10,,안동시 환경관리과,지자체,경상권역,경상북도,안동시,경상북도 안동시 퇴계로 115,054-840-5287,01 지자체 보유 방재장비
보호장갑·장화,보호구,장갑,10,,안동시 환경관리과,지자체,경상권역,경상북도,안동시,경상북도 안동시 퇴계로 115,054-840-5287,02 지자체 보유 방재장비(청·센터별)
보호장갑·장화,보호구,장화,10,,안동시 환경관리과,지자체,경상권역,경상북도,안동시,경상북도 안동시 퇴계로 115,054-840-5287,02 지자체 보유 방재장비(청·센터별)
보호장갑·장화,보호구,장갑,1,,안동시시설관리공단 바이오산단환경팀,지자체,경상권역,경상북도,안동시시설관리공단,경상북도 안동시 풍산읍 산업단지길 77,054-850-4562,01 지자체 보유 방재장비
보호장갑·장화,보호구,장화,5,,안동시시설관리공단 바이오산단환경팀,지자체,경상권역,경상북도,안동시시설관리공단,경상북도 안동시 풍산읍 산업단지길 77,054-850-4562,01 지자체 보유 방재장비
보호장갑·장화,보호구,장갑,3,,안동시시설관리공단 안동환경팀,지자체,경상권역,경상북도,안동시시설관리공단,경상북도 안동시 앙실3길 21-20,054-850-4549,01 지자체 보유 방재장비
보호장갑·장화,보호구,장화,3,,안동시시설관리공단 안동환경팀,지자체,경상권역,경상북도,안동시시설관리공단,경상북도 안동시 앙실3길 21-20,054-850-4549,01 지자체 보유 방재장비
보호장갑·장화,보호구,장갑,12,,영양군 환경보전과,지자체,경상권역,경상북도,영양군,경북 영양군 영양읍 군청길37,054-680-6510,01 지자체 보유 방재장비
보호장갑·장화,보호구,장화,2,,영양군 환경보전과,지자체,경상권역,경상북도,영양군,경북 영양군 영양읍 군청길37,054-680-6510,01 지자체 보유 방재장비
보호장갑·장화,보호구,장화,8,,영주시 환경보호과,지자체,경상권역,경상북도,영주시,경상북도 영주시 시청로 1,054-639-6793,01 지자체 보유 방재장비
보호장갑·장화,보호구,장갑,20,,영주시 환경보호과,지자체,경상권역,경상북도,영주시,경상북도 영주시 시청로 1,054-639-6793,02 지자체 보유 방재장비(청·센터별)
보호장갑·장화,보호구,장화,5,,영주시 환경보호과,지자체,경상권역,경상북도,영주시,경상북도 영주시 시청로 1,054-639-6793,02 지자체 보유 방재장비(청·센터별)
보호장갑·장화,보호구,장갑,16,,영천시 환경보호과,지자체,경상권역,경상북도,영천시,경상북도 영천시 시청로 16,054-330-6483,01 지자체 보유 방재장비
보호장갑·장화,보호구,장화,34,,영천시 환경보호과,지자체,경상권역,경상북도,영천시,경상북도 영천시 시청로 16,054-330-6483,01 지자체 보유 방재장비
보호장갑·장화,보호구,장갑,1,,예천군 맑은물사업소,지자체,경상권역,경상북도,예천군,경북 예천군 예천읍 충효로 111,054-650-6372,01 지자체 보유 방재장비
보호장갑·장화,보호구,장화,1,,예천군 맑은물사업소,지자체,경상권역,경상북도,예천군,경북 예천군 예천읍 충효로 111,054-650-6372,01 지자체 보유 방재장비
보호장갑·장화,보호구,장갑,1,,예천군 보문면,지자체,경상권역,경상북도,예천군,경북 예천군 무근열길 3,054-650-8553,01 지자체 보유 방재장비
보호장갑·장화,보호구,장화,1,,예천군 보문면,지자체,경상권역,경상북도,예천군,경북 예천군 무근열길 3,054-650-8553,01 지자체 보유 방재장비
보호장갑·장화,보호구,장갑,90,,예천군 안전재난과,지자체,경상권역,경상북도,예천군,경북 예천군 예천읍 충효로 111,054-650-6151,01 지자체 보유 방재장비
보호장갑·장화,보호구,장화,107,,예천군 안전재난과,지자체,경상권역,경상북도,예천군,경북 예천군 예천읍 충효로 111,054-650-6151,01 지자체 보유 방재장비
보호장갑·장화,보호구,장갑,2,,예천군 환경관리과,지자체,경상권역,경상북도,예천군,경북 예천군 예천읍 충효로 111,054-650-6188,01 지자체 보유 방재장비
보호장갑·장화,보호구,장화,2,,예천군 환경관리과,지자체,경상권역,경상북도,예천군,경북 예천군 예천읍 충효로 111,054-650-6188,01 지자체 보유 방재장비
보호장갑·장화,보호구,장갑,8,,예천군 환경관리과,지자체,경상권역,경상북도,예천군,경북 예천군 예천읍 충효로 111,054-650-6188,01 지자체 보유 방재장비
보호장갑·장화,보호구,장화,1,,예천군 환경관리과,지자체,경상권역,경상북도,예천군,경북 예천군 예천읍 충효로 111,054-650-6188,01 지자체 보유 방재장비
보호장갑·장화,보호구,장갑,4,,의성군 환경축산과,지자체,경상권역,경상북도,의성군,경상북도 의성군 군청길 31,054-830-6179,01 지자체 보유 방재장비
보호장갑·장화,보호구,장화,4,,의성군 환경축산과,지자체,경상권역,경상북도,의성군,경상북도 의성군 군청길 31,054-830-6179,01 지자체 보유 방재장비
보호장갑·장화,보호구,장갑,1142,,의성군 환경축산과,지자체,경상권역,경상북도,의성군,경상북도 의성군 군청길 31,054-830-6179,02 지자체 보유 방재장비(청·센터별)
보호장갑·장화,보호구,장화,70,,의성군 환경축산과,지자체,경상권역,경상북도,의성군,경상북도 의성군 군청길 31,054-830-6179,02 지자체 보유 방재장비(청·센터별)
보호장갑·장화,보호구,장갑,50,,청도군 환경산림과,지자체,경상권역,경상북도,청도군,경상북도 청도군 화양읍 청화로 70,054-370-2187,01 지자체 보유 방재장비
보호장갑·장화,보호구,장화,11,,청도군 환경산림과,지자체,경상권역,경상북도,청도군,경상북도 청도군 화양읍 청화로 70,054-370-2187,01 지자체 보유 방재장비
보호장갑·장화,보호구,장갑,7,,칠곡군 환경관리과,지자체,경상권역,경상북도,칠곡군,경상북도 칠곡군 왜관읍 군청1길 80,054-979-6692,01 지자체 보유 방재장비
보호장갑·장화,보호구,장화,7,,칠곡군 환경관리과,지자체,경상권역,경상북도,칠곡군,경상북도 칠곡군 왜관읍 군청1길 80,054-979-6692,01 지자체 보유 방재장비
보호장갑·장화,보호구,장갑,30,,포항시 환경정책과,지자체,경상권역,경상북도,포항시,포항시 남구 시청로 1,054-270-3113,01 지자체 보유 방재장비
보호장갑·장화,보호구,장화,10,,포항시 환경정책과,지자체,경상권역,경상북도,포항시,포항시 남구 시청로 1,054-270-3113,01 지자체 보유 방재장비
보호장갑·장화,보호구,장갑,2,,군위군 환경과,지자체,경상권역,대구광역시,군위군,대구광역시 군위군 군위읍 군청로 200,054-380-7992,01 지자체 보유 방재장비
보호장갑·장화,보호구,장화,1,,군위군 환경과,지자체,경상권역,대구광역시,군위군,대구광역시 군위군 군위읍 군청로 200,054-380-7992,01 지자체 보유 방재장비
보호장갑·장화,보호구,장갑,26,,군위군 환경과,지자체,경상권역,대구광역시,군위군,대구광역시 군위군 군위읍 군청로 200,054-380-7945,01 지자체 보유 방재장비
보호장갑·장화,보호구,장갑,2,,군위군 환경과,지자체,경상권역,대구광역시,군위군,대구광역시 군위군 군위읍 군청로 200,054-380-7992,02 지자체 보유 방재장비(청·센터별)
보호장갑·장화,보호구,장화,1,,군위군 환경과,지자체,경상권역,대구광역시,군위군,대구광역시 군위군 군위읍 군청로 200,054-380-7992,02 지자체 보유 방재장비(청·센터별)
보호장갑·장화,보호구,장갑,26,,군위군 환경과,지자체,경상권역,대구광역시,군위군,대구광역시 군위군 군위읍 군청로 200,054-380-7945,02 지자체 보유 방재장비(청·센터별)
보호장갑·장화,보호구,장갑,10,,남구 녹색환경과,지자체,경상권역,대구광역시,남구,대구광역시 남구 이천로 51,053-664-2576,01 지자체 보유 방재장비
보호장갑·장화,보호구,장화,20,,남구 녹색환경과,지자체,경상권역,대구광역시,남구,대구광역시 남구 이천로 51,053-664-2576,01 지자체 보유 방재장비
보호장갑·장화,보호구,장갑,18,,달성군 환경과,지자체,경상권역,대구광역시,달성군,대구광역시 달성군 논공읍 달성군청로 33,053-668-2602,01 지자체 보유 방재장비
보호장갑·장화,보호구,장화,10,,달성군 환경과,지자체,경상권역,대구광역시,달성군,대구광역시 달성군 논공읍 달성군청로 33,053-668-2602,01 지자체 보유 방재장비
보호장갑·장화,보호구,장갑,65,,대구광역시 물환경과,지자체,경상권역,대구광역시,북구,"대구광역시 북구 연암로 40, 산격청사 103동",053-803-4301,01 지자체 보유 방재장비
보호장갑·장화,보호구,장화,28,,대구광역시 물환경과,지자체,경상권역,대구광역시,북구,"대구광역시 북구 연암로 40, 산격청사 103동",053-803-4301,01 지자체 보유 방재장비
보호장갑·장화,보호구,장갑,30,,동구 생활환경과,지자체,경상권역,대구광역시,동구,대구광역시 서구 국채보상로 257,053-663-2605,01 지자체 보유 방재장비
보호장갑·장화,보호구,장화,18,,동구 생활환경과,지자체,경상권역,대구광역시,동구,대구광역시 서구 국채보상로 257,053-663-2605,01 지자체 보유 방재장비
보호장갑·장화,보호구,장갑,25,,동구 환경과,지자체,경상권역,대구광역시,동구,대구광역시 동구 아양로 207(신암동),053-662-2604,01 지자체 보유 방재장비
보호장갑·장화,보호구,장화,80,,동구 환경과,지자체,경상권역,대구광역시,동구,대구광역시 동구 아양로 207(신암동),053-662-2604,01 지자체 보유 방재장비
보호장갑·장화,보호구,장갑,17,,북구 환경관리과,지자체,경상권역,대구광역시,북구,대구광역시 북구 옥산로 1(노원동1가),053-665-2605,01 지자체 보유 방재장비
보호장갑·장화,보호구,장화,11,,북구 환경관리과,지자체,경상권역,대구광역시,북구,대구광역시 북구 옥산로 1(노원동1가),053-665-2605,01 지자체 보유 방재장비
보호장갑·장화,보호구,장갑,16,,중구 환경과,지자체,경상권역,대구광역시,중구,대구광역시 국채보상로139길 1,053-661-2583,01 지자체 보유 방재장비
보호장갑·장화,보호구,장화,12,,중구 환경과,지자체,경상권역,대구광역시,중구,대구광역시 국채보상로139길 1,053-661-2583,01 지자체 보유 방재장비
보호장갑·장화,보호구,장갑,10,,기장군 환경위생과,지자체,경상권역,부산광역시,기장군,부산광역시 기장군 기장대로 560,051-709-2725,01 지자체 보유 방재장비
보호장갑·장화,보호구,장화,10,,기장군 환경위생과,지자체,경상권역,부산광역시,기장군,부산광역시 기장군 기장대로 560,051-709-2725,01 지자체 보유 방재장비
보호장갑·장화,보호구,장화,167,,남구 안전총괄과,지자체,경상권역,부산광역시,남구,부산광역시 남구 못골로 19,051-607-4646,01 지자체 보유 방재장비
보호장갑·장화,보호구,장갑,6,,남구 환경위생과,지자체,경상권역,부산광역시,남구,부산광역시 남구 못골로 19,051-607-4395,01 지자체 보유 방재장비
보호장갑·장화,보호구,장갑,10,,북구 환경위생과,지자체,경상권역,부산광역시,북구,부산광역시 북구 낙동대로 1570번길 33 (구포동),051-309-4392,01 지자체 보유 방재장비
보호장갑·장화,보호구,장화,10,,북구 환경위생과,지자체,경상권역,부산광역시,북구,부산광역시 북구 낙동대로 1570번길 33 (구포동),051-309-4392,01 지자체 보유 방재장비
보호장갑·장화,보호구,장갑,12,,사상구 안전총괄과,지자체,경상권역,부산광역시,사상구,부산광역시 사상구 학감대로 242,051-310-4132,01 지자체 보유 방재장비
보호장갑·장화,보호구,장화,12,,사상구 안전총괄과,지자체,경상권역,부산광역시,사상구,부산광역시 사상구 학감대로 242,051-310-4132,01 지자체 보유 방재장비
보호장갑·장화,보호구,장갑,10,,사상구 환경위생과,지자체,경상권역,부산광역시,사상구,부산광역시 사상구 학감대로 242,051-310-4396,01 지자체 보유 방재장비
보호장갑·장화,보호구,장화,16,,사상구 환경위생과,지자체,경상권역,부산광역시,사상구,부산광역시 사상구 학감대로 242,051-310-4396,01 지자체 보유 방재장비
보호장갑·장화,보호구,장화,5,,서구 환경위생과,지자체,경상권역,부산광역시,서구,부산광역시 서구 구덕로 120,051-240-4398,01 지자체 보유 방재장비
보호장갑·장화,보호구,장갑,720,,수영구 안전관리과,지자체,경상권역,부산광역시,수영구,부산광역시 수영구 남천동로 100,051-610-4645,01 지자체 보유 방재장비
보호장갑·장화,보호구,장갑,6,,영도구 환경위생과,지자체,경상권역,부산광역시,영도구,부산광역시 영도구 태종로 423,051-419-4392,01 지자체 보유 방재장비
보호장갑·장화,보호구,장화,6,,영도구 환경위생과,지자체,경상권역,부산광역시,영도구,부산광역시 영도구 태종로 423,051-419-4392,01 지자체 보유 방재장비
보호장갑·장화,보호구,장갑,50,,해운대구 재난안전과,지자체,경상권역,부산광역시,해운대구,부산광역시 해운대구 중동2로 11,051-749-4648,01 지자체 보유 방재장비
보호장갑·장화,보호구,장화,30,,해운대구 재난안전과,지자체,경상권역,부산광역시,해운대구,부산광역시 해운대구 중동2로 11,051-749-4648,01 지자체 보유 방재장비
보호장갑·장화,보호구,장갑,10,,해운대구 환경위생과,지자체,경상권역,부산광역시,해운대구,부산광역시 해운대구 센텀중앙로 170,051-749-4395,01 지자체 보유 방재장비
보호장갑·장화,보호구,장화,30,,해운대구 환경위생과,지자체,경상권역,부산광역시,해운대구,부산광역시 해운대구 센텀중앙로 170,051-749-4395,01 지자체 보유 방재장비
보호장갑·장화,보호구,장갑,20,,- 환경대기과,지자체,경상권역,울산광역시,-,울산광역시 남구 중앙로 201,052-229-3212,02 지자체 보유 방재장비(청·센터별)
보호장갑·장화,보호구,장화,2,,- 환경대기과,지자체,경상권역,울산광역시,-,울산광역시 남구 중앙로 201,052-229-3212,02 지자체 보유 방재장비(청·센터별)
보호장갑·장화,보호구,장갑,35,,남구 환경관리과,지자체,경상권역,울산광역시,남구,울산광역시 남구 돋질로 233,052-226-5762,01 지자체 보유 방재장비
보호장갑·장화,보호구,장화,19,,남구 환경관리과,지자체,경상권역,울산광역시,남구,울산광역시 남구 돋질로 233,052-226-5762,01 지자체 보유 방재장비
보호장갑·장화,보호구,장갑,35,,남구 환경관리과,지자체,경상권역,울산광역시,남구,울산광역시 남구 돋질로 233,052-226-5762,02 지자체 보유 방재장비(청·센터별)
보호장갑·장화,보호구,장화,19,,남구 환경관리과,지자체,경상권역,울산광역시,남구,울산광역시 남구 돋질로 233,052-226-5762,02 지자체 보유 방재장비(청·센터별)
보호장갑·장화,보호구,장갑,2,,북구 환경위생과,지자체,경상권역,울산광역시,북구,울산광역시 북구 산업로 1010,052-241-7773,01 지자체 보유 방재장비
보호장갑·장화,보호구,장화,2,,북구 환경위생과,지자체,경상권역,울산광역시,북구,울산광역시 북구 산업로 1010,052-241-7773,01 지자체 보유 방재장비
보호장갑·장화,보호구,장갑,2,,북구 환경위생과,지자체,경상권역,울산광역시,북구,울산광역시 북구 산업로 1010,052-241-7773,02 지자체 보유 방재장비(청·센터별)
보호장갑·장화,보호구,장화,2,,북구 환경위생과,지자체,경상권역,울산광역시,북구,울산광역시 북구 산업로 1010,052-241-7773,02 지자체 보유 방재장비(청·센터별)
보호장갑·장화,보호구,장갑,20,,울산광역시 환경대기과,지자체,경상권역,울산광역시,남구,울산광역시 남구 중앙로 201,052-229-3212,01 지자체 보유 방재장비
보호장갑·장화,보호구,장화,2,,울산광역시 환경대기과,지자체,경상권역,울산광역시,남구,울산광역시 남구 중앙로 201,052-229-3212,01 지자체 보유 방재장비
보호장갑·장화,보호구,장갑,80,,울주군 환경기후과,지자체,경상권역,울산광역시,울주군,울산광역시 울주군 청량읍 군청로 1,052-204-2134,01 지자체 보유 방재장비
보호장갑·장화,보호구,장화,30,,울주군 환경기후과,지자체,경상권역,울산광역시,울주군,울산광역시 울주군 청량읍 군청로 1,052-204-2134,01 지자체 보유 방재장비
보호장갑·장화,보호구,장갑,80,,울주군 환경기후과,지자체,경상권역,울산광역시,울주군,울산광역시 울주군 청량읍 군청로 1,052-204-2134,02 지자체 보유 방재장비(청·센터별)
보호장갑·장화,보호구,장화,30,,울주군 환경기후과,지자체,경상권역,울산광역시,울주군,울산광역시 울주군 청량읍 군청로 1,052-204-2134,02 지자체 보유 방재장비(청·센터별)
보호장갑·장화,보호구,Level C 보호장화,22,개,한국환경공단 수질오염방제센터 한강센터,국가기관 비축,수도권,,,,,09 한국환경공단 수질오염방제센터
보호장갑·장화,보호구,Level C 보호장갑,46,개,한국환경공단 수질오염방제센터 한강센터,국가기관 비축,수도권,,,,,09 한국환경공단 수질오염방제센터
보호장갑·장화,보호구,장갑,100,,고양시 생태하천과,지자체,수도권,경기도,고양시,경기 고양시 덕양구 고양시청로 3 충헌빌딩 3층,031-8075-2756,01 지자체 보유 방재장비
보호장갑·장화,보호구,장화,10,,고양시 생태하천과,지자체,수도권,경기도,고양시,경기 고양시 덕양구 고양시청로 3 충헌빌딩 3층,031-8075-2756,01 지자체 보유 방재장비
보호장갑·장화,보호구,장갑,6,,고양시 환경정책과,지자체,수도권,경기도,고양시,경기 고양시 덕양구 고양시청로 13-5,031-8075-2645,01 지자체 보유 방재장비
보호장갑·장화,보호구,장화,6,,고양시 환경정책과,지자체,수도권,경기도,고양시,경기 고양시 덕양구 고양시청로 13-5,031-8075-2645,01 지자체 보유 방재장비
보호장갑·장화,보호구,장갑,5,,과천시 기후환경과,지자체,수도권,경기도,과천시,경기 과천시 관문로 69,02-3677-2108,01 지자체 보유 방재장비
보호장갑·장화,보호구,장화,15,,과천시 기후환경과,지자체,수도권,경기도,과천시,경기 과천시 관문로 69,02-3677-2108,01 지자체 보유 방재장비
보호장갑·장화,보호구,장갑,60,,광명시 환경관리과,지자체,수도권,경기도,광명시,경기 광명시 시청로 20,02-2680-2297,01 지자체 보유 방재장비
보호장갑·장화,보호구,장화,60,,광명시 환경관리과,지자체,수도권,경기도,광명시,경기 광명시 시청로 20,02-2680-2297,01 지자체 보유 방재장비
보호장갑·장화,보호구,장갑,8,,광주시 수질정책과,지자체,수도권,경기도,광주시,경기 광주시 행정타운로 50,031-760-3765,01 지자체 보유 방재장비
보호장갑·장화,보호구,장화,8,,광주시 수질정책과,지자체,수도권,경기도,광주시,경기 광주시 행정타운로 50,031-760-3765,01 지자체 보유 방재장비
보호장갑·장화,보호구,장갑,4,,구리시 자원순환과,지자체,수도권,경기도,구리시,경기 구리시 왕숙천로 49,031-550-2477,01 지자체 보유 방재장비
보호장갑·장화,보호구,장화,4,,구리시 자원순환과,지자체,수도권,경기도,구리시,경기 구리시 왕숙천로 49,031-550-2477,01 지자체 보유 방재장비
보호장갑·장화,보호구,장갑,8,,구리시 하수과,지자체,수도권,경기도,구리시,경기 구리시 검배로 200,031-550-8437,01 지자체 보유 방재장비
보호장갑·장화,보호구,장화,3,,구리시 하수과,지자체,수도권,경기도,구리시,경기 구리시 검배로 200,031-550-8437,01 지자체 보유 방재장비
보호장갑·장화,보호구,장갑,14,,구리시 환경과,지자체,수도권,경기도,구리시,경기 구리시 아차산로 439,031-550-2862,01 지자체 보유 방재장비
보호장갑·장화,보호구,장화,4,,구리시 환경과,지자체,수도권,경기도,구리시,경기 구리시 아차산로 439,031-550-2862,01 지자체 보유 방재장비
보호장갑·장화,보호구,장갑,51,,군포시 환경과,지자체,수도권,경기도,군포시,경기 군포시 청백리길 6,031-390-0732,01 지자체 보유 방재장비
보호장갑·장화,보호구,장화,12,,군포시 환경과,지자체,수도권,경기도,군포시,경기 군포시 청백리길 6,031-390-0732,01 지자체 보유 방재장비
보호장갑·장화,보호구,장갑,30,,김포시 환경지도과,지자체,수도권,경기도,김포시,경기 김포시 사우중로26,031-980-5655,01 지자체 보유 방재장비
보호장갑·장화,보호구,장화,3,,김포시 환경지도과,지자체,수도권,경기도,김포시,경기 김포시 사우중로26,031-980-5655,01 지자체 보유 방재장비
보호장갑·장화,보호구,장갑,20,,부천시 환경정책과,지자체,수도권,경기도,부천시,경기 부천시 원미구 길주로 210,032-625-3161,01 지자체 보유 방재장비
보호장갑·장화,보호구,장화,10,,부천시 환경정책과,지자체,수도권,경기도,부천시,경기 부천시 원미구 길주로 210,032-625-3161,01 지자체 보유 방재장비
보호장갑·장화,보호구,장갑,94,,성남시 환경정책과,지자체,수도권,경기도,성남시,경기 성남시 중원구 성남대로 997,031-729-3172,01 지자체 보유 방재장비
보호장갑·장화,보호구,장화,10,,성남시 환경정책과,지자체,수도권,경기도,성남시,경기 성남시 중원구 성남대로 997,031-729-3172,01 지자체 보유 방재장비
보호장갑·장화,보호구,장갑,60,,수원시 환경정책과,지자체,수도권,경기도,수원시,경기 수원시 효원로 241,031-5191-3243,01 지자체 보유 방재장비
보호장갑·장화,보호구,장화,11,,수원시 환경정책과,지자체,수도권,경기도,수원시,경기 수원시 효원로 241,031-5191-3243,01 지자체 보유 방재장비
보호장갑·장화,보호구,장갑,83,,시흥시 환경정책과,지자체,수도권,경기도,시흥시,경기 시흥시 시청로 20,031-310-5993,01 지자체 보유 방재장비
보호장갑·장화,보호구,장화,112,,시흥시 환경정책과,지자체,수도권,경기도,시흥시,경기 시흥시 시청로 20,031-310-5993,01 지자체 보유 방재장비
보호장갑·장화,보호구,장갑,83,,시흥시 환경정책과,지자체,수도권,경기도,시흥시,경기도 시흥시 시청로 20,031-310-5993,02 지자체 보유 방재장비(청·센터별)
보호장갑·장화,보호구,장화,112,,시흥시 환경정책과,지자체,수도권,경기도,시흥시,경기도 시흥시 시청로 20,031-310-5993,02 지자체 보유 방재장비(청·센터별)
보호장갑·장화,보호구,장갑,15,,안산시 환경정책과,지자체,수도권,경기도,안산시,"경기 안산시 단원구 중앙대로 839(고잔동, 3층 환경정책과)",031-481-2243,01 지자체 보유 방재장비
보호장갑·장화,보호구,장화,6,,안산시 환경정책과,지자체,수도권,경기도,안산시,"경기 안산시 단원구 중앙대로 839(고잔동, 3층 환경정책과)",031-481-2243,01 지자체 보유 방재장비
보호장갑·장화,보호구,장갑,8,,안양시 환경정책과,지자체,수도권,경기도,안양시,경기 안양시 동안구 시민대로 235,031-8045-5822,01 지자체 보유 방재장비
보호장갑·장화,보호구,장화,16,,안양시 환경정책과,지자체,수도권,경기도,안양시,경기 안양시 동안구 시민대로 235,031-8045-5822,01 지자체 보유 방재장비
보호장갑·장화,보호구,장갑,300,,양주시 환경정책과,지자체,수도권,경기도,양주시,경기 양주시 부흥로 1533,031-8082-6313,01 지자체 보유 방재장비
보호장갑·장화,보호구,장갑,10,,여주시 환경과,지자체,수도권,경기도,여주시,경기 여주시 세종로 1,031-887-2253,01 지자체 보유 방재장비
보호장갑·장화,보호구,장화,6,,여주시 환경과,지자체,수도권,경기도,여주시,경기 여주시 세종로 1,031-887-2253,01 지자체 보유 방재장비
보호장갑·장화,보호구,장갑,30,,연천군 환경보호과,지자체,수도권,경기도,연천군,경기 연천군 연천로 220,031-839-2241,01 지자체 보유 방재장비
보호장갑·장화,보호구,장화,10,,연천군 환경보호과,지자체,수도권,경기도,연천군,경기 연천군 연천로 220,031-839-2241,01 지자체 보유 방재장비
보호장갑·장화,보호구,장갑,357,,용인시 용인시 기후대기과,지자체,수도권,경기도,용인시,경기 용인시 처인구 중부대로 1199(삼가동),031-6193-2244,01 지자체 보유 방재장비
보호장갑·장화,보호구,장화,218,,용인시 용인시 기후대기과,지자체,수도권,경기도,용인시,경기 용인시 처인구 중부대로 1199(삼가동),031-6193-2244,01 지자체 보유 방재장비
보호장갑·장화,보호구,장갑,15,,의왕시 환경과,지자체,수도권,경기도,의왕시,경기 의왕시 시청로 11,031-345-3823,01 지자체 보유 방재장비
보호장갑·장화,보호구,장화,15,,의왕시 환경과,지자체,수도권,경기도,의왕시,경기 의왕시 시청로 11,031-345-3823,01 지자체 보유 방재장비
보호장갑·장화,보호구,장갑,112,,이천시 환경보호과,지자체,수도권,경기도,이천시,경기 이천시 부악로 40,031-644-2358,01 지자체 보유 방재장비
보호장갑·장화,보호구,장화,4,,이천시 환경보호과,지자체,수도권,경기도,이천시,경기 이천시 부악로 40,031-644-2358,01 지자체 보유 방재장비
보호장갑·장화,보호구,장갑,12,,파주시 기후위기대응과,지자체,수도권,경기도,파주시,경기 파주시 시민회관길 16-11,031-940-8472,01 지자체 보유 방재장비
보호장갑·장화,보호구,장화,3,,파주시 기후위기대응과,지자체,수도권,경기도,파주시,경기 파주시 시민회관길 16-11,031-940-8472,01 지자체 보유 방재장비
보호장갑·장화,보호구,장갑,30,,하남시 환경정책과,지자체,수도권,경기도,하남시,경기 하남시 대청로 10,031-790-5744,01 지자체 보유 방재장비
보호장갑·장화,보호구,장화,30,,하남시 환경정책과,지자체,수도권,경기도,하남시,경기 하남시 대청로 10,031-790-5744,01 지자체 보유 방재장비
보호장갑·장화,보호구,내화학 장갑,6,ea,한국도로공사 발안영업소 (한강청 관리),환경청·센터 장비함,수도권,경기도,화성시,경기 화성시 팔탄면 3.1만세로 879-40,031-790-2896,04 환경청·센터 방제장비함
보호장갑·장화,보호구,내화학 장화,6,ea,한국도로공사 발안영업소 (한강청 관리),환경청·센터 장비함,수도권,경기도,화성시,경기 화성시 팔탄면 3.1만세로 879-40,031-790-2896,04 환경청·센터 방제장비함
보호장갑·장화,보호구,완코팅 장갑,100,ea,한국도로공사 발안영업소 (한강청 관리),환경청·센터 장비함,수도권,경기도,화성시,경기 화성시 팔탄면 3.1만세로 879-40,031-790-2896,04 환경청·센터 방제장비함
보호장갑·장화,보호구,장갑,3,,강북구 재난안전과,지자체,수도권,서울특별시,강북구,서울특별시 강북구 도봉로 323(용신빌딩) 10층,02-901-5878,01 지자체 보유 방재장비
보호장갑·장화,보호구,장화,3,,강북구 재난안전과,지자체,수도권,서울특별시,강북구,서울특별시 강북구 도봉로 323(용신빌딩) 10층,02-901-5878,01 지자체 보유 방재장비
보호장갑·장화,보호구,장화,2,,광진구 환경과,지자체,수도권,서울특별시,광진구,서울특별시 광진구 아차산로 400,02-450-7805,01 지자체 보유 방재장비
보호장갑·장화,보호구,장갑,3,,노원구 녹색환경과,지자체,수도권,서울특별시,노원구,"서울 노원구 노해로 455, 9층",02-2116-3213,01 지자체 보유 방재장비
보호장갑·장화,보호구,장화,7,,노원구 녹색환경과,지자체,수도권,서울특별시,노원구,"서울 노원구 노해로 455, 9층",02-2116-3213,01 지자체 보유 방재장비
보호장갑·장화,보호구,장갑,1000,,동대문구 보건행정과,지자체,수도권,서울특별시,동대문구,서울특별시 동대문구 천호대로 145,02-2127-4142,01 지자체 보유 방재장비
보호장갑·장화,보호구,장화,20,,마포구 맑은환경과,지자체,수도권,서울특별시,마포구,서울 마포구 월드컵로 212,02-3153-9265,01 지자체 보유 방재장비
보호장갑·장화,보호구,장갑,179,,서울특별시 서울아리수본부 수질과,지자체,수도권,서울특별시,서대문구,서울특별시 서대문구 서소문로 51,02-3146-1322,01 지자체 보유 방재장비
보호장갑·장화,보호구,장화,137,,서울특별시 서울아리수본부 수질과,지자체,수도권,서울특별시,서대문구,서울특별시 서대문구 서소문로 51,02-3146-1322,01 지자체 보유 방재장비
보호장갑·장화,보호구,장갑,39,,서울특별시 소방재난본부 재난대응과,지자체,수도권,서울특별시,중구,서울특별시 중구 퇴계로26길 52,02-3706-1423,01 지자체 보유 방재장비
보호장갑·장화,보호구,장화,45,,서울특별시 소방재난본부 재난대응과,지자체,수도권,서울특별시,중구,서울특별시 중구 퇴계로26길 52,02-3706-1423,01 지자체 보유 방재장비
보호장갑·장화,보호구,장갑,17,,성동구 기후에너지과,지자체,수도권,서울특별시,성동구,서울시 성동구 고산자로 270,02-2286-5499,01 지자체 보유 방재장비
보호장갑·장화,보호구,장화,27,,성동구 기후에너지과,지자체,수도권,서울특별시,성동구,서울시 성동구 고산자로 270,02-2286-5499,01 지자체 보유 방재장비
보호장갑·장화,보호구,장갑,5,,송파구 맑은환경과,지자체,수도권,서울특별시,송파구,서울특별시 송파구 올림픽로 326,02-2147-3272,01 지자체 보유 방재장비
보호장갑·장화,보호구,장화,2,,송파구 맑은환경과,지자체,수도권,서울특별시,송파구,서울특별시 송파구 올림픽로 326,02-2147-3272,01 지자체 보유 방재장비
보호장갑·장화,보호구,장갑,8,,양천구 청소행정과,지자체,수도권,서울특별시,양천구,서울특별시 양천구 목동동로 105,02-2620-3431,01 지자체 보유 방재장비
보호장갑·장화,보호구,장화,8,,양천구 청소행정과,지자체,수도권,서울특별시,양천구,서울특별시 양천구 목동동로 105,02-2620-3431,01 지자체 보유 방재장비
보호장갑·장화,보호구,장갑,10,,양천구 환경과,지자체,수도권,서울특별시,양천구,서울특별시 양천구 목동동로 105,02-2620-4856,01 지자체 보유 방재장비
보호장갑·장화,보호구,장화,10,,양천구 환경과,지자체,수도권,서울특별시,양천구,서울특별시 양천구 목동동로 105,02-2620-4856,01 지자체 보유 방재장비
보호장갑·장화,보호구,장화,3,,영등포구 환경과,지자체,수도권,서울특별시,영등포구,"서울특별시 영등포구 선유동1로 80, 영등포구청 별관 3층 환경과",02-2670-3461,01 지자체 보유 방재장비
보호장갑·장화,보호구,장화,6,,중랑구 맑은환경과,지자체,수도권,서울특별시,중랑구,서울 중랑구 봉화산로 190,02-2094-2432,01 지자체 보유 방재장비
보호장갑·장화,보호구,장갑,2,,계양구 환경과,지자체,수도권,인천광역시,계양구,계산새로 88,032-450-5414,01 지자체 보유 방재장비
보호장갑·장화,보호구,장화,2,,계양구 환경과,지자체,수도권,인천광역시,계양구,계산새로 88,032-450-5414,01 지자체 보유 방재장비
보호장갑·장화,보호구,장갑,16,,남동구 환경보전과,지자체,수도권,인천광역시,남동구,인천광역시 남동구 소래로 633,032-453-2614,01 지자체 보유 방재장비
보호장갑·장화,보호구,장화,3,,남동구 환경보전과,지자체,수도권,인천광역시,남동구,인천광역시 남동구 소래로 633,032-453-2614,01 지자체 보유 방재장비
보호장갑·장화,보호구,장갑,2,,동구 환경위생과,지자체,수도권,인천광역시,동구,인천광역시 동구 금곡로 67,032-770-7883,01 지자체 보유 방재장비
보호장갑·장화,보호구,장화,2,,동구 환경위생과,지자체,수도권,인천광역시,동구,인천광역시 동구 금곡로 67,032-770-7883,01 지자체 보유 방재장비
보호장갑·장화,보호구,장갑,500,,미추홀구 환경보전과,지자체,수도권,인천광역시,미추홀구,인천광역시 미추홀구 독정이로 95,032-880-5953,01 지자체 보유 방재장비
보호장갑·장화,보호구,장화,10,,미추홀구 환경보전과,지자체,수도권,인천광역시,미추홀구,인천광역시 미추홀구 독정이로 95,032-880-5953,01 지자체 보유 방재장비
보호장갑·장화,보호구,장갑,5,,부평구 환경보전과,지자체,수도권,인천광역시,부평구,인천광역시 부평구 부평대로 168,032-509-6653,01 지자체 보유 방재장비
보호장갑·장화,보호구,장화,10,,부평구 환경보전과,지자체,수도권,인천광역시,부평구,인천광역시 부평구 부평대로 168,032-509-6653,01 지자체 보유 방재장비
보호장갑·장화,보호구,장갑,5,,서구 환경관리과,지자체,수도권,인천광역시,서구,인천광역시 서구 서곶로 307,032-560-4354,01 지자체 보유 방재장비
보호장갑·장화,보호구,장화,11,,서구 환경관리과,지자체,수도권,인천광역시,서구,인천광역시 서구 서곶로 307,032-560-4354,01 지자체 보유 방재장비
보호장갑·장화,보호구,장갑,100,,연수구 환경보전과,지자체,수도권,인천광역시,연수구,인천광역시 연수구 원인재로 115,032-749-7942,01 지자체 보유 방재장비
보호장갑·장화,보호구,장화,10,,연수구 환경보전과,지자체,수도권,인천광역시,연수구,인천광역시 연수구 원인재로 115,032-749-7942,01 지자체 보유 방재장비
보호장갑·장화,보호구,장갑,10,,옹진군 환경위생과,지자체,수도권,인천광역시,옹진군,인천광역시 미추홀구 매소홀로 120,032-899-2615,01 지자체 보유 방재장비
보호장갑·장화,보호구,장화,5,,옹진군 환경위생과,지자체,수도권,인천광역시,옹진군,인천광역시 미추홀구 매소홀로 120,032-899-2615,01 지자체 보유 방재장비
보호장갑·장화,보호구,장화,4,,중구(영종·용유) 기반시설과,지자체,수도권,인천광역시,중구(영종·용유),"인천 중구 운남서로 100, 국제도시관 3층",032-760-8855,01 지자체 보유 방재장비
보호장갑·장화,보호구,장갑,50,,중구(영종·용유) 친환경위생과,지자체,수도권,인천광역시,중구(영종·용유),"인천 중구 운남서로 100, 국제도시관 4층",032-760-7738,01 지자체 보유 방재장비
보호장갑·장화,보호구,장화,7,,중구(영종·용유) 친환경위생과,지자체,수도권,인천광역시,중구(영종·용유),"인천 중구 운남서로 100, 국제도시관 4층",032-760-7738,01 지자체 보유 방재장비
보호장갑·장화,보호구,장갑,20,,중구(원도심) 위생환경과,지자체,수도권,인천광역시,중구(원도심),"인천 중구 신포로27번길 80, 동별관 3층",032-760-7402,01 지자체 보유 방재장비
보호장갑·장화,보호구,장화,8,,중구(원도심) 위생환경과,지자체,수도권,인천광역시,중구(원도심),"인천 중구 신포로27번길 80, 동별관 3층",032-760-7402,01 지자체 보유 방재장비
보호장갑·장화,보호구,Level C 보호장화,17,개,한국환경공단 수질오염방제센터 영산강센터,국가기관 비축,전라권역,,,,,09 한국환경공단 수질오염방제센터
보호장갑·장화,보호구,Level C 보호장갑,26,개,한국환경공단 수질오염방제센터 영산강센터,국가기관 비축,전라권역,,,,,09 한국환경공단 수질오염방제센터
보호장갑·장화,보호구,장갑,20,,광산구 기후환경과,지자체,전라권역,광주광역시,광산구,광주광역시 광산구 광산로29번길 15,062-960-8448,01 지자체 보유 방재장비
보호장갑·장화,보호구,장화,20,,광산구 기후환경과,지자체,전라권역,광주광역시,광산구,광주광역시 광산구 광산로29번길 15,062-960-8448,01 지자체 보유 방재장비
보호장갑·장화,보호구,장갑,10,,남구 환경관리과,지자체,전라권역,광주광역시,남구,광주광역시 남구 봉선로 1,062-607-3642,01 지자체 보유 방재장비
보호장갑·장화,보호구,장화,10,,남구 환경관리과,지자체,전라권역,광주광역시,남구,광주광역시 남구 봉선로 1,062-607-3642,01 지자체 보유 방재장비
보호장갑·장화,보호구,장화,6,,동구 기후환경과,지자체,전라권역,광주광역시,동구,광주광역시 동구 서남로 1,062-608-2492,01 지자체 보유 방재장비
보호장갑·장화,보호구,장갑,4,,북구 기후환경과,지자체,전라권역,광주광역시,북구,광주광역시 북구 우치로 77,062-410-6472,01 지자체 보유 방재장비
보호장갑·장화,보호구,장화,4,,북구 기후환경과,지자체,전라권역,광주광역시,북구,광주광역시 북구 우치로 77,062-410-6472,01 지자체 보유 방재장비
보호장갑·장화,보호구,내산장갑,300,EA,한국티앤에이,판매업체,전라권역,광주광역시,광산구,광주 광산구 사암로 805,062-953-0010,15 전남·광주 방제약품 판매업체 (2017년 기준)
보호장갑·장화,보호구,화학보호장갑,,6EA,DSR제강㈜ 1공장,사업장,전라권역,전라남도,순천시,전라남도 순천시 서면 산단1길 15,061-729-3500,05 사업장 보유 방제물품(화학안전공동체)
보호장갑·장화,보호구,화학보호장화,,6EA,DSR제강㈜ 1공장,사업장,전라권역,전라남도,순천시,전라남도 순천시 서면 산단1길 15,061-729-3500,05 사업장 보유 방제물품(화학안전공동체)
보호장갑·장화,보호구,보호장갑,,6EA,DSR제강㈜ 1공장,사업장,전라권역,전라남도,순천시,전라남도 순천시 서면 산단1길 15,061-729-3500,05 사업장 보유 방제물품(화학안전공동체)
보호장갑·장화,보호구,보호장화,,6EA,DSR제강㈜ 1공장,사업장,전라권역,전라남도,순천시,전라남도 순천시 서면 산단1길 15,061-729-3500,05 사업장 보유 방제물품(화학안전공동체)
보호장갑·장화,보호구,화학보호장갑,,12EA,DSR제강㈜ 2공장,사업장,전라권역,전라남도,순천시,전라남도 순천시 서면 산단4길 38,061-751-7121,05 사업장 보유 방제물품(화학안전공동체)
보호장갑·장화,보호구,화학보호장화,,12EA,DSR제강㈜ 2공장,사업장,전라권역,전라남도,순천시,전라남도 순천시 서면 산단4길 38,061-751-7121,05 사업장 보유 방제물품(화학안전공동체)
보호장갑·장화,보호구,보호장갑,,6EA,DSR제강㈜ 2공장,사업장,전라권역,전라남도,순천시,전라남도 순천시 서면 산단4길 38,061-751-7121,05 사업장 보유 방제물품(화학안전공동체)
보호장갑·장화,보호구,보호장화,,6EA,DSR제강㈜ 2공장,사업장,전라권역,전라남도,순천시,전라남도 순천시 서면 산단4길 38,061-751-7121,05 사업장 보유 방제물품(화학안전공동체)
보호장갑·장화,보호구,화학보호장화,,14EA,DSR제강㈜ 율촌공장,사업장,전라권역,전라남도,순천시,전라남도 순천시 해룡면 율촌산단1로 80-21,061-729-3700,05 사업장 보유 방제물품(화학안전공동체)
보호장갑·장화,보호구,화학보호장갑,,14EA,DSR제강㈜ 율촌공장,사업장,전라권역,전라남도,순천시,전라남도 순천시 해룡면 율촌산단1로 80-21,061-729-3700,05 사업장 보유 방제물품(화학안전공동체)
보호장갑·장화,보호구,보호장갑,,200ea,GS바이오㈜,사업장,전라권역,전라남도,여수시,전라남도 여수시 여수산단로 923-106,061-680-5740,05 사업장 보유 방제물품(화학안전공동체)
보호장갑·장화,보호구,보호장화,,20ea,GS바이오㈜,사업장,전라권역,전라남도,여수시,전라남도 여수시 여수산단로 923-106,061-680-5740,05 사업장 보유 방제물품(화학안전공동체)
보호장갑·장화,보호구,장화,,20EA,GS칼텍스㈜,사업장,전라권역,전라남도,여수시,전라남도 여수시 여수산단로 923-106,061-680-2387,05 사업장 보유 방제물품(화학안전공동체)
보호장갑·장화,보호구,고무장갑,,80EA,GS칼텍스㈜,사업장,전라권역,전라남도,여수시,전라남도 여수시 여수산단로 923-106,061-680-2387,05 사업장 보유 방제물품(화학안전공동체)
보호장갑·장화,보호구,면장갑,,80EA,GS칼텍스㈜,사업장,전라권역,전라남도,여수시,전라남도 여수시 여수산단로 923-106,061-680-2387,05 사업장 보유 방제물품(화학안전공동체)
보호장갑·장화,보호구,유독물장갑,,20EA,GS칼텍스㈜,사업장,전라권역,전라남도,여수시,전라남도 여수시 여수산단로 923-106,061-680-2387,05 사업장 보유 방제물품(화학안전공동체)
보호장갑·장화,보호구,유독물장화,,20EA,GS칼텍스㈜,사업장,전라권역,전라남도,여수시,전라남도 여수시 여수산단로 923-106,061-680-2387,05 사업장 보유 방제물품(화학안전공동체)
보호장갑·장화,보호구,보호장갑,,6,GS칼텍스㈜ 바이오부탄올,사업장,전라권역,전라남도,여수시,전라남도 여수시 여수산단로 923-106,061-660-6268,05 사업장 보유 방제물품(화학안전공동체)
보호장갑·장화,보호구,보호장화,,16,GS칼텍스㈜ 바이오부탄올,사업장,전라권역,전라남도,여수시,전라남도 여수시 여수산단로 923-106,061-660-6268,05 사업장 보유 방제물품(화학안전공동체)
보호장갑·장화,보호구,내화학장화,6,EA,KPX라이프 사이언스㈜,사업장,전라권역,전라남도,여수시,전라남도 여수시 여수산단2로 84,061-688-4622,05 사업장 보유 방제물품(화학안전공동체)
보호장갑·장화,보호구,화학용장갑,17,EA,KPX라이프 사이언스㈜,사업장,전라권역,전라남도,여수시,전라남도 여수시 여수산단2로 84,061-688-4622,05 사업장 보유 방제물품(화학안전공동체)
보호장갑·장화,보호구,내화학장갑,33,EA,KPX라이프 사이언스㈜,사업장,전라권역,전라남도,여수시,전라남도 여수시 여수산단로 201,061-688-4622,05 사업장 보유 방제물품(화학안전공동체)
보호장갑·장화,보호구,내화학장화,8,EA,KPX라이프 사이언스㈜,사업장,전라권역,전라남도,여수시,전라남도 여수시 여수산단로 201,061-688-4622,05 사업장 보유 방제물품(화학안전공동체)
보호장갑·장화,보호구,보호장갑,,50EA,㈜E1,사업장,전라권역,전라남도,여수시,전라남도 여수시 낙포단지길 60,061-690-9373,05 사업장 보유 방제물품(화학안전공동체)
보호장갑·장화,보호구,보호장화,,6A,㈜E1,사업장,전라권역,전라남도,여수시,전라남도 여수시 낙포단지길 60,061-690-9373,05 사업장 보유 방제물품(화학안전공동체)
보호장갑·장화,보호구,보호장갑,2,EA,㈜대진,사업장,전라권역,전라남도,여수시,전라남도 여수시 삼동로 101,061-685-5980,05 사업장 보유 방제물품(화학안전공동체)
보호장갑·장화,보호구,보호장화,2,EA,㈜대진,사업장,전라권역,전라남도,여수시,전라남도 여수시 삼동로 101,061-685-5980,05 사업장 보유 방제물품(화학안전공동체)
보호장갑·장화,보호구,안전화,2,EA,㈜대진,사업장,전라권역,전라남도,여수시,전라남도 여수시 삼동로 101,061-685-5980,05 사업장 보유 방제물품(화학안전공동체)
보호장갑·장화,보호구,보호장화,10,EA,㈜대평(냉동센터 위험물센터),사업장,전라권역,전라남도,광양시,전라남도 광양시 중마로 13,061-792-8147,05 사업장 보유 방제물품(화학안전공동체)
보호장갑·장화,보호구,장갑,6,EA,㈜대평(냉동센터 위험물센터),사업장,전라권역,전라남도,광양시,전라남도 광양시 중마로 13,061-792-8147,05 사업장 보유 방제물품(화학안전공동체)
보호장갑·장화,보호구,보호장갑,40,EA,㈜동성코퍼레이션,사업장,전라권역,전라남도,여수시,전라남도 여수시 여수산단2로 223-40,061-690-4623,05 사업장 보유 방제물품(화학안전공동체)
보호장갑·장화,보호구,보호장화,24,EA,㈜동성코퍼레이션,사업장,전라권역,전라남도,여수시,전라남도 여수시 여수산단2로 223-40,061-690-4623,05 사업장 보유 방제물품(화학안전공동체)
보호장갑·장화,보호구,보호장갑,5,EA,㈜동특,사업장,전라권역,전라남도,여수시,전라남도 여수시 여수산단 4로 96,061-685-2311,05 사업장 보유 방제물품(화학안전공동체)
보호장갑·장화,보호구,보호장화,5,EA,㈜동특,사업장,전라권역,전라남도,여수시,전라남도 여수시 여수산단 4로 96,061-685-2311,05 사업장 보유 방제물품(화학안전공동체)
보호장갑·장화,보호구,보호장갑,9,EA,㈜리스텍비즈 광양공장,사업장,전라권역,전라남도,광양시,전라남도 광양시 제철로 2148-97,061-797-2011,05 사업장 보유 방제물품(화학안전공동체)
보호장갑·장화,보호구,보호장화,9,EA,㈜리스텍비즈 광양공장,사업장,전라권역,전라남도,광양시,전라남도 광양시 제철로 2148-97,061-797-2011,05 사업장 보유 방제물품(화학안전공동체)
보호장갑·장화,보호구,보호장갑,6,EA,㈜성원,사업장,전라권역,전라남도,광양시,전라남도 광양시 광양읍 초남공단2길 5,,05 사업장 보유 방제물품(화학안전공동체)
보호장갑·장화,보호구,보호장화,6,EA,㈜성원,사업장,전라권역,전라남도,광양시,전라남도 광양시 광양읍 초남공단2길 5,,05 사업장 보유 방제물품(화학안전공동체)
보호장갑·장화,보호구,보호장갑,10,EA,㈜세아엠엔에스,사업장,전라권역,전라남도,여수시,전라남도 여수시 산단중앙로 188,061-807-7114,05 사업장 보유 방제물품(화학안전공동체)
보호장갑·장화,보호구,보호장화,6,EA,㈜세아엠엔에스,사업장,전라권역,전라남도,여수시,전라남도 여수시 산단중앙로 188,061-807-7114,05 사업장 보유 방제물품(화학안전공동체)
보호장갑·장화,보호구,보호장갑,6,EA,㈜세아제강 순천공장 4블럭,사업장,전라권역,전라남도,순천시,전라남도 순천시 해룡면 신성리 908,061-760-2506,05 사업장 보유 방제물품(화학안전공동체)
보호장갑·장화,보호구,안전장화,6,EA,㈜세아제강 순천공장 4블럭,사업장,전라권역,전라남도,순천시,전라남도 순천시 해룡면 신성리 908,061-760-2506,05 사업장 보유 방제물품(화학안전공동체)
보호장갑·장화,보호구,보호장갑,10,EA,㈜씨앤씨케미칼 광양공장,사업장,전라권역,전라남도,광양시,전라남도 광양시 광양읍 직동1길 50,061-762-9340,05 사업장 보유 방제물품(화학안전공동체)
보호장갑·장화,보호구,보호장화,5,EA,㈜씨앤씨케미칼 광양공장,사업장,전라권역,전라남도,광양시,전라남도 광양시 광양읍 직동1길 50,061-762-9340,05 사업장 보유 방제물품(화학안전공동체)
보호장갑·장화,보호구,보호장갑,10,EA,㈜에스엔엔씨,사업장,전라권역,전라남도,광양시,전라남도 광양시 제철로 2148-139,061-797-9244,05 사업장 보유 방제물품(화학안전공동체)
보호장갑·장화,보호구,보호신발,10,EA,㈜에스엔엔씨,사업장,전라권역,전라남도,광양시,전라남도 광양시 제철로 2148-139,061-797-9244,05 사업장 보유 방제물품(화학안전공동체)
보호장갑·장화,보호구,보호장갑,24,EA,㈜엘지화학(SM),사업장,전라권역,전라남도,여수시,전라남도 여수시 여수산단로 955,061-680-6524,05 사업장 보유 방제물품(화학안전공동체)
보호장갑·장화,보호구,보호장화,24,EA,㈜엘지화학(SM),사업장,전라권역,전라남도,여수시,전라남도 여수시 여수산단로 957,061-680-6524,05 사업장 보유 방제물품(화학안전공동체)
보호장갑·장화,보호구,보호장갑,162,EA,㈜엘지화학(VCM),사업장,전라권역,전라남도,여수시,전라남도 여수시 여수산단로 1121,061-680-6524,05 사업장 보유 방제물품(화학안전공동체)
보호장갑·장화,보호구,보호장화,150,EA,㈜엘지화학(VCM),사업장,전라권역,전라남도,여수시,전라남도 여수시 여수산단로 1121,061-680-6524,05 사업장 보유 방제물품(화학안전공동체)
보호장갑·장화,보호구,보호장갑,1,SET,㈜엘지화학(용성),사업장,전라권역,전라남도,여수시,전라남도 여수시 여수산단4로 58,061-689-3304,05 사업장 보유 방제물품(화학안전공동체)
보호장갑·장화,보호구,보호장화,1,SET,㈜엘지화학(용성),사업장,전라권역,전라남도,여수시,전라남도 여수시 여수산단4로 58,061-689-3304,05 사업장 보유 방제물품(화학안전공동체)
보호장갑·장화,보호구,내화학장화,8,EA,㈜엘지화학(용성2),사업장,전라권역,전라남도,여수시,전라남도 여수시 여수산단4로 58 확장단지,,05 사업장 보유 방제물품(화학안전공동체)
보호장갑·장화,보호구,내산장갑,3,EA,㈜엘지화학(용성2),사업장,전라권역,전라남도,여수시,전라남도 여수시 여수산단4로 58 확장단지,,05 사업장 보유 방제물품(화학안전공동체)
보호장갑·장화,보호구,고무장갑,5,EA,㈜엘지화학(용성2),사업장,전라권역,전라남도,여수시,전라남도 여수시 여수산단4로 58 확장단지,,05 사업장 보유 방제물품(화학안전공동체)
보호장갑·장화,보호구,전면장화,4,EA,㈜엘지화학(용성2),사업장,전라권역,전라남도,여수시,전라남도 여수시 여수산단4로 58 확장단지,,05 사업장 보유 방제물품(화학안전공동체)
보호장갑·장화,보호구,보호장화,5,EA,㈜엠이시,사업장,전라권역,전라남도,광영시,전라남도 광영시 옥곡면 신금산단5길 30,061-772-8825,05 사업장 보유 방제물품(화학안전공동체)
보호장갑·장화,보호구,보호장갑,10,EA,㈜엠이시,사업장,전라권역,전라남도,광영시,전라남도 광영시 옥곡면 신금산단5길 30,061-772-8825,05 사업장 보유 방제물품(화학안전공동체)
보호장갑·장화,보호구,보호장갑,2,EA,㈜와이엔텍,사업장,전라권역,전라남도,여수시,전라남도 여수시 여수산단로 1232,061-690-6910,05 사업장 보유 방제물품(화학안전공동체)
보호장갑·장화,보호구,보호장화,2,EA,㈜와이엔텍,사업장,전라권역,전라남도,여수시,전라남도 여수시 여수산단로 1232,061-690-6910,05 사업장 보유 방제물품(화학안전공동체)
보호장갑·장화,보호구,내화학장갑,8,SET,㈜유니테크 여수지점,사업장,전라권역,전라남도,여수시,전라남도 여수시 진달래길 14,061-692-0461,05 사업장 보유 방제물품(화학안전공동체)
보호장갑·장화,보호구,내화학장화,8,SET,㈜유니테크 여수지점,사업장,전라권역,전라남도,여수시,전라남도 여수시 진달래길 14,061-692-0461,05 사업장 보유 방제물품(화학안전공동체)
보호장갑·장화,보호구,보호장갑,3,EA,㈜이화산업,사업장,전라권역,전라남도,여수시,전라남도 여수시 여수산단로 597,061-686-4878,05 사업장 보유 방제물품(화학안전공동체)
보호장갑·장화,보호구,보호장화,3,EA,㈜이화산업,사업장,전라권역,전라남도,여수시,전라남도 여수시 여수산단로 597,061-686-4878,05 사업장 보유 방제물품(화학안전공동체)
보호장갑·장화,보호구,보호장갑,2,EA,㈜클린메터,사업장,전라권역,전라남도,여수시,전라남도 여수시 여수산단1로 310-37,061-807-2244,05 사업장 보유 방제물품(화학안전공동체)
보호장갑·장화,보호구,보호장화,2,EA,㈜클린메터,사업장,전라권역,전라남도,여수시,전라남도 여수시 여수산단1로 310-37,061-807-2244,05 사업장 보유 방제물품(화학안전공동체)
보호장갑·장화,보호구,보호장갑,772,EA,㈜포스코 광양제철소,사업장,전라권역,전라남도,광양시,전라남도 광양시 제철로1800,061-790-2542,05 사업장 보유 방제물품(화학안전공동체)
보호장갑·장화,보호구,보호장화,399,EA,㈜포스코 광양제철소,사업장,전라권역,전라남도,광양시,전라남도 광양시 제철로1800,061-790-2542,05 사업장 보유 방제물품(화학안전공동체)
보호장갑·장화,보호구,보호신발,30,EA,㈜피엠씨텍,사업장,전라권역,전라남도,광양시,전라남도 광양시 제철로2408,061-760-8976,05 사업장 보유 방제물품(화학안전공동체)
보호장갑·장화,보호구,보호장갑,30,EA,㈜피엠씨텍,사업장,전라권역,전라남도,광양시,전라남도 광양시 제철로2408,061-760-8976,05 사업장 보유 방제물품(화학안전공동체)
보호장갑·장화,보호구,보호장갑,30,EA,㈜피엠씨텍,사업장,전라권역,전라남도,광양시,전라남도 광양시 제철로2408,061-760-8976,05 사업장 보유 방제물품(화학안전공동체)
보호장갑·장화,보호구,보호신발,5,EA,㈜한국환경사업단,사업장,전라권역,전라남도,여수시,전라남도 여수시 진달래길 346,061-686-7066,05 사업장 보유 방제물품(화학안전공동체)
보호장갑·장화,보호구,보호장갑,5,EA,㈜한익스프레스,사업장,전라권역,전라남도,여수시,전라남도 여수시 여수산단로 611,061-685-5524,05 사업장 보유 방제물품(화학안전공동체)
보호장갑·장화,보호구,보호장화,5,EA,㈜한익스프레스,사업장,전라권역,전라남도,여수시,전라남도 여수시 여수산단로 611,061-685-5524,05 사업장 보유 방제물품(화학안전공동체)
보호장갑·장화,보호구,가슴장화,5,EA,㈜한익스프레스,사업장,전라권역,전라남도,여수시,전라남도 여수시 여수산단로 611,061-685-5524,05 사업장 보유 방제물품(화학안전공동체)
보호장갑·장화,보호구,내화학장갑,40,EA,㈜한화여수사업장,사업장,전라권역,전라남도,여수시,전라남도 여수시 신월로 411,061-640-1232,05 사업장 보유 방제물품(화학안전공동체)
보호장갑·장화,보호구,내화학장화,40,EA,㈜한화여수사업장,사업장,전라권역,전라남도,여수시,전라남도 여수시 신월로 411,061-640-1232,05 사업장 보유 방제물품(화학안전공동체)
보호장갑·장화,보호구,장갑,100,,고흥군 환경정책과,지자체,전라권역,전라남도,고흥군,전라남도 고흥군 고흥읍 고흥군청로 1,061-830-5834,01 지자체 보유 방재장비
보호장갑·장화,보호구,장화,20,,고흥군 환경정책과,지자체,전라권역,전라남도,고흥군,전라남도 고흥군 고흥읍 고흥군청로 1,061-830-5834,01 지자체 보유 방재장비
보호장갑·장화,보호구,장화,5,,곡성군 환경과,지자체,전라권역,전라남도,곡성군,전라남도 곡성군 곡성읍 군청로 50,061-360-8531,01 지자체 보유 방재장비
보호장갑·장화,보호구,내산장갑,5,EA,광양항 컨테이너 부두 인근 (여수센터 관리),환경청·센터 장비함,전라권역,전라남도,광양시,전남 광양시 도이동 782,,04 환경청·센터 방제장비함
보호장갑·장화,보호구,내화학장갑,5,EA,광양항 컨테이너 부두 인근 (여수센터 관리),환경청·센터 장비함,전라권역,전라남도,광양시,전남 광양시 도이동 782,,04 환경청·센터 방제장비함
보호장갑·장화,보호구,면장갑,1,EA,광양항 컨테이너 부두 인근 (여수센터 관리),환경청·센터 장비함,전라권역,전라남도,광양시,전남 광양시 도이동 782,,04 환경청·센터 방제장비함
보호장갑·장화,보호구,보호장갑,30,EA,구다우케미칼,사업장,전라권역,전라남도,여수시,전라남도 여수시 중흥동 751-1,061-690-7808,05 사업장 보유 방제물품(화학안전공동체)
보호장갑·장화,보호구,보호장화,8,EA,구다우케미칼,사업장,전라권역,전라남도,여수시,전라남도 여수시 중흥동 751-1,061-690-7808,05 사업장 보유 방제물품(화학안전공동체)
보호장갑·장화,보호구,장갑,3,,구례군 환경과,지자체,전라권역,전라남도,구례군,전라남도 구례군 구례읍 봉성로 1,061-780-2982,01 지자체 보유 방재장비
보호장갑·장화,보호구,장화,3,,구례군 환경과,지자체,전라권역,전라남도,구례군,전라남도 구례군 구례읍 봉성로 1,061-780-2982,01 지자체 보유 방재장비
보호장갑·장화,보호구,화학장갑,50,EA,금호미쓰이화학㈜,사업장,전라권역,전라남도,여수시,전라남도 여수시 여수산단2로 305,061-688-5090,05 사업장 보유 방제물품(화학안전공동체)
보호장갑·장화,보호구,보호장갑,90,A,금호석유화학㈜ 여수정밀화학공장,사업장,전라권역,전라남도,여수시,전라남도 여수시 여수산단2로 227,061-688-3943,05 사업장 보유 방제물품(화학안전공동체)
보호장갑·장화,보호구,보호장화,46,EA,금호석유화학㈜ 여수정밀화학공장,사업장,전라권역,전라남도,여수시,전라남도 여수시 여수산단2로 227,061-688-3943,05 사업장 보유 방제물품(화학안전공동체)
보호장갑·장화,보호구,보호장갑,6,EA,금호석유화학㈜ 제1열병합발전소,사업장,전라권역,전라남도,여수시,전라남도 여수시 여수산단2로 46-51,061-688-3943,05 사업장 보유 방제물품(화학안전공동체)
보호장갑·장화,보호구,보호장화,4,EA,금호석유화학㈜ 제1열병합발전소,사업장,전라권역,전라남도,여수시,전라남도 여수시 여수산단2로 46-51,061-688-3943,05 사업장 보유 방제물품(화학안전공동체)
보호장갑·장화,보호구,보호장갑,11,EA,금호석유화학㈜ 제2열병합발전소,사업장,전라권역,전라남도,여수시,전라남도 여수시 여수산단2로 233-84,061-688-3943,05 사업장 보유 방제물품(화학안전공동체)
보호장갑·장화,보호구,보호장화,8,EA,금호석유화학㈜ 제2열병합발전소,사업장,전라권역,전라남도,여수시,전라남도 여수시 여수산단2로 233-84,061-688-3943,05 사업장 보유 방제물품(화학안전공동체)
보호장갑·장화,보호구,화학장화,14,EA,닛소남해아그로㈜,사업장,전라권역,전라남도,여수시,전라남도 여수시 여수산단로 1384,061-900-3531,05 사업장 보유 방제물품(화학안전공동체)
보호장갑·장화,보호구,화학장갑(알파텍),72,EA,닛소남해아그로㈜,사업장,전라권역,전라남도,여수시,전라남도 여수시 여수산단로 1384,061-900-3531,05 사업장 보유 방제물품(화학안전공동체)
보호장갑·장화,보호구,장갑,10,,담양군 환경과,지자체,전라권역,전라남도,담양군,전라남도 담양군 담양읍 추성로 1371,061-380-3068,01 지자체 보유 방재장비
보호장갑·장화,보호구,장화,3,,담양군 환경과,지자체,전라권역,전라남도,담양군,전라남도 담양군 담양읍 추성로 1371,061-380-3068,01 지자체 보유 방재장비
보호장갑·장화,보호구,방열장갑,4,EA,대림산업㈜ LHDPE공장,사업장,전라권역,전라남도,여수시,전라남도 여수시 여수산단중앙로 438,061-688-7548,05 사업장 보유 방제물품(화학안전공동체)
보호장갑·장화,보호구,방열장화,4,EA,대림산업㈜ LHDPE공장,사업장,전라권역,전라남도,여수시,전라남도 여수시 여수산단중앙로 438,061-688-7548,05 사업장 보유 방제물품(화학안전공동체)
보호장갑·장화,보호구,화학장갑,9,EA,대림산업㈜ LHDPE공장,사업장,전라권역,전라남도,여수시,전라남도 여수시 여수산단중앙로 438,061-688-7548,05 사업장 보유 방제물품(화학안전공동체)
보호장갑·장화,보호구,방열장갑,5,EA,대림산업㈜ 여수C4공장,사업장,전라권역,전라남도,여수시,전라남도 여수시 여수산단중앙로 275,061-688-6821,05 사업장 보유 방제물품(화학안전공동체)
보호장갑·장화,보호구,방열장화,5,EA,대림산업㈜ 여수C4공장,사업장,전라권역,전라남도,여수시,전라남도 여수시 여수산단중앙로 275,061-688-6821,05 사업장 보유 방제물품(화학안전공동체)
보호장갑·장화,보호구,화학장갑,20,EA,대림산업㈜ 여수C4공장,사업장,전라권역,전라남도,여수시,전라남도 여수시 여수산단중앙로 275,061-688-6821,05 사업장 보유 방제물품(화학안전공동체)
보호장갑·장화,보호구,방열장갑,2,EA,대림산업㈜ 여수PB공장,사업장,전라권역,전라남도,여수시,전라남도 여수시 여수산단중앙로 276,061-688-6371,05 사업장 보유 방제물품(화학안전공동체)
보호장갑·장화,보호구,방열장화,2,EA,대림산업㈜ 여수PB공장,사업장,전라권역,전라남도,여수시,전라남도 여수시 여수산단중앙로 276,061-688-6371,05 사업장 보유 방제물품(화학안전공동체)
보호장갑·장화,보호구,화학장갑,6,EA,대림산업㈜ 여수PB공장,사업장,전라권역,전라남도,여수시,전라남도 여수시 여수산단중앙로 276,061-688-6371,05 사업장 보유 방제물품(화학안전공동체)
보호장갑·장화,보호구,방열장갑,2,EA,대림산업㈜ 여수공장,사업장,전라권역,전라남도,여수시,전라남도 여수시 여수산단2로 220-10,061-688-6481,05 사업장 보유 방제물품(화학안전공동체)
보호장갑·장화,보호구,방열장화,2,EA,대림산업㈜ 여수공장,사업장,전라권역,전라남도,여수시,전라남도 여수시 여수산단2로 220-10,061-688-6481,05 사업장 보유 방제물품(화학안전공동체)
보호장갑·장화,보호구,화학장갑,18,EA,대림산업㈜ 여수공장,사업장,전라권역,전라남도,여수시,전라남도 여수시 여수산단2로 220-10,061-688-6481,05 사업장 보유 방제물품(화학안전공동체)
보호장갑·장화,보호구,보호장갑,2,EA,롯데미쓰이화학㈜,사업장,전라권역,전라남도,여수시,전라남도 여수시 여수산단4로 129,061-680-8411,05 사업장 보유 방제물품(화학안전공동체)
보호장갑·장화,보호구,보호장화,2,EA,롯데미쓰이화학㈜,사업장,전라권역,전라남도,여수시,전라남도 여수시 여수산단4로 129,061-680-8411,05 사업장 보유 방제물품(화학안전공동체)
보호장갑·장화,보호구,내화학장화,12,EA,롯데베르살리스 엘라스토머스㈜,사업장,전라권역,전라남도,여수시,전라남도 여수시 여수산단4로 53,061-690-2522,05 사업장 보유 방제물품(화학안전공동체)
보호장갑·장화,보호구,안전장화,18,EA,롯데베르살리스 엘라스토머스㈜,사업장,전라권역,전라남도,여수시,전라남도 여수시 여수산단4로 53,061-690-2522,05 사업장 보유 방제물품(화학안전공동체)
보호장갑·장화,보호구,보호장갑,24,EA,롯데엠시시㈜ 여수1공장,사업장,전라권역,전라남도,여수시,전라남도 여수시 여수산단2로 116-82,061-680-8050,05 사업장 보유 방제물품(화학안전공동체)
보호장갑·장화,보호구,보호장화,6,EA,롯데엠시시㈜ 여수1공장,사업장,전라권역,전라남도,여수시,전라남도 여수시 여수산단2로 116-82,061-680-8050,05 사업장 보유 방제물품(화학안전공동체)
보호장갑·장화,보호구,보호장갑,72,EA,롯데엠시시㈜ 여수2공장,사업장,전라권역,전라남도,여수시,전라남도 여수시 여수산단4로 129,061-680-8453,05 사업장 보유 방제물품(화학안전공동체)
보호장갑·장화,보호구,보호장화,14,EA,롯데엠시시㈜ 여수2공장,사업장,전라권역,전라남도,여수시,전라남도 여수시 여수산단4로 129,061-680-8453,05 사업장 보유 방제물품(화학안전공동체)
보호장갑·장화,보호구,내화학보호장갑,120,EA,롯데첨단소재㈜,사업장,전라권역,전라남도,여수시,전라남도 여수시 여수산단로 334-27,061-689-1301,05 사업장 보유 방제물품(화학안전공동체)
보호장갑·장화,보호구,내산장화,50,EA,롯데첨단소재㈜,사업장,전라권역,전라남도,여수시,전라남도 여수시 여수산단로 334-27,061-689-1301,05 사업장 보유 방제물품(화학안전공동체)
보호장갑·장화,보호구,보호장갑,6661,EA,롯데케미칼㈜ 여수1공장,사업장,전라권역,전라남도,여수시,전라남도 여수시 여수산단4로 53,061-688-2156,05 사업장 보유 방제물품(화학안전공동체)
보호장갑·장화,보호구,보호장화,6661,EA,롯데케미칼㈜ 여수1공장,사업장,전라권역,전라남도,여수시,전라남도 여수시 여수산단4로 53,061-688-2156,05 사업장 보유 방제물품(화학안전공동체)
보호장갑·장화,보호구,보호장갑,69,EA,롯데케미칼㈜ 여수2공장,사업장,전라권역,전라남도,여수시,전라남도 여수시 여수산단2로 116-82,061-688-2156,05 사업장 보유 방제물품(화학안전공동체)
보호장갑·장화,보호구,보호장화,69,EA,롯데케미칼㈜ 여수2공장,사업장,전라권역,전라남도,여수시,전라남도 여수시 여수산단2로 116-82,061-688-2156,05 사업장 보유 방제물품(화학안전공동체)
보호장갑·장화,보호구,보호장갑,5,EA,매일식품㈜,사업장,전라권역,전라남도,순천시,전라남도 순천시 서면산단1길 16,061-752-3331,05 사업장 보유 방제물품(화학안전공동체)
보호장갑·장화,보호구,보호장화,3,EA,매일식품㈜,사업장,전라권역,전라남도,순천시,전라남도 순천시 서면산단1길 16,061-752-3331,05 사업장 보유 방제물품(화학안전공동체)
보호장갑·장화,보호구,장화,50,,목포시 기후환경과,지자체,전라권역,전라남도,목포시,전라남도 목포시 수문로 32,061-270-3318,01 지자체 보유 방재장비
보호장갑·장화,보호구,내산장갑,5,EA,묘도 휴게소 인근 (여수센터 관리),환경청·센터 장비함,전라권역,전라남도,광양시,전남 광양시 묘도7길 110,,04 환경청·센터 방제장비함
보호장갑·장화,보호구,내화학장갑,5,EA,묘도 휴게소 인근 (여수센터 관리),환경청·센터 장비함,전라권역,전라남도,광양시,전남 광양시 묘도7길 110,,04 환경청·센터 방제장비함
보호장갑·장화,보호구,면장갑,1,EA,묘도 휴게소 인근 (여수센터 관리),환경청·센터 장비함,전라권역,전라남도,광양시,전남 광양시 묘도7길 110,,04 환경청·센터 방제장비함
보호장갑·장화,보호구,장갑,19,,무안군 환경과,지자체,전라권역,전라남도,무안군,전라남도 무안읍 무안로 530,061-450-5569,01 지자체 보유 방재장비
보호장갑·장화,보호구,장화,19,,무안군 환경과,지자체,전라권역,전라남도,무안군,전라남도 무안읍 무안로 530,061-450-5569,01 지자체 보유 방재장비
보호장갑·장화,보호구,보호장화,10,EA,백광산업,사업장,전라권역,전라남도,여수시,전라남도 여수시 여수산단2로 284,061-680-0600,05 사업장 보유 방제물품(화학안전공동체)
보호장갑·장화,보호구,보호장갑,10,EA,백광산업,사업장,전라권역,전라남도,여수시,전라남도 여수시 여수산단2로 284,061-680-0600,05 사업장 보유 방제물품(화학안전공동체)
보호장갑·장화,보호구,장화,17,,"보성군 12개 읍,면",지자체,전라권역,전라남도,보성군,-,,01 지자체 보유 방재장비
보호장갑·장화,보호구,장화,5,,보성군 기후환경과,지자체,전라권역,전라남도,보성군,전라남도 보성군 송재로 165,061-850-5354,01 지자체 보유 방재장비
보호장갑·장화,보호구,보호장갑,30,EA,비를라카본코리아㈜,사업장,전라권역,전라남도,여수시,전라남도 여수시 여수산단2로 46-101,061-688-3331,05 사업장 보유 방제물품(화학안전공동체)
보호장갑·장화,보호구,보호장화,10,EA,비를라카본코리아㈜,사업장,전라권역,전라남도,여수시,전라남도 여수시 여수산단2로 46-101,061-688-3331,05 사업장 보유 방제물품(화학안전공동체)
보호장갑·장화,보호구,내산장갑,5,EA,산곡-대포터널 인근 (여수센터 관리),환경청·센터 장비함,전라권역,전라남도,여수시,전남 여수시 율촌면 신풍리 산106-1,,04 환경청·센터 방제장비함
보호장갑·장화,보호구,내화학장갑,5,EA,산곡-대포터널 인근 (여수센터 관리),환경청·센터 장비함,전라권역,전라남도,여수시,전남 여수시 율촌면 신풍리 산106-1,,04 환경청·센터 방제장비함
보호장갑·장화,보호구,면장갑,1,EA,산곡-대포터널 인근 (여수센터 관리),환경청·센터 장비함,전라권역,전라남도,여수시,전남 여수시 율촌면 신풍리 산106-1,,04 환경청·센터 방제장비함
보호장갑·장화,보호구,보호장갑,140,EA,삼남석유화학㈜,사업장,전라권역,전라남도,여수시,전라남도 여수시 여수산단로 955,061-688-8283,05 사업장 보유 방제물품(화학안전공동체)
보호장갑·장화,보호구,보호장화,47,EA,삼남석유화학㈜,사업장,전라권역,전라남도,여수시,전라남도 여수시 여수산단로 955,061-688-8283,05 사업장 보유 방제물품(화학안전공동체)
보호장갑·장화,보호구,보호장갑,12,12EA,수자원공사 여수권지사 별량수령장,사업장,전라권역,전라남도,순천시,전라남도 순천시,061-759-4212,05 사업장 보유 방제물품(화학안전공동체)
보호장갑·장화,보호구,보호장화,8,8EA,수자원공사 여수권지사 별량수령장,사업장,전라권역,전라남도,순천시,전라남도 순천시,061-759-4212,05 사업장 보유 방제물품(화학안전공동체)
보호장갑·장화,보호구,장갑,10,,신안군 세계유산과,지자체,전라권역,전라남도,신안군,전라남도 신안군 압해로 천사로 1004,061-240-8153,01 지자체 보유 방재장비
보호장갑·장화,보호구,장화,4,,신안군 세계유산과,지자체,전라권역,전라남도,신안군,전라남도 신안군 압해로 천사로 1004,061-240-8153,01 지자체 보유 방재장비
보호장갑·장화,보호구,내화학성 장갑,20,EA,아이씨케미칼,사업장,전라권역,전라남도,여수시,전라남도 여수시 여수산단4로 80,061-685-6717,05 사업장 보유 방제물품(화학안전공동체)
보호장갑·장화,보호구,내화학성 장화,20,EA,아이씨케미칼,사업장,전라권역,전라남도,여수시,전라남도 여수시 여수산단4로 80,061-685-6717,05 사업장 보유 방제물품(화학안전공동체)
보호장갑·장화,보호구,내화학장갑,200,EA,엘지엠엠에이㈜,사업장,전라권역,전라남도,여수시,전라남도 여수시 여수산단4로 58,061-805-3855,05 사업장 보유 방제물품(화학안전공동체)
보호장갑·장화,보호구,장갑,74,,여수시 산단환경관리과,지자체,전라권역,전라남도,여수시,전라남도 여수시 삼동2길 13,061-659-2820,01 지자체 보유 방재장비
보호장갑·장화,보호구,장화,48,,여수시 산단환경관리과,지자체,전라권역,전라남도,여수시,전라남도 여수시 삼동2길 13,061-659-2820,01 지자체 보유 방재장비
보호장갑·장화,보호구,장갑,70,,여수시 산단환경관리과,지자체,전라권역,전라남도,여수시,여수시 삼동2길 13,061-659-2819,02 지자체 보유 방재장비(청·센터별)
보호장갑·장화,보호구,장화,45,,여수시 산단환경관리과,지자체,전라권역,전라남도,여수시,여수시 삼동2길 13,061-659-2819,02 지자체 보유 방재장비(청·센터별)
보호장갑·장화,보호구,장갑,4,,영광군 환경과,지자체,전라권역,전라남도,영광군,전남 영광군 영광읍 중앙로 203,061-350-4754,01 지자체 보유 방재장비
보호장갑·장화,보호구,장화,4,,영광군 환경과,지자체,전라권역,전라남도,영광군,전남 영광군 영광읍 중앙로 203,061-350-4754,01 지자체 보유 방재장비
보호장갑·장화,보호구,보호장갑,100,EA,오리온엔지니어드카본즈㈜,사업장,전라권역,전라남도,여수시,전라남도 여수시 진달래길 310-88,061-690-5143,05 사업장 보유 방제물품(화학안전공동체)
보호장갑·장화,보호구,보호장화,30,EA,오리온엔지니어드카본즈㈜,사업장,전라권역,전라남도,여수시,전라남도 여수시 진달래길 310-88,061-690-5143,05 사업장 보유 방제물품(화학안전공동체)
보호장갑·장화,보호구,내산장갑,5,EA,옥곡 톨게이트 인근 (여수센터 관리),환경청·센터 장비함,전라권역,전라남도,광양시,전남 광양시 옥곡면 강변로 434-37,,04 환경청·센터 방제장비함
보호장갑·장화,보호구,내화학장갑,5,EA,옥곡 톨게이트 인근 (여수센터 관리),환경청·센터 장비함,전라권역,전라남도,광양시,전남 광양시 옥곡면 강변로 434-37,,04 환경청·센터 방제장비함
보호장갑·장화,보호구,면장갑,1,EA,옥곡 톨게이트 인근 (여수센터 관리),환경청·센터 장비함,전라권역,전라남도,광양시,전남 광양시 옥곡면 강변로 434-37,,04 환경청·센터 방제장비함
보호장갑·장화,보호구,장갑,4,,완도군 환경수질관리과,지자체,전라권역,전라남도,완도군,전라남도 완도군 완도읍 농공단지7길 44,061-550-5506,01 지자체 보유 방재장비
보호장갑·장화,보호구,장화,4,,완도군 환경수질관리과,지자체,전라권역,전라남도,완도군,전라남도 완도군 완도읍 농공단지7길 44,061-550-5506,01 지자체 보유 방재장비
보호장갑·장화,보호구,장갑,2000,,장흥군 재난안전과,지자체,전라권역,전라남도,장흥군,전남 장흥군 장흥읍 잣두1길 43,061-860-6172,01 지자체 보유 방재장비
보호장갑·장화,보호구,장갑,200,,전라남도 기후대기과,지자체,전라권역,전라남도,순천시,전라남도 순천시 매안로 16,061-286-7942,01 지자체 보유 방재장비
보호장갑·장화,보호구,장화,6,,전라남도 기후대기과,지자체,전라권역,전라남도,순천시,전라남도 순천시 매안로 16,061-286-7942,01 지자체 보유 방재장비
보호장갑·장화,보호구,장화,3,,진도군 환경수질과,지자체,전라권역,전라남도,진도군,전라남도 진도군 진도읍 철마길 25,061-540-3723,01 지자체 보유 방재장비
보호장갑·장화,보호구,보호장갑,2,EA,케이씨환경서비스㈜ 여수사업부,사업장,전라권역,전라남도,여수시,전라남도 여수시 산단중앙로 30-36,061-805-9501,05 사업장 보유 방제물품(화학안전공동체)
보호장갑·장화,보호구,보호장화,2,EA,케이씨환경서비스㈜ 여수사업부,사업장,전라권역,전라남도,여수시,전라남도 여수시 산단중앙로 30-36,061-805-9501,05 사업장 보유 방제물품(화학안전공동체)
보호장갑·장화,보호구,내화학장갑,42,SET,케이에스광학㈜,사업장,전라권역,전라남도,순천시,전라남도 순천시 율촌산단4로 26-108,061-727-9717,05 사업장 보유 방제물품(화학안전공동체)
보호장갑·장화,보호구,안전장화,20,SET,케이에스광학㈜,사업장,전라권역,전라남도,순천시,전라남도 순천시 율촌산단4로 26-108,061-727-9717,05 사업장 보유 방제물품(화학안전공동체)
보호장갑·장화,보호구,내산장갑,100,PR,코니상사,판매업체,전라권역,전라남도,여수시,전남 여수시 웅남3길,061-684-3611,15 전남·광주 방제약품 판매업체 (2017년 기준)
보호장갑·장화,보호구,내산장화,10,PR,코니상사,판매업체,전라권역,전라남도,여수시,전남 여수시 웅남3길,061-684-3611,15 전남·광주 방제약품 판매업체 (2017년 기준)
보호장갑·장화,보호구,안전장화,20,PR,코니상사,판매업체,전라권역,전라남도,여수시,전남 여수시 웅남3길,061-684-3611,15 전남·광주 방제약품 판매업체 (2017년 기준)
보호장갑·장화,보호구,안전화,50,EA,코니상사,판매업체,전라권역,전라남도,여수시,전남 여수시 웅남3길,061-684-3611,15 전남·광주 방제약품 판매업체 (2017년 기준)
보호장갑·장화,보호구,보호장갑,43,EA,코오롱인더스트리㈜ 여수공장,사업장,전라권역,전라남도,여수시,전라남도 여수시 산단중앙로 213,061-690-9842,05 사업장 보유 방제물품(화학안전공동체)
보호장갑·장화,보호구,보호장화,21,EA,코오롱인더스트리㈜ 여수공장,사업장,전라권역,전라남도,여수시,전라남도 여수시 산단중앙로 213,061-690-9842,05 사업장 보유 방제물품(화학안전공동체)
보호장갑·장화,보호구,보호장갑,22,EA,포스코에너지㈜,사업장,전라권역,전라남도,광양시,전라남도 광양시 제철로1800,061-790-8494,05 사업장 보유 방제물품(화학안전공동체)
보호장갑·장화,보호구,보호장화,12,EA,포스코에너지㈜,사업장,전라권역,전라남도,광양시,전라남도 광양시 제철로1800,061-790-8494,05 사업장 보유 방제물품(화학안전공동체)
보호장갑·장화,보호구,보호장갑,20,EA,한국남동발전㈜ 여수발전본부,사업장,전라권역,전라남도,여수시,전라남도 여수시 여수산단로 727,070-8898-5622,05 사업장 보유 방제물품(화학안전공동체)
보호장갑·장화,보호구,보호장화,30,EA,한국남동발전㈜ 여수발전본부,사업장,전라권역,전라남도,여수시,전라남도 여수시 여수산단로 727,070-8898-5622,05 사업장 보유 방제물품(화학안전공동체)
보호장갑·장화,보호구,내화학장갑,25,EA,한국남동발전㈜ 호남화력본부,사업장,전라권역,전라남도,여수시,"전라남도 여수시 여수산단로 1203, 1층",,05 사업장 보유 방제물품(화학안전공동체)
보호장갑·장화,보호구,내화학장화,21,EA,한국남동발전㈜ 호남화력본부,사업장,전라권역,전라남도,여수시,"전라남도 여수시 여수산단로 1203, 1층",,05 사업장 보유 방제물품(화학안전공동체)
보호장갑·장화,보호구,코팅장갑,20,EA,한국바스프㈜,사업장,전라권역,전라남도,여수시,전라남도 여수시 여수산단2로 284,061-680-7061,05 사업장 보유 방제물품(화학안전공동체)
보호장갑·장화,보호구,NITRIL장갑,38,EA,한국바스프㈜,사업장,전라권역,전라남도,여수시,전라남도 여수시 여수산단2로 284,061-680-7061,05 사업장 보유 방제물품(화학안전공동체)
보호장갑·장화,보호구,NEOPRENE장갑,24,EA,한국바스프㈜,사업장,전라권역,전라남도,여수시,전라남도 여수시 여수산단2로 284,061-680-7061,05 사업장 보유 방제물품(화학안전공동체)
보호장갑·장화,보호구,보호장갑,68,EA,한국바스프㈜,사업장,전라권역,전라남도,여수시,전라남도 여수시 여수산단2로 284,061-680-7061,05 사업장 보유 방제물품(화학안전공동체)
보호장갑·장화,보호구,안전장화,78,EA,한국바스프㈜,사업장,전라권역,전라남도,여수시,전라남도 여수시 여수산단2로 284,061-680-7061,05 사업장 보유 방제물품(화학안전공동체)
보호장갑·장화,보호구,방열장갑,2,EA,한국바스프㈜,사업장,전라권역,전라남도,여수시,전라남도 여수시 여수산단2로 284,061-680-7061,05 사업장 보유 방제물품(화학안전공동체)
보호장갑·장화,보호구,내화학보호장갑,5,EA,한국캐솔㈜,사업장,전라권역,전라남도,순천시,전라남도 순천시 양율길 286,061-741-1661,05 사업장 보유 방제물품(화학안전공동체)
보호장갑·장화,보호구,안전장화,5,EA,한국캐솔㈜,사업장,전라권역,전라남도,순천시,전라남도 순천시 양율길 286,061-741-1661,05 사업장 보유 방제물품(화학안전공동체)
보호장갑·장화,보호구,보호장갑,4,EA,한승케미칼㈜,사업장,전라권역,전라남도,광양시,전라남도 광양시 광양읍 초남2공단2길 66,061-795-1958,05 사업장 보유 방제물품(화학안전공동체)
보호장갑·장화,보호구,보호장화,4,EA,한승케미칼㈜,사업장,전라권역,전라남도,광양시,전라남도 광양시 광양읍 초남2공단2길 66,061-795-1958,05 사업장 보유 방제물품(화학안전공동체)
보호장갑·장화,보호구,내화학장갑,16,EA,한화케미칼㈜ 여수2,사업장,전라권역,전라남도,여수시,전라남도 여수시 여수산단4로 255,061-690-5728,05 사업장 보유 방제물품(화학안전공동체)
보호장갑·장화,보호구,내화학장화,16,EA,한화케미칼㈜ 여수2,사업장,전라권역,전라남도,여수시,전라남도 여수시 여수산단4로 255,061-690-5728,05 사업장 보유 방제물품(화학안전공동체)
보호장갑·장화,보호구,내산장화,14,EA,한화케미칼㈜ 폴리실리콘,사업장,전라권역,전라남도,여수시,전라남도 여수시 여수산단4로 255,061-690-5728,05 사업장 보유 방제물품(화학안전공동체)
보호장갑·장화,보호구,내산장갑,14,EA,한화케미칼㈜ 폴리실리콘,사업장,전라권역,전라남도,여수시,전라남도 여수시 여수산단4로 255,061-690-5728,05 사업장 보유 방제물품(화학안전공동체)
보호장갑·장화,보호구,보호장갑,46,EA,한화케미칼㈜ 폴리실리콘,사업장,전라권역,전라남도,여수시,전라남도 여수시 여수산단4로 255,061-690-5728,05 사업장 보유 방제물품(화학안전공동체)
보호장갑·장화,보호구,보호장화,46,EA,한화케미칼㈜ 폴리실리콘,사업장,전라권역,전라남도,여수시,전라남도 여수시 여수산단4로 255,061-690-5728,05 사업장 보유 방제물품(화학안전공동체)
보호장갑·장화,보호구,장갑,4,,해남군 환경과,지자체,전라권역,전라남도,해남군,전라남도 해남군 해남읍 군청길 4,061-530-5644,01 지자체 보유 방재장비
보호장갑·장화,보호구,장화,4,,해남군 환경과,지자체,전라권역,전라남도,해남군,전라남도 해남군 해남읍 군청길 4,061-530-5644,01 지자체 보유 방재장비
보호장갑·장화,보호구,내산장갑,5,EA,해룡-율촌터널 인근 (여수센터 관리),환경청·센터 장비함,전라권역,전라남도,여수시,전남 여수시 율촌면 용전리 산207-12,,04 환경청·센터 방제장비함
보호장갑·장화,보호구,내화학장갑,5,EA,해룡-율촌터널 인근 (여수센터 관리),환경청·센터 장비함,전라권역,전라남도,여수시,전남 여수시 율촌면 용전리 산207-12,,04 환경청·센터 방제장비함
보호장갑·장화,보호구,면장갑,1,EA,해룡-율촌터널 인근 (여수센터 관리),환경청·센터 장비함,전라권역,전라남도,여수시,전남 여수시 율촌면 용전리 산207-12,,04 환경청·센터 방제장비함
보호장갑·장화,보호구,보호장갑,7,EA,해인기업㈜ 여수공장,사업장,전라권역,전라남도,여수시,전라남도 여수시 중흥동 750-19,061-692-6800,05 사업장 보유 방제물품(화학안전공동체)
보호장갑·장화,보호구,보호장화,2,EA,해인기업㈜ 여수공장,사업장,전라권역,전라남도,여수시,전라남도 여수시 중흥동 750-19,061-692-6800,05 사업장 보유 방제물품(화학안전공동체)
보호장갑·장화,보호구,일반장화,19,EA,해인기업㈜ 여수공장,사업장,전라권역,전라남도,여수시,전라남도 여수시 중흥동 750-19,061-692-6800,05 사업장 보유 방제물품(화학안전공동체)
보호장갑·장화,보호구,안전장화,8,EA,해인기업㈜ 여수공장,사업장,전라권역,전라남도,여수시,전라남도 여수시 중흥동 750-19,061-692-6800,05 사업장 보유 방제물품(화학안전공동체)
보호장갑·장화,보호구,보호장갑,16,EA,해인기업㈜ 여천공장,사업장,전라권역,전라남도,여수시,전라남도 여수시 여수산단로 830,061-686-0917,05 사업장 보유 방제물품(화학안전공동체)
보호장갑·장화,보호구,보호장화,10,EA,해인기업㈜ 여천공장,사업장,전라권역,전라남도,여수시,전라남도 여수시 여수산단로 830,061-686-0917,05 사업장 보유 방제물품(화학안전공동체)
보호장갑·장화,보호구,보호장화,10,EA,해인기업㈜ 화치공장,사업장,전라권역,전라남도,여수시,전라남도 여수시 산단중앙로 30,061-686-6801,05 사업장 보유 방제물품(화학안전공동체)
보호장갑·장화,보호구,보호장갑,10,EA,해인기업㈜ 화치공장,사업장,전라권역,전라남도,여수시,전라남도 여수시 산단중앙로 30,061-686-6801,05 사업장 보유 방제물품(화학안전공동체)
보호장갑·장화,보호구,내화학장갑,113,EA,현대에너지㈜,사업장,전라권역,전라남도,여수시,전라남도 여수시 여수산단로 727,061-683-7319,05 사업장 보유 방제물품(화학안전공동체)
보호장갑·장화,보호구,보호장화,28,EA,현대에너지㈜,사업장,전라권역,전라남도,여수시,전라남도 여수시 여수산단로 727,061-683-7319,05 사업장 보유 방제물품(화학안전공동체)
보호장갑·장화,보호구,내화학장갑,200,EA,현대제철㈜,사업장,전라권역,전라남도,순천시,전라남도 순천시 해룡면 인덕로 300,061-720-4665,05 사업장 보유 방제물품(화학안전공동체)
보호장갑·장화,보호구,내화학장화,40,EA,현대제철㈜,사업장,전라권역,전라남도,순천시,전라남도 순천시 해룡면 인덕로 300,061-720-4665,05 사업장 보유 방제물품(화학안전공동체)
보호장갑·장화,보호구,내산장갑-C5217,900,개,화성,판매업체,전라권역,전라남도,광양시,전남 광양시 광양읍 회암3길 23,061-763-9020,15 전남·광주 방제약품 판매업체 (2017년 기준)
보호장갑·장화,보호구,내산안전장화,10,개,화성,판매업체,전라권역,전라남도,광양시,전남 광양시 광양읍 회암3길 23,061-763-9020,15 전남·광주 방제약품 판매업체 (2017년 기준)
보호장갑·장화,보호구,바지장화,15,개,화성,판매업체,전라권역,전라남도,광양시,전남 광양시 광양읍 회암3길 23,061-763-9020,15 전남·광주 방제약품 판매업체 (2017년 기준)
보호장갑·장화,보호구,보호장화,60,EA,휴켐스㈜ 여수공장,사업장,전라권역,전라남도,여수시,전라남도 여수시 상암로 963,061-680-4613,05 사업장 보유 방제물품(화학안전공동체)
보호장갑·장화,보호구,보호장갑,64,EA,휴켐스㈜ 여수공장,사업장,전라권역,전라남도,여수시,전라남도 여수시 상암로 963,061-680-4613,05 사업장 보유 방제물품(화학안전공동체)
보호장갑·장화,보호구,가슴장화,10,개,(주)휴비스전주공장 (전북도청 관리),환경청·센터 장비함,전라권역,전북특별자치도,전주시,전북특별자치도 전주시 덕진구 기린대로 787,,04 환경청·센터 방제장비함
보호장갑·장화,보호구,내화학장갑,10,개,(주)휴비스전주공장 (전북도청 관리),환경청·센터 장비함,전라권역,전북특별자치도,전주시,전북특별자치도 전주시 덕진구 기린대로 787,,04 환경청·센터 방제장비함
보호장갑·장화,보호구,내산장화,2,개,(주)휴비스전주공장 (전북도청 관리),환경청·센터 장비함,전라권역,전북특별자치도,전주시,전북특별자치도 전주시 덕진구 기린대로 787,,04 환경청·센터 방제장비함
보호장갑·장화,보호구,가슴장화,5,개,119화학구조대(군산) (군산시 관리),환경청·센터 장비함,전라권역,전북특별자치도,군산시,전북특별자치도 군산시 외항7길 7,,04 환경청·센터 방제장비함
보호장갑·장화,보호구,내화학장갑,10,개,119화학구조대(군산) (군산시 관리),환경청·센터 장비함,전라권역,전북특별자치도,군산시,전북특별자치도 군산시 외항7길 7,,04 환경청·센터 방제장비함
보호장갑·장화,보호구,내산장화,4,개,119화학구조대(군산) (군산시 관리),환경청·센터 장비함,전라권역,전북특별자치도,군산시,전북특별자치도 군산시 외항7길 7,,04 환경청·센터 방제장비함
보호장갑·장화,보호구,가슴장화,10,개,SK넥실리스㈜ 정읍공장 (전북도청 관리),환경청·센터 장비함,전라권역,전북특별자치도,정읍시,전북특별자치도 정읍시 북면 3산단2길 2,,04 환경청·센터 방제장비함
보호장갑·장화,보호구,내화학장갑,10,개,SK넥실리스㈜ 정읍공장 (전북도청 관리),환경청·센터 장비함,전라권역,전북특별자치도,정읍시,전북특별자치도 정읍시 북면 3산단2길 2,,04 환경청·센터 방제장비함
보호장갑·장화,보호구,내산장화,2,개,SK넥실리스㈜ 정읍공장 (전북도청 관리),환경청·센터 장비함,전라권역,전북특별자치도,정읍시,전북특별자치도 정읍시 북면 3산단2길 2,,04 환경청·센터 방제장비함
보호장갑·장화,보호구,장갑,20,,군산시 기후환경과,지자체,전라권역,전북특별자치도,군산시,전북 군산시 시청로 17,063-454-3403,01 지자체 보유 방재장비
보호장갑·장화,보호구,장화,20,,군산시 기후환경과,지자체,전라권역,전북특별자치도,군산시,전북 군산시 시청로 17,063-454-3403,01 지자체 보유 방재장비
보호장갑·장화,보호구,장갑,20,,군산시 기후환경과,지자체,전라권역,전북특별자치도,군산시,전북특별자치도 군산시 시청로 17,063-454-3403,02 지자체 보유 방재장비(청·센터별)
보호장갑·장화,보호구,장화,20,,군산시 기후환경과,지자체,전라권역,전북특별자치도,군산시,전북특별자치도 군산시 시청로 17,063-454-3403,02 지자체 보유 방재장비(청·센터별)
보호장갑·장화,보호구,장갑,40,,남원시 환경과,지자체,전라권역,전북특별자치도,남원시,전북 남원시 시청로 60,063-620-6913,01 지자체 보유 방재장비
보호장갑·장화,보호구,장화,13,,남원시 환경과,지자체,전라권역,전북특별자치도,남원시,전북 남원시 시청로 60,063-620-6913,01 지자체 보유 방재장비
보호장갑·장화,보호구,가슴장화,5,개,도레이첨단소재㈜ 군산공장 (전북도청 관리),환경청·센터 장비함,전라권역,전북특별자치도,군산시,전북특별자치도 군산시 새만금북로 90,,04 환경청·센터 방제장비함
보호장갑·장화,보호구,내화학장갑,10,개,도레이첨단소재㈜ 군산공장 (전북도청 관리),환경청·센터 장비함,전라권역,전북특별자치도,군산시,전북특별자치도 군산시 새만금북로 90,,04 환경청·센터 방제장비함
보호장갑·장화,보호구,내산장화,4,개,도레이첨단소재㈜ 군산공장 (전북도청 관리),환경청·센터 장비함,전라권역,전북특별자치도,군산시,전북특별자치도 군산시 새만금북로 90,,04 환경청·센터 방제장비함
보호장갑·장화,보호구,내화학장화,5,개,도레이첨단소재㈜ 군산공장 주차장 (전북청 관리),환경청·센터 장비함,전라권역,전북특별자치도,군산시,전북특별자치도 군산시 새만금북로 90,,04 환경청·센터 방제장비함
보호장갑·장화,보호구,내화학장갑,5,개,도레이첨단소재㈜ 군산공장 주차장 (전북청 관리),환경청·센터 장비함,전라권역,전북특별자치도,군산시,전북특별자치도 군산시 새만금북로 90,,04 환경청·센터 방제장비함
보호장갑·장화,보호구,내화학장화,14,EA,동전주영업소 (전북청 관리),환경청·센터 장비함,전라권역,전북특별자치도,전주시,전북특별자치도 전주시 덕진구 수곡길 33-50,,04 환경청·센터 방제장비함
보호장갑·장화,보호구,내화학장갑,14,EA,동전주영업소 (전북청 관리),환경청·센터 장비함,전라권역,전북특별자치도,전주시,전북특별자치도 전주시 덕진구 수곡길 33-50,,04 환경청·센터 방제장비함
보호장갑·장화,보호구,장갑,20,,무주군 환경과,지자체,전라권역,전북특별자치도,무주군,전북 무주군 무주읍 주계로 97,063-320-2388,01 지자체 보유 방재장비
보호장갑·장화,보호구,장화,4,,무주군 환경과,지자체,전라권역,전북특별자치도,무주군,전북 무주군 무주읍 주계로 97,063-320-2388,01 지자체 보유 방재장비
보호장갑·장화,보호구,장갑,60,,부안군 환경과,지자체,전라권역,전북특별자치도,부안군,전북 부안군 부안읍 당산로 91,063-580-4382,01 지자체 보유 방재장비
보호장갑·장화,보호구,장화,52,,부안군 환경과,지자체,전라권역,전북특별자치도,부안군,전북 부안군 부안읍 당산로 91,063-580-4382,01 지자체 보유 방재장비
보호장갑·장화,보호구,내화학장화,14,EA,북남원영업소 (전북청 관리),환경청·센터 장비함,전라권역,전북특별자치도,남원시,전북특별자치도 남원시 대산면 순천완주고속도로 64,,04 환경청·센터 방제장비함
보호장갑·장화,보호구,내화학장갑,14,EA,북남원영업소 (전북청 관리),환경청·센터 장비함,전라권역,전북특별자치도,남원시,전북특별자치도 남원시 대산면 순천완주고속도로 64,,04 환경청·센터 방제장비함
보호장갑·장화,보호구,내화학장화,5,개,삼양화인테크놀로지㈜(군산2국가산단) (군산시 관리),환경청·센터 장비함,전라권역,전북특별자치도,군산시,전북특별자치도 군산시 자유무역 1길 63,,04 환경청·센터 방제장비함
보호장갑·장화,보호구,내화학장갑,5,개,삼양화인테크놀로지㈜(군산2국가산단) (군산시 관리),환경청·센터 장비함,전라권역,전북특별자치도,군산시,전북특별자치도 군산시 자유무역 1길 63,,04 환경청·센터 방제장비함
보호장갑·장화,보호구,가슴장화,10,개,신제타코리아㈜ (전북도청 관리),환경청·센터 장비함,전라권역,전북특별자치도,익산시,전북특별자치도 익산시 석암로 11길 87,,04 환경청·센터 방제장비함
보호장갑·장화,보호구,내화학장갑,10,개,신제타코리아㈜ (전북도청 관리),환경청·센터 장비함,전라권역,전북특별자치도,익산시,전북특별자치도 익산시 석암로 11길 87,,04 환경청·센터 방제장비함
보호장갑·장화,보호구,내산장화,2,개,신제타코리아㈜ (전북도청 관리),환경청·센터 장비함,전라권역,전북특별자치도,익산시,전북특별자치도 익산시 석암로 11길 87,,04 환경청·센터 방제장비함
보호장갑·장화,보호구,내화학장화,5,개,어린이교통공원(군산1국가산단) (군산시 관리),환경청·센터 장비함,전라권역,전북특별자치도,군산시,전북특별자치도 군산시 동장산로 135,,04 환경청·센터 방제장비함
보호장갑·장화,보호구,내화학장갑,5,개,어린이교통공원(군산1국가산단) (군산시 관리),환경청·센터 장비함,전라권역,전북특별자치도,군산시,전북특별자치도 군산시 동장산로 135,,04 환경청·센터 방제장비함
보호장갑·장화,보호구,내화학장화,14,EA,오수휴게소 완주방향(상) (전북청 관리),환경청·센터 장비함,전라권역,전북특별자치도,임실군,전북특별자치도 임실군 오수면 순천완주고속도로 74,,04 환경청·센터 방제장비함
보호장갑·장화,보호구,내화학장갑,14,EA,오수휴게소 완주방향(상) (전북청 관리),환경청·센터 장비함,전라권역,전북특별자치도,임실군,전북특별자치도 임실군 오수면 순천완주고속도로 74,,04 환경청·센터 방제장비함
보호장갑·장화,보호구,내화학장화,5,개,이피캠텍㈜ 2공장(새만금산단) (군산시 관리),환경청·센터 장비함,전라권역,전북특별자치도,군산시,전북특별자치도 군산시 새만금산단 2로 358,,04 환경청·센터 방제장비함
보호장갑·장화,보호구,내화학장갑,5,개,이피캠텍㈜ 2공장(새만금산단) (군산시 관리),환경청·센터 장비함,전라권역,전북특별자치도,군산시,전북특별자치도 군산시 새만금산단 2로 358,,04 환경청·센터 방제장비함
보호장갑·장화,보호구,장갑,20,,익산시 환경관리과,지자체,전라권역,전북특별자치도,익산시,전북 익산시 인북로32길 1,063-859-5437,01 지자체 보유 방재장비
보호장갑·장화,보호구,장화,20,,익산시 환경관리과,지자체,전라권역,전북특별자치도,익산시,전북 익산시 인북로32길 1,063-859-5437,01 지자체 보유 방재장비
보호장갑·장화,보호구,장갑,20,,익산시 환경관리과,지자체,전라권역,전북특별자치도,익산시,전북특별자치도 익산시 인북로32길 1,063-859-5437,02 지자체 보유 방재장비(청·센터별)
보호장갑·장화,보호구,장화,20,,익산시 환경관리과,지자체,전라권역,전북특별자치도,익산시,전북특별자치도 익산시 인북로32길 1,063-859-5437,02 지자체 보유 방재장비(청·센터별)
보호장갑·장화,보호구,장갑,4,,임실군 환경보호과,지자체,전라권역,전북특별자치도,임실군,전북 임실군 임실읍 수정로 30,063-640-2963,01 지자체 보유 방재장비
보호장갑·장화,보호구,장화,4,,임실군 환경보호과,지자체,전라권역,전북특별자치도,임실군,전북 임실군 임실읍 수정로 30,063-640-2963,01 지자체 보유 방재장비
보호장갑·장화,보호구,장갑,12,,장수군 환경과,지자체,전라권역,전북특별자치도,장수군,전북자치도 장수군 장수읍 호비로 10,063-350-2531,01 지자체 보유 방재장비
보호장갑·장화,보호구,장갑,22,,전주시 환경위생과,지자체,전라권역,전북특별자치도,전주시,전라북도 전주시 노송광장로 10,063-281-2531,01 지자체 보유 방재장비
보호장갑·장화,보호구,장화,39,,전주시 환경위생과,지자체,전라권역,전북특별자치도,전주시,전라북도 전주시 노송광장로 10,063-281-2531,01 지자체 보유 방재장비
보호장갑·장화,보호구,장갑,24,,정읍시 환경정책과,지자체,전라권역,전북특별자치도,정읍시,전북 정읍시 충정로 234,063-539-5713,01 지자체 보유 방재장비
보호장갑·장화,보호구,장화,15,,정읍시 환경정책과,지자체,전라권역,전북특별자치도,정읍시,전북 정읍시 충정로 234,063-539-5713,01 지자체 보유 방재장비
보호장갑·장화,보호구,내화학장화,14,EA,진안 마이산휴게소 익산방향 (전북청 관리),환경청·센터 장비함,전라권역,전북특별자치도,진안군,전북특별자치도 진안군 진안읍 익산장수고속도로 41,,04 환경청·센터 방제장비함
보호장갑·장화,보호구,내화학장갑,14,EA,진안 마이산휴게소 익산방향 (전북청 관리),환경청·센터 장비함,전라권역,전북특별자치도,진안군,전북특별자치도 진안군 진안읍 익산장수고속도로 41,,04 환경청·센터 방제장비함
보호장갑·장화,보호구,내화학장화,14,EA,진안 마이산휴게소 장수방향 (전북청 관리),환경청·센터 장비함,전라권역,전북특별자치도,진안군,전북특별자치도 진안군 진안읍 익산장수고속도로 42,,04 환경청·센터 방제장비함
보호장갑·장화,보호구,내화학장갑,14,EA,진안 마이산휴게소 장수방향 (전북청 관리),환경청·센터 장비함,전라권역,전북특별자치도,진안군,전북특별자치도 진안군 진안읍 익산장수고속도로 42,,04 환경청·센터 방제장비함
보호장갑·장화,보호구,장갑,3,,진안군 안전재난과,지자체,전라권역,전북특별자치도,진안군,전북 진안군 진안읍 중앙로 67,063-430-2445,01 지자체 보유 방재장비
보호장갑·장화,보호구,내화학장화,14,EA,춘향휴게소 순천방향(하) (전북청 관리),환경청·센터 장비함,전라권역,전북특별자치도,남원시,전북특별자치도 남원시 수지면 순천완주고속도로 50,,04 환경청·센터 방제장비함
보호장갑·장화,보호구,내화학장갑,14,EA,춘향휴게소 순천방향(하) (전북청 관리),환경청·센터 장비함,전라권역,전북특별자치도,남원시,전북특별자치도 남원시 수지면 순천완주고속도로 50,,04 환경청·센터 방제장비함
보호장갑·장화,보호구,내화학장화,14,EA,한국도로공사 남원지사 (전북청 관리),환경청·센터 장비함,전라권역,전북특별자치도,남원시,전북특별자치도 남원시 충정로 265-19,,04 환경청·센터 방제장비함
보호장갑·장화,보호구,내화학장갑,14,EA,한국도로공사 남원지사 (전북청 관리),환경청·센터 장비함,전라권역,전북특별자치도,남원시,전북특별자치도 남원시 충정로 265-19,,04 환경청·센터 방제장비함
보호장갑·장화,보호구,가슴장화,10,개,현대자동차㈜ (전북도청 관리),환경청·센터 장비함,전라권역,전북특별자치도,완주군,전북특별자치도 완주군 봉동읍 완주산단5로 176,,04 환경청·센터 방제장비함
보호장갑·장화,보호구,내화학장갑,10,개,현대자동차㈜ (전북도청 관리),환경청·센터 장비함,전라권역,전북특별자치도,완주군,전북특별자치도 완주군 봉동읍 완주산단5로 177,,04 환경청·센터 방제장비함
보호장갑·장화,보호구,내산장화,2,개,현대자동차㈜ (전북도청 관리),환경청·센터 장비함,전라권역,전북특별자치도,완주군,전북특별자치도 완주군 봉동읍 완주산단5로 178,,04 환경청·센터 방제장비함
보호장갑·장화,보호구,장갑,179,,- 동물위생시험소,지자체,전라권역,제주특별자치도,-,제주시 조천읍 번영로 941,064-710-8572,01 지자체 보유 방재장비
보호장갑·장화,보호구,장화,13,,- 동물위생시험소,지자체,전라권역,제주특별자치도,-,제주시 조천읍 번영로 941,064-710-8572,01 지자체 보유 방재장비
보호장갑·장화,보호구,장갑,2000,,- 사회재난과,지자체,전라권역,제주특별자치도,-,제주시 조천읍 함와로 296,064-710-3633,01 지자체 보유 방재장비
보호장갑·장화,보호구,장갑,20,,서귀포시 생활환경과,지자체,전라권역,제주특별자치도,서귀포시,"제주 서귀포시 산록남로1241번길 145(색달동, 서귀포쓰레기위생매립장)",064-760-3853,01 지자체 보유 방재장비
보호장갑·장화,보호구,장화,2,,서귀포시 생활환경과,지자체,전라권역,제주특별자치도,서귀포시,"제주 서귀포시 산록남로1241번길 145(색달동, 서귀포쓰레기위생매립장)",064-760-3853,01 지자체 보유 방재장비
보호장갑·장화,보호구,장화,30,,서귀포시 예래동,지자체,전라권역,제주특별자치도,서귀포시,제주 서귀포시 예래로 67 (상예동),064-760-4855,01 지자체 보유 방재장비
보호장갑·장화,보호구,장갑,6,,제주시 119재난대응과,지자체,전라권역,제주특별자치도,제주시,제주 제주시 중앙로 342,064-729-0174,01 지자체 보유 방재장비
보호장갑·장화,보호구,장화,6,,제주시 119재난대응과,지자체,전라권역,제주특별자치도,제주시,제주 제주시 중앙로 342,064-729-0174,01 지자체 보유 방재장비
보호장갑·장화,보호구,장갑,11,,제주시 119특수대응단,지자체,전라권역,제주특별자치도,제주시,산천단동길 24,064-710-3506,01 지자체 보유 방재장비
보호장갑·장화,보호구,장화,12,,제주시 119특수대응단,지자체,전라권역,제주특별자치도,제주시,산천단동길 24,064-710-3506,01 지자체 보유 방재장비
보호장갑·장화,보호구,장화,20,,제주시 건입동,지자체,전라권역,제주특별자치도,제주시,제주시 만덕로 18(건입동),064-728-4669,01 지자체 보유 방재장비
보호장갑·장화,보호구,Level C 보호장화,14,개,한국환경공단 수질오염방제센터 금강센터,국가기관 비축,충청권역,,,,,09 한국환경공단 수질오염방제센터
보호장갑·장화,보호구,Level C 보호장갑,40,개,한국환경공단 수질오염방제센터 금강센터,국가기관 비축,충청권역,,,,,09 한국환경공단 수질오염방제센터
보호장갑·장화,보호구,장갑,100,,- 시민안전실 사회재난과,지자체,충청권역,대전광역시,-,대전광역시 서구 둔산로 100,042-270-4982,01 지자체 보유 방재장비
보호장갑·장화,보호구,장화,20,,- 시민안전실 사회재난과,지자체,충청권역,대전광역시,-,대전광역시 서구 둔산로 100,042-270-4982,01 지자체 보유 방재장비
보호장갑·장화,보호구,장화,16,,대덕구 법1동,지자체,충청권역,대전광역시,대덕구,대전광역시 대덕구 계족로663번길 36,042-608-5746,01 지자체 보유 방재장비
보호장갑·장화,보호구,장갑,100,,대덕구 중리동,지자체,충청권역,대전광역시,대덕구,대전광역시 대덕구 대덕구 중리남로47,042-608-5725,01 지자체 보유 방재장비
보호장갑·장화,보호구,장화,5,,대덕구 중리동,지자체,충청권역,대전광역시,대덕구,대전광역시 대덕구 대덕구 중리남로47,042-608-5725,01 지자체 보유 방재장비
보호장갑·장화,보호구,장갑,51,,대덕구 환경과,지자체,충청권역,대전광역시,대덕구,대전광역시 대덕구 대전로1033번길 20,042-608-6865,01 지자체 보유 방재장비
보호장갑·장화,보호구,장화,43,,대덕구 환경과,지자체,충청권역,대전광역시,대덕구,대전광역시 대덕구 대전로1033번길 20,042-608-6865,01 지자체 보유 방재장비
보호장갑·장화,보호구,장화,7,,대덕구 회덕동,지자체,충청권역,대전광역시,대덕구,대전광역시 대덕구 대전로 1376,042-608-5667,01 지자체 보유 방재장비
보호장갑·장화,보호구,장화,10,,서구 가장동,지자체,충청권역,대전광역시,서구,대전광역시 서구 도산로 282,042-288-5335,01 지자체 보유 방재장비
보호장갑·장화,보호구,장갑,50,,서구 갈마1동,지자체,충청권역,대전광역시,서구,대전광역시 서구 신갈마로 191,042-288-5396,01 지자체 보유 방재장비
보호장갑·장화,보호구,장화,6,,서구 갈마1동,지자체,충청권역,대전광역시,서구,대전광역시 서구 신갈마로 191,042-288-5396,01 지자체 보유 방재장비
보호장갑·장화,보호구,장갑,10,,서구 관저1동,지자체,충청권역,대전광역시,서구,대전광역시 서구 관저북로24,042-288-5612,01 지자체 보유 방재장비
보호장갑·장화,보호구,장화,3,,서구 관저1동,지자체,충청권역,대전광역시,서구,대전광역시 서구 관저북로24,042-288-5612,01 지자체 보유 방재장비
보호장갑·장화,보호구,장갑,30,,서구 관저2동,지자체,충청권역,대전광역시,서구,대전광역시 서구 관저중로82,042-288-5653,01 지자체 보유 방재장비
보호장갑·장화,보호구,장화,2,,서구 관저2동,지자체,충청권역,대전광역시,서구,대전광역시 서구 관저중로82,042-288-5653,01 지자체 보유 방재장비
보호장갑·장화,보호구,장화,4,,서구 괴정동,지자체,충청권역,대전광역시,서구,대전광역시 서구 가장로 57,042-288-5306,01 지자체 보유 방재장비
보호장갑·장화,보호구,장갑,28,,서구 기후환경과,지자체,충청권역,대전광역시,서구,대전광역시 서구 둔산서로 100,042-288-3513,01 지자체 보유 방재장비
보호장갑·장화,보호구,장화,28,,서구 기후환경과,지자체,충청권역,대전광역시,서구,대전광역시 서구 둔산서로 100,042-288-3513,01 지자체 보유 방재장비
보호장갑·장화,보호구,장화,4,,서구 내동,지자체,충청권역,대전광역시,서구,대전광역시 서구 도솔로 247,042-288-5365,01 지자체 보유 방재장비
보호장갑·장화,보호구,장화,20,,서구 도마1동,지자체,충청권역,대전광역시,서구,대전광역시 서구 도마3길 46,042-288-5038,01 지자체 보유 방재장비
보호장갑·장화,보호구,장화,20,,서구 도안동,지자체,충청권역,대전광역시,서구,대전광역시 서구 원도안로242번길 33,042-288-5696,01 지자체 보유 방재장비
보호장갑·장화,보호구,장갑,10,,서구 둔산2동,지자체,충청권역,대전광역시,서구,대전광역시 서구 둔산서로 80,042-288-5248,01 지자체 보유 방재장비
보호장갑·장화,보호구,장화,3,,서구 둔산2동,지자체,충청권역,대전광역시,서구,대전광역시 서구 둔산서로 80,042-288-5248,01 지자체 보유 방재장비
보호장갑·장화,보호구,장화,3,,서구 월평3동,지자체,충청권역,대전광역시,서구,대전광역시 서구 청사로 27-9,042-288-5521,01 지자체 보유 방재장비
보호장갑·장화,보호구,장갑,146,,서구 자원순환과,지자체,충청권역,대전광역시,서구,대전광역시 서구 둔산서로 100,042-288-3582,01 지자체 보유 방재장비
보호장갑·장화,보호구,장화,146,,서구 자원순환과,지자체,충청권역,대전광역시,서구,대전광역시 서구 둔산서로 100,042-288-3582,01 지자체 보유 방재장비
보호장갑·장화,보호구,장갑,100,,서구 정림동,지자체,충청권역,대전광역시,서구,대전광역시 서구 정림동로 10,042-288-5096,01 지자체 보유 방재장비
보호장갑·장화,보호구,장갑,500,,서구 지역경제과,지자체,충청권역,대전광역시,서구,대전광역시 서구 둔산서로 100,042-288-2482,01 지자체 보유 방재장비
보호장갑·장화,보호구,장화,200,,서구 지역경제과,지자체,충청권역,대전광역시,서구,대전광역시 서구 둔산서로 100,042-288-2482,01 지자체 보유 방재장비
보호장갑·장화,보호구,장갑,17,,유성구 푸른환경과,지자체,충청권역,대전광역시,유성구,대전광역시 유성구 대학로 211,042-611-2309,01 지자체 보유 방재장비
보호장갑·장화,보호구,장화,15,,유성구 푸른환경과,지자체,충청권역,대전광역시,유성구,대전광역시 유성구 대학로 211,042-611-2309,01 지자체 보유 방재장비
보호장갑·장화,보호구,장갑,4,,세종특별자치시 환경정책과,지자체,충청권역,세종특별자치시,,"세종특별자치시 호려울로 19, 스마트허브Ⅲ (보람동)",044-300-4242,01 지자체 보유 방재장비
보호장갑·장화,보호구,장화,3,,세종특별자치시 환경정책과,지자체,충청권역,세종특별자치시,,"세종특별자치시 호려울로 19, 스마트허브Ⅲ (보람동)",044-300-4242,01 지자체 보유 방재장비
보호장갑·장화,보호구,장화,19,,계룡시 환경위생과,지자체,충청권역,충청남도,계룡시,충청남도 계룡시 장안로 46,042-840-2472,01 지자체 보유 방재장비
보호장갑·장화,보호구,장갑,20,,공주시 환경보호과,지자체,충청권역,충청남도,공주시,충청남도 공주시 봉황로 1,041-840-8549,01 지자체 보유 방재장비
보호장갑·장화,보호구,장화,5,,공주시 환경보호과,지자체,충청권역,충청남도,공주시,충청남도 공주시 봉황로 1,041-840-8549,01 지자체 보유 방재장비
보호장갑·장화,보호구,장갑,4,,금산군 환경위생과,지자체,충청권역,충청남도,금산군,충청남도 금산군 금산읍 군청길 13,041-750-2512,01 지자체 보유 방재장비
보호장갑·장화,보호구,장화,4,,금산군 환경위생과,지자체,충청권역,충청남도,금산군,충청남도 금산군 금산읍 군청길 13,041-750-2512,01 지자체 보유 방재장비
보호장갑·장화,보호구,내화학 장갑,5,ea,남공주영업소 (금강청 관리),환경청·센터 장비함,충청권역,충청남도,공주시,충남 공주시 논산천안고속도로 40,,04 환경청·센터 방제장비함
보호장갑·장화,보호구,내화학 장화,5,ea,남공주영업소 (금강청 관리),환경청·센터 장비함,충청권역,충청남도,공주시,충남 공주시 논산천안고속도로 40,,04 환경청·센터 방제장비함
보호장갑·장화,보호구,장갑,6,,논산시 환경과,지자체,충청권역,충청남도,논산시,충청남도 논산시 시민로210번길 9,041-746-5523,01 지자체 보유 방재장비
보호장갑·장화,보호구,장화,6,,논산시 환경과,지자체,충청권역,충청남도,논산시,충청남도 논산시 시민로210번길 9,041-746-5523,01 지자체 보유 방재장비
보호장갑·장화,보호구,장화,10,,당진시 환경관리사업소,지자체,충청권역,충청남도,당진시,충청남도 당진시 시청1로 1,041-360-6761,01 지자체 보유 방재장비
보호장갑·장화,보호구,장화,10,,당진시 환경관리사업소,지자체,충청권역,충청남도,당진시,충청남도 당진시 시청1로 1,041-360-6761,02 지자체 보유 방재장비(청·센터별)
보호장갑·장화,보호구,내화학 장갑,10,ea,당진영업소 (금강청 관리),환경청·센터 장비함,충청권역,충청남도,당진시,충남 당진시 송압읍 반촌로 224,,04 환경청·센터 방제장비함
보호장갑·장화,보호구,내화학 장화,10,ea,당진영업소 (금강청 관리),환경청·센터 장비함,충청권역,충청남도,당진시,충남 당진시 송압읍 반촌로 224,,04 환경청·센터 방제장비함
보호장갑·장화,보호구,Level C 보호장갑(유기화합물용),5,ea,부여 은산산단 (금강청 관리),환경청·센터 장비함,충청권역,충청남도,서천군,충남 서천군 장항읍 옥남리 1077,,04 환경청·센터 방제장비함
보호장갑·장화,보호구,Level C 보호장화(내산),5,ea,부여 은산산단 (금강청 관리),환경청·센터 장비함,충청권역,충청남도,서천군,충남 서천군 장항읍 옥남리 1077,,04 환경청·센터 방제장비함
보호장갑·장화,보호구,장갑,10,,부여군 환경과,지자체,충청권역,충청남도,부여군,충청남도 부여군 부여읍 사비로 33,041-830-2299,01 지자체 보유 방재장비
보호장갑·장화,보호구,장화,5,,부여군 환경과,지자체,충청권역,충청남도,부여군,충청남도 부여군 부여읍 사비로 33,041-830-2299,01 지자체 보유 방재장비
보호장갑·장화,보호구,Level C 보호장갑(유기화합물용),5,ea,북천안영업소 (금강청 관리),환경청·센터 장비함,충청권역,충청남도,천안시,충남 천안시 서북구 성거읍 도토성길 146,,04 환경청·센터 방제장비함
보호장갑·장화,보호구,Level C 보호장화(내산),5,ea,북천안영업소 (금강청 관리),환경청·센터 장비함,충청권역,충청남도,천안시,충남 천안시 서북구 성거읍 도토성길 146,,04 환경청·센터 방제장비함
보호장갑·장화,보호구,장갑,15,,서산시 기후환경대기과,지자체,충청권역,충청남도,서산시,충청남도 서산시 고운로 177,041-661-8278,01 지자체 보유 방재장비
보호장갑·장화,보호구,장화,10,,서산시 기후환경대기과,지자체,충청권역,충청남도,서산시,충청남도 서산시 고운로 177,041-661-8278,01 지자체 보유 방재장비
보호장갑·장화,보호구,장갑,15,,서산시 기후환경대기과,지자체,충청권역,충청남도,서산시,충청남도 서산시 고운로 177,041-661-8278,02 지자체 보유 방재장비(청·센터별)
보호장갑·장화,보호구,장화,10,,서산시 기후환경대기과,지자체,충청권역,충청남도,서산시,충청남도 서산시 고운로 177,041-661-8278,02 지자체 보유 방재장비(청·센터별)
보호장갑·장화,보호구,Level C 보호장갑(유기화합물용),5,ea,서천 장항산단 (금강청 관리),환경청·센터 장비함,충청권역,충청남도,서천군,충남 서천군 장항읍 옥남리 1077,,04 환경청·센터 방제장비함
보호장갑·장화,보호구,Level C 보호장화(내산),5,ea,서천 장항산단 (금강청 관리),환경청·센터 장비함,충청권역,충청남도,서천군,충남 서천군 장항읍 옥남리 1077,,04 환경청·센터 방제장비함
보호장갑·장화,보호구,장갑,10,,서천군 환경보호과,지자체,충청권역,충청남도,서천군,충청남도 서천군 서천읍 서림로 19,041-950-4332,01 지자체 보유 방재장비
보호장갑·장화,보호구,장화,10,,서천군 환경보호과,지자체,충청권역,충청남도,서천군,충청남도 서천군 서천읍 서림로 19,041-950-4332,01 지자체 보유 방재장비
보호장갑·장화,보호구,장갑,10,,서천군 환경보호과,지자체,충청권역,충청남도,서천군,충청남도 서천군 서천읍 서림로 19,041-950-4332,02 지자체 보유 방재장비(청·센터별)
보호장갑·장화,보호구,장화,10,,서천군 환경보호과,지자체,충청권역,충청남도,서천군,충청남도 서천군 서천읍 서림로 19,041-950-4332,02 지자체 보유 방재장비(청·센터별)
보호장갑·장화,보호구,장갑,16,,아산시 환경보전과,지자체,충청권역,충청남도,아산시,충청남도 아산시 시민로 456,041-540-2440,01 지자체 보유 방재장비
보호장갑·장화,보호구,장화,8,,아산시 환경보전과,지자체,충청권역,충청남도,아산시,충청남도 아산시 시민로 456,041-540-2440,01 지자체 보유 방재장비
보호장갑·장화,보호구,장갑,16,,아산시 환경보전과,지자체,충청권역,충청남도,아산시,충청남도 아산시 시민로 456,041-540-2440,02 지자체 보유 방재장비(청·센터별)
보호장갑·장화,보호구,장화,8,,아산시 환경보전과,지자체,충청권역,충청남도,아산시,충청남도 아산시 시민로 456,041-540-2440,02 지자체 보유 방재장비(청·센터별)
보호장갑·장화,보호구,장화,3,,예산군 환경과,지자체,충청권역,충청남도,예산군,충청남도 예산군 예산군 군청로 22,041-339-7512,01 지자체 보유 방재장비
보호장갑·장화,보호구,장화,3,,예산군 환경과,지자체,충청권역,충청남도,예산군,충청남도 예산군 예산군 군청로 22,041-339-7512,02 지자체 보유 방재장비(청·센터별)
보호장갑·장화,보호구,Level C 보호장갑(유기화합물용),5,ea,천안 제5산단 (금강청 관리),환경청·센터 장비함,충청권역,충청남도,천안시,충남 천안시 동남구 성남면 대화리 377,,04 환경청·센터 방제장비함
보호장갑·장화,보호구,Level C 보호장화(내산),5,ea,천안 제5산단 (금강청 관리),환경청·센터 장비함,충청권역,충청남도,천안시,충남 천안시 동남구 성남면 대화리 377,,04 환경청·센터 방제장비함
보호장갑·장화,보호구,장갑,20,,천안시 환경정책과,지자체,충청권역,충청남도,천안시,천안시 서북구 번영로 156,041-521-5437,01 지자체 보유 방재장비
보호장갑·장화,보호구,장화,18,,천안시 환경정책과,지자체,충청권역,충청남도,천안시,천안시 서북구 번영로 156,041-521-5437,01 지자체 보유 방재장비
보호장갑·장화,보호구,장갑,5,,청양군 환경정책과,지자체,충청권역,충청남도,청양군,충청남도 청양군 청양읍 문화예술로 222,041-940-4825,01 지자체 보유 방재장비
보호장갑·장화,보호구,장화,5,,청양군 환경정책과,지자체,충청권역,충청남도,청양군,충청남도 청양군 청양읍 문화예술로 222,041-940-4825,01 지자체 보유 방재장비
보호장갑·장화,보호구,장갑,5,,청양군 환경정책과,지자체,충청권역,충청남도,청양군,충청남도 청양군 청양읍 문화예술로 222,041-940-4825,02 지자체 보유 방재장비(청·센터별)
보호장갑·장화,보호구,장화,5,,청양군 환경정책과,지자체,충청권역,충청남도,청양군,충청남도 청양군 청양읍 문화예술로 222,041-940-4825,02 지자체 보유 방재장비(청·센터별)
보호장갑·장화,보호구,장갑,14,,충청남도 119특수대응단,지자체,충청권역,충청남도,아산시,충청남도 아산시 염치읍 은행나무길223,041-590-6433,01 지자체 보유 방재장비
보호장갑·장화,보호구,장화,5,,충청남도 119특수대응단,지자체,충청권역,충청남도,아산시,충청남도 아산시 염치읍 은행나무길223,041-590-6433,01 지자체 보유 방재장비
보호장갑·장화,보호구,장갑,6,,충청남도 계룡소방서,지자체,충청권역,충청남도,계룡시,충청남도 계룡시 문화로 32,042-540-0311,01 지자체 보유 방재장비
보호장갑·장화,보호구,장화,9,,충청남도 계룡소방서,지자체,충청권역,충청남도,계룡시,충청남도 계룡시 문화로 32,042-540-0311,01 지자체 보유 방재장비
보호장갑·장화,보호구,장갑,19,,충청남도 금산소방서,지자체,충청권역,충청남도,금산군,충청남도 금산군 삼풍로 2,041-750-1312,01 지자체 보유 방재장비
보호장갑·장화,보호구,장화,10,,충청남도 금산소방서,지자체,충청권역,충청남도,금산군,충청남도 금산군 삼풍로 2,041-750-1312,01 지자체 보유 방재장비
보호장갑·장화,보호구,장갑,2,,충청남도 논산소방서,지자체,충청권역,충청남도,논산시,충청남도 논산시 대학로 17,041-730-0313,01 지자체 보유 방재장비
보호장갑·장화,보호구,장화,2,,충청남도 논산소방서,지자체,충청권역,충청남도,논산시,충청남도 논산시 대학로 17,041-730-0313,01 지자체 보유 방재장비
보호장갑·장화,보호구,장갑,12,,충청남도 당진소방서,지자체,충청권역,충청남도,당진시,충청남도 당진시 역천로 838,041-350-5313,01 지자체 보유 방재장비
보호장갑·장화,보호구,장화,5,,충청남도 당진소방서,지자체,충청권역,충청남도,당진시,충청남도 당진시 역천로 838,041-350-5313,01 지자체 보유 방재장비
보호장갑·장화,보호구,장갑,57,,충청남도 보령소방서,지자체,충청권역,충청남도,보령시,충청남도 보령시 성주산로 63,041-930-0311,01 지자체 보유 방재장비
보호장갑·장화,보호구,장화,3,,충청남도 보령소방서,지자체,충청권역,충청남도,보령시,충청남도 보령시 성주산로 63,041-930-0311,01 지자체 보유 방재장비
보호장갑·장화,보호구,장갑,4,,충청남도 부여소방서,지자체,충청권역,충청남도,부여군,충청남도 부여군 규암면 계백로 17,041-830-0311,01 지자체 보유 방재장비
보호장갑·장화,보호구,장화,4,,충청남도 부여소방서,지자체,충청권역,충청남도,부여군,충청남도 부여군 규암면 계백로 17,041-830-0311,01 지자체 보유 방재장비
보호장갑·장화,보호구,장갑,14130,,충청남도 사회재난과,지자체,충청권역,충청남도,홍성군,충청남도 홍성군 홍북읍 충남대로 21,041-635-2373,01 지자체 보유 방재장비
보호장갑·장화,보호구,장갑,25,,충청남도 서산소방서,지자체,충청권역,충청남도,서산시,충청남도 서산시 호수공원14로 26-4,041-689-0311,01 지자체 보유 방재장비
보호장갑·장화,보호구,장화,25,,충청남도 서산소방서,지자체,충청권역,충청남도,서산시,충청남도 서산시 호수공원14로 26-4,041-689-0311,01 지자체 보유 방재장비
보호장갑·장화,보호구,장갑,11,,충청남도 서천소방서,지자체,충청권역,충청남도,서천군,충청남도 서천군 장항읍 장항로 37,041-955-0313,01 지자체 보유 방재장비
보호장갑·장화,보호구,장화,19,,충청남도 서천소방서,지자체,충청권역,충청남도,서천군,충청남도 서천군 장항읍 장항로 37,041-955-0313,01 지자체 보유 방재장비
보호장갑·장화,보호구,장갑,59,,충청남도 아산소방서,지자체,충청권역,충청남도,아산시,충청남도 아산시 모종로 77,041-538-0311,01 지자체 보유 방재장비
보호장갑·장화,보호구,장화,4,,충청남도 아산소방서,지자체,충청권역,충청남도,아산시,충청남도 아산시 모종로 77,041-538-0311,01 지자체 보유 방재장비
보호장갑·장화,보호구,장갑,88,,충청남도 예산소방서,지자체,충청권역,충청남도,예산군,충청남도 예산군 오가면 오가중앙로111,041-330-4312,01 지자체 보유 방재장비
보호장갑·장화,보호구,장화,7,,충청남도 예산소방서,지자체,충청권역,충청남도,예산군,충청남도 예산군 오가면 오가중앙로111,041-330-4312,01 지자체 보유 방재장비
보호장갑·장화,보호구,장갑,14,,충청남도 천안동남소방서,지자체,충청권역,충청남도,천안시,충청남도 천안시 동남구 천안대로 580,041-570-0313,01 지자체 보유 방재장비
보호장갑·장화,보호구,장화,7,,충청남도 천안동남소방서,지자체,충청권역,충청남도,천안시,충청남도 천안시 동남구 천안대로 580,041-570-0313,01 지자체 보유 방재장비
보호장갑·장화,보호구,장갑,18,,충청남도 천안서북소방서,지자체,충청권역,충청남도,천안시,충청남도 천안시 서북구 4산단2길 32,041-360-0313,01 지자체 보유 방재장비
보호장갑·장화,보호구,장화,2,,충청남도 천안서북소방서,지자체,충청권역,충청남도,천안시,충청남도 천안시 서북구 4산단2길 32,041-360-0313,01 지자체 보유 방재장비
보호장갑·장화,보호구,장갑,25,,충청남도 청양소방서,지자체,충청권역,충청남도,청양군,충청남도 청양군 청양읍 충절로 1187,041-940-7312,01 지자체 보유 방재장비
보호장갑·장화,보호구,장화,9,,충청남도 청양소방서,지자체,충청권역,충청남도,청양군,충청남도 청양군 청양읍 충절로 1187,041-940-7312,01 지자체 보유 방재장비
보호장갑·장화,보호구,장갑,28,,충청남도 태안소방서,지자체,충청권역,충청남도,태안군,충청남도 태안군 태안읍 동백로 100,041-671-0311,01 지자체 보유 방재장비
보호장갑·장화,보호구,장화,5,,충청남도 태안소방서,지자체,충청권역,충청남도,태안군,충청남도 태안군 태안읍 동백로 100,041-671-0311,01 지자체 보유 방재장비
보호장갑·장화,보호구,장갑,51,,충청남도 홍성소방서,지자체,충청권역,충청남도,홍성군,충청남도 홍성군 홍성읍 충절로 741,041-630-0312,01 지자체 보유 방재장비
보호장갑·장화,보호구,장화,4,,충청남도 홍성소방서,지자체,충청권역,충청남도,홍성군,충청남도 홍성군 홍성읍 충절로 741,041-630-0312,01 지자체 보유 방재장비
보호장갑·장화,보호구,장갑,40,,충청남도 환경관리과,지자체,충청권역,충청남도,홍성군,충청남도 홍성군 홍북읍 충남대로 22,041-635-6909,01 지자체 보유 방재장비
보호장갑·장화,보호구,장갑,31,,홍성군 환경과,지자체,충청권역,충청남도,홍성군,충청남도 홍성군 홍성읍 아문길 27,041-630-1767,01 지자체 보유 방재장비
보호장갑·장화,보호구,장화,31,,홍성군 환경과,지자체,충청권역,충청남도,홍성군,충청남도 홍성군 홍성읍 아문길 27,041-630-1767,01 지자체 보유 방재장비
보호장갑·장화,보호구,장갑,31,,홍성군 환경과,지자체,충청권역,충청남도,홍성군,충청남도 홍성군 홍성읍 아문길 27,041-630-1767,02 지자체 보유 방재장비(청·센터별)
보호장갑·장화,보호구,장화,31,,홍성군 환경과,지자체,충청권역,충청남도,홍성군,충청남도 홍성군 홍성읍 아문길 27,041-630-1767,02 지자체 보유 방재장비(청·센터별)
보호장갑·장화,보호구,장갑,20,,괴산군 환경과,지자체,충청권역,충청북도,괴산군,충북 괴산군 괴산읍 임꺽정로90,043-830-3623,01 지자체 보유 방재장비
보호장갑·장화,보호구,장화,10,,괴산군 환경과,지자체,충청권역,충청북도,괴산군,충북 괴산군 괴산읍 임꺽정로90,043-830-3623,01 지자체 보유 방재장비
보호장갑·장화,보호구,장갑,20,,괴산군 환경과,지자체,충청권역,충청북도,괴산군,충청북도 괴산군 괴산읍 임꺽정로90,043-830-3623,02 지자체 보유 방재장비(청·센터별)
보호장갑·장화,보호구,장화,10,,괴산군 환경과,지자체,충청권역,충청북도,괴산군,충청북도 괴산군 괴산읍 임꺽정로90,043-830-3623,02 지자체 보유 방재장비(청·센터별)
보호장갑·장화,보호구,장갑,20,,단양군 환경과,지자체,충청권역,충청북도,단양군,충북 단양군 단양읍 중앙1로 10,043-420-2664,01 지자체 보유 방재장비
보호장갑·장화,보호구,장화,5,,단양군 환경과,지자체,충청권역,충청북도,단양군,충북 단양군 단양읍 중앙1로 10,043-420-2664,01 지자체 보유 방재장비
보호장갑·장화,보호구,장갑,20,,단양군 환경과,지자체,충청권역,충청북도,단양군,충청북도 단양군 단양읍 중앙1로 10,043-420-2664,02 지자체 보유 방재장비(청·센터별)
보호장갑·장화,보호구,장화,5,,단양군 환경과,지자체,충청권역,충청북도,단양군,충청북도 단양군 단양읍 중앙1로 10,043-420-2664,02 지자체 보유 방재장비(청·센터별)
보호장갑·장화,보호구,장갑,10,,보은군 환경위생과,지자체,충청권역,충청북도,보은군,충북 보은군 보은읍 군청길 38,043-540-3532,01 지자체 보유 방재장비
보호장갑·장화,보호구,장화,4,,보은군 환경위생과,지자체,충청권역,충청북도,보은군,충북 보은군 보은읍 군청길 38,043-540-3532,01 지자체 보유 방재장비
보호장갑·장화,보호구,내화학 장갑,5,ea,서오창영업소 (금강청 관리),환경청·센터 장비함,충청권역,충청북도,청주시,충북 청주시 청원구 오창읍 두릉유리로 726-60,,04 환경청·센터 방제장비함
보호장갑·장화,보호구,내화학 장화,5,ea,서오창영업소 (금강청 관리),환경청·센터 장비함,충청권역,충청북도,청주시,충북 청주시 청원구 오창읍 두릉유리로 726-60,,04 환경청·센터 방제장비함
보호장갑·장화,보호구,장화,5,,영동군 환경과,지자체,충청권역,충청북도,영동군,충북 영동군 영동읍 동정로 1,043-740-3428,01 지자체 보유 방재장비
보호장갑·장화,보호구,장갑,1800,,음성군 보건정책과,지자체,충청권역,충청북도,음성군,충북 음성군 음성읍 중앙로 49,043-871-2222,01 지자체 보유 방재장비
보호장갑·장화,보호구,장갑,1800,,음성군 보건정책과,지자체,충청권역,충청북도,음성군,음성군 음성읍 중앙로 49,043-871-2222,02 지자체 보유 방재장비(청·센터별)
보호장갑·장화,보호구,장갑,2,,음성군 환경과,지자체,충청권역,충청북도,음성군,충북 음성군 음성읍 문화1길 15,043-871-3815,01 지자체 보유 방재장비
보호장갑·장화,보호구,장갑,2,,음성군 환경과,지자체,충청권역,충청북도,음성군,음성군 음성읍 문화1길 15,043-871-3815,02 지자체 보유 방재장비(청·센터별)
보호장갑·장화,보호구,장갑,8,,제천시 자연환경과,지자체,충청권역,충청북도,제천시,충북 제천시 내토로 295,043-641-6392,01 지자체 보유 방재장비
보호장갑·장화,보호구,장화,30,,제천시 자연환경과,지자체,충청권역,충청북도,제천시,충북 제천시 내토로 295,043-641-6392,01 지자체 보유 방재장비
보호장갑·장화,보호구,장갑,8,,제천시 자연환경과,지자체,충청권역,충청북도,제천시,충청북도 제천시 내토로 295,043-641-6392,02 지자체 보유 방재장비(청·센터별)
보호장갑·장화,보호구,장화,30,,제천시 자연환경과,지자체,충청권역,충청북도,제천시,충청북도 제천시 내토로 295,043-641-6392,02 지자체 보유 방재장비(청·센터별)
보호장갑·장화,보호구,장갑,6,,증평군 환경위생과,지자체,충청권역,충청북도,증평군,충북 증평군 증평읍 광장로 88,043-835-3623,01 지자체 보유 방재장비
보호장갑·장화,보호구,장화,4,,증평군 환경위생과,지자체,충청권역,충청북도,증평군,충북 증평군 증평읍 광장로 88,043-835-3623,01 지자체 보유 방재장비
보호장갑·장화,보호구,장갑,2,,진천군 환경과,지자체,충청권역,충청북도,진천군,충북 진천군 진천읍 상산로 13,043-539-3454,01 지자체 보유 방재장비
보호장갑·장화,보호구,장화,13,,진천군 환경과,지자체,충청권역,충청북도,진천군,충북 진천군 진천읍 상산로 13,043-539-3454,01 지자체 보유 방재장비
보호장갑·장화,보호구,내화학 장갑,5,ea,청주 ic (금강청 관리),환경청·센터 장비함,충청권역,충청북도,청주시,충북 청주시 흥덕구 비하동 492-1,,04 환경청·센터 방제장비함
보호장갑·장화,보호구,내화학 장화,5,ea,청주 ic (금강청 관리),환경청·센터 장비함,충청권역,충청북도,청주시,충북 청주시 흥덕구 비하동 492-1,,04 환경청·센터 방제장비함
보호장갑·장화,보호구,장갑,15,,청주시 재난대응과,지자체,충청권역,충청북도,청주시,충북 청주시 상당구 상당로 69번길 38,043-201-1653,01 지자체 보유 방재장비
보호장갑·장화,보호구,장화,20,,청주시 재난대응과,지자체,충청권역,충청북도,청주시,충북 청주시 상당구 상당로 69번길 38,043-201-1653,01 지자체 보유 방재장비
보호장갑·장화,보호구,장갑,36,,충주시 대기환경과,지자체,충청권역,충청북도,충주시,충북 충주시 으뜸로 21,043-850-3673,01 지자체 보유 방재장비
보호장갑·장화,보호구,장화,4,,충주시 대기환경과,지자체,충청권역,충청북도,충주시,충북 충주시 으뜸로 21,043-850-3673,01 지자체 보유 방재장비
보호장갑·장화,보호구,장갑,36,,충주시 대기환경과,지자체,충청권역,충청북도,충주시,충청북도 충주시 으뜸로 21,043-850-3673,02 지자체 보유 방재장비(청·센터별)
보호장갑·장화,보호구,장화,4,,충주시 대기환경과,지자체,충청권역,충청북도,충주시,충청북도 충주시 으뜸로 21,043-850-3673,02 지자체 보유 방재장비(청·센터별)
호흡보호구(방독면·공기호흡기),보호구,방독면,9,,강릉시 환경과,지자체,강원권역,강원특별자치도,강릉시,강원 강릉시 강릉대로 33,033-640-5356,01 지자체 보유 방재장비
호흡보호구(방독면·공기호흡기),보호구,방독면,4,,고성군 환경과,지자체,강원권역,강원특별자치도,고성군,강원 고성군 죽왕면 짱고개길 253,033-680-3823,01 지자체 보유 방재장비
호흡보호구(방독면·공기호흡기),보호구,방독면,28,,고성군 환경과,지자체,강원권역,강원특별자치도,고성군,강원 고성군 간성읍 고성중앙길9,033-680-3343,01 지자체 보유 방재장비
호흡보호구(방독면·공기호흡기),보호구,방독면,1929,,양양군 환경과,지자체,강원권역,강원특별자치도,양양군,강원 양양군 양양읍 군청길 1,033-670-2182,01 지자체 보유 방재장비
호흡보호구(방독면·공기호흡기),보호구,방독면,5,,영월군 환경위생과,지자체,강원권역,강원특별자치도,영월군,강원 영월군 영월읍 하송로 64,033-370-2157,01 지자체 보유 방재장비
호흡보호구(방독면·공기호흡기),보호구,방독면,19120,,인제군 환경보호과,지자체,강원권역,강원특별자치도,인제군,강원 인제군 인제읍 인제로187번길 8,033-460-4453,01 지자체 보유 방재장비
호흡보호구(방독면·공기호흡기),보호구,방독면,5,,정선군 환경과,지자체,강원권역,강원특별자치도,정선군,강원 정선군 정선읍 봉양3길 21,033-560-2354,01 지자체 보유 방재장비
호흡보호구(방독면·공기호흡기),보호구,방독면,5,,태백시 환경과,지자체,강원권역,강원특별자치도,태백시,강원 태백시 태붐로 21,033-550-3974,01 지자체 보유 방재장비
호흡보호구(방독면·공기호흡기),보호구,Level C 마스크(전면형),14,개,한국환경공단 수질오염방제센터 낙동강센터,국가기관 비축,경상권역,,,,,09 한국환경공단 수질오염방제센터
호흡보호구(방독면·공기호흡기),보호구,Level C 마스크(반면형),22,개,한국환경공단 수질오염방제센터 낙동강센터,국가기관 비축,경상권역,,,,,09 한국환경공단 수질오염방제센터
호흡보호구(방독면·공기호흡기),보호구,Level C 정화통,13,개,한국환경공단 수질오염방제센터 낙동강센터,국가기관 비축,경상권역,,,,,09 한국환경공단 수질오염방제센터
호흡보호구(방독면·공기호흡기),보호구,Level C 정화통(복합가스),24,개,한국환경공단 수질오염방제센터 낙동강센터,국가기관 비축,경상권역,,,,,09 한국환경공단 수질오염방제센터
호흡보호구(방독면·공기호흡기),보호구,방독면,1946,,거제시 기후환경과,지자체,경상권역,경상남도,거제시,경상남도 거제시 계룡로 125(고현동) 거제시청,055-639-3933,01 지자체 보유 방재장비
호흡보호구(방독면·공기호흡기),보호구,방독면,3,,거창군 환경과,지자체,경상권역,경상남도,거창군,경상남도 거창군 거창읍 중앙로 103,055-940-3514,01 지자체 보유 방재장비
호흡보호구(방독면·공기호흡기),보호구,방독면,17,,김해시 환경정책과,지자체,경상권역,경상남도,김해시,경상남도 김해시 김해대로 2401,055-330-2733,01 지자체 보유 방재장비
호흡보호구(방독면·공기호흡기),보호구,방독면,2,,남해군 환경과,지자체,경상권역,경상남도,남해군,경상남도 남해군 남해읍 에코파크길 65-10,055-860-3273,01 지자체 보유 방재장비
호흡보호구(방독면·공기호흡기),보호구,방독면,2,,남해군 환경과,지자체,경상권역,경상남도,남해군,경상남도 남해군 남해읍 에코파크길 65-10,055-860-3273,02 지자체 보유 방재장비(청·센터별)
호흡보호구(방독면·공기호흡기),보호구,방독면,91,,사천시 환경보호과,지자체,경상권역,경상남도,사천시,사천시 용현면 시청로 77,055-831-2777,01 지자체 보유 방재장비
호흡보호구(방독면·공기호흡기),보호구,방독면,5,,양산시 수질관리과,지자체,경상권역,경상남도,양산시,경남 양산시 중앙로 39,055-392-3582,01 지자체 보유 방재장비
호흡보호구(방독면·공기호흡기),보호구,방독면,5,,양산시 수질관리과,지자체,경상권역,경상남도,양산시,경남 양산시 중앙로 39,055-392-3582,02 지자체 보유 방재장비(청·센터별)
호흡보호구(방독면·공기호흡기),보호구,방독면,80,,진주시 기후환경과,지자체,경상권역,경상남도,진주시,경상남도 진주시 동진로 155,055-749-8655,01 지자체 보유 방재장비
호흡보호구(방독면·공기호흡기),보호구,방독면,100,,창원시 안전총괄담당관,지자체,경상권역,경상남도,창원시,경상남도 창원시 성산구 중앙대로 151,055-225-4493,01 지자체 보유 방재장비
호흡보호구(방독면·공기호흡기),보호구,방독면,210,,창원시 의창구 안전건설과,지자체,경상권역,경상남도,창원시 의창구,경상남도 창원시 의창구 원이대로 80,055-212-4655,01 지자체 보유 방재장비
호흡보호구(방독면·공기호흡기),보호구,방독면,1,,창원시 의창구 환경과,지자체,경상권역,경상남도,창원시 의창구,경상남도 창원시 의창구 원이대로 80,055-212-4573,01 지자체 보유 방재장비
호흡보호구(방독면·공기호흡기),보호구,방독면,5,,하동군 환경보호과,지자체,경상권역,경상남도,하동군,경상남도 하동군 하동읍 군청로 23,055-880-2574,01 지자체 보유 방재장비
호흡보호구(방독면·공기호흡기),보호구,방독면,5,,하동군 환경보호과,지자체,경상권역,경상남도,하동군,경상남도 하동군 하동읍 군청로 23,055-880-2574,02 지자체 보유 방재장비(청·센터별)
호흡보호구(방독면·공기호흡기),보호구,전면방독면,46,EA,한국남동발전㈜ 하동발전본부,사업장,경상권역,경상남도,하동군,경상남도 하동군 금성면 경제산업로 509,070-7713-1294,05 사업장 보유 방제물품(화학안전공동체)
호흡보호구(방독면·공기호흡기),보호구,방독면필터,90,EA,한국남동발전㈜ 하동발전본부,사업장,경상권역,경상남도,하동군,경상남도 하동군 금성면 경제산업로 509,070-7713-1294,05 사업장 보유 방제물품(화학안전공동체)
호흡보호구(방독면·공기호흡기),보호구,방독면,20,,고령군 환경과,지자체,경상권역,경상북도,고령군,고령군 대가야읍 왕릉로 55,054-950-6523,01 지자체 보유 방재장비
호흡보호구(방독면·공기호흡기),보호구,방독면,10,,구미시 환경관리과,지자체,경상권역,경상북도,구미시,경상북도 구미시 농산물시잘로 15,054-480-5275,01 지자체 보유 방재장비
호흡보호구(방독면·공기호흡기),보호구,방독면,10,,구미시 환경관리과,지자체,경상권역,경상북도,구미시,경상북도 구미시 농산물시잘로 15,054-480-5275,02 지자체 보유 방재장비(청·센터별)
호흡보호구(방독면·공기호흡기),보호구,방독면,24,,김천시 환경위생과,지자체,경상권역,경상북도,김천시,김천시 시청1길 1,054-420-6681,01 지자체 보유 방재장비
호흡보호구(방독면·공기호흡기),보호구,방독면,19,,김천시 환경위생과,지자체,경상권역,경상북도,김천시,경상북도 김천시 시청1길 1,054-420-6681,02 지자체 보유 방재장비(청·센터별)
호흡보호구(방독면·공기호흡기),보호구,방독면,1200,,봉화군 녹색환경과,지자체,경상권역,경상북도,봉화군,경북 봉화군 봉화읍 봉화로 1111,054-679-6403,01 지자체 보유 방재장비
호흡보호구(방독면·공기호흡기),보호구,방독면,5490,,상주시 환경관리과,지자체,경상권역,경상북도,상주시,경북 상주시 상산로 223,054-537-7357,01 지자체 보유 방재장비
호흡보호구(방독면·공기호흡기),보호구,방독면,5490,,상주시 환경관리과,지자체,경상권역,경상북도,상주시,경북 상주시 상산로 223,054-537-7357,02 지자체 보유 방재장비(청·센터별)
호흡보호구(방독면·공기호흡기),보호구,방독면,10,,안동시 환경관리과,지자체,경상권역,경상북도,안동시,경상북도 안동시 퇴계로 115,054-840-5287,01 지자체 보유 방재장비
호흡보호구(방독면·공기호흡기),보호구,방독면,10,,안동시 환경관리과,지자체,경상권역,경상북도,안동시,경상북도 안동시 퇴계로 115,054-840-5287,02 지자체 보유 방재장비(청·센터별)
호흡보호구(방독면·공기호흡기),보호구,방독면,1,,안동시시설관리공단 바이오산단환경팀,지자체,경상권역,경상북도,안동시시설관리공단,경상북도 안동시 풍산읍 산업단지길 77,054-850-4562,01 지자체 보유 방재장비
호흡보호구(방독면·공기호흡기),보호구,방독면,1,,안동시시설관리공단 풍천환경팀,지자체,경상권역,경상북도,안동시시설관리공단,경북 안동시 풍천면 운골길 156,054-850-4808,01 지자체 보유 방재장비
호흡보호구(방독면·공기호흡기),보호구,방독면,1161,,영양군 환경보전과,지자체,경상권역,경상북도,영양군,경북 영양군 영양읍 군청길37,054-680-6510,01 지자체 보유 방재장비
호흡보호구(방독면·공기호흡기),보호구,방독면,253,,영주시 안전재난과,지자체,경상권역,경상북도,영주시,경상북도 영주시 시청로 1,054-639-5968,01 지자체 보유 방재장비
호흡보호구(방독면·공기호흡기),보호구,방독면,253,,영주시 안전재난과,지자체,경상권역,경상북도,영주시,경상북도 영주시 시청로 1,054-639-5968,02 지자체 보유 방재장비(청·센터별)
호흡보호구(방독면·공기호흡기),보호구,방독면,23,,영천시 환경보호과,지자체,경상권역,경상북도,영천시,경상북도 영천시 시청로 16,054-330-6483,01 지자체 보유 방재장비
호흡보호구(방독면·공기호흡기),보호구,방독면,64,,예천군 감천면,지자체,경상권역,경상북도,예천군,경북 예천군 감천면 충효로 1389,054-650-8514,01 지자체 보유 방재장비
호흡보호구(방독면·공기호흡기),보호구,방독면,30,,예천군 개포면,지자체,경상권역,경상북도,예천군,경북 예천군 개포면 신음리길 28-8,054-650-8714,01 지자체 보유 방재장비
호흡보호구(방독면·공기호흡기),보호구,방독면,33,,예천군 보문면,지자체,경상권역,경상북도,예천군,경북 예천군 무근열길 3,054-650-8553,01 지자체 보유 방재장비
호흡보호구(방독면·공기호흡기),보호구,방독면,79,,예천군 안전재난과,지자체,경상권역,경상북도,예천군,경북 예천군 예천읍 충효로 111,054-650-6151,01 지자체 보유 방재장비
호흡보호구(방독면·공기호흡기),보호구,방독면,560,,예천군 예천읍,지자체,경상권역,경상북도,예천군,경북 예천군 예천읍 군청앞길 2,054-650-8333,01 지자체 보유 방재장비
호흡보호구(방독면·공기호흡기),보호구,방독면,51,,예천군 용궁면,지자체,경상권역,경상북도,예천군,경북 예천군 용궁면 읍부1길 45,054-650-8672,01 지자체 보유 방재장비
호흡보호구(방독면·공기호흡기),보호구,방독면,25,,예천군 용문면,지자체,경상권역,경상북도,예천군,경북 예천군 용문면 금당실길 54,054-650-8392,01 지자체 보유 방재장비
호흡보호구(방독면·공기호흡기),보호구,방독면,45,,예천군 유천면,지자체,경상권역,경상북도,예천군,경북 예천군 유천면 예성로 699-8,054-650-8632,01 지자체 보유 방재장비
호흡보호구(방독면·공기호흡기),보호구,방독면,41,,예천군 은풍면,지자체,경상권역,경상북도,예천군,경북 예천군 은풍면 은풍로 88,054-650-8473,01 지자체 보유 방재장비
호흡보호구(방독면·공기호흡기),보호구,방독면,62,,예천군 지보면,지자체,경상권역,경상북도,예천군,경북 예천군 지보면 지보로 126-5,054-650-8752,01 지자체 보유 방재장비
호흡보호구(방독면·공기호흡기),보호구,방독면,4,,예천군 축산과,지자체,경상권역,경상북도,예천군,경북 예천군 충효로 111,054-650-6287,01 지자체 보유 방재장비
호흡보호구(방독면·공기호흡기),보호구,방독면,60,,예천군 풍양면,지자체,경상권역,경상북도,예천군,경북 예천군 풍양면 낙상2길 50,054-650-8793,01 지자체 보유 방재장비
호흡보호구(방독면·공기호흡기),보호구,방독면,1157,,예천군 호명읍,지자체,경상권역,경상북도,예천군,경북 예천군 호명읍 오천길 2,054-650-8594,01 지자체 보유 방재장비
호흡보호구(방독면·공기호흡기),보호구,방독면,2,,예천군 환경관리과,지자체,경상권역,경상북도,예천군,경북 예천군 예천읍 충효로 111,054-650-6188,01 지자체 보유 방재장비
호흡보호구(방독면·공기호흡기),보호구,방독면,1,,예천군 환경관리과,지자체,경상권역,경상북도,예천군,경북 예천군 예천읍 충효로 111,054-650-6188,01 지자체 보유 방재장비
호흡보호구(방독면·공기호흡기),보호구,방독면,21,,예천군 효자면,지자체,경상권역,경상북도,예천군,경북 예천군 효자면 도효자로 1481,054-650-6603,01 지자체 보유 방재장비
호흡보호구(방독면·공기호흡기),보호구,방독면,4,,의성군 환경축산과,지자체,경상권역,경상북도,의성군,경상북도 의성군 군청길 31,054-830-6179,01 지자체 보유 방재장비
호흡보호구(방독면·공기호흡기),보호구,방독면,3,,청도군 환경산림과,지자체,경상권역,경상북도,청도군,경상북도 청도군 화양읍 청화로 70,054-370-2187,01 지자체 보유 방재장비
호흡보호구(방독면·공기호흡기),보호구,방독면,6,,칠곡군 환경관리과,지자체,경상권역,경상북도,칠곡군,경상북도 칠곡군 왜관읍 군청1길 80,054-979-6692,01 지자체 보유 방재장비
호흡보호구(방독면·공기호흡기),보호구,방독면,5,,포항시 환경정책과,지자체,경상권역,경상북도,포항시,포항시 남구 시청로 1,054-270-3113,01 지자체 보유 방재장비
호흡보호구(방독면·공기호흡기),보호구,방독면,2,,군위군 환경과,지자체,경상권역,대구광역시,군위군,대구광역시 군위군 군위읍 군청로 200,054-380-7992,01 지자체 보유 방재장비
호흡보호구(방독면·공기호흡기),보호구,방독면,12,,군위군 환경과,지자체,경상권역,대구광역시,군위군,대구광역시 군위군 군위읍 군청로 200,054-380-7945,01 지자체 보유 방재장비
호흡보호구(방독면·공기호흡기),보호구,방독면,2,,군위군 환경과,지자체,경상권역,대구광역시,군위군,대구광역시 군위군 군위읍 군청로 200,054-380-7992,02 지자체 보유 방재장비(청·센터별)
호흡보호구(방독면·공기호흡기),보호구,방독면,12,,군위군 환경과,지자체,경상권역,대구광역시,군위군,대구광역시 군위군 군위읍 군청로 200,054-380-7945,02 지자체 보유 방재장비(청·센터별)
호흡보호구(방독면·공기호흡기),보호구,방독면,6,,달서구 기후환경과,지자체,경상권역,대구광역시,달서구,"대구광역시 달서구 학산로 45, 달서구청",053-667-2602,01 지자체 보유 방재장비
호흡보호구(방독면·공기호흡기),보호구,방독면,2,,동구 생활환경과,지자체,경상권역,대구광역시,동구,대구광역시 서구 국채보상로 257,053-663-2605,01 지자체 보유 방재장비
호흡보호구(방독면·공기호흡기),보호구,방독면,17,,북구 환경관리과,지자체,경상권역,대구광역시,북구,대구광역시 북구 옥산로 1(노원동1가),053-665-2605,01 지자체 보유 방재장비
호흡보호구(방독면·공기호흡기),보호구,방독면,17,,중구 환경과,지자체,경상권역,대구광역시,중구,대구광역시 국채보상로139길 1,053-661-2583,01 지자체 보유 방재장비
호흡보호구(방독면·공기호흡기),보호구,방독면,207,,남구 안전총괄과,지자체,경상권역,부산광역시,남구,부산광역시 남구 못골로 19,051-607-4646,01 지자체 보유 방재장비
호흡보호구(방독면·공기호흡기),보호구,방독면,18507,,부산진구 안전도시과,지자체,경상권역,부산광역시,부산진구,부산광역시 부산진구 시민공원로 30,051-605-4134,01 지자체 보유 방재장비
호흡보호구(방독면·공기호흡기),보호구,방독면,10,,북구 환경위생과,지자체,경상권역,부산광역시,북구,부산광역시 북구 낙동대로 1570번길 33 (구포동),051-309-4392,01 지자체 보유 방재장비
호흡보호구(방독면·공기호흡기),보호구,방독면,246,,사상구 안전총괄과,지자체,경상권역,부산광역시,사상구,부산광역시 사상구 학감대로 242,051-310-4132,01 지자체 보유 방재장비
호흡보호구(방독면·공기호흡기),보호구,방독면,18308,,사하구 환경위생과,지자체,경상권역,부산광역시,사하구,부산광역시 사하구 낙동대로 398번길 12,051-220-4424,01 지자체 보유 방재장비
호흡보호구(방독면·공기호흡기),보호구,방독면,2,,서구 환경위생과,지자체,경상권역,부산광역시,서구,부산광역시 서구 구덕로 120,051-240-4398,01 지자체 보유 방재장비
호흡보호구(방독면·공기호흡기),보호구,방독면,2,,해운대구 환경위생과,지자체,경상권역,부산광역시,해운대구,부산광역시 해운대구 센텀중앙로 170,051-749-4395,01 지자체 보유 방재장비
호흡보호구(방독면·공기호흡기),보호구,방독면,28,,- 환경대기과,지자체,경상권역,울산광역시,-,울산광역시 남구 중앙로 201,052-229-3212,02 지자체 보유 방재장비(청·센터별)
호흡보호구(방독면·공기호흡기),보호구,방독면,46,,남구 환경관리과,지자체,경상권역,울산광역시,남구,울산광역시 남구 돋질로 233,052-226-5762,01 지자체 보유 방재장비
호흡보호구(방독면·공기호흡기),보호구,방독면,46,,남구 환경관리과,지자체,경상권역,울산광역시,남구,울산광역시 남구 돋질로 233,052-226-5762,02 지자체 보유 방재장비(청·센터별)
호흡보호구(방독면·공기호흡기),보호구,방독면,5,,동구 환경위생과,지자체,경상권역,울산광역시,동구,울산광역시 동구 봉수로 155,052-209-3562,01 지자체 보유 방재장비
호흡보호구(방독면·공기호흡기),보호구,방독면,5,,동구 환경위생과,지자체,경상권역,울산광역시,동구,울산광역시 동구 봉수로 155,052-209-3562,02 지자체 보유 방재장비(청·센터별)
호흡보호구(방독면·공기호흡기),보호구,방독면,17049,,북구 환경위생과,지자체,경상권역,울산광역시,북구,울산광역시 북구 산업로 1010,052-241-7773,01 지자체 보유 방재장비
호흡보호구(방독면·공기호흡기),보호구,방독면,17049,,북구 환경위생과,지자체,경상권역,울산광역시,북구,울산광역시 북구 산업로 1010,052-241-7773,02 지자체 보유 방재장비(청·센터별)
호흡보호구(방독면·공기호흡기),보호구,방독면,28,,울산광역시 환경대기과,지자체,경상권역,울산광역시,남구,울산광역시 남구 중앙로 201,052-229-3212,01 지자체 보유 방재장비
호흡보호구(방독면·공기호흡기),보호구,방독면,5,,울주군 환경기후과,지자체,경상권역,울산광역시,울주군,울산광역시 울주군 청량읍 군청로 1,052-204-2134,01 지자체 보유 방재장비
호흡보호구(방독면·공기호흡기),보호구,방독면,5,,울주군 환경기후과,지자체,경상권역,울산광역시,울주군,울산광역시 울주군 청량읍 군청로 1,052-204-2134,02 지자체 보유 방재장비(청·센터별)
호흡보호구(방독면·공기호흡기),보호구,방독면,5,,중구 환경위생과,지자체,경상권역,울산광역시,중구,울산광역시 중구 단장골길 1,052-290-3722,01 지자체 보유 방재장비
호흡보호구(방독면·공기호흡기),보호구,방독면,5,,중구 환경위생과,지자체,경상권역,울산광역시,중구,울산광역시 중구 단장골길 1,052-290-3722,02 지자체 보유 방재장비(청·센터별)
호흡보호구(방독면·공기호흡기),보호구,Level C 마스크(전면형),26,개,한국환경공단 수질오염방제센터 한강센터,국가기관 비축,수도권,,,,,09 한국환경공단 수질오염방제센터
호흡보호구(방독면·공기호흡기),보호구,Level C 마스크(반면형),13,개,한국환경공단 수질오염방제센터 한강센터,국가기관 비축,수도권,,,,,09 한국환경공단 수질오염방제센터
호흡보호구(방독면·공기호흡기),보호구,Level C 정화통,26,개,한국환경공단 수질오염방제센터 한강센터,국가기관 비축,수도권,,,,,09 한국환경공단 수질오염방제센터
호흡보호구(방독면·공기호흡기),보호구,Level C 정화통(복합가스),13,개,한국환경공단 수질오염방제센터 한강센터,국가기관 비축,수도권,,,,,09 한국환경공단 수질오염방제센터
호흡보호구(방독면·공기호흡기),보호구,방독면,6,,고양시 환경정책과,지자체,수도권,경기도,고양시,경기 고양시 덕양구 고양시청로 13-5,031-8075-2645,01 지자체 보유 방재장비
호흡보호구(방독면·공기호흡기),보호구,방독면,17978,,광명시 환경관리과,지자체,수도권,경기도,광명시,경기 광명시 시청로 20,02-2680-2297,01 지자체 보유 방재장비
호흡보호구(방독면·공기호흡기),보호구,방독면,8,,광주시 수질정책과,지자체,수도권,경기도,광주시,경기 광주시 행정타운로 50,031-760-3765,01 지자체 보유 방재장비
호흡보호구(방독면·공기호흡기),보호구,방독면,4,,구리시 자원순환과,지자체,수도권,경기도,구리시,경기 구리시 왕숙천로 49,031-550-2477,01 지자체 보유 방재장비
호흡보호구(방독면·공기호흡기),보호구,방독면,7,,구리시 하수과,지자체,수도권,경기도,구리시,경기 구리시 검배로 200,031-550-8437,01 지자체 보유 방재장비
호흡보호구(방독면·공기호흡기),보호구,방독면,9,,구리시 환경과,지자체,수도권,경기도,구리시,경기 구리시 아차산로 439,031-550-2862,01 지자체 보유 방재장비
호흡보호구(방독면·공기호흡기),보호구,방독면,40,,김포시 환경지도과,지자체,수도권,경기도,김포시,경기 김포시 사우중로26,031-980-5655,01 지자체 보유 방재장비
호흡보호구(방독면·공기호흡기),보호구,방독면,10,,부천시 환경정책과,지자체,수도권,경기도,부천시,경기 부천시 원미구 길주로 210,032-625-3161,01 지자체 보유 방재장비
호흡보호구(방독면·공기호흡기),보호구,방독면,18,,성남시 환경정책과,지자체,수도권,경기도,성남시,경기 성남시 중원구 성남대로 997,031-729-3172,01 지자체 보유 방재장비
호흡보호구(방독면·공기호흡기),보호구,방독면,10,,수원시 환경정책과,지자체,수도권,경기도,수원시,경기 수원시 효원로 241,031-5191-3243,01 지자체 보유 방재장비
호흡보호구(방독면·공기호흡기),보호구,방독면,88,,시흥시 환경정책과,지자체,수도권,경기도,시흥시,경기 시흥시 시청로 20,031-310-5993,01 지자체 보유 방재장비
호흡보호구(방독면·공기호흡기),보호구,방독면,88,,시흥시 환경정책과,지자체,수도권,경기도,시흥시,경기도 시흥시 시청로 20,031-310-5993,02 지자체 보유 방재장비(청·센터별)
호흡보호구(방독면·공기호흡기),보호구,방독면,6,,안산시 환경정책과,지자체,수도권,경기도,안산시,"경기 안산시 단원구 중앙대로 839(고잔동, 3층 환경정책과)",031-481-2243,01 지자체 보유 방재장비
호흡보호구(방독면·공기호흡기),보호구,방독면,5,,안양시 환경정책과,지자체,수도권,경기도,안양시,경기 안양시 동안구 시민대로 235,031-8045-5822,01 지자체 보유 방재장비
호흡보호구(방독면·공기호흡기),보호구,방독면,5,,양주시 환경정책과,지자체,수도권,경기도,양주시,경기 양주시 부흥로 1533,031-8082-6313,01 지자체 보유 방재장비
호흡보호구(방독면·공기호흡기),보호구,방독면,5482,,양평군 기후환경과,지자체,수도권,경기도,양평군,경기 양평군 양평읍 군청앞긾 2,031-770-2581,01 지자체 보유 방재장비
호흡보호구(방독면·공기호흡기),보호구,방독면,5,,여주시 환경과,지자체,수도권,경기도,여주시,경기 여주시 세종로 1,031-887-2253,01 지자체 보유 방재장비
호흡보호구(방독면·공기호흡기),보호구,방독면,50,,연천군 환경보호과,지자체,수도권,경기도,연천군,경기 연천군 연천로 220,031-839-2241,01 지자체 보유 방재장비
호흡보호구(방독면·공기호흡기),보호구,방독면,58254,,용인시 용인시 기후대기과,지자체,수도권,경기도,용인시,경기 용인시 처인구 중부대로 1199(삼가동),031-6193-2244,01 지자체 보유 방재장비
호흡보호구(방독면·공기호흡기),보호구,방독면,15,,의왕시 환경과,지자체,수도권,경기도,의왕시,경기 의왕시 시청로 11,031-345-3823,01 지자체 보유 방재장비
호흡보호구(방독면·공기호흡기),보호구,방독면,5,,의정부시 환경정책과,지자체,수도권,경기도,의정부시,경기 의정부시 호국로 1049번길 39,031-828-4434,01 지자체 보유 방재장비
호흡보호구(방독면·공기호흡기),보호구,방독면,4,,이천시 환경보호과,지자체,수도권,경기도,이천시,경기 이천시 부악로 40,031-644-2358,01 지자체 보유 방재장비
호흡보호구(방독면·공기호흡기),보호구,방독면,3,,파주시 기후위기대응과,지자체,수도권,경기도,파주시,경기 파주시 시민회관길 16-11,031-940-8472,01 지자체 보유 방재장비
호흡보호구(방독면·공기호흡기),보호구,방독면,23335,,하남시 환경정책과,지자체,수도권,경기도,하남시,경기 하남시 대청로 10,031-790-5744,01 지자체 보유 방재장비
호흡보호구(방독면·공기호흡기),보호구,반면형 방독면,6,ea,한국도로공사 발안영업소 (한강청 관리),환경청·센터 장비함,수도권,경기도,화성시,경기 화성시 팔탄면 3.1만세로 879-40,031-790-2896,04 환경청·센터 방제장비함
호흡보호구(방독면·공기호흡기),보호구,정화통,6,ea,한국도로공사 발안영업소 (한강청 관리),환경청·센터 장비함,수도권,경기도,화성시,경기 화성시 팔탄면 3.1만세로 879-40,031-790-2896,04 환경청·센터 방제장비함
호흡보호구(방독면·공기호흡기),보호구,1급 방진마스크,100,ea,한국도로공사 발안영업소 (한강청 관리),환경청·센터 장비함,수도권,경기도,화성시,경기 화성시 팔탄면 3.1만세로 879-40,031-790-2896,04 환경청·센터 방제장비함
호흡보호구(방독면·공기호흡기),보호구,방독면,3,,강북구 재난안전과,지자체,수도권,서울특별시,강북구,서울특별시 강북구 도봉로 323(용신빌딩) 10층,02-901-5878,01 지자체 보유 방재장비
호흡보호구(방독면·공기호흡기),보호구,방독면,12907,,금천구 환경과,지자체,수도권,서울특별시,금천구,서울시 금천구 시흥대로73길 70,02-2627-1515,01 지자체 보유 방재장비
호흡보호구(방독면·공기호흡기),보호구,방독면,2006,,동대문구 안전재난과,지자체,수도권,서울특별시,동대문구,서울특별시 동대문구 천호대로 145,02-2127-4500,01 지자체 보유 방재장비
호흡보호구(방독면·공기호흡기),보호구,방독면,5,,송파구 맑은환경과,지자체,수도권,서울특별시,송파구,서울특별시 송파구 올림픽로 326,02-2147-3272,01 지자체 보유 방재장비
호흡보호구(방독면·공기호흡기),보호구,방독면,8,,양천구 청소행정과,지자체,수도권,서울특별시,양천구,서울특별시 양천구 목동동로 105,02-2620-3431,01 지자체 보유 방재장비
호흡보호구(방독면·공기호흡기),보호구,방독면,10,,양천구 환경과,지자체,수도권,서울특별시,양천구,서울특별시 양천구 목동동로 105,02-2620-4856,01 지자체 보유 방재장비
호흡보호구(방독면·공기호흡기),보호구,방독면,16394,,은평구 안전관리과,지자체,수도권,서울특별시,은평구,서울시 은평구 은평로 195,02-351-7712,01 지자체 보유 방재장비
호흡보호구(방독면·공기호흡기),보호구,방독면,1008,,중구 환경과,지자체,수도권,서울특별시,중구,서울특별시 중구 창경궁로 17,02-3396-5615,01 지자체 보유 방재장비
호흡보호구(방독면·공기호흡기),보호구,방독면,30,,남동구 환경보전과,지자체,수도권,인천광역시,남동구,인천광역시 남동구 소래로 633,032-453-2614,01 지자체 보유 방재장비
호흡보호구(방독면·공기호흡기),보호구,방독면,2,,동구 환경위생과,지자체,수도권,인천광역시,동구,인천광역시 동구 금곡로 67,032-770-7883,01 지자체 보유 방재장비
호흡보호구(방독면·공기호흡기),보호구,방독면,7,,부평구 환경보전과,지자체,수도권,인천광역시,부평구,인천광역시 부평구 부평대로 168,032-509-6653,01 지자체 보유 방재장비
호흡보호구(방독면·공기호흡기),보호구,방독면,15,,서구 환경관리과,지자체,수도권,인천광역시,서구,인천광역시 서구 서곶로 307,032-560-4354,01 지자체 보유 방재장비
호흡보호구(방독면·공기호흡기),보호구,방독면,10,,연수구 환경보전과,지자체,수도권,인천광역시,연수구,인천광역시 연수구 원인재로 115,032-749-7942,01 지자체 보유 방재장비
호흡보호구(방독면·공기호흡기),보호구,방독면,15,,중구(원도심) 위생환경과,지자체,수도권,인천광역시,중구(원도심),"인천 중구 신포로27번길 80, 동별관 3층",032-760-7402,01 지자체 보유 방재장비
호흡보호구(방독면·공기호흡기),보호구,Level C 마스크(전면형),10,개,한국환경공단 수질오염방제센터 영산강센터,국가기관 비축,전라권역,,,,,09 한국환경공단 수질오염방제센터
호흡보호구(방독면·공기호흡기),보호구,Level C 마스크(반면형),1,개,한국환경공단 수질오염방제센터 영산강센터,국가기관 비축,전라권역,,,,,09 한국환경공단 수질오염방제센터
호흡보호구(방독면·공기호흡기),보호구,Level C 정화통,18,개,한국환경공단 수질오염방제센터 영산강센터,국가기관 비축,전라권역,,,,,09 한국환경공단 수질오염방제센터
호흡보호구(방독면·공기호흡기),보호구,Level C 정화통(복합가스),1,개,한국환경공단 수질오염방제센터 영산강센터,국가기관 비축,전라권역,,,,,09 한국환경공단 수질오염방제센터
호흡보호구(방독면·공기호흡기),보호구,방독면,4,,광산구 기후환경과,지자체,전라권역,광주광역시,광산구,광주광역시 광산구 광산로29번길 15,062-960-8448,01 지자체 보유 방재장비
호흡보호구(방독면·공기호흡기),보호구,방독면,1,,남구 환경관리과,지자체,전라권역,광주광역시,남구,광주광역시 남구 봉선로 1,062-607-3642,01 지자체 보유 방재장비
호흡보호구(방독면·공기호흡기),보호구,방독면,4,,동구 기후환경과,지자체,전라권역,광주광역시,동구,광주광역시 동구 서남로 1,062-608-2492,01 지자체 보유 방재장비
호흡보호구(방독면·공기호흡기),보호구,방독면,4,,북구 기후환경과,지자체,전라권역,광주광역시,북구,광주광역시 북구 우치로 77,062-410-6472,01 지자체 보유 방재장비
호흡보호구(방독면·공기호흡기),보호구,전면형방독면,100,EA,한국티앤에이,판매업체,전라권역,광주광역시,광산구,광주 광산구 사암로 805,062-953-0010,15 전남·광주 방제약품 판매업체 (2017년 기준)
호흡보호구(방독면·공기호흡기),보호구,안면방독면,,6EA,DSR제강㈜ 1공장,사업장,전라권역,전라남도,순천시,전라남도 순천시 서면 산단1길 15,061-729-3500,05 사업장 보유 방제물품(화학안전공동체)
호흡보호구(방독면·공기호흡기),보호구,방독면,,6EA,DSR제강㈜ 1공장,사업장,전라권역,전라남도,순천시,전라남도 순천시 서면 산단1길 15,061-729-3500,05 사업장 보유 방제물품(화학안전공동체)
호흡보호구(방독면·공기호흡기),보호구,안면방독면,,12EA,DSR제강㈜ 2공장,사업장,전라권역,전라남도,순천시,전라남도 순천시 서면 산단4길 38,061-751-7121,05 사업장 보유 방제물품(화학안전공동체)
호흡보호구(방독면·공기호흡기),보호구,방독면,,6EA,DSR제강㈜ 2공장,사업장,전라권역,전라남도,순천시,전라남도 순천시 서면 산단4길 38,061-751-7121,05 사업장 보유 방제물품(화학안전공동체)
호흡보호구(방독면·공기호흡기),보호구,전면방독면,,14EA,DSR제강㈜ 율촌공장,사업장,전라권역,전라남도,순천시,전라남도 순천시 해룡면 율촌산단1로 80-21,061-729-3700,05 사업장 보유 방제물품(화학안전공동체)
호흡보호구(방독면·공기호흡기),보호구,정화통,,14EA,DSR제강㈜ 율촌공장,사업장,전라권역,전라남도,순천시,전라남도 순천시 해룡면 율촌산단1로 80-21,061-729-3700,05 사업장 보유 방제물품(화학안전공동체)
호흡보호구(방독면·공기호흡기),보호구,송기마스크,,3set,GS바이오㈜,사업장,전라권역,전라남도,여수시,전라남도 여수시 여수산단로 923-106,061-680-5740,05 사업장 보유 방제물품(화학안전공동체)
호흡보호구(방독면·공기호흡기),보호구,반면형마스크,,20ea,GS바이오㈜,사업장,전라권역,전라남도,여수시,전라남도 여수시 여수산단로 923-106,061-680-5740,05 사업장 보유 방제물품(화학안전공동체)
호흡보호구(방독면·공기호흡기),보호구,전면형마스크,,20ea,GS바이오㈜,사업장,전라권역,전라남도,여수시,전라남도 여수시 여수산단로 923-106,061-680-5740,05 사업장 보유 방제물품(화학안전공동체)
호흡보호구(방독면·공기호흡기),보호구,공기호흡기(60분),,2ea,GS바이오㈜,사업장,전라권역,전라남도,여수시,전라남도 여수시 여수산단로 923-106,061-680-5740,05 사업장 보유 방제물품(화학안전공동체)
호흡보호구(방독면·공기호흡기),보호구,공기호흡기(5분),,10ea,GS바이오㈜,사업장,전라권역,전라남도,여수시,전라남도 여수시 여수산단로 923-106,061-680-5740,05 사업장 보유 방제물품(화학안전공동체)
호흡보호구(방독면·공기호흡기),보호구,공기호흡기(10분),,10ea,GS바이오㈜,사업장,전라권역,전라남도,여수시,전라남도 여수시 여수산단로 923-106,061-680-5740,05 사업장 보유 방제물품(화학안전공동체)
호흡보호구(방독면·공기호흡기),보호구,방독마스크,,15EA,GS칼텍스㈜,사업장,전라권역,전라남도,여수시,전라남도 여수시 여수산단로 923-106,061-680-2387,05 사업장 보유 방제물품(화학안전공동체)
호흡보호구(방독면·공기호흡기),보호구,마스크카트리지,,15EA,GS칼텍스㈜,사업장,전라권역,전라남도,여수시,전라남도 여수시 여수산단로 923-106,061-680-2387,05 사업장 보유 방제물품(화학안전공동체)
호흡보호구(방독면·공기호흡기),보호구,전면형방독마스크,,6,GS칼텍스㈜ 바이오부탄올,사업장,전라권역,전라남도,여수시,전라남도 여수시 여수산단로 923-106,061-660-6268,05 사업장 보유 방제물품(화학안전공동체)
호흡보호구(방독면·공기호흡기),보호구,반면형방독마스크,,16,GS칼텍스㈜ 바이오부탄올,사업장,전라권역,전라남도,여수시,전라남도 여수시 여수산단로 923-106,061-660-6268,05 사업장 보유 방제물품(화학안전공동체)
호흡보호구(방독면·공기호흡기),보호구,정화통,,30Set,GS칼텍스㈜ 바이오부탄올,사업장,전라권역,전라남도,여수시,전라남도 여수시 여수산단로 923-106,061-660-6268,05 사업장 보유 방제물품(화학안전공동체)
호흡보호구(방독면·공기호흡기),보호구,공기호흡기,22,EA,KPX라이프 사이언스㈜,사업장,전라권역,전라남도,여수시,전라남도 여수시 여수산단2로 84,061-688-4622,05 사업장 보유 방제물품(화학안전공동체)
호흡보호구(방독면·공기호흡기),보호구,송기식마스크,12,EA,KPX라이프 사이언스㈜,사업장,전라권역,전라남도,여수시,전라남도 여수시 여수산단2로 84,061-688-4622,05 사업장 보유 방제물품(화학안전공동체)
호흡보호구(방독면·공기호흡기),보호구,전면마스크,9,EA,KPX라이프 사이언스㈜,사업장,전라권역,전라남도,여수시,전라남도 여수시 여수산단로 201,061-688-4622,05 사업장 보유 방제물품(화학안전공동체)
호흡보호구(방독면·공기호흡기),보호구,반면형마스크,,10EA,㈜E1,사업장,전라권역,전라남도,여수시,전라남도 여수시 낙포단지길 60,061-690-9373,05 사업장 보유 방제물품(화학안전공동체)
호흡보호구(방독면·공기호흡기),보호구,방독면,2,EA,㈜대진,사업장,전라권역,전라남도,여수시,전라남도 여수시 삼동로 101,061-685-5980,05 사업장 보유 방제물품(화학안전공동체)
호흡보호구(방독면·공기호흡기),보호구,방독마스크,7,EA,㈜대평(냉동센터 위험물센터),사업장,전라권역,전라남도,광양시,전라남도 광양시 중마로 13,061-792-8147,05 사업장 보유 방제물품(화학안전공동체)
호흡보호구(방독면·공기호흡기),보호구,필터,7,EA,㈜대평(냉동센터 위험물센터),사업장,전라권역,전라남도,광양시,전라남도 광양시 중마로 13,061-792-8147,05 사업장 보유 방제물품(화학안전공동체)
호흡보호구(방독면·공기호흡기),보호구,반면형마스크,45,EA,㈜동성코퍼레이션,사업장,전라권역,전라남도,여수시,전라남도 여수시 여수산단2로 223-40,061-690-4623,05 사업장 보유 방제물품(화학안전공동체)
호흡보호구(방독면·공기호흡기),보호구,공기호흡기,5,EA,㈜동성코퍼레이션,사업장,전라권역,전라남도,여수시,전라남도 여수시 여수산단2로 223-40,061-690-4623,05 사업장 보유 방제물품(화학안전공동체)
호흡보호구(방독면·공기호흡기),보호구,반면형마스크,3,EA,㈜동특,사업장,전라권역,전라남도,여수시,전라남도 여수시 여수산단 4로 96,061-685-2311,05 사업장 보유 방제물품(화학안전공동체)
호흡보호구(방독면·공기호흡기),보호구,방독마스크(전면형),9,EA,㈜리스텍비즈 광양공장,사업장,전라권역,전라남도,광양시,전라남도 광양시 제철로 2148-97,061-797-2011,05 사업장 보유 방제물품(화학안전공동체)
호흡보호구(방독면·공기호흡기),보호구,정화통,9,EA,㈜리스텍비즈 광양공장,사업장,전라권역,전라남도,광양시,전라남도 광양시 제철로 2148-97,061-797-2011,05 사업장 보유 방제물품(화학안전공동체)
호흡보호구(방독면·공기호흡기),보호구,방독면,6,EA,㈜성원,사업장,전라권역,전라남도,광양시,전라남도 광양시 광양읍 초남공단2길 5,,05 사업장 보유 방제물품(화학안전공동체)
호흡보호구(방독면·공기호흡기),보호구,전면형마스크,10,EA,㈜세아엠엔에스,사업장,전라권역,전라남도,여수시,전라남도 여수시 산단중앙로 188,061-807-7114,05 사업장 보유 방제물품(화학안전공동체)
호흡보호구(방독면·공기호흡기),보호구,필터,20,EA,㈜세아엠엔에스,사업장,전라권역,전라남도,여수시,전라남도 여수시 산단중앙로 188,061-807-7114,05 사업장 보유 방제물품(화학안전공동체)
호흡보호구(방독면·공기호흡기),보호구,방독마스크,6,EA,㈜세아제강 순천공장 4블럭,사업장,전라권역,전라남도,순천시,전라남도 순천시 해룡면 신성리 908,061-760-2506,05 사업장 보유 방제물품(화학안전공동체)
호흡보호구(방독면·공기호흡기),보호구,필터,19,EA,㈜세아제강 순천공장 4블럭,사업장,전라권역,전라남도,순천시,전라남도 순천시 해룡면 신성리 908,061-760-2506,05 사업장 보유 방제물품(화학안전공동체)
호흡보호구(방독면·공기호흡기),보호구,방독마스크,3,EA,㈜씨앤씨케미칼 광양공장,사업장,전라권역,전라남도,광양시,전라남도 광양시 광양읍 직동1길 50,061-762-9340,05 사업장 보유 방제물품(화학안전공동체)
호흡보호구(방독면·공기호흡기),보호구,복합가스용 방독면,10,EA,㈜에스엔엔씨,사업장,전라권역,전라남도,광양시,전라남도 광양시 제철로 2148-139,061-797-9244,05 사업장 보유 방제물품(화학안전공동체)
호흡보호구(방독면·공기호흡기),보호구,방독필터,20,EA,㈜에스엔엔씨,사업장,전라권역,전라남도,광양시,전라남도 광양시 제철로 2148-139,061-797-9244,05 사업장 보유 방제물품(화학안전공동체)
호흡보호구(방독면·공기호흡기),보호구,공기호흡기,15,EA,㈜에스엔엔씨,사업장,전라권역,전라남도,광양시,전라남도 광양시 제철로 2148-139,061-797-9244,05 사업장 보유 방제물품(화학안전공동체)
호흡보호구(방독면·공기호흡기),보호구,방독마스크,24,EA,㈜엘지화학(SM),사업장,전라권역,전라남도,여수시,전라남도 여수시 여수산단로 954,061-680-6524,05 사업장 보유 방제물품(화학안전공동체)
호흡보호구(방독면·공기호흡기),보호구,공기호흡기,8,EA,㈜엘지화학(SM),사업장,전라권역,전라남도,여수시,전라남도 여수시 여수산단로 959,061-680-6524,05 사업장 보유 방제물품(화학안전공동체)
호흡보호구(방독면·공기호흡기),보호구,방독마스크,172,EA,㈜엘지화학(VCM),사업장,전라권역,전라남도,여수시,전라남도 여수시 여수산단로 1121,061-680-6524,05 사업장 보유 방제물품(화학안전공동체)
호흡보호구(방독면·공기호흡기),보호구,공기호흡기,21,EA,㈜엘지화학(VCM),사업장,전라권역,전라남도,여수시,전라남도 여수시 여수산단로 1121,061-680-6524,05 사업장 보유 방제물품(화학안전공동체)
호흡보호구(방독면·공기호흡기),보호구,반면형마스크,1,SET,㈜엘지화학(용성),사업장,전라권역,전라남도,여수시,전라남도 여수시 여수산단4로 58,061-689-3304,05 사업장 보유 방제물품(화학안전공동체)
호흡보호구(방독면·공기호흡기),보호구,공기호흡기,3,EA,㈜엘지화학(용성2),사업장,전라권역,전라남도,여수시,전라남도 여수시 여수산단4로 58 확장단지,,05 사업장 보유 방제물품(화학안전공동체)
호흡보호구(방독면·공기호흡기),보호구,전면형방독면,10,EA,㈜엘지화학(용성2),사업장,전라권역,전라남도,여수시,전라남도 여수시 여수산단4로 58 확장단지,,05 사업장 보유 방제물품(화학안전공동체)
호흡보호구(방독면·공기호흡기),보호구,방독면 필터,6,EA,㈜엘지화학(용성2),사업장,전라권역,전라남도,여수시,전라남도 여수시 여수산단4로 58 확장단지,,05 사업장 보유 방제물품(화학안전공동체)
호흡보호구(방독면·공기호흡기),보호구,공기호흡기,16,EA,㈜엘지화학(화치),사업장,전라권역,전라남도,여수시,전라남도 여수시 여수산단2로 55,061-680-1068,05 사업장 보유 방제물품(화학안전공동체)
호흡보호구(방독면·공기호흡기),보호구,전면마스크,4,EA,㈜엠이시,사업장,전라권역,전라남도,광영시,전라남도 광영시 옥곡면 신금산단5길 30,061-772-8825,05 사업장 보유 방제물품(화학안전공동체)
호흡보호구(방독면·공기호흡기),보호구,반면형마스크,5,EA,㈜엠이시,사업장,전라권역,전라남도,광영시,전라남도 광영시 옥곡면 신금산단5길 30,061-772-8825,05 사업장 보유 방제물품(화학안전공동체)
호흡보호구(방독면·공기호흡기),보호구,방독마스크,2,SET,㈜와이엔텍,사업장,전라권역,전라남도,여수시,전라남도 여수시 여수산단로 1232,061-690-6910,05 사업장 보유 방제물품(화학안전공동체)
호흡보호구(방독면·공기호흡기),보호구,방독면필터,2,EA,㈜와이엔텍,사업장,전라권역,전라남도,여수시,전라남도 여수시 여수산단로 1232,061-690-6910,05 사업장 보유 방제물품(화학안전공동체)
호흡보호구(방독면·공기호흡기),보호구,공기호흡기(60분),2,SET,㈜유니테크 여수지점,사업장,전라권역,전라남도,여수시,전라남도 여수시 진달래길 14,061-692-0461,05 사업장 보유 방제물품(화학안전공동체)
호흡보호구(방독면·공기호흡기),보호구,전면형방독마스크,4,EA,㈜유니테크 여수지점,사업장,전라권역,전라남도,여수시,전라남도 여수시 진달래길 14,061-692-0461,05 사업장 보유 방제물품(화학안전공동체)
호흡보호구(방독면·공기호흡기),보호구,반면형방독마스크,4,EA,㈜유니테크 여수지점,사업장,전라권역,전라남도,여수시,전라남도 여수시 진달래길 14,061-692-0461,05 사업장 보유 방제물품(화학안전공동체)
호흡보호구(방독면·공기호흡기),보호구,전면형필터,4,SET,㈜유니테크 여수지점,사업장,전라권역,전라남도,여수시,전라남도 여수시 진달래길 14,061-692-0461,05 사업장 보유 방제물품(화학안전공동체)
호흡보호구(방독면·공기호흡기),보호구,반면형필터,4,SET,㈜유니테크 여수지점,사업장,전라권역,전라남도,여수시,전라남도 여수시 진달래길 14,061-692-0461,05 사업장 보유 방제물품(화학안전공동체)
호흡보호구(방독면·공기호흡기),보호구,전면형마스크,3,EA,㈜이화산업,사업장,전라권역,전라남도,여수시,전라남도 여수시 여수산단로 597,061-686-4878,05 사업장 보유 방제물품(화학안전공동체)
호흡보호구(방독면·공기호흡기),보호구,방독면,2,EA,㈜클린메터,사업장,전라권역,전라남도,여수시,전라남도 여수시 여수산단1로 310-37,061-807-2244,05 사업장 보유 방제물품(화학안전공동체)
호흡보호구(방독면·공기호흡기),보호구,공기호흡기,175,EA,㈜포스코 광양제철소,사업장,전라권역,전라남도,광양시,전라남도 광양시 제철로1800,061-790-2542,05 사업장 보유 방제물품(화학안전공동체)
호흡보호구(방독면·공기호흡기),보호구,화학방독면,764,EA,㈜포스코 광양제철소,사업장,전라권역,전라남도,광양시,전라남도 광양시 제철로1800,061-790-2542,05 사업장 보유 방제물품(화학안전공동체)
호흡보호구(방독면·공기호흡기),보호구,송기마스크,16,EA,㈜피엠씨텍,사업장,전라권역,전라남도,광양시,전라남도 광양시 제철로2408,061-760-8976,05 사업장 보유 방제물품(화학안전공동체)
호흡보호구(방독면·공기호흡기),보호구,방독면,4,EA,㈜한국환경사업단,사업장,전라권역,전라남도,여수시,전라남도 여수시 진달래길 346,061-686-7066,05 사업장 보유 방제물품(화학안전공동체)
호흡보호구(방독면·공기호흡기),보호구,공기호흡기,1,EA,㈜한익스프레스,사업장,전라권역,전라남도,여수시,전라남도 여수시 여수산단로 611,061-685-5524,05 사업장 보유 방제물품(화학안전공동체)
호흡보호구(방독면·공기호흡기),보호구,방독마스크,5,EA,㈜한익스프레스,사업장,전라권역,전라남도,여수시,전라남도 여수시 여수산단로 611,061-685-5524,05 사업장 보유 방제물품(화학안전공동체)
호흡보호구(방독면·공기호흡기),보호구,방진마스크,25,EA,㈜한익스프레스,사업장,전라권역,전라남도,여수시,전라남도 여수시 여수산단로 611,061-685-5524,05 사업장 보유 방제물품(화학안전공동체)
호흡보호구(방독면·공기호흡기),보호구,전면형마스크,40,EA,㈜한화여수사업장,사업장,전라권역,전라남도,여수시,전라남도 여수시 신월로 411,061-640-1232,05 사업장 보유 방제물품(화학안전공동체)
호흡보호구(방독면·공기호흡기),보호구,반면형마스크,25,EA,㈜한화여수사업장,사업장,전라권역,전라남도,여수시,전라남도 여수시 신월로 411,061-640-1232,05 사업장 보유 방제물품(화학안전공동체)
호흡보호구(방독면·공기호흡기),보호구,공기호흡기,17,EA,㈜한화여수사업장,사업장,전라권역,전라남도,여수시,전라남도 여수시 신월로 411,061-640-1232,05 사업장 보유 방제물품(화학안전공동체)
호흡보호구(방독면·공기호흡기),보호구,송기마스크,10,EA,㈜한화여수사업장,사업장,전라권역,전라남도,여수시,전라남도 여수시 신월로 411,061-640-1232,05 사업장 보유 방제물품(화학안전공동체)
호흡보호구(방독면·공기호흡기),보호구,전면형 방독면,5,EA,광양항 컨테이너 부두 인근 (여수센터 관리),환경청·센터 장비함,전라권역,전라남도,광양시,전남 광양시 도이동 782,,04 환경청·센터 방제장비함
호흡보호구(방독면·공기호흡기),보호구,정화통,5,EA,광양항 컨테이너 부두 인근 (여수센터 관리),환경청·센터 장비함,전라권역,전라남도,광양시,전남 광양시 도이동 782,,04 환경청·센터 방제장비함
호흡보호구(방독면·공기호흡기),보호구,반면형마스크,10,EA,구다우케미칼,사업장,전라권역,전라남도,여수시,전라남도 여수시 중흥동 751-1,061-690-7808,05 사업장 보유 방제물품(화학안전공동체)
호흡보호구(방독면·공기호흡기),보호구,방독면,3,,구례군 환경과,지자체,전라권역,전라남도,구례군,전라남도 구례군 구례읍 봉성로 1,061-780-2982,01 지자체 보유 방재장비
호흡보호구(방독면·공기호흡기),보호구,양압식공기호흡기,38,대(60분용),금호미쓰이화학㈜,사업장,전라권역,전라남도,여수시,전라남도 여수시 여수산단2로 305,061-688-5090,05 사업장 보유 방제물품(화학안전공동체)
호흡보호구(방독면·공기호흡기),보호구,양압식공기호흡기,15,대(30분용),금호미쓰이화학㈜,사업장,전라권역,전라남도,여수시,전라남도 여수시 여수산단2로 305,061-688-5090,05 사업장 보유 방제물품(화학안전공동체)
호흡보호구(방독면·공기호흡기),보호구,양압식공기호흡기,5,EA,금호미쓰이화학㈜,사업장,전라권역,전라남도,여수시,전라남도 여수시 여수산단2로 305,061-688-5090,05 사업장 보유 방제물품(화학안전공동체)
호흡보호구(방독면·공기호흡기),보호구,방독면(전면형),20,SET,금호미쓰이화학㈜,사업장,전라권역,전라남도,여수시,전라남도 여수시 여수산단2로 305,061-688-5090,05 사업장 보유 방제물품(화학안전공동체)
호흡보호구(방독면·공기호흡기),보호구,방독면,50,SET,금호미쓰이화학㈜,사업장,전라권역,전라남도,여수시,전라남도 여수시 여수산단2로 305,061-688-5090,05 사업장 보유 방제물품(화학안전공동체)
호흡보호구(방독면·공기호흡기),보호구,규조토(반면형),100,포,금호미쓰이화학㈜,사업장,전라권역,전라남도,여수시,전라남도 여수시 여수산단2로 305,061-688-5090,05 사업장 보유 방제물품(화학안전공동체)
호흡보호구(방독면·공기호흡기),보호구,방독면,100,EA,금호석유화학㈜ 여수고무제1공장,사업장,전라권역,전라남도,여수시,전라남도 여수시 여수산단 3로118,061-688-3135,05 사업장 보유 방제물품(화학안전공동체)
호흡보호구(방독면·공기호흡기),보호구,방독면,50,EA,금호석유화학㈜ 여수고무제2공장,사업장,전라권역,전라남도,여수시,전라남도 여수시 산단중앙로33,061-688-7261,05 사업장 보유 방제물품(화학안전공동체)
호흡보호구(방독면·공기호흡기),보호구,반면형마스크,20,EA,금호석유화학㈜ 여수정밀화학공장,사업장,전라권역,전라남도,여수시,전라남도 여수시 여수산단2로 227,061-688-3943,05 사업장 보유 방제물품(화학안전공동체)
호흡보호구(방독면·공기호흡기),보호구,전면형마스크,80,EA,금호석유화학㈜ 여수정밀화학공장,사업장,전라권역,전라남도,여수시,전라남도 여수시 여수산단2로 227,061-688-3943,05 사업장 보유 방제물품(화학안전공동체)
호흡보호구(방독면·공기호흡기),보호구,반면형마스크,10,EA,금호석유화학㈜ 제1열병합발전소,사업장,전라권역,전라남도,여수시,전라남도 여수시 여수산단2로 46-51,061-688-3943,05 사업장 보유 방제물품(화학안전공동체)
호흡보호구(방독면·공기호흡기),보호구,방독마스크(전면형),7,EA,금호석유화학㈜ 제1열병합발전소,사업장,전라권역,전라남도,여수시,전라남도 여수시 여수산단2로 46-51,061-688-3943,05 사업장 보유 방제물품(화학안전공동체)
호흡보호구(방독면·공기호흡기),보호구,반면형마스크,18,EA,금호석유화학㈜ 제2열병합발전소,사업장,전라권역,전라남도,여수시,전라남도 여수시 여수산단2로 233-84,061-688-3943,05 사업장 보유 방제물품(화학안전공동체)
호흡보호구(방독면·공기호흡기),보호구,방독마스크(전면형),11,EA,금호석유화학㈜ 제2열병합발전소,사업장,전라권역,전라남도,여수시,전라남도 여수시 여수산단2로 233-84,061-688-3943,05 사업장 보유 방제물품(화학안전공동체)
호흡보호구(방독면·공기호흡기),보호구,공기호흡기,22,EA,남해화학㈜,사업장,전라권역,전라남도,여수시,전라남도 여수시 여수산돈로 1384,061-688-5752,05 사업장 보유 방제물품(화학안전공동체)
호흡보호구(방독면·공기호흡기),보호구,호흡보호구(반면형),20,EA,닛소남해아그로㈜,사업장,전라권역,전라남도,여수시,전라남도 여수시 여수산단로 1384,061-900-3531,05 사업장 보유 방제물품(화학안전공동체)
호흡보호구(방독면·공기호흡기),보호구,호흡보호구(전면형),30,EA,닛소남해아그로㈜,사업장,전라권역,전라남도,여수시,전라남도 여수시 여수산단로 1384,061-900-3531,05 사업장 보유 방제물품(화학안전공동체)
호흡보호구(방독면·공기호흡기),보호구,송기마스크,4,EA,닛소남해아그로㈜,사업장,전라권역,전라남도,여수시,전라남도 여수시 여수산단로 1384,061-900-3531,05 사업장 보유 방제물품(화학안전공동체)
호흡보호구(방독면·공기호흡기),보호구,전동식마스크,3,EA,닛소남해아그로㈜,사업장,전라권역,전라남도,여수시,전라남도 여수시 여수산단로 1384,061-900-3531,05 사업장 보유 방제물품(화학안전공동체)
호흡보호구(방독면·공기호흡기),보호구,공기호흡기,3,EA,닛소남해아그로㈜,사업장,전라권역,전라남도,여수시,전라남도 여수시 여수산단로 1384,061-900-3531,05 사업장 보유 방제물품(화학안전공동체)
호흡보호구(방독면·공기호흡기),보호구,공기호흡기,3,SET,닛소남해아그로㈜,사업장,전라권역,전라남도,여수시,전라남도 여수시 여수산단로 1384,061-900-3531,05 사업장 보유 방제물품(화학안전공동체)
호흡보호구(방독면·공기호흡기),보호구,방독면,3,,담양군 환경과,지자체,전라권역,전라남도,담양군,전라남도 담양군 담양읍 추성로 1371,061-380-3068,01 지자체 보유 방재장비
호흡보호구(방독면·공기호흡기),보호구,공기통마스크,8,EA,대림산업㈜ LHDPE공장,사업장,전라권역,전라남도,여수시,전라남도 여수시 여수산단중앙로 438,061-688-7548,05 사업장 보유 방제물품(화학안전공동체)
호흡보호구(방독면·공기호흡기),보호구,전면형 마스크,9,EA,대림산업㈜ LHDPE공장,사업장,전라권역,전라남도,여수시,전라남도 여수시 여수산단중앙로 438,061-688-7548,05 사업장 보유 방제물품(화학안전공동체)
호흡보호구(방독면·공기호흡기),보호구,공기통마스크,13,SET,대림산업㈜ 여수C4공장,사업장,전라권역,전라남도,여수시,전라남도 여수시 여수산단중앙로 275,061-688-6821,05 사업장 보유 방제물품(화학안전공동체)
호흡보호구(방독면·공기호흡기),보호구,전동식마스크,1,EA,대림산업㈜ 여수C4공장,사업장,전라권역,전라남도,여수시,전라남도 여수시 여수산단중앙로 275,061-688-6821,05 사업장 보유 방제물품(화학안전공동체)
호흡보호구(방독면·공기호흡기),보호구,전면형마스크,30,EA,대림산업㈜ 여수C4공장,사업장,전라권역,전라남도,여수시,전라남도 여수시 여수산단중앙로 275,061-688-6821,05 사업장 보유 방제물품(화학안전공동체)
호흡보호구(방독면·공기호흡기),보호구,공기통마스크,7,EA,대림산업㈜ 여수PB공장,사업장,전라권역,전라남도,여수시,전라남도 여수시 여수산단중앙로 276,061-688-6371,05 사업장 보유 방제물품(화학안전공동체)
호흡보호구(방독면·공기호흡기),보호구,전면형 마스크,6,EA,대림산업㈜ 여수PB공장,사업장,전라권역,전라남도,여수시,전라남도 여수시 여수산단중앙로 276,061-688-6371,05 사업장 보유 방제물품(화학안전공동체)
호흡보호구(방독면·공기호흡기),보호구,공기통 마스크,12,EA,대림산업㈜ 여수공장,사업장,전라권역,전라남도,여수시,전라남도 여수시 여수산단2로 220-10,061-688-6481,05 사업장 보유 방제물품(화학안전공동체)
호흡보호구(방독면·공기호흡기),보호구,전면형 마스크,18,EA,대림산업㈜ 여수공장,사업장,전라권역,전라남도,여수시,전라남도 여수시 여수산단2로 220-10,061-688-6481,05 사업장 보유 방제물품(화학안전공동체)
호흡보호구(방독면·공기호흡기),보호구,방독면,2,EA,롯데미쓰이화학㈜,사업장,전라권역,전라남도,여수시,전라남도 여수시 여수산단4로 129,061-680-8411,05 사업장 보유 방제물품(화학안전공동체)
호흡보호구(방독면·공기호흡기),보호구,방독마스크(전면형),75,EA,롯데베르살리스 엘라스토머스㈜,사업장,전라권역,전라남도,여수시,전라남도 여수시 여수산단4로 53,061-690-2522,05 사업장 보유 방제물품(화학안전공동체)
호흡보호구(방독면·공기호흡기),보호구,방독마스크(반면형),26,EA,롯데베르살리스 엘라스토머스㈜,사업장,전라권역,전라남도,여수시,전라남도 여수시 여수산단4로 53,061-690-2522,05 사업장 보유 방제물품(화학안전공동체)
호흡보호구(방독면·공기호흡기),보호구,반면형마스크,12,EA,롯데엠시시㈜ 여수1공장,사업장,전라권역,전라남도,여수시,전라남도 여수시 여수산단2로 116-82,061-680-8050,05 사업장 보유 방제물품(화학안전공동체)
호흡보호구(방독면·공기호흡기),보호구,공기호흡기,11,EA,롯데엠시시㈜ 여수1공장,사업장,전라권역,전라남도,여수시,전라남도 여수시 여수산단2로 116-82,061-680-8050,05 사업장 보유 방제물품(화학안전공동체)
호흡보호구(방독면·공기호흡기),보호구,반면형마스크,36,EA,롯데엠시시㈜ 여수2공장,사업장,전라권역,전라남도,여수시,전라남도 여수시 여수산단4로 129,061-680-8453,05 사업장 보유 방제물품(화학안전공동체)
호흡보호구(방독면·공기호흡기),보호구,방독마스크(전면형),72,EA,롯데엠시시㈜ 여수2공장,사업장,전라권역,전라남도,여수시,전라남도 여수시 여수산단4로 129,061-680-8453,05 사업장 보유 방제물품(화학안전공동체)
호흡보호구(방독면·공기호흡기),보호구,공기호흡기,17,EA,롯데엠시시㈜ 여수2공장,사업장,전라권역,전라남도,여수시,전라남도 여수시 여수산단4로 129,061-680-8453,05 사업장 보유 방제물품(화학안전공동체)
호흡보호구(방독면·공기호흡기),보호구,송기마스크,2,EA,롯데엠시시㈜ 여수2공장,사업장,전라권역,전라남도,여수시,전라남도 여수시 여수산단4로 129,061-680-8453,05 사업장 보유 방제물품(화학안전공동체)
호흡보호구(방독면·공기호흡기),보호구,공기호흡기,41,EA,롯데첨단소재㈜,사업장,전라권역,전라남도,여수시,전라남도 여수시 여수산단로 334-27,061-689-1301,05 사업장 보유 방제물품(화학안전공동체)
호흡보호구(방독면·공기호흡기),보호구,전면형방독면,600,EA,롯데첨단소재㈜,사업장,전라권역,전라남도,여수시,전라남도 여수시 여수산단로 334-27,061-689-1301,05 사업장 보유 방제물품(화학안전공동체)
호흡보호구(방독면·공기호흡기),보호구,에어라인마스크,10,EA,롯데첨단소재㈜,사업장,전라권역,전라남도,여수시,전라남도 여수시 여수산단로 334-27,061-689-1301,05 사업장 보유 방제물품(화학안전공동체)
호흡보호구(방독면·공기호흡기),보호구,유기용제마스크,200,EA,롯데첨단소재㈜,사업장,전라권역,전라남도,여수시,전라남도 여수시 여수산단로 334-27,061-689-1301,05 사업장 보유 방제물품(화학안전공동체)
호흡보호구(방독면·공기호흡기),보호구,방독마스크,6661,EA,롯데케미칼㈜ 여수1공장,사업장,전라권역,전라남도,여수시,전라남도 여수시 여수산단4로 53,061-688-2156,05 사업장 보유 방제물품(화학안전공동체)
호흡보호구(방독면·공기호흡기),보호구,방독마스크,69,EA,롯데케미칼㈜ 여수2공장,사업장,전라권역,전라남도,여수시,전라남도 여수시 여수산단2로 116-82,061-688-2156,05 사업장 보유 방제물품(화학안전공동체)
호흡보호구(방독면·공기호흡기),보호구,보호마스크,3,EA,매일식품㈜,사업장,전라권역,전라남도,순천시,전라남도 순천시 서면산단1길 16,061-752-3331,05 사업장 보유 방제물품(화학안전공동체)
호흡보호구(방독면·공기호흡기),보호구,방독면,3,EA,매일식품㈜,사업장,전라권역,전라남도,순천시,전라남도 순천시 서면산단1길 16,061-752-3331,05 사업장 보유 방제물품(화학안전공동체)
호흡보호구(방독면·공기호흡기),보호구,전면형 방독면,5,EA,묘도 휴게소 인근 (여수센터 관리),환경청·센터 장비함,전라권역,전라남도,광양시,전남 광양시 묘도7길 110,,04 환경청·센터 방제장비함
호흡보호구(방독면·공기호흡기),보호구,정화통,5,EA,묘도 휴게소 인근 (여수센터 관리),환경청·센터 장비함,전라권역,전라남도,광양시,전남 광양시 묘도7길 110,,04 환경청·센터 방제장비함
호흡보호구(방독면·공기호흡기),보호구,방독면,19,,무안군 환경과,지자체,전라권역,전라남도,무안군,전라남도 무안읍 무안로 530,061-450-5569,01 지자체 보유 방재장비
호흡보호구(방독면·공기호흡기),보호구,전면형마스크,5,EA,백광산업,사업장,전라권역,전라남도,여수시,전라남도 여수시 여수산단2로 284,061-680-0600,05 사업장 보유 방제물품(화학안전공동체)
호흡보호구(방독면·공기호흡기),보호구,반면형마스크,10,EA,백광산업,사업장,전라권역,전라남도,여수시,전라남도 여수시 여수산단2로 284,061-680-0600,05 사업장 보유 방제물품(화학안전공동체)
호흡보호구(방독면·공기호흡기),보호구,방독면 필터,20,EA,백광산업,사업장,전라권역,전라남도,여수시,전라남도 여수시 여수산단2로 284,061-680-0600,05 사업장 보유 방제물품(화학안전공동체)
호흡보호구(방독면·공기호흡기),보호구,AIR호스,20,M,백광산업,사업장,전라권역,전라남도,여수시,전라남도 여수시 여수산단2로 284,061-680-0600,05 사업장 보유 방제물품(화학안전공동체)
호흡보호구(방독면·공기호흡기),보호구,전면형마스크,105,EA,비를라카본코리아㈜,사업장,전라권역,전라남도,여수시,전라남도 여수시 여수산단2로 46-101,061-688-3331,05 사업장 보유 방제물품(화학안전공동체)
호흡보호구(방독면·공기호흡기),보호구,반면형마스크,25,EA,비를라카본코리아㈜,사업장,전라권역,전라남도,여수시,전라남도 여수시 여수산단2로 46-101,061-688-3331,05 사업장 보유 방제물품(화학안전공동체)
호흡보호구(방독면·공기호흡기),보호구,공기호흡기,5,EA,비를라카본코리아㈜,사업장,전라권역,전라남도,여수시,전라남도 여수시 여수산단2로 46-101,061-688-3331,05 사업장 보유 방제물품(화학안전공동체)
호흡보호구(방독면·공기호흡기),보호구,산소소생기,5,EA,비를라카본코리아㈜,사업장,전라권역,전라남도,여수시,전라남도 여수시 여수산단2로 46-101,061-688-3331,05 사업장 보유 방제물품(화학안전공동체)
호흡보호구(방독면·공기호흡기),보호구,전면형 방독면,5,EA,산곡-대포터널 인근 (여수센터 관리),환경청·센터 장비함,전라권역,전라남도,여수시,전남 여수시 율촌면 신풍리 산106-1,,04 환경청·센터 방제장비함
호흡보호구(방독면·공기호흡기),보호구,정화통,5,EA,산곡-대포터널 인근 (여수센터 관리),환경청·센터 장비함,전라권역,전라남도,여수시,전남 여수시 율촌면 신풍리 산106-1,,04 환경청·센터 방제장비함
호흡보호구(방독면·공기호흡기),보호구,방독면(전면형),130,EA,삼남석유화학㈜,사업장,전라권역,전라남도,여수시,전라남도 여수시 여수산단로 955,061-688-8283,05 사업장 보유 방제물품(화학안전공동체)
호흡보호구(방독면·공기호흡기),보호구,공기호흡기,21,EA,삼남석유화학㈜,사업장,전라권역,전라남도,여수시,전라남도 여수시 여수산단로 955,061-688-8283,05 사업장 보유 방제물품(화학안전공동체)
호흡보호구(방독면·공기호흡기),보호구,양압형 공기호흡기,1,EA,수자원공사 여수권지사 별량수령장,사업장,전라권역,전라남도,순천시,전라남도 순천시,061-759-4212,05 사업장 보유 방제물품(화학안전공동체)
호흡보호구(방독면·공기호흡기),보호구,방독마스크,9,EA,수자원공사 여수권지사 별량수령장,사업장,전라권역,전라남도,순천시,전라남도 순천시,061-759-4212,05 사업장 보유 방제물품(화학안전공동체)
호흡보호구(방독면·공기호흡기),보호구,전면형마스크,5,EA,아이씨케미칼,사업장,전라권역,전라남도,여수시,전라남도 여수시 여수산단4로 80,061-685-6717,05 사업장 보유 방제물품(화학안전공동체)
호흡보호구(방독면·공기호흡기),보호구,반면형마스크,10,EA,아이씨케미칼,사업장,전라권역,전라남도,여수시,전라남도 여수시 여수산단4로 80,061-685-6717,05 사업장 보유 방제물품(화학안전공동체)
호흡보호구(방독면·공기호흡기),보호구,공기호흡기,2,EA,아이씨케미칼,사업장,전라권역,전라남도,여수시,전라남도 여수시 여수산단4로 80,061-685-6717,05 사업장 보유 방제물품(화학안전공동체)
호흡보호구(방독면·공기호흡기),보호구,송기마스크,50,EA,엘지엠엠에이㈜,사업장,전라권역,전라남도,여수시,전라남도 여수시 여수산단4로 58,061-805-3855,05 사업장 보유 방제물품(화학안전공동체)
호흡보호구(방독면·공기호흡기),보호구,방독마스크,200,EA,엘지엠엠에이㈜,사업장,전라권역,전라남도,여수시,전라남도 여수시 여수산단4로 58,061-805-3855,05 사업장 보유 방제물품(화학안전공동체)
호흡보호구(방독면·공기호흡기),보호구,정화통,100,EA,엘지엠엠에이㈜,사업장,전라권역,전라남도,여수시,전라남도 여수시 여수산단4로 58,061-805-3855,05 사업장 보유 방제물품(화학안전공동체)
호흡보호구(방독면·공기호흡기),보호구,공기호흡기,10,EA,엘지엠엠에이㈜(PMMA공장),사업장,전라권역,전라남도,여수시,전라남도 여수시 여수산단2로 55,061-805-3855,05 사업장 보유 방제물품(화학안전공동체)
호흡보호구(방독면·공기호흡기),보호구,방독면,14,,여수시 산단환경관리과,지자체,전라권역,전라남도,여수시,전라남도 여수시 삼동2길 13,061-659-2820,01 지자체 보유 방재장비
호흡보호구(방독면·공기호흡기),보호구,방독면,12,,여수시 산단환경관리과,지자체,전라권역,전라남도,여수시,여수시 삼동2길 13,061-659-2819,02 지자체 보유 방재장비(청·센터별)
호흡보호구(방독면·공기호흡기),보호구,공기통마스크,4,EA,여천NCC㈜ C5분리공장,사업장,전라권역,전라남도,여수시,전라남도 여수시 화치동 1468,061-688-6065,05 사업장 보유 방제물품(화학안전공동체)
호흡보호구(방독면·공기호흡기),보호구,공기통마스크,57,EA,여천NCC㈜ 여수1공장,사업장,전라권역,전라남도,여수시,전라남도 여수시 여수산단3로 2,061-688-6065,05 사업장 보유 방제물품(화학안전공동체)
호흡보호구(방독면·공기호흡기),보호구,공기통마스크,38,EA,여천NCC㈜ 여수2공장,사업장,전라권역,전라남도,여수시,전라남도 여수시 여수산단2로 46-20,061-688-6065,05 사업장 보유 방제물품(화학안전공동체)
호흡보호구(방독면·공기호흡기),보호구,공기통마스크,30,EA,여천NCC㈜ 여수3공장,사업장,전라권역,전라남도,여수시,전라남도 여수시 여수산단2로 220-62,061-688-6065,05 사업장 보유 방제물품(화학안전공동체)
호흡보호구(방독면·공기호흡기),보호구,방독면,4,,영광군 환경과,지자체,전라권역,전라남도,영광군,전남 영광군 영광읍 중앙로 203,061-350-4754,01 지자체 보유 방재장비
호흡보호구(방독면·공기호흡기),보호구,반면형마스크,30,EA,오리온엔지니어드카본즈㈜,사업장,전라권역,전라남도,여수시,전라남도 여수시 진달래길 310-88,061-690-5143,05 사업장 보유 방제물품(화학안전공동체)
호흡보호구(방독면·공기호흡기),보호구,공기호흡기,10,대,오리온엔지니어드카본즈㈜,사업장,전라권역,전라남도,여수시,전라남도 여수시 진달래길 310-88,061-690-5143,05 사업장 보유 방제물품(화학안전공동체)
호흡보호구(방독면·공기호흡기),보호구,방독마스크,50,EA,오리온엔지니어드카본즈㈜,사업장,전라권역,전라남도,여수시,전라남도 여수시 진달래길 310-88,061-690-5143,05 사업장 보유 방제물품(화학안전공동체)
호흡보호구(방독면·공기호흡기),보호구,전면형 방독면,5,EA,옥곡 톨게이트 인근 (여수센터 관리),환경청·센터 장비함,전라권역,전라남도,광양시,전남 광양시 옥곡면 강변로 434-37,,04 환경청·센터 방제장비함
호흡보호구(방독면·공기호흡기),보호구,정화통,5,EA,옥곡 톨게이트 인근 (여수센터 관리),환경청·센터 장비함,전라권역,전라남도,광양시,전남 광양시 옥곡면 강변로 434-37,,04 환경청·센터 방제장비함
호흡보호구(방독면·공기호흡기),보호구,공기호흡기,3,EA,일양화학㈜,사업장,전라권역,전라남도,여수시,전라남도 여수시 여수산단2로 14,061-683-2201,05 사업장 보유 방제물품(화학안전공동체)
호흡보호구(방독면·공기호흡기),보호구,방독면,390,,장흥군 재난안전과,지자체,전라권역,전라남도,장흥군,전남 장흥군 장흥읍 잣두1길 43,061-860-6172,01 지자체 보유 방재장비
호흡보호구(방독면·공기호흡기),보호구,방독면,54,,전라남도 기후대기과,지자체,전라권역,전라남도,순천시,전라남도 순천시 매안로 16,061-286-7942,01 지자체 보유 방재장비
호흡보호구(방독면·공기호흡기),보호구,방독면,3,,진도군 환경수질과,지자체,전라권역,전라남도,진도군,전라남도 진도군 진도읍 철마길 25,061-540-3723,01 지자체 보유 방재장비
호흡보호구(방독면·공기호흡기),보호구,전면형마스크,2,EA,케이씨환경서비스㈜ 여수사업부,사업장,전라권역,전라남도,여수시,전라남도 여수시 산단중앙로 30-36,061-805-9501,05 사업장 보유 방제물품(화학안전공동체)
호흡보호구(방독면·공기호흡기),보호구,반면형마스크,34,EA,케이에스광학㈜,사업장,전라권역,전라남도,순천시,전라남도 순천시 율촌산단4로 26-108,061-727-9717,05 사업장 보유 방제물품(화학안전공동체)
호흡보호구(방독면·공기호흡기),보호구,전면형마스크,30,EA,케이에스광학㈜,사업장,전라권역,전라남도,순천시,전라남도 순천시 율촌산단4로 26-108,061-727-9717,05 사업장 보유 방제물품(화학안전공동체)
호흡보호구(방독면·공기호흡기),보호구,방독면필터(6001K),41,EA,케이에스광학㈜,사업장,전라권역,전라남도,순천시,전라남도 순천시 율촌산단4로 26-108,061-727-9717,05 사업장 보유 방제물품(화학안전공동체)
호흡보호구(방독면·공기호흡기),보호구,방독면필터(6003K),56,EA,케이에스광학㈜,사업장,전라권역,전라남도,순천시,전라남도 순천시 율촌산단4로 26-108,061-727-9717,05 사업장 보유 방제물품(화학안전공동체)
호흡보호구(방독면·공기호흡기),보호구,방독면필터(6006K),40,EA,케이에스광학㈜,사업장,전라권역,전라남도,순천시,전라남도 순천시 율촌산단4로 26-108,061-727-9717,05 사업장 보유 방제물품(화학안전공동체)
호흡보호구(방독면·공기호흡기),보호구,전면형마스크,20,EA,코니상사,판매업체,전라권역,전라남도,여수시,전남 여수시 웅남3길,061-684-3611,15 전남·광주 방제약품 판매업체 (2017년 기준)
호흡보호구(방독면·공기호흡기),보호구,마스크필터,50,EA,코니상사,판매업체,전라권역,전라남도,여수시,전남 여수시 웅남3길,061-684-3611,15 전남·광주 방제약품 판매업체 (2017년 기준)
호흡보호구(방독면·공기호흡기),보호구,방진마스크,500,EA,코니상사,판매업체,전라권역,전라남도,여수시,전남 여수시 웅남3길,061-684-3611,15 전남·광주 방제약품 판매업체 (2017년 기준)
호흡보호구(방독면·공기호흡기),보호구,공기호흡기,11,EA,코오롱인더스트리㈜ 여수공장,사업장,전라권역,전라남도,여수시,전라남도 여수시 산단중앙로 213,061-690-9842,05 사업장 보유 방제물품(화학안전공동체)
호흡보호구(방독면·공기호흡기),보호구,반면형마스크,25,EA,코오롱인더스트리㈜ 여수공장,사업장,전라권역,전라남도,여수시,전라남도 여수시 산단중앙로 213,061-690-9842,05 사업장 보유 방제물품(화학안전공동체)
호흡보호구(방독면·공기호흡기),보호구,공기호흡기,4,EA,포스코에너지㈜,사업장,전라권역,전라남도,광양시,전라남도 광양시 제철로1800,061-790-8494,05 사업장 보유 방제물품(화학안전공동체)
호흡보호구(방독면·공기호흡기),보호구,전동식공기호흡기,2,EA,포스코에너지㈜,사업장,전라권역,전라남도,광양시,전라남도 광양시 제철로1800,061-790-8494,05 사업장 보유 방제물품(화학안전공동체)
호흡보호구(방독면·공기호흡기),보호구,전면형마스크,19,EA,포스코에너지㈜,사업장,전라권역,전라남도,광양시,전라남도 광양시 제철로1800,061-790-8494,05 사업장 보유 방제물품(화학안전공동체)
호흡보호구(방독면·공기호흡기),보호구,반면형마스크,3,EA,한국남동발전㈜ 여수발전본부,사업장,전라권역,전라남도,여수시,전라남도 여수시 여수산단로 727,070-8898-5622,05 사업장 보유 방제물품(화학안전공동체)
호흡보호구(방독면·공기호흡기),보호구,전면형마스크,10,EA,한국남동발전㈜ 여수발전본부,사업장,전라권역,전라남도,여수시,전라남도 여수시 여수산단로 727,070-8898-5622,05 사업장 보유 방제물품(화학안전공동체)
호흡보호구(방독면·공기호흡기),보호구,가스마스크(대피용),179,EA,한국남동발전㈜ 여수발전본부,사업장,전라권역,전라남도,여수시,전라남도 여수시 여수산단로 727,070-8898-5622,05 사업장 보유 방제물품(화학안전공동체)
호흡보호구(방독면·공기호흡기),보호구,가스마스크(전시용),238,EA,한국남동발전㈜ 여수발전본부,사업장,전라권역,전라남도,여수시,전라남도 여수시 여수산단로 727,070-8898-5622,05 사업장 보유 방제물품(화학안전공동체)
호흡보호구(방독면·공기호흡기),보호구,정화통,20,EA,한국남동발전㈜ 여수발전본부,사업장,전라권역,전라남도,여수시,전라남도 여수시 여수산단로 727,070-8898-5622,05 사업장 보유 방제물품(화학안전공동체)
호흡보호구(방독면·공기호흡기),보호구,공기호흡기,4,EA,한국남동발전㈜ 호남화력본부,사업장,전라권역,전라남도,여수시,"전라남도 여수시 여수산단로 1203, 1층",,05 사업장 보유 방제물품(화학안전공동체)
호흡보호구(방독면·공기호흡기),보호구,방독면,12,EA,한국남동발전㈜ 호남화력본부,사업장,전라권역,전라남도,여수시,"전라남도 여수시 여수산단로 1203, 1층",,05 사업장 보유 방제물품(화학안전공동체)
호흡보호구(방독면·공기호흡기),보호구,정화통,38,EA,한국남동발전㈜ 호남화력본부,사업장,전라권역,전라남도,여수시,"전라남도 여수시 여수산단로 1203, 1층",,05 사업장 보유 방제물품(화학안전공동체)
호흡보호구(방독면·공기호흡기),보호구,방진마스크,7,EA,한국남동발전㈜ 호남화력본부,사업장,전라권역,전라남도,여수시,"전라남도 여수시 여수산단로 1203, 1층",,05 사업장 보유 방제물품(화학안전공동체)
호흡보호구(방독면·공기호흡기),보호구,송기마스크,7,EA,한국남동발전㈜ 호남화력본부,사업장,전라권역,전라남도,여수시,"전라남도 여수시 여수산단로 1203, 1층",,05 사업장 보유 방제물품(화학안전공동체)
호흡보호구(방독면·공기호흡기),보호구,VENTILATOR,11,EA,한국바스프㈜,사업장,전라권역,전라남도,여수시,전라남도 여수시 여수산단2로 284,061-680-7061,05 사업장 보유 방제물품(화학안전공동체)
호흡보호구(방독면·공기호흡기),보호구,AIR HOSE,22,EA,한국바스프㈜,사업장,전라권역,전라남도,여수시,전라남도 여수시 여수산단2로 284,061-680-7061,05 사업장 보유 방제물품(화학안전공동체)
호흡보호구(방독면·공기호흡기),보호구,공기호흡기,55,EA,한국바스프㈜,사업장,전라권역,전라남도,여수시,전라남도 여수시 여수산단2로 284,061-680-7061,05 사업장 보유 방제물품(화학안전공동체)
호흡보호구(방독면·공기호흡기),보호구,전면형마스크,56,EA,한국바스프㈜,사업장,전라권역,전라남도,여수시,전라남도 여수시 여수산단2로 284,061-680-7061,05 사업장 보유 방제물품(화학안전공동체)
호흡보호구(방독면·공기호흡기),보호구,송기마스크,14,EA,한국바스프㈜,사업장,전라권역,전라남도,여수시,전라남도 여수시 여수산단2로 284,061-680-7061,05 사업장 보유 방제물품(화학안전공동체)
호흡보호구(방독면·공기호흡기),보호구,양압식공기호흡기,63,EA,한국바스프㈜,사업장,전라권역,전라남도,여수시,전라남도 여수시 여수산단2로 284,061-680-7061,05 사업장 보유 방제물품(화학안전공동체)
호흡보호구(방독면·공기호흡기),보호구,5분용 에어팩,67,EA,한국바스프㈜,사업장,전라권역,전라남도,여수시,전라남도 여수시 여수산단2로 284,061-680-7061,05 사업장 보유 방제물품(화학안전공동체)
호흡보호구(방독면·공기호흡기),보호구,에어라인마스크,60,EA,한국바스프㈜,사업장,전라권역,전라남도,여수시,전라남도 여수시 여수산단2로 284,061-680-7061,05 사업장 보유 방제물품(화학안전공동체)
호흡보호구(방독면·공기호흡기),보호구,방독마스크,5,EA,한국캐솔㈜,사업장,전라권역,전라남도,순천시,전라남도 순천시 양율길 286,061-741-1661,05 사업장 보유 방제물품(화학안전공동체)
호흡보호구(방독면·공기호흡기),보호구,송기마스크,1,EA,한국캐솔㈜,사업장,전라권역,전라남도,순천시,전라남도 순천시 양율길 286,061-741-1661,05 사업장 보유 방제물품(화학안전공동체)
호흡보호구(방독면·공기호흡기),보호구,방독마스크,16,EA,한화케미칼㈜ 여수2,사업장,전라권역,전라남도,여수시,전라남도 여수시 여수산단4로 255,061-690-5728,05 사업장 보유 방제물품(화학안전공동체)
호흡보호구(방독면·공기호흡기),보호구,정화통,16,EA,한화케미칼㈜ 여수2,사업장,전라권역,전라남도,여수시,전라남도 여수시 여수산단4로 255,061-690-5728,05 사업장 보유 방제물품(화학안전공동체)
호흡보호구(방독면·공기호흡기),보호구,AIR PACK,15,EA,한화케미칼㈜ 여수2,사업장,전라권역,전라남도,여수시,전라남도 여수시 여수산단4로 255,061-690-5728,05 사업장 보유 방제물품(화학안전공동체)
호흡보호구(방독면·공기호흡기),보호구,공기호흡기,44,SET,한화케미칼㈜ 티다아이,사업장,전라권역,전라남도,여수시,전라남도 여수시 여수산단2로 46-47,061-688-4920,05 사업장 보유 방제물품(화학안전공동체)
호흡보호구(방독면·공기호흡기),보호구,전면형 송기마스크,103,SET,한화케미칼㈜ 티다아이,사업장,전라권역,전라남도,여수시,전라남도 여수시 여수산단2로 46-47,061-688-4920,05 사업장 보유 방제물품(화학안전공동체)
호흡보호구(방독면·공기호흡기),보호구,대피용호흡기,14,EA,한화케미칼㈜ 폴리실리콘,사업장,전라권역,전라남도,여수시,전라남도 여수시 여수산단4로 255,061-690-5728,05 사업장 보유 방제물품(화학안전공동체)
호흡보호구(방독면·공기호흡기),보호구,방독면,46,EA,한화케미칼㈜ 폴리실리콘,사업장,전라권역,전라남도,여수시,전라남도 여수시 여수산단4로 255,061-690-5728,05 사업장 보유 방제물품(화학안전공동체)
호흡보호구(방독면·공기호흡기),보호구,필터,46,EA,한화케미칼㈜ 폴리실리콘,사업장,전라권역,전라남도,여수시,전라남도 여수시 여수산단4로 255,061-690-5728,05 사업장 보유 방제물품(화학안전공동체)
호흡보호구(방독면·공기호흡기),보호구,AIR PACK,41,EA,한화케미칼㈜ 폴리실리콘,사업장,전라권역,전라남도,여수시,전라남도 여수시 여수산단4로 255,061-690-5728,05 사업장 보유 방제물품(화학안전공동체)
호흡보호구(방독면·공기호흡기),보호구,전면형 방독면,5,EA,해룡-율촌터널 인근 (여수센터 관리),환경청·센터 장비함,전라권역,전라남도,여수시,전남 여수시 율촌면 용전리 산207-12,,04 환경청·센터 방제장비함
호흡보호구(방독면·공기호흡기),보호구,정화통,5,EA,해룡-율촌터널 인근 (여수센터 관리),환경청·센터 장비함,전라권역,전라남도,여수시,전남 여수시 율촌면 용전리 산207-12,,04 환경청·센터 방제장비함
호흡보호구(방독면·공기호흡기),보호구,전면형마스크,17,EA,해인기업㈜ 여수공장,사업장,전라권역,전라남도,여수시,전라남도 여수시 중흥동 750-19,061-692-6800,05 사업장 보유 방제물품(화학안전공동체)
호흡보호구(방독면·공기호흡기),보호구,반면형마스크,12,EA,해인기업㈜ 여수공장,사업장,전라권역,전라남도,여수시,전라남도 여수시 중흥동 750-19,061-692-6800,05 사업장 보유 방제물품(화학안전공동체)
호흡보호구(방독면·공기호흡기),보호구,정화통,12,EA,해인기업㈜ 여수공장,사업장,전라권역,전라남도,여수시,전라남도 여수시 중흥동 750-19,061-692-6800,05 사업장 보유 방제물품(화학안전공동체)
호흡보호구(방독면·공기호흡기),보호구,공기호흡기,2,EA,해인기업㈜ 여수공장,사업장,전라권역,전라남도,여수시,전라남도 여수시 중흥동 750-19,061-692-6800,05 사업장 보유 방제물품(화학안전공동체)
호흡보호구(방독면·공기호흡기),보호구,송기마스크,8,EA,해인기업㈜ 여수공장,사업장,전라권역,전라남도,여수시,전라남도 여수시 중흥동 750-19,061-692-6800,05 사업장 보유 방제물품(화학안전공동체)
호흡보호구(방독면·공기호흡기),보호구,전면형마스크,11,EA,해인기업㈜ 여천공장,사업장,전라권역,전라남도,여수시,전라남도 여수시 여수산단로 830,061-686-0917,05 사업장 보유 방제물품(화학안전공동체)
호흡보호구(방독면·공기호흡기),보호구,양압식공기호흡기,2,SET,해인기업㈜ 여천공장,사업장,전라권역,전라남도,여수시,전라남도 여수시 여수산단로 830,061-686-0917,05 사업장 보유 방제물품(화학안전공동체)
호흡보호구(방독면·공기호흡기),보호구,전면형마스크,10,EA,해인기업㈜ 화치공장,사업장,전라권역,전라남도,여수시,전라남도 여수시 산단중앙로 30,061-686-6801,05 사업장 보유 방제물품(화학안전공동체)
호흡보호구(방독면·공기호흡기),보호구,반면형마스크,10,EA,해인기업㈜ 화치공장,사업장,전라권역,전라남도,여수시,전라남도 여수시 산단중앙로 30,061-686-6801,05 사업장 보유 방제물품(화학안전공동체)
호흡보호구(방독면·공기호흡기),보호구,방독면 필터,10,EA,해인기업㈜ 화치공장,사업장,전라권역,전라남도,여수시,전라남도 여수시 산단중앙로 30,061-686-6801,05 사업장 보유 방제물품(화학안전공동체)
호흡보호구(방독면·공기호흡기),보호구,정화통,10,EA,해인기업㈜ 화치공장,사업장,전라권역,전라남도,여수시,전라남도 여수시 산단중앙로 30,061-686-6801,05 사업장 보유 방제물품(화학안전공동체)
호흡보호구(방독면·공기호흡기),보호구,송기마스크,2,EA,해인기업㈜ 화치공장,사업장,전라권역,전라남도,여수시,전라남도 여수시 산단중앙로 30,061-686-6801,05 사업장 보유 방제물품(화학안전공동체)
호흡보호구(방독면·공기호흡기),보호구,공기호흡기,2,EA,해인기업㈜ 화치공장,사업장,전라권역,전라남도,여수시,전라남도 여수시 산단중앙로 30,061-686-6801,05 사업장 보유 방제물품(화학안전공동체)
호흡보호구(방독면·공기호흡기),보호구,전면형마스크,3,SET,현대에너지㈜,사업장,전라권역,전라남도,여수시,전라남도 여수시 여수산단로 727,061-683-7319,05 사업장 보유 방제물품(화학안전공동체)
호흡보호구(방독면·공기호흡기),보호구,공기호흡기,2,SET,현대에너지㈜,사업장,전라권역,전라남도,여수시,전라남도 여수시 여수산단로 727,061-683-7319,05 사업장 보유 방제물품(화학안전공동체)
호흡보호구(방독면·공기호흡기),보호구,방독마스크,106,EA,현대에너지㈜,사업장,전라권역,전라남도,여수시,전라남도 여수시 여수산단로 727,061-683-7319,05 사업장 보유 방제물품(화학안전공동체)
호흡보호구(방독면·공기호흡기),보호구,필터(방독),119,EA,현대에너지㈜,사업장,전라권역,전라남도,여수시,전라남도 여수시 여수산단로 727,061-683-7319,05 사업장 보유 방제물품(화학안전공동체)
호흡보호구(방독면·공기호흡기),보호구,필터(방진),120,EA,현대에너지㈜,사업장,전라권역,전라남도,여수시,전라남도 여수시 여수산단로 727,061-683-7319,05 사업장 보유 방제물품(화학안전공동체)
호흡보호구(방독면·공기호흡기),보호구,방독마스크,145,EA,현대제철㈜,사업장,전라권역,전라남도,순천시,전라남도 순천시 해룡면 인덕로 300,061-720-4665,05 사업장 보유 방제물품(화학안전공동체)
호흡보호구(방독면·공기호흡기),보호구,공기호흡기,2,SET,현대제철㈜,사업장,전라권역,전라남도,순천시,전라남도 순천시 해룡면 인덕로 300,061-720-4665,05 사업장 보유 방제물품(화학안전공동체)
호흡보호구(방독면·공기호흡기),보호구,송기마스크,3,SET,현대제철㈜,사업장,전라권역,전라남도,순천시,전라남도 순천시 해룡면 인덕로 300,061-720-4665,05 사업장 보유 방제물품(화학안전공동체)
호흡보호구(방독면·공기호흡기),보호구,전면형마스크(6800),200,개,화성,판매업체,전라권역,전라남도,광양시,전남 광양시 광양읍 회암3길 23,061-763-9020,15 전남·광주 방제약품 판매업체 (2017년 기준)
호흡보호구(방독면·공기호흡기),보호구,유기증기산 필터(6003),1,,화성,판매업체,전라권역,전라남도,광양시,전남 광양시 광양읍 회암3길 23,061-763-9020,15 전남·광주 방제약품 판매업체 (2017년 기준)
호흡보호구(방독면·공기호흡기),보호구,복합가스 필터(6006),1,,화성,판매업체,전라권역,전라남도,광양시,전남 광양시 광양읍 회암3길 23,061-763-9020,15 전남·광주 방제약품 판매업체 (2017년 기준)
호흡보호구(방독면·공기호흡기),보호구,방진마스크-8822K,12,,화성,판매업체,전라권역,전라남도,광양시,전남 광양시 광양읍 회암3길 23,061-763-9020,15 전남·광주 방제약품 판매업체 (2017년 기준)
호흡보호구(방독면·공기호흡기),보호구,전면형마스크,33,EA,휴켐스㈜ 여수공장,사업장,전라권역,전라남도,여수시,전라남도 여수시 상암로 963,061-680-4613,05 사업장 보유 방제물품(화학안전공동체)
호흡보호구(방독면·공기호흡기),보호구,반면형마스크,11,EA,휴켐스㈜ 여수공장,사업장,전라권역,전라남도,여수시,전라남도 여수시 상암로 963,061-680-4613,05 사업장 보유 방제물품(화학안전공동체)
호흡보호구(방독면·공기호흡기),보호구,방독마스크(반면형),8,개,(주)휴비스전주공장 (전북도청 관리),환경청·센터 장비함,전라권역,전북특별자치도,전주시,전북특별자치도 전주시 덕진구 기린대로 787,,04 환경청·센터 방제장비함
호흡보호구(방독면·공기호흡기),보호구,방독마스크(전면형),7,개,(주)휴비스전주공장 (전북도청 관리),환경청·센터 장비함,전라권역,전북특별자치도,전주시,전북특별자치도 전주시 덕진구 기린대로 787,,04 환경청·센터 방제장비함
호흡보호구(방독면·공기호흡기),보호구,정화통,8,개,(주)휴비스전주공장 (전북도청 관리),환경청·센터 장비함,전라권역,전북특별자치도,전주시,전북특별자치도 전주시 덕진구 기린대로 787,,04 환경청·센터 방제장비함
호흡보호구(방독면·공기호흡기),보호구,정화통(전면형),10,개,(주)휴비스전주공장 (전북도청 관리),환경청·센터 장비함,전라권역,전북특별자치도,전주시,전북특별자치도 전주시 덕진구 기린대로 787,,04 환경청·센터 방제장비함
호흡보호구(방독면·공기호흡기),보호구,방독마스크(반면형),8,개,119화학구조대(군산) (군산시 관리),환경청·센터 장비함,전라권역,전북특별자치도,군산시,전북특별자치도 군산시 외항7길 7,,04 환경청·센터 방제장비함
호흡보호구(방독면·공기호흡기),보호구,방독마스크(전면형),7,개,119화학구조대(군산) (군산시 관리),환경청·센터 장비함,전라권역,전북특별자치도,군산시,전북특별자치도 군산시 외항7길 7,,04 환경청·센터 방제장비함
호흡보호구(방독면·공기호흡기),보호구,정화통,8,개,119화학구조대(군산) (군산시 관리),환경청·센터 장비함,전라권역,전북특별자치도,군산시,전북특별자치도 군산시 외항7길 7,,04 환경청·센터 방제장비함
호흡보호구(방독면·공기호흡기),보호구,정화통(전면형),15,개,119화학구조대(군산) (군산시 관리),환경청·센터 장비함,전라권역,전북특별자치도,군산시,전북특별자치도 군산시 외항7길 7,,04 환경청·센터 방제장비함
호흡보호구(방독면·공기호흡기),보호구,방독마스크(반면형),8,개,SK넥실리스㈜ 정읍공장 (전북도청 관리),환경청·센터 장비함,전라권역,전북특별자치도,정읍시,전북특별자치도 정읍시 북면 3산단2길 2,,04 환경청·센터 방제장비함
호흡보호구(방독면·공기호흡기),보호구,방독마스크(전면형),5,개,SK넥실리스㈜ 정읍공장 (전북도청 관리),환경청·센터 장비함,전라권역,전북특별자치도,정읍시,전북특별자치도 정읍시 북면 3산단2길 2,,04 환경청·센터 방제장비함
호흡보호구(방독면·공기호흡기),보호구,정화통,8,개,SK넥실리스㈜ 정읍공장 (전북도청 관리),환경청·센터 장비함,전라권역,전북특별자치도,정읍시,전북특별자치도 정읍시 북면 3산단2길 2,,04 환경청·센터 방제장비함
호흡보호구(방독면·공기호흡기),보호구,정화통(전면형),10,개,SK넥실리스㈜ 정읍공장 (전북도청 관리),환경청·센터 장비함,전라권역,전북특별자치도,정읍시,전북특별자치도 정읍시 북면 3산단2길 2,,04 환경청·센터 방제장비함
호흡보호구(방독면·공기호흡기),보호구,방독면,40,,군산시 기후환경과,지자체,전라권역,전북특별자치도,군산시,전북 군산시 시청로 17,063-454-3403,01 지자체 보유 방재장비
호흡보호구(방독면·공기호흡기),보호구,방독면,40,,군산시 기후환경과,지자체,전라권역,전북특별자치도,군산시,전북특별자치도 군산시 시청로 17,063-454-3403,02 지자체 보유 방재장비(청·센터별)
호흡보호구(방독면·공기호흡기),보호구,방독면,46,,남원시 환경과,지자체,전라권역,전북특별자치도,남원시,전북 남원시 시청로 60,063-620-6913,01 지자체 보유 방재장비
호흡보호구(방독면·공기호흡기),보호구,방독마스크(반면형),8,개,도레이첨단소재㈜ 군산공장 (전북도청 관리),환경청·센터 장비함,전라권역,전북특별자치도,군산시,전북특별자치도 군산시 새만금북로 90,,04 환경청·센터 방제장비함
호흡보호구(방독면·공기호흡기),보호구,방독마스크(전면형),7,개,도레이첨단소재㈜ 군산공장 (전북도청 관리),환경청·센터 장비함,전라권역,전북특별자치도,군산시,전북특별자치도 군산시 새만금북로 90,,04 환경청·센터 방제장비함
호흡보호구(방독면·공기호흡기),보호구,정화통,8,개,도레이첨단소재㈜ 군산공장 (전북도청 관리),환경청·센터 장비함,전라권역,전북특별자치도,군산시,전북특별자치도 군산시 새만금북로 90,,04 환경청·센터 방제장비함
호흡보호구(방독면·공기호흡기),보호구,정화통(전면형),15,개,도레이첨단소재㈜ 군산공장 (전북도청 관리),환경청·센터 장비함,전라권역,전북특별자치도,군산시,전북특별자치도 군산시 새만금북로 90,,04 환경청·센터 방제장비함
호흡보호구(방독면·공기호흡기),보호구,전면형 방독면,5,개,도레이첨단소재㈜ 군산공장 주차장 (전북청 관리),환경청·센터 장비함,전라권역,전북특별자치도,군산시,전북특별자치도 군산시 새만금북로 90,,04 환경청·센터 방제장비함
호흡보호구(방독면·공기호흡기),보호구,방독면 필터,5,개,도레이첨단소재㈜ 군산공장 주차장 (전북청 관리),환경청·센터 장비함,전라권역,전북특별자치도,군산시,전북특별자치도 군산시 새만금북로 90,,04 환경청·센터 방제장비함
호흡보호구(방독면·공기호흡기),보호구,전면형 방독면,14,EA,동전주영업소 (전북청 관리),환경청·센터 장비함,전라권역,전북특별자치도,전주시,전북특별자치도 전주시 덕진구 수곡길 33-50,,04 환경청·센터 방제장비함
호흡보호구(방독면·공기호흡기),보호구,방독면 필터,14,EA,동전주영업소 (전북청 관리),환경청·센터 장비함,전라권역,전북특별자치도,전주시,전북특별자치도 전주시 덕진구 수곡길 33-50,,04 환경청·센터 방제장비함
호흡보호구(방독면·공기호흡기),보호구,방독면,3,,무주군 환경과,지자체,전라권역,전북특별자치도,무주군,전북 무주군 무주읍 주계로 97,063-320-2388,01 지자체 보유 방재장비
호흡보호구(방독면·공기호흡기),보호구,방독마스크(반면형),8,개,미원상사㈜ 익산공장 (전북도청 관리),환경청·센터 장비함,전라권역,전북특별자치도,익산시,전북특별자치도 익산시 낭산면 미륵사지로 820-25,,04 환경청·센터 방제장비함
호흡보호구(방독면·공기호흡기),보호구,방독마스크(전면형),5,개,미원상사㈜ 익산공장 (전북도청 관리),환경청·센터 장비함,전라권역,전북특별자치도,익산시,전북특별자치도 익산시 낭산면 미륵사지로 820-25,,04 환경청·센터 방제장비함
호흡보호구(방독면·공기호흡기),보호구,정화통,8,개,미원상사㈜ 익산공장 (전북도청 관리),환경청·센터 장비함,전라권역,전북특별자치도,익산시,전북특별자치도 익산시 낭산면 미륵사지로 820-25,,04 환경청·센터 방제장비함
호흡보호구(방독면·공기호흡기),보호구,방독면,25,,부안군 환경과,지자체,전라권역,전북특별자치도,부안군,전북 부안군 부안읍 당산로 91,063-580-4382,01 지자체 보유 방재장비
호흡보호구(방독면·공기호흡기),보호구,전면형 방독면,14,EA,북남원영업소 (전북청 관리),환경청·센터 장비함,전라권역,전북특별자치도,남원시,전북특별자치도 남원시 대산면 순천완주고속도로 64,,04 환경청·센터 방제장비함
호흡보호구(방독면·공기호흡기),보호구,방독면 필터,14,EA,북남원영업소 (전북청 관리),환경청·센터 장비함,전라권역,전북특별자치도,남원시,전북특별자치도 남원시 대산면 순천완주고속도로 64,,04 환경청·센터 방제장비함
호흡보호구(방독면·공기호흡기),보호구,전면형 방독면,5,개,삼양화인테크놀로지㈜(군산2국가산단) (군산시 관리),환경청·센터 장비함,전라권역,전북특별자치도,군산시,전북특별자치도 군산시 자유무역 1길 63,,04 환경청·센터 방제장비함
호흡보호구(방독면·공기호흡기),보호구,방독면 필터,5,개,삼양화인테크놀로지㈜(군산2국가산단) (군산시 관리),환경청·센터 장비함,전라권역,전북특별자치도,군산시,전북특별자치도 군산시 자유무역 1길 63,,04 환경청·센터 방제장비함
호흡보호구(방독면·공기호흡기),보호구,방독마스크(전면형),2,개,신제타코리아㈜ (전북도청 관리),환경청·센터 장비함,전라권역,전북특별자치도,익산시,전북특별자치도 익산시 석암로 11길 87,,04 환경청·센터 방제장비함
호흡보호구(방독면·공기호흡기),보호구,정화통(전면형),4,개,신제타코리아㈜ (전북도청 관리),환경청·센터 장비함,전라권역,전북특별자치도,익산시,전북특별자치도 익산시 석암로 11길 87,,04 환경청·센터 방제장비함
호흡보호구(방독면·공기호흡기),보호구,전면형 방독면,5,개,어린이교통공원(군산1국가산단) (군산시 관리),환경청·센터 장비함,전라권역,전북특별자치도,군산시,전북특별자치도 군산시 동장산로 135,,04 환경청·센터 방제장비함
호흡보호구(방독면·공기호흡기),보호구,방독면 필터,5,개,어린이교통공원(군산1국가산단) (군산시 관리),환경청·센터 장비함,전라권역,전북특별자치도,군산시,전북특별자치도 군산시 동장산로 135,,04 환경청·센터 방제장비함
호흡보호구(방독면·공기호흡기),보호구,전면형 방독면,14,EA,오수휴게소 완주방향(상) (전북청 관리),환경청·센터 장비함,전라권역,전북특별자치도,임실군,전북특별자치도 임실군 오수면 순천완주고속도로 74,,04 환경청·센터 방제장비함
호흡보호구(방독면·공기호흡기),보호구,방독면 필터,14,EA,오수휴게소 완주방향(상) (전북청 관리),환경청·센터 장비함,전라권역,전북특별자치도,임실군,전북특별자치도 임실군 오수면 순천완주고속도로 74,,04 환경청·센터 방제장비함
호흡보호구(방독면·공기호흡기),보호구,전면형 방독면,5,개,이피캠텍㈜ 2공장(새만금산단) (군산시 관리),환경청·센터 장비함,전라권역,전북특별자치도,군산시,전북특별자치도 군산시 새만금산단 2로 358,,04 환경청·센터 방제장비함
호흡보호구(방독면·공기호흡기),보호구,방독면 필터,5,개,이피캠텍㈜ 2공장(새만금산단) (군산시 관리),환경청·센터 장비함,전라권역,전북특별자치도,군산시,전북특별자치도 군산시 새만금산단 2로 358,,04 환경청·센터 방제장비함
호흡보호구(방독면·공기호흡기),보호구,방독면,4,,임실군 환경보호과,지자체,전라권역,전북특별자치도,임실군,전북 임실군 임실읍 수정로 30,063-640-2963,01 지자체 보유 방재장비
호흡보호구(방독면·공기호흡기),보호구,방독면,10,,정읍시 환경정책과,지자체,전라권역,전북특별자치도,정읍시,전북 정읍시 충정로 234,063-539-5713,01 지자체 보유 방재장비
호흡보호구(방독면·공기호흡기),보호구,전면형 방독면,14,EA,진안 마이산휴게소 익산방향 (전북청 관리),환경청·센터 장비함,전라권역,전북특별자치도,진안군,전북특별자치도 진안군 진안읍 익산장수고속도로 41,,04 환경청·센터 방제장비함
호흡보호구(방독면·공기호흡기),보호구,방독면 필터,14,EA,진안 마이산휴게소 익산방향 (전북청 관리),환경청·센터 장비함,전라권역,전북특별자치도,진안군,전북특별자치도 진안군 진안읍 익산장수고속도로 41,,04 환경청·센터 방제장비함
호흡보호구(방독면·공기호흡기),보호구,전면형 방독면,14,EA,진안 마이산휴게소 장수방향 (전북청 관리),환경청·센터 장비함,전라권역,전북특별자치도,진안군,전북특별자치도 진안군 진안읍 익산장수고속도로 42,,04 환경청·센터 방제장비함
호흡보호구(방독면·공기호흡기),보호구,방독면 필터,14,EA,진안 마이산휴게소 장수방향 (전북청 관리),환경청·센터 장비함,전라권역,전북특별자치도,진안군,전북특별자치도 진안군 진안읍 익산장수고속도로 42,,04 환경청·센터 방제장비함
호흡보호구(방독면·공기호흡기),보호구,방독면,63,,진안군 안전재난과,지자체,전라권역,전북특별자치도,진안군,전북 진안군 진안읍 중앙로 67,063-430-2445,01 지자체 보유 방재장비
호흡보호구(방독면·공기호흡기),보호구,전면형 방독면,14,EA,춘향휴게소 순천방향(하) (전북청 관리),환경청·센터 장비함,전라권역,전북특별자치도,남원시,전북특별자치도 남원시 수지면 순천완주고속도로 50,,04 환경청·센터 방제장비함
호흡보호구(방독면·공기호흡기),보호구,방독면 필터,14,EA,춘향휴게소 순천방향(하) (전북청 관리),환경청·센터 장비함,전라권역,전북특별자치도,남원시,전북특별자치도 남원시 수지면 순천완주고속도로 50,,04 환경청·센터 방제장비함
호흡보호구(방독면·공기호흡기),보호구,전면형 방독면,14,EA,한국도로공사 남원지사 (전북청 관리),환경청·센터 장비함,전라권역,전북특별자치도,남원시,전북특별자치도 남원시 충정로 265-19,,04 환경청·센터 방제장비함
호흡보호구(방독면·공기호흡기),보호구,방독면 필터,14,EA,한국도로공사 남원지사 (전북청 관리),환경청·센터 장비함,전라권역,전북특별자치도,남원시,전북특별자치도 남원시 충정로 265-19,,04 환경청·센터 방제장비함
호흡보호구(방독면·공기호흡기),보호구,방독마스크(반면형),8,개,현대자동차㈜ (전북도청 관리),환경청·센터 장비함,전라권역,전북특별자치도,완주군,전북특별자치도 완주군 봉동읍 완주산단5로 170,,04 환경청·센터 방제장비함
호흡보호구(방독면·공기호흡기),보호구,방독마스크(전면형),7,개,현대자동차㈜ (전북도청 관리),환경청·센터 장비함,전라권역,전북특별자치도,완주군,전북특별자치도 완주군 봉동읍 완주산단5로 171,,04 환경청·센터 방제장비함
호흡보호구(방독면·공기호흡기),보호구,정화통,8,개,현대자동차㈜ (전북도청 관리),환경청·센터 장비함,전라권역,전북특별자치도,완주군,전북특별자치도 완주군 봉동읍 완주산단5로 172,,04 환경청·센터 방제장비함
호흡보호구(방독면·공기호흡기),보호구,정화통(전면형),13,개,현대자동차㈜ (전북도청 관리),환경청·센터 장비함,전라권역,전북특별자치도,완주군,전북특별자치도 완주군 봉동읍 완주산단5로 173,,04 환경청·센터 방제장비함
호흡보호구(방독면·공기호흡기),보호구,방독면,211,,- 동물위생시험소,지자체,전라권역,제주특별자치도,-,제주시 조천읍 번영로 941,064-710-8572,01 지자체 보유 방재장비
호흡보호구(방독면·공기호흡기),보호구,방독면,11,,- 민속자연사박물관,지자체,전라권역,제주특별자치도,-,제주 제주시 삼성로 40,064-710-7705,01 지자체 보유 방재장비
호흡보호구(방독면·공기호흡기),보호구,방독면,58,,- 보건환경연구원,지자체,전라권역,제주특별자치도,-,제주 제주시 삼동길 41,064-710-6066,01 지자체 보유 방재장비
호흡보호구(방독면·공기호흡기),보호구,방독면,200,,서귀포시 안전총괄과,지자체,전라권역,제주특별자치도,서귀포시,제주 서귀포시 중앙로105(서귀포시청),064-760-3173,01 지자체 보유 방재장비
호흡보호구(방독면·공기호흡기),보호구,방독면,308,,서귀포시 예래동,지자체,전라권역,제주특별자치도,서귀포시,제주 서귀포시 예래로 67 (상예동),064-760-4855,01 지자체 보유 방재장비
호흡보호구(방독면·공기호흡기),보호구,방독면,526,,제주시 건입동,지자체,전라권역,제주특별자치도,제주시,제주시 만덕로 18(건입동),064-728-4669,01 지자체 보유 방재장비
호흡보호구(방독면·공기호흡기),보호구,방독면,777,,제주시 구좌읍,지자체,전라권역,제주특별자치도,제주시,제주시 구좌읍 일주동로 3116,064-728-7716,01 지자체 보유 방재장비
호흡보호구(방독면·공기호흡기),보호구,방독면,731,,제주시 삼도1동,지자체,전라권역,제주특별자치도,제주시,제주시 전농로 40,064-728-8083,01 지자체 보유 방재장비
호흡보호구(방독면·공기호흡기),보호구,방독면,1068,,제주시 오라동,지자체,전라권역,제주특별자치도,제주시,제주 제주시 오라로10길 6,064-728-4814,01 지자체 보유 방재장비
호흡보호구(방독면·공기호흡기),보호구,방독면,132,,제주시 우도면,지자체,전라권역,제주특별자치도,제주시,제주 제주시 우도면 우도로 153,064-728-4343,01 지자체 보유 방재장비
호흡보호구(방독면·공기호흡기),보호구,방독면,1586,,제주시 조천읍,지자체,전라권역,제주특별자치도,제주시,제주 제주시 조천읍 신북로 194,064-728-7851,01 지자체 보유 방재장비
호흡보호구(방독면·공기호흡기),보호구,방독면,895,,제주시 총무과,지자체,전라권역,제주특별자치도,제주시,제주 제주시 광양9길 10,064-728-2043,01 지자체 보유 방재장비
호흡보호구(방독면·공기호흡기),보호구,Level C 마스크(전면형),12,개,한국환경공단 수질오염방제센터 금강센터,국가기관 비축,충청권역,,,,,09 한국환경공단 수질오염방제센터
호흡보호구(방독면·공기호흡기),보호구,Level C 마스크(반면형),5,개,한국환경공단 수질오염방제센터 금강센터,국가기관 비축,충청권역,,,,,09 한국환경공단 수질오염방제센터
호흡보호구(방독면·공기호흡기),보호구,Level C 정화통,9,개,한국환경공단 수질오염방제센터 금강센터,국가기관 비축,충청권역,,,,,09 한국환경공단 수질오염방제센터
호흡보호구(방독면·공기호흡기),보호구,Level C 정화통(복합가스),5,개,한국환경공단 수질오염방제센터 금강센터,국가기관 비축,충청권역,,,,,09 한국환경공단 수질오염방제센터
호흡보호구(방독면·공기호흡기),보호구,방독면,65,,- 상수도사업본부 관리과,지자체,충청권역,대전광역시,-,대전광역시 서구 신갈마로141번길 80,042-715-6053,01 지자체 보유 방재장비
호흡보호구(방독면·공기호흡기),보호구,방독면,17,,- 상수도사업본부 대덕사업소,지자체,충청권역,대전광역시,-,대전광역시 대덕구 계족산로 20,042-715-6763,01 지자체 보유 방재장비
호흡보호구(방독면·공기호흡기),보호구,방독면,20,,- 상수도사업본부 동부사업소,지자체,충청권역,대전광역시,-,대전광역시 동구 동대전로 292,042-715-6654,01 지자체 보유 방재장비
호흡보호구(방독면·공기호흡기),보호구,방독면,20,,- 상수도사업본부 수질연구소,지자체,충청권역,대전광역시,-,대전광역시 대덕구 송촌로 50,042-715-6654,01 지자체 보유 방재장비
호흡보호구(방독면·공기호흡기),보호구,방독면,30,,- 상수도사업본부 신탄진정수사업소,지자체,충청권역,대전광역시,-,대전광역시 대덕구 신탄진로756번안길 223,042-715-6512,01 지자체 보유 방재장비
호흡보호구(방독면·공기호흡기),보호구,방독면,52,,- 상수도사업본부 월평정수사업소,지자체,충청권역,대전광역시,-,대전광역시 서구 신갈마로141번길 82,042-715-6412,01 지자체 보유 방재장비
호흡보호구(방독면·공기호흡기),보호구,방독면,651,,대덕구 법1동,지자체,충청권역,대전광역시,대덕구,대전광역시 대덕구 계족로663번길 36,042-608-5746,01 지자체 보유 방재장비
호흡보호구(방독면·공기호흡기),보호구,방독면,731,,대덕구 비래동,지자체,충청권역,대전광역시,대덕구,대전광역시 대덕구 비래동로10,042-608-5686,01 지자체 보유 방재장비
호흡보호구(방독면·공기호흡기),보호구,방독면,1098,,대덕구 송촌동,지자체,충청권역,대전광역시,대덕구,대전광역시 대덕구 동춘당로94번길 11,042-608-5704,01 지자체 보유 방재장비
호흡보호구(방독면·공기호흡기),보호구,방독면,1185,,대덕구 중리동,지자체,충청권역,대전광역시,대덕구,대전광역시 대덕구 대덕구 중리남로47,042-608-5725,01 지자체 보유 방재장비
호흡보호구(방독면·공기호흡기),보호구,방독면,762,,대덕구 회덕동,지자체,충청권역,대전광역시,대덕구,대전광역시 대덕구 대전로 1376,042-608-5667,01 지자체 보유 방재장비
호흡보호구(방독면·공기호흡기),보호구,방독면,13857,,동구 환경과,지자체,충청권역,대전광역시,동구,대전광역시 동구 가오동 425,042-251-4546,01 지자체 보유 방재장비
호흡보호구(방독면·공기호흡기),보호구,방독면,500,,서구 가장동,지자체,충청권역,대전광역시,서구,대전광역시 서구 도산로 282,042-288-5335,01 지자체 보유 방재장비
호흡보호구(방독면·공기호흡기),보호구,방독면,251,,서구 갈마1동,지자체,충청권역,대전광역시,서구,대전광역시 서구 신갈마로 191,042-288-5396,01 지자체 보유 방재장비
호흡보호구(방독면·공기호흡기),보호구,방독면,745,,서구 갈마2동,지자체,충청권역,대전광역시,서구,대전광역시 서구 대덕대로 147,042-288-5426,01 지자체 보유 방재장비
호흡보호구(방독면·공기호흡기),보호구,방독면,2278,,서구 관저2동,지자체,충청권역,대전광역시,서구,대전광역시 서구 관저중로82,042-288-5653,01 지자체 보유 방재장비
호흡보호구(방독면·공기호흡기),보호구,방독면,781,,서구 내동,지자체,충청권역,대전광역시,서구,대전광역시 서구 도솔로 247,042-288-5365,01 지자체 보유 방재장비
호흡보호구(방독면·공기호흡기),보호구,방독면,1126,,서구 도마1동,지자체,충청권역,대전광역시,서구,대전광역시 서구 도마3길 46,042-288-5038,01 지자체 보유 방재장비
호흡보호구(방독면·공기호흡기),보호구,방독면,1510,,서구 도안동,지자체,충청권역,대전광역시,서구,대전광역시 서구 원도안로242번길 33,042-288-5696,01 지자체 보유 방재장비
호흡보호구(방독면·공기호흡기),보호구,방독면,1079,,서구 둔산2동,지자체,충청권역,대전광역시,서구,대전광역시 서구 둔산서로 80,042-288-5248,01 지자체 보유 방재장비
호흡보호구(방독면·공기호흡기),보호구,방독면,675,,서구 변동,지자체,충청권역,대전광역시,서구,대전광역시 서구 중반5길 133 (변동),042-288-5126,01 지자체 보유 방재장비
호흡보호구(방독면·공기호흡기),보호구,방독면,1144,,서구 용문동,지자체,충청권역,대전광역시,서구,대전광역시 서구 계룡로 626-1,042-288-5155,01 지자체 보유 방재장비
호흡보호구(방독면·공기호흡기),보호구,방독면,50,,서구 월평1동,지자체,충청권역,대전광역시,서구,대전광역시 서구 월평서로 13,042-288-5456,01 지자체 보유 방재장비
호흡보호구(방독면·공기호흡기),보호구,방독면,1005,,서구 월평3동,지자체,충청권역,대전광역시,서구,대전광역시 서구 청사로 27-9,042-288-5521,01 지자체 보유 방재장비
호흡보호구(방독면·공기호흡기),보호구,방독면,350,,서구 정림동,지자체,충청권역,대전광역시,서구,대전광역시 서구 정림동로 10,042-288-5096,01 지자체 보유 방재장비
호흡보호구(방독면·공기호흡기),보호구,방독면,2,,유성구 푸른환경과,지자체,충청권역,대전광역시,유성구,대전광역시 유성구 대학로 211,042-611-2309,01 지자체 보유 방재장비
호흡보호구(방독면·공기호흡기),보호구,방독면,12578,,중구 재난안전과,지자체,충청권역,대전광역시,중구,대전광역시 중구 중앙로 100,042-606-7462,01 지자체 보유 방재장비
호흡보호구(방독면·공기호흡기),보호구,방독면,5,,세종특별자치시 환경정책과,지자체,충청권역,세종특별자치시,,"세종특별자치시 호려울로 19, 스마트허브Ⅲ (보람동)",044-300-4242,01 지자체 보유 방재장비
호흡보호구(방독면·공기호흡기),보호구,방독면,4,,금산군 환경위생과,지자체,충청권역,충청남도,금산군,충청남도 금산군 금산읍 군청길 13,041-750-2512,01 지자체 보유 방재장비
호흡보호구(방독면·공기호흡기),보호구,전면형 방독면,5,ea,남공주영업소 (금강청 관리),환경청·센터 장비함,충청권역,충청남도,공주시,충남 공주시 논산천안고속도로 40,,04 환경청·센터 방제장비함
호흡보호구(방독면·공기호흡기),보호구,정화통,5,ea,남공주영업소 (금강청 관리),환경청·센터 장비함,충청권역,충청남도,공주시,충남 공주시 논산천안고속도로 40,,04 환경청·센터 방제장비함
호흡보호구(방독면·공기호흡기),보호구,방독면,6,,논산시 환경과,지자체,충청권역,충청남도,논산시,충청남도 논산시 시민로210번길 9,041-746-5523,01 지자체 보유 방재장비
호흡보호구(방독면·공기호흡기),보호구,전면형 방독면,10,ea,당진영업소 (금강청 관리),환경청·센터 장비함,충청권역,충청남도,당진시,충남 당진시 송압읍 반촌로 224,,04 환경청·센터 방제장비함
호흡보호구(방독면·공기호흡기),보호구,정화통,10,ea,당진영업소 (금강청 관리),환경청·센터 장비함,충청권역,충청남도,당진시,충남 당진시 송압읍 반촌로 224,,04 환경청·센터 방제장비함
호흡보호구(방독면·공기호흡기),보호구,Level C 마스크(전면형),5,ea,부여 은산산단 (금강청 관리),환경청·센터 장비함,충청권역,충청남도,서천군,충남 서천군 장항읍 옥남리 1077,,04 환경청·센터 방제장비함
호흡보호구(방독면·공기호흡기),보호구,Level C 정화통,5,ea,부여 은산산단 (금강청 관리),환경청·센터 장비함,충청권역,충청남도,서천군,충남 서천군 장항읍 옥남리 1077,,04 환경청·센터 방제장비함
호흡보호구(방독면·공기호흡기),보호구,방독면,5,,부여군 환경과,지자체,충청권역,충청남도,부여군,충청남도 부여군 부여읍 사비로 33,041-830-2299,01 지자체 보유 방재장비
호흡보호구(방독면·공기호흡기),보호구,Level C 마스크(전면형),5,ea,북천안영업소 (금강청 관리),환경청·센터 장비함,충청권역,충청남도,천안시,충남 천안시 서북구 성거읍 도토성길 146,,04 환경청·센터 방제장비함
호흡보호구(방독면·공기호흡기),보호구,Level C 정화통,5,ea,북천안영업소 (금강청 관리),환경청·센터 장비함,충청권역,충청남도,천안시,충남 천안시 서북구 성거읍 도토성길 146,,04 환경청·센터 방제장비함
호흡보호구(방독면·공기호흡기),보호구,방독면,24,,서산시 기후환경대기과,지자체,충청권역,충청남도,서산시,충청남도 서산시 고운로 177,041-661-8278,01 지자체 보유 방재장비
호흡보호구(방독면·공기호흡기),보호구,방독면,24,,서산시 기후환경대기과,지자체,충청권역,충청남도,서산시,충청남도 서산시 고운로 177,041-661-8278,02 지자체 보유 방재장비(청·센터별)
호흡보호구(방독면·공기호흡기),보호구,Level C 마스크(전면형),5,ea,서천 장항산단 (금강청 관리),환경청·센터 장비함,충청권역,충청남도,서천군,충남 서천군 장항읍 옥남리 1077,,04 환경청·센터 방제장비함
호흡보호구(방독면·공기호흡기),보호구,Level C 정화통,5,ea,서천 장항산단 (금강청 관리),환경청·센터 장비함,충청권역,충청남도,서천군,충남 서천군 장항읍 옥남리 1077,,04 환경청·센터 방제장비함
호흡보호구(방독면·공기호흡기),보호구,방독면,23,,서천군 환경보호과,지자체,충청권역,충청남도,서천군,충청남도 서천군 서천읍 서림로 19,041-950-4332,01 지자체 보유 방재장비
호흡보호구(방독면·공기호흡기),보호구,방독면,23,,서천군 환경보호과,지자체,충청권역,충청남도,서천군,충청남도 서천군 서천읍 서림로 19,041-950-4332,02 지자체 보유 방재장비(청·센터별)
호흡보호구(방독면·공기호흡기),보호구,방독면,2,,아산시 환경보전과,지자체,충청권역,충청남도,아산시,충청남도 아산시 시민로 456,041-540-2440,01 지자체 보유 방재장비
호흡보호구(방독면·공기호흡기),보호구,방독면,2,,아산시 환경보전과,지자체,충청권역,충청남도,아산시,충청남도 아산시 시민로 456,041-540-2440,02 지자체 보유 방재장비(청·센터별)
호흡보호구(방독면·공기호흡기),보호구,Level C 마스크(전면형),5,ea,천안 제5산단 (금강청 관리),환경청·센터 장비함,충청권역,충청남도,천안시,충남 천안시 동남구 성남면 대화리 377,,04 환경청·센터 방제장비함
호흡보호구(방독면·공기호흡기),보호구,Level C 정화통,5,ea,천안 제5산단 (금강청 관리),환경청·센터 장비함,충청권역,충청남도,천안시,충남 천안시 동남구 성남면 대화리 377,,04 환경청·센터 방제장비함
호흡보호구(방독면·공기호흡기),보호구,방독면,16,,천안시 환경정책과,지자체,충청권역,충청남도,천안시,천안시 서북구 번영로 156,041-521-5437,01 지자체 보유 방재장비
호흡보호구(방독면·공기호흡기),보호구,방독면,5,,청양군 환경정책과,지자체,충청권역,충청남도,청양군,충청남도 청양군 청양읍 문화예술로 222,041-940-4825,01 지자체 보유 방재장비
호흡보호구(방독면·공기호흡기),보호구,방독면,5,,청양군 환경정책과,지자체,충청권역,충청남도,청양군,충청남도 청양군 청양읍 문화예술로 222,041-940-4825,02 지자체 보유 방재장비(청·센터별)
호흡보호구(방독면·공기호흡기),보호구,방독면,5,,충청남도 119특수대응단,지자체,충청권역,충청남도,아산시,충청남도 아산시 염치읍 은행나무길223,041-590-6433,01 지자체 보유 방재장비
호흡보호구(방독면·공기호흡기),보호구,방독면,10,,충청남도 계룡소방서,지자체,충청권역,충청남도,계룡시,충청남도 계룡시 문화로 32,042-540-0311,01 지자체 보유 방재장비
호흡보호구(방독면·공기호흡기),보호구,방독면,2,,충청남도 논산소방서,지자체,충청권역,충청남도,논산시,충청남도 논산시 대학로 17,041-730-0313,01 지자체 보유 방재장비
호흡보호구(방독면·공기호흡기),보호구,방독면,33,,충청남도 당진소방서,지자체,충청권역,충청남도,당진시,충청남도 당진시 역천로 838,041-350-5313,01 지자체 보유 방재장비
호흡보호구(방독면·공기호흡기),보호구,방독면,15,,충청남도 보령소방서,지자체,충청권역,충청남도,보령시,충청남도 보령시 성주산로 63,041-930-0311,01 지자체 보유 방재장비
호흡보호구(방독면·공기호흡기),보호구,방독면,5,,충청남도 부여소방서,지자체,충청권역,충청남도,부여군,충청남도 부여군 규암면 계백로 17,041-830-0311,01 지자체 보유 방재장비
호흡보호구(방독면·공기호흡기),보호구,방독면,200,,충청남도 사회재난과,지자체,충청권역,충청남도,홍성군,충청남도 홍성군 홍북읍 충남대로 21,041-635-2373,01 지자체 보유 방재장비
호흡보호구(방독면·공기호흡기),보호구,방독면,64,,충청남도 예산소방서,지자체,충청권역,충청남도,예산군,충청남도 예산군 오가면 오가중앙로111,041-330-4312,01 지자체 보유 방재장비
호흡보호구(방독면·공기호흡기),보호구,방독면,31,,충청남도 천안동남소방서,지자체,충청권역,충청남도,천안시,충청남도 천안시 동남구 천안대로 580,041-570-0313,01 지자체 보유 방재장비
호흡보호구(방독면·공기호흡기),보호구,방독면,11,,충청남도 청양소방서,지자체,충청권역,충청남도,청양군,충청남도 청양군 청양읍 충절로 1187,041-940-7312,01 지자체 보유 방재장비
호흡보호구(방독면·공기호흡기),보호구,방독면,6,,충청남도 태안소방서,지자체,충청권역,충청남도,태안군,충청남도 태안군 태안읍 동백로 100,041-671-0311,01 지자체 보유 방재장비
호흡보호구(방독면·공기호흡기),보호구,방독면,22,,충청남도 홍성소방서,지자체,충청권역,충청남도,홍성군,충청남도 홍성군 홍성읍 충절로 741,041-630-0312,01 지자체 보유 방재장비
호흡보호구(방독면·공기호흡기),보호구,방독면,15,,충청남도 환경관리과,지자체,충청권역,충청남도,홍성군,충청남도 홍성군 홍북읍 충남대로 22,041-635-6909,01 지자체 보유 방재장비
호흡보호구(방독면·공기호흡기),보호구,방독면,5242,,홍성군 환경과,지자체,충청권역,충청남도,홍성군,충청남도 홍성군 홍성읍 아문길 27,041-630-1767,01 지자체 보유 방재장비
호흡보호구(방독면·공기호흡기),보호구,방독면,5242,,홍성군 환경과,지자체,충청권역,충청남도,홍성군,충청남도 홍성군 홍성읍 아문길 27,041-630-1767,02 지자체 보유 방재장비(청·센터별)
호흡보호구(방독면·공기호흡기),보호구,방독면,6,,보은군 환경위생과,지자체,충청권역,충청북도,보은군,충북 보은군 보은읍 군청길 38,043-540-3532,01 지자체 보유 방재장비
호흡보호구(방독면·공기호흡기),보호구,전면형 방독면,5,ea,서오창영업소 (금강청 관리),환경청·센터 장비함,충청권역,충청북도,청주시,충북 청주시 청원구 오창읍 두릉유리로 726-60,,04 환경청·센터 방제장비함
호흡보호구(방독면·공기호흡기),보호구,정화통,5,ea,서오창영업소 (금강청 관리),환경청·센터 장비함,충청권역,충청북도,청주시,충북 청주시 청원구 오창읍 두릉유리로 726-60,,04 환경청·센터 방제장비함
호흡보호구(방독면·공기호흡기),보호구,방독면,15,,음성군 복지정책과,지자체,충청권역,충청북도,음성군,충북 음성군 음성읍 중앙로 173,043-871-3329,01 지자체 보유 방재장비
호흡보호구(방독면·공기호흡기),보호구,방독면,15,,음성군 복지정책과,지자체,충청권역,충청북도,음성군,음성군 음성읍 중앙로 173,043-871-3329,02 지자체 보유 방재장비(청·센터별)
호흡보호구(방독면·공기호흡기),보호구,방독면,532,,음성군 재난안전과,지자체,충청권역,충청북도,음성군,충북 음성군 음성읍 중앙로 173,043-871-3262,01 지자체 보유 방재장비
호흡보호구(방독면·공기호흡기),보호구,방독면,532,,음성군 재난안전과,지자체,충청권역,충청북도,음성군,음성군 음성읍 중앙로 173,043-871-3262,02 지자체 보유 방재장비(청·센터별)
호흡보호구(방독면·공기호흡기),보호구,전면형 방독면,5,ea,청주 ic (금강청 관리),환경청·센터 장비함,충청권역,충청북도,청주시,충북 청주시 흥덕구 비하동 492-1,,04 환경청·센터 방제장비함
호흡보호구(방독면·공기호흡기),보호구,정화통,5,ea,청주 ic (금강청 관리),환경청·센터 장비함,충청권역,충청북도,청주시,충북 청주시 흥덕구 비하동 492-1,,04 환경청·센터 방제장비함
호흡보호구(방독면·공기호흡기),보호구,방독면,20,,청주시 재난대응과,지자체,충청권역,충청북도,청주시,충북 청주시 상당구 상당로 69번길 38,043-201-1653,01 지자체 보유 방재장비
호흡보호구(방독면·공기호흡기),보호구,방독면,2481,,충주시 대기환경과,지자체,충청권역,충청북도,충주시,충북 충주시 으뜸로 21,043-850-3673,01 지자체 보유 방재장비
호흡보호구(방독면·공기호흡기),보호구,방독면,2481,,충주시 대기환경과,지자체,충청권역,충청북도,충주시,충청북도 충주시 으뜸로 21,043-850-3673,02 지자체 보유 방재장비(청·센터별)
화학보호복,보호구,보호복,9,,강릉시 환경과,지자체,강원권역,강원특별자치도,강릉시,강원 강릉시 강릉대로 33,033-640-5356,01 지자체 보유 방재장비
화학보호복,보호구,보호복,4,,고성군 환경과,지자체,강원권역,강원특별자치도,고성군,강원 고성군 죽왕면 짱고개길 253,033-680-3823,01 지자체 보유 방재장비
화학보호복,보호구,보호복,13,,고성군 환경과,지자체,강원권역,강원특별자치도,고성군,강원 고성군 간성읍 고성중앙길9,033-680-3343,01 지자체 보유 방재장비
화학보호복,보호구,보호복,20,,속초시 친환경과,지자체,강원권역,강원특별자치도,속초시,강원 속초시 중앙로 183,033-639-1578,01 지자체 보유 방재장비
화학보호복,보호구,보호복,10,,양구군 환경과,지자체,강원권역,강원특별자치도,양구군,강원 양구군 관공서로 38,033-480-7284,01 지자체 보유 방재장비
화학보호복,보호구,보호복,5,,영월군 환경위생과,지자체,강원권역,강원특별자치도,영월군,강원 영월군 영월읍 하송로 64,033-370-2157,01 지자체 보유 방재장비
화학보호복,보호구,보호복,122,,인제군 환경보호과,지자체,강원권역,강원특별자치도,인제군,강원 인제군 인제읍 인제로187번길 8,033-460-4453,01 지자체 보유 방재장비
화학보호복,보호구,보호복,5,,정선군 환경과,지자체,강원권역,강원특별자치도,정선군,강원 정선군 정선읍 봉양3길 21,033-560-2354,01 지자체 보유 방재장비
화학보호복,보호구,보호복,5,,태백시 환경과,지자체,강원권역,강원특별자치도,태백시,강원 태백시 태붐로 21,033-550-3974,01 지자체 보유 방재장비
화학보호복,보호구,보호복,37,,홍천군 환경과,지자체,강원권역,강원특별자치도,홍천군,강원 홍천군 홍천읍 석화로 93,033-430-2625,01 지자체 보유 방재장비
화학보호복,보호구,일회용방제복,237,벌,한국환경공단 수질오염방제센터 낙동강센터,국가기관 비축,경상권역,,,,,09 한국환경공단 수질오염방제센터
화학보호복,보호구,Level C 보호복,12,벌,한국환경공단 수질오염방제센터 낙동강센터,국가기관 비축,경상권역,,,,,09 한국환경공단 수질오염방제센터
화학보호복,보호구,보호복,11,,거제시 기후환경과,지자체,경상권역,경상남도,거제시,경상남도 거제시 계룡로 125(고현동) 거제시청,055-639-3933,01 지자체 보유 방재장비
화학보호복,보호구,보호복,52,,거창군 환경과,지자체,경상권역,경상남도,거창군,경상남도 거창군 거창읍 중앙로 103,055-940-3514,01 지자체 보유 방재장비
화학보호복,보호구,보호복,30,,김해시 환경정책과,지자체,경상권역,경상남도,김해시,경상남도 김해시 김해대로 2401,055-330-2733,01 지자체 보유 방재장비
화학보호복,보호구,보호복,2,,남해군 환경과,지자체,경상권역,경상남도,남해군,경상남도 남해군 남해읍 에코파크길 65-10,055-860-3273,01 지자체 보유 방재장비
화학보호복,보호구,보호복,2,,남해군 환경과,지자체,경상권역,경상남도,남해군,경상남도 남해군 남해읍 에코파크길 65-10,055-860-3273,02 지자체 보유 방재장비(청·센터별)
화학보호복,보호구,보호복,41,,사천시 환경보호과,지자체,경상권역,경상남도,사천시,사천시 용현면 시청로 77,055-831-2777,01 지자체 보유 방재장비
화학보호복,보호구,보호복,20,,산청군 환경위생과,지자체,경상권역,경상남도,산청군,경상남도 산청군 산청읍 산엔청로 1,055-970-7122,01 지자체 보유 방재장비
화학보호복,보호구,보호복,5,,양산시 수질관리과,지자체,경상권역,경상남도,양산시,경남 양산시 중앙로 39,055-392-3582,01 지자체 보유 방재장비
화학보호복,보호구,보호복,5,,양산시 수질관리과,지자체,경상권역,경상남도,양산시,경남 양산시 중앙로 39,055-392-3582,02 지자체 보유 방재장비(청·센터별)
화학보호복,보호구,보호복,30,,창원시 마산합포구 환경과,지자체,경상권역,경상남도,창원시 마산합포구,경상남도 창원시 마산합포구 3·15대로 210,055-220-4573,01 지자체 보유 방재장비
화학보호복,보호구,보호복,11,,창원시 마산회원구 환경과,지자체,경상권역,경상남도,창원시 마산회원구,경상남도 창원시 마산회원구 삼호로 63,055-230-4573,01 지자체 보유 방재장비
화학보호복,보호구,보호복,3,,창원시 의창구 환경과,지자체,경상권역,경상남도,창원시 의창구,경상남도 창원시 의창구 원이대로 80,055-212-4573,01 지자체 보유 방재장비
화학보호복,보호구,보호복,10,,창원시 진해구 환경과,지자체,경상권역,경상남도,창원시 진해구,창원시 진해구 진대해로 1101,055-548-4573,01 지자체 보유 방재장비
화학보호복,보호구,보호복,5,,하동군 환경보호과,지자체,경상권역,경상남도,하동군,경상남도 하동군 하동읍 군청로 23,055-880-2574,01 지자체 보유 방재장비
화학보호복,보호구,보호복,5,,하동군 환경보호과,지자체,경상권역,경상남도,하동군,경상남도 하동군 하동읍 군청로 23,055-880-2574,02 지자체 보유 방재장비(청·센터별)
화학보호복,보호구,보호의,46,EA,한국남동발전㈜ 하동발전본부,사업장,경상권역,경상남도,하동군,경상남도 하동군 금성면 경제산업로 509,070-7713-1294,05 사업장 보유 방제물품(화학안전공동체)
화학보호복,보호구,앞치마,46,EA,한국남동발전㈜ 하동발전본부,사업장,경상권역,경상남도,하동군,경상남도 하동군 금성면 경제산업로 509,070-7713-1294,05 사업장 보유 방제물품(화학안전공동체)
화학보호복,보호구,보호복,5,,함양군 환경정책과,지자체,경상권역,경상남도,함양군,경상남도 함양군 함양읍 고운로 35,055-960-6116,01 지자체 보유 방재장비
화학보호복,보호구,보호복,54,,경산시 환경과,지자체,경상권역,경상북도,경산시,경상북도 경산시 남매로 159,053-810-5476,01 지자체 보유 방재장비
화학보호복,보호구,보호복,30,,경주시 환경정책과,지자체,경상권역,경상북도,경주시,경상북도 경주시 양정로 260(동천동),054-779-6372,01 지자체 보유 방재장비
화학보호복,보호구,보호복,20,,고령군 환경과,지자체,경상권역,경상북도,고령군,고령군 대가야읍 왕릉로 55,054-950-6523,01 지자체 보유 방재장비
화학보호복,보호구,보호복,17,,구미시 환경관리과,지자체,경상권역,경상북도,구미시,경상북도 구미시 농산물시잘로 15,054-480-5275,01 지자체 보유 방재장비
화학보호복,보호구,보호복,17,,구미시 환경관리과,지자체,경상권역,경상북도,구미시,경상북도 구미시 농산물시잘로 15,054-480-5275,02 지자체 보유 방재장비(청·센터별)
화학보호복,보호구,보호복,16,,김천시 환경위생과,지자체,경상권역,경상북도,김천시,김천시 시청1길 1,054-420-6681,01 지자체 보유 방재장비
화학보호복,보호구,보호복,11,,김천시 환경위생과,지자체,경상권역,경상북도,김천시,경상북도 김천시 시청1길 1,054-420-6681,02 지자체 보유 방재장비(청·센터별)
화학보호복,보호구,보호복,1,,문경시 환경보호과,지자체,경상권역,경상북도,문경시,경상북도 문경시 당교로 225,054-550-6501,02 지자체 보유 방재장비(청·센터별)
화학보호복,보호구,보호복,5,,봉화군 녹색환경과,지자체,경상권역,경상북도,봉화군,경북 봉화군 봉화읍 봉화로 1111,054-679-6403,01 지자체 보유 방재장비
화학보호복,보호구,보호복,32,,상주시 환경관리과,지자체,경상권역,경상북도,상주시,경북 상주시 상산로 223,054-537-7357,01 지자체 보유 방재장비
화학보호복,보호구,보호복,32,,상주시 환경관리과,지자체,경상권역,경상북도,상주시,경북 상주시 상산로 223,054-537-7357,02 지자체 보유 방재장비(청·센터별)
화학보호복,보호구,보호복,180,,성주군 환경과,지자체,경상권역,경상북도,성주군,경북 성주군 성주읍 성주로 3200,054-930-6182,01 지자체 보유 방재장비
화학보호복,보호구,보호복,180,,성주군 환경과,지자체,경상권역,경상북도,성주군,경북 성주군 성주읍 성주로 3200,054-930-6182,02 지자체 보유 방재장비(청·센터별)
화학보호복,보호구,보호복,30,,안동시 환경관리과,지자체,경상권역,경상북도,안동시,경상북도 안동시 퇴계로 115,054-840-5287,01 지자체 보유 방재장비
화학보호복,보호구,보호복,30,,안동시 환경관리과,지자체,경상권역,경상북도,안동시,경상북도 안동시 퇴계로 115,054-840-5287,02 지자체 보유 방재장비(청·센터별)
화학보호복,보호구,보호복,4,,안동시시설관리공단 안동환경팀,지자체,경상권역,경상북도,안동시시설관리공단,경상북도 안동시 앙실3길 21-20,054-850-4549,01 지자체 보유 방재장비
화학보호복,보호구,보호복,12,,영양군 환경보전과,지자체,경상권역,경상북도,영양군,경북 영양군 영양읍 군청길37,054-680-6510,01 지자체 보유 방재장비
화학보호복,보호구,보호복,3,,영주시 안전재난과,지자체,경상권역,경상북도,영주시,경상북도 영주시 시청로 1,054-639-5968,01 지자체 보유 방재장비
화학보호복,보호구,보호복,3,,영주시 안전재난과,지자체,경상권역,경상북도,영주시,경상북도 영주시 시청로 1,054-639-5968,02 지자체 보유 방재장비(청·센터별)
화학보호복,보호구,보호복,12,,영주시 환경보호과,지자체,경상권역,경상북도,영주시,경상북도 영주시 시청로 1,054-639-6793,02 지자체 보유 방재장비(청·센터별)
화학보호복,보호구,보호복,216,,영천시 환경보호과,지자체,경상권역,경상북도,영천시,경상북도 영천시 시청로 16,054-330-6483,01 지자체 보유 방재장비
화학보호복,보호구,보호복,1,,예천군 맑은물사업소,지자체,경상권역,경상북도,예천군,경북 예천군 예천읍 충효로 111,054-650-6372,01 지자체 보유 방재장비
화학보호복,보호구,보호복,1,,예천군 보문면,지자체,경상권역,경상북도,예천군,경북 예천군 무근열길 3,054-650-8553,01 지자체 보유 방재장비
화학보호복,보호구,보호복,106,,예천군 안전재난과,지자체,경상권역,경상북도,예천군,경북 예천군 예천읍 충효로 111,054-650-6151,01 지자체 보유 방재장비
화학보호복,보호구,보호복,2,,예천군 환경관리과,지자체,경상권역,경상북도,예천군,경북 예천군 예천읍 충효로 111,054-650-6188,01 지자체 보유 방재장비
화학보호복,보호구,보호복,6,,예천군 환경관리과,지자체,경상권역,경상북도,예천군,경북 예천군 예천읍 충효로 111,054-650-6188,01 지자체 보유 방재장비
화학보호복,보호구,보호복,4,,의성군 환경축산과,지자체,경상권역,경상북도,의성군,경상북도 의성군 군청길 31,054-830-6179,01 지자체 보유 방재장비
화학보호복,보호구,보호복,3,,청도군 환경산림과,지자체,경상권역,경상북도,청도군,경상북도 청도군 화양읍 청화로 70,054-370-2187,01 지자체 보유 방재장비
화학보호복,보호구,보호복,7,,칠곡군 환경관리과,지자체,경상권역,경상북도,칠곡군,경상북도 칠곡군 왜관읍 군청1길 80,054-979-6692,01 지자체 보유 방재장비
화학보호복,보호구,보호복,20,,포항시 환경정책과,지자체,경상권역,경상북도,포항시,포항시 남구 시청로 1,054-270-3113,01 지자체 보유 방재장비
화학보호복,보호구,보호복,7,,군위군 환경과,지자체,경상권역,대구광역시,군위군,대구광역시 군위군 군위읍 군청로 200,054-380-7992,01 지자체 보유 방재장비
화학보호복,보호구,보호복,7,,군위군 환경과,지자체,경상권역,대구광역시,군위군,대구광역시 군위군 군위읍 군청로 200,054-380-7992,02 지자체 보유 방재장비(청·센터별)
화학보호복,보호구,보호복,10,,남구 녹색환경과,지자체,경상권역,대구광역시,남구,대구광역시 남구 이천로 51,053-664-2576,01 지자체 보유 방재장비
화학보호복,보호구,보호복,8,,달성군 환경과,지자체,경상권역,대구광역시,달성군,대구광역시 달성군 논공읍 달성군청로 33,053-668-2602,01 지자체 보유 방재장비
화학보호복,보호구,보호복,13,,대구광역시 물환경과,지자체,경상권역,대구광역시,북구,"대구광역시 북구 연암로 40, 산격청사 103동",053-803-4301,01 지자체 보유 방재장비
화학보호복,보호구,보호복,116,,동구 생활환경과,지자체,경상권역,대구광역시,동구,대구광역시 서구 국채보상로 257,053-663-2605,01 지자체 보유 방재장비
화학보호복,보호구,보호복,50,,동구 환경과,지자체,경상권역,대구광역시,동구,대구광역시 동구 아양로 207(신암동),053-662-2604,01 지자체 보유 방재장비
화학보호복,보호구,보호복,17,,북구 환경관리과,지자체,경상권역,대구광역시,북구,대구광역시 북구 옥산로 1(노원동1가),053-665-2605,01 지자체 보유 방재장비
화학보호복,보호구,보호복,76,,중구 환경과,지자체,경상권역,대구광역시,중구,대구광역시 국채보상로139길 1,053-661-2583,01 지자체 보유 방재장비
화학보호복,보호구,보호복,4000,,금정구 안전관리과,지자체,경상권역,부산광역시,금정구,부산광역시 금정구 중앙대로 1777,051-519-4477,01 지자체 보유 방재장비
화학보호복,보호구,보호복,660,,남구 안전총괄과,지자체,경상권역,부산광역시,남구,부산광역시 남구 못골로 19,051-607-4646,01 지자체 보유 방재장비
화학보호복,보호구,보호복,20,,부산진구 안전도시과,지자체,경상권역,부산광역시,부산진구,부산광역시 부산진구 시민공원로 30,051-605-4134,01 지자체 보유 방재장비
화학보호복,보호구,보호복,10,,북구 환경위생과,지자체,경상권역,부산광역시,북구,부산광역시 북구 낙동대로 1570번길 33 (구포동),051-309-4392,01 지자체 보유 방재장비
화학보호복,보호구,보호복,12,,사상구 안전총괄과,지자체,경상권역,부산광역시,사상구,부산광역시 사상구 학감대로 242,051-310-4132,01 지자체 보유 방재장비
화학보호복,보호구,보호복,5,,사상구 환경위생과,지자체,경상권역,부산광역시,사상구,부산광역시 사상구 학감대로 242,051-310-4396,01 지자체 보유 방재장비
화학보호복,보호구,보호복,40,,사하구 환경위생과,지자체,경상권역,부산광역시,사하구,부산광역시 사하구 낙동대로 398번길 12,051-220-4424,01 지자체 보유 방재장비
화학보호복,보호구,보호복,720,,수영구 안전관리과,지자체,경상권역,부산광역시,수영구,부산광역시 수영구 남천동로 100,051-610-4645,01 지자체 보유 방재장비
화학보호복,보호구,보호복,3,,영도구 환경위생과,지자체,경상권역,부산광역시,영도구,부산광역시 영도구 태종로 423,051-419-4392,01 지자체 보유 방재장비
화학보호복,보호구,보호복,28,,- 환경대기과,지자체,경상권역,울산광역시,-,울산광역시 남구 중앙로 201,052-229-3212,02 지자체 보유 방재장비(청·센터별)
화학보호복,보호구,보호복,25,,남구 환경관리과,지자체,경상권역,울산광역시,남구,울산광역시 남구 돋질로 233,052-226-5762,01 지자체 보유 방재장비
화학보호복,보호구,보호복,25,,남구 환경관리과,지자체,경상권역,울산광역시,남구,울산광역시 남구 돋질로 233,052-226-5762,02 지자체 보유 방재장비(청·센터별)
화학보호복,보호구,보호복,2,,북구 환경위생과,지자체,경상권역,울산광역시,북구,울산광역시 북구 산업로 1010,052-241-7773,01 지자체 보유 방재장비
화학보호복,보호구,보호복,2,,북구 환경위생과,지자체,경상권역,울산광역시,북구,울산광역시 북구 산업로 1010,052-241-7773,02 지자체 보유 방재장비(청·센터별)
화학보호복,보호구,보호복,28,,울산광역시 환경대기과,지자체,경상권역,울산광역시,남구,울산광역시 남구 중앙로 201,052-229-3212,01 지자체 보유 방재장비
화학보호복,보호구,보호복,10,,울주군 환경기후과,지자체,경상권역,울산광역시,울주군,울산광역시 울주군 청량읍 군청로 1,052-204-2134,01 지자체 보유 방재장비
화학보호복,보호구,보호복,10,,울주군 환경기후과,지자체,경상권역,울산광역시,울주군,울산광역시 울주군 청량읍 군청로 1,052-204-2134,02 지자체 보유 방재장비(청·센터별)
화학보호복,보호구,일회용방제복,359,벌,한국환경공단 수질오염방제센터 한강센터,국가기관 비축,수도권,,,,,09 한국환경공단 수질오염방제센터
화학보호복,보호구,Level C 보호복,13,벌,한국환경공단 수질오염방제센터 한강센터,국가기관 비축,수도권,,,,,09 한국환경공단 수질오염방제센터
화학보호복,보호구,보호복,6,,고양시 환경정책과,지자체,수도권,경기도,고양시,경기 고양시 덕양구 고양시청로 13-5,031-8075-2645,01 지자체 보유 방재장비
화학보호복,보호구,보호복,10,,과천시 기후환경과,지자체,수도권,경기도,과천시,경기 과천시 관문로 69,02-3677-2108,01 지자체 보유 방재장비
화학보호복,보호구,보호복,60,,광명시 환경관리과,지자체,수도권,경기도,광명시,경기 광명시 시청로 20,02-2680-2297,01 지자체 보유 방재장비
화학보호복,보호구,보호복,48,,광주시 수질정책과,지자체,수도권,경기도,광주시,경기 광주시 행정타운로 50,031-760-3765,01 지자체 보유 방재장비
화학보호복,보호구,보호복,4,,구리시 자원순환과,지자체,수도권,경기도,구리시,경기 구리시 왕숙천로 49,031-550-2477,01 지자체 보유 방재장비
화학보호복,보호구,보호복,4,,구리시 하수과,지자체,수도권,경기도,구리시,경기 구리시 검배로 200,031-550-8437,01 지자체 보유 방재장비
화학보호복,보호구,보호복,15,,구리시 환경과,지자체,수도권,경기도,구리시,경기 구리시 아차산로 439,031-550-2862,01 지자체 보유 방재장비
화학보호복,보호구,보호복,41,,군포시 환경과,지자체,수도권,경기도,군포시,경기 군포시 청백리길 6,031-390-0732,01 지자체 보유 방재장비
화학보호복,보호구,보호복,90,,김포시 환경지도과,지자체,수도권,경기도,김포시,경기 김포시 사우중로26,031-980-5655,01 지자체 보유 방재장비
화학보호복,보호구,보호복,10,,부천시 환경정책과,지자체,수도권,경기도,부천시,경기 부천시 원미구 길주로 210,032-625-3161,01 지자체 보유 방재장비
화학보호복,보호구,보호복,15,,성남시 환경정책과,지자체,수도권,경기도,성남시,경기 성남시 중원구 성남대로 997,031-729-3172,01 지자체 보유 방재장비
화학보호복,보호구,보호복,20,,수원시 환경정책과,지자체,수도권,경기도,수원시,경기 수원시 효원로 241,031-5191-3243,01 지자체 보유 방재장비
화학보호복,보호구,보호복,83,,시흥시 환경정책과,지자체,수도권,경기도,시흥시,경기 시흥시 시청로 20,031-310-5993,01 지자체 보유 방재장비
화학보호복,보호구,보호복,83,,시흥시 환경정책과,지자체,수도권,경기도,시흥시,경기도 시흥시 시청로 20,031-310-5993,02 지자체 보유 방재장비(청·센터별)
화학보호복,보호구,보호복,6,,안산시 환경정책과,지자체,수도권,경기도,안산시,"경기 안산시 단원구 중앙대로 839(고잔동, 3층 환경정책과)",031-481-2243,01 지자체 보유 방재장비
화학보호복,보호구,보호복,5,,안양시 환경정책과,지자체,수도권,경기도,안양시,경기 안양시 동안구 시민대로 235,031-8045-5822,01 지자체 보유 방재장비
화학보호복,보호구,보호복,5,,양주시 환경정책과,지자체,수도권,경기도,양주시,경기 양주시 부흥로 1533,031-8082-6313,01 지자체 보유 방재장비
화학보호복,보호구,보호복,12,,여주시 환경과,지자체,수도권,경기도,여주시,경기 여주시 세종로 1,031-887-2253,01 지자체 보유 방재장비
화학보호복,보호구,보호복,192,,용인시 용인시 기후대기과,지자체,수도권,경기도,용인시,경기 용인시 처인구 중부대로 1199(삼가동),031-6193-2244,01 지자체 보유 방재장비
화학보호복,보호구,보호복,15,,의왕시 환경과,지자체,수도권,경기도,의왕시,경기 의왕시 시청로 11,031-345-3823,01 지자체 보유 방재장비
화학보호복,보호구,보호복,28,,의정부시 환경정책과,지자체,수도권,경기도,의정부시,경기 의정부시 호국로 1049번길 39,031-828-4434,01 지자체 보유 방재장비
화학보호복,보호구,보호복,24,,이천시 환경보호과,지자체,수도권,경기도,이천시,경기 이천시 부악로 40,031-644-2358,01 지자체 보유 방재장비
화학보호복,보호구,보호복,5,,파주시 기후위기대응과,지자체,수도권,경기도,파주시,경기 파주시 시민회관길 16-11,031-940-8472,01 지자체 보유 방재장비
화학보호복,보호구,보호복,30,,하남시 환경정책과,지자체,수도권,경기도,하남시,경기 하남시 대청로 10,031-790-5744,01 지자체 보유 방재장비
화학보호복,보호구,화학보호복 3∼4형식,6,ea,한국도로공사 발안영업소 (한강청 관리),환경청·센터 장비함,수도권,경기도,화성시,경기 화성시 팔탄면 3.1만세로 879-40,031-790-2896,04 환경청·센터 방제장비함
화학보호복,보호구,일회용 우의,100,ea,한국도로공사 발안영업소 (한강청 관리),환경청·센터 장비함,수도권,경기도,화성시,경기 화성시 팔탄면 3.1만세로 879-40,031-790-2896,04 환경청·센터 방제장비함
화학보호복,보호구,보호복,3,,강북구 재난안전과,지자체,수도권,서울특별시,강북구,서울특별시 강북구 도봉로 323(용신빌딩) 10층,02-901-5878,01 지자체 보유 방재장비
화학보호복,보호구,보호복,4,,강서구 기후환경과,지자체,수도권,서울특별시,강서구,서울특별시 강서구 양천로59길 38,02-2600-4014,01 지자체 보유 방재장비
화학보호복,보호구,보호복,20,,금천구 환경과,지자체,수도권,서울특별시,금천구,서울시 금천구 시흥대로73길 70,02-2627-1515,01 지자체 보유 방재장비
화학보호복,보호구,보호복,9192,,동대문구 보건행정과,지자체,수도권,서울특별시,동대문구,서울특별시 동대문구 천호대로 145,02-2127-4142,01 지자체 보유 방재장비
화학보호복,보호구,보호복,157,,서울특별시 서울아리수본부 수질과,지자체,수도권,서울특별시,서대문구,서울특별시 서대문구 서소문로 51,02-3146-1322,01 지자체 보유 방재장비
화학보호복,보호구,보호복,458,,서울특별시 소방재난본부 재난대응과,지자체,수도권,서울특별시,중구,서울특별시 중구 퇴계로26길 52,02-3706-1423,01 지자체 보유 방재장비
화학보호복,보호구,보호복,10,,송파구 맑은환경과,지자체,수도권,서울특별시,송파구,서울특별시 송파구 올림픽로 326,02-2147-3272,01 지자체 보유 방재장비
화학보호복,보호구,보호복,8,,양천구 청소행정과,지자체,수도권,서울특별시,양천구,서울특별시 양천구 목동동로 105,02-2620-3431,01 지자체 보유 방재장비
화학보호복,보호구,보호복,10,,양천구 환경과,지자체,수도권,서울특별시,양천구,서울특별시 양천구 목동동로 105,02-2620-4856,01 지자체 보유 방재장비
화학보호복,보호구,보호복,300,,중구 환경과,지자체,수도권,서울특별시,중구,서울특별시 중구 창경궁로 17,02-3396-5615,01 지자체 보유 방재장비
화학보호복,보호구,보호복,2,,계양구 환경과,지자체,수도권,인천광역시,계양구,계산새로 88,032-450-5414,01 지자체 보유 방재장비
화학보호복,보호구,보호복,5,,남동구 환경보전과,지자체,수도권,인천광역시,남동구,인천광역시 남동구 소래로 633,032-453-2614,01 지자체 보유 방재장비
화학보호복,보호구,보호복,2,,동구 환경위생과,지자체,수도권,인천광역시,동구,인천광역시 동구 금곡로 67,032-770-7883,01 지자체 보유 방재장비
화학보호복,보호구,보호복,90,,미추홀구 환경보전과,지자체,수도권,인천광역시,미추홀구,인천광역시 미추홀구 독정이로 95,032-880-5953,01 지자체 보유 방재장비
화학보호복,보호구,보호복,11,,부평구 환경보전과,지자체,수도권,인천광역시,부평구,인천광역시 부평구 부평대로 168,032-509-6653,01 지자체 보유 방재장비
화학보호복,보호구,보호복,160,,연수구 환경보전과,지자체,수도권,인천광역시,연수구,인천광역시 연수구 원인재로 115,032-749-7942,01 지자체 보유 방재장비
화학보호복,보호구,보호복,520,,옹진군 환경위생과,지자체,수도권,인천광역시,옹진군,인천광역시 미추홀구 매소홀로 120,032-899-2615,01 지자체 보유 방재장비
화학보호복,보호구,보호복,2,,중구(영종·용유) 친환경위생과,지자체,수도권,인천광역시,중구(영종·용유),"인천 중구 운남서로 100, 국제도시관 4층",032-760-7738,01 지자체 보유 방재장비
화학보호복,보호구,보호복,30,,중구(원도심) 위생환경과,지자체,수도권,인천광역시,중구(원도심),"인천 중구 신포로27번길 80, 동별관 3층",032-760-7402,01 지자체 보유 방재장비
화학보호복,보호구,일회용방제복,800,벌,한국환경공단 수질오염방제센터 영산강센터,국가기관 비축,전라권역,,,,,09 한국환경공단 수질오염방제센터
화학보호복,보호구,Level C 보호복,10,벌,한국환경공단 수질오염방제센터 영산강센터,국가기관 비축,전라권역,,,,,09 한국환경공단 수질오염방제센터
화학보호복,보호구,보호복,10,,남구 환경관리과,지자체,전라권역,광주광역시,남구,광주광역시 남구 봉선로 1,062-607-3642,01 지자체 보유 방재장비
화학보호복,보호구,보호복,4,,북구 기후환경과,지자체,전라권역,광주광역시,북구,광주광역시 북구 우치로 77,062-410-6472,01 지자체 보유 방재장비
화학보호복,보호구,보호복,200,벌,한국티앤에이,판매업체,전라권역,광주광역시,광산구,광주 광산구 사암로 805,062-953-0010,15 전남·광주 방제약품 판매업체 (2017년 기준)
화학보호복,보호구,화학보호복,,6EA,DSR제강㈜ 1공장,사업장,전라권역,전라남도,순천시,전라남도 순천시 서면 산단1길 15,061-729-3500,05 사업장 보유 방제물품(화학안전공동체)
화학보호복,보호구,보호복,,6EA,DSR제강㈜ 1공장,사업장,전라권역,전라남도,순천시,전라남도 순천시 서면 산단1길 15,061-729-3500,05 사업장 보유 방제물품(화학안전공동체)
화학보호복,보호구,화학보호복,,12EA,DSR제강㈜ 2공장,사업장,전라권역,전라남도,순천시,전라남도 순천시 서면 산단4길 38,061-751-7121,05 사업장 보유 방제물품(화학안전공동체)
화학보호복,보호구,보호복,,6EA,DSR제강㈜ 2공장,사업장,전라권역,전라남도,순천시,전라남도 순천시 서면 산단4길 38,061-751-7121,05 사업장 보유 방제물품(화학안전공동체)
화학보호복,보호구,내화학보호복,,14EA,DSR제강㈜ 율촌공장,사업장,전라권역,전라남도,순천시,전라남도 순천시 해룡면 율촌산단1로 80-21,061-729-3700,05 사업장 보유 방제물품(화학안전공동체)
화학보호복,보호구,내산복,,30ea,GS바이오㈜,사업장,전라권역,전라남도,여수시,전라남도 여수시 여수산단로 923-106,061-680-5740,05 사업장 보유 방제물품(화학안전공동체)
화학보호복,보호구,유독물방제복,,20EA,GS칼텍스㈜,사업장,전라권역,전라남도,여수시,전라남도 여수시 여수산단로 923-106,061-680-2387,05 사업장 보유 방제물품(화학안전공동체)
화학보호복,보호구,내화학보호의,,14,GS칼텍스㈜ 바이오부탄올,사업장,전라권역,전라남도,여수시,전라남도 여수시 여수산단로 923-106,061-660-6268,05 사업장 보유 방제물품(화학안전공동체)
화학보호복,보호구,실험복,,4,GS칼텍스㈜ 바이오부탄올,사업장,전라권역,전라남도,여수시,전라남도 여수시 여수산단로 923-106,061-660-6268,05 사업장 보유 방제물품(화학안전공동체)
화학보호복,보호구,보호복,12,EA,KPX라이프 사이언스㈜,사업장,전라권역,전라남도,여수시,전라남도 여수시 여수산단2로 84,061-688-4622,05 사업장 보유 방제물품(화학안전공동체)
화학보호복,보호구,내화학보호복,10,EA,KPX라이프 사이언스㈜,사업장,전라권역,전라남도,여수시,전라남도 여수시 여수산단2로 84,061-688-4622,05 사업장 보유 방제물품(화학안전공동체)
화학보호복,보호구,내화학보호복,6,EA,KPX라이프 사이언스㈜,사업장,전라권역,전라남도,여수시,전라남도 여수시 여수산단로 201,061-688-4622,05 사업장 보유 방제물품(화학안전공동체)
화학보호복,보호구,우의,7,EA,KPX라이프 사이언스㈜,사업장,전라권역,전라남도,여수시,전라남도 여수시 여수산단로 201,061-688-4622,05 사업장 보유 방제물품(화학안전공동체)
화학보호복,보호구,화학복,,50EA,㈜E1,사업장,전라권역,전라남도,여수시,전라남도 여수시 낙포단지길 60,061-690-9373,05 사업장 보유 방제물품(화학안전공동체)
화학보호복,보호구,보호의,2,EA,㈜대진,사업장,전라권역,전라남도,여수시,전라남도 여수시 삼동로 101,061-685-5980,05 사업장 보유 방제물품(화학안전공동체)
화학보호복,보호구,작업복,8,EA,㈜대평(냉동센터 위험물센터),사업장,전라권역,전라남도,광양시,전라남도 광양시 중마로 13,061-792-8147,05 사업장 보유 방제물품(화학안전공동체)
화학보호복,보호구,보호복,40,EA,㈜동성코퍼레이션,사업장,전라권역,전라남도,여수시,전라남도 여수시 여수산단2로 223-40,061-690-4623,05 사업장 보유 방제물품(화학안전공동체)
화학보호복,보호구,보호복,9,EA,㈜리스텍비즈 광양공장,사업장,전라권역,전라남도,광양시,전라남도 광양시 제철로 2148-97,061-797-2011,05 사업장 보유 방제물품(화학안전공동체)
화학보호복,보호구,보호의,6,EA,㈜성원,사업장,전라권역,전라남도,광양시,전라남도 광양시 광양읍 초남공단2길 5,,05 사업장 보유 방제물품(화학안전공동체)
화학보호복,보호구,내화학보호복,10,EA,㈜세아엠엔에스,사업장,전라권역,전라남도,여수시,전라남도 여수시 산단중앙로 188,061-807-7114,05 사업장 보유 방제물품(화학안전공동체)
화학보호복,보호구,보호의,6,EA,㈜세아제강 순천공장 4블럭,사업장,전라권역,전라남도,순천시,전라남도 순천시 해룡면 신성리 908,061-760-2506,05 사업장 보유 방제물품(화학안전공동체)
화학보호복,보호구,보호복,3,EA,㈜씨앤씨케미칼 광양공장,사업장,전라권역,전라남도,광양시,전라남도 광양시 광양읍 직동1길 50,061-762-9340,05 사업장 보유 방제물품(화학안전공동체)
화학보호복,보호구,보호의(4형식),10,EA,㈜에스엔엔씨,사업장,전라권역,전라남도,광양시,전라남도 광양시 제철로 2148-139,061-797-9244,05 사업장 보유 방제물품(화학안전공동체)
화학보호복,보호구,보호복,24,EA,㈜엘지화학(SM),사업장,전라권역,전라남도,여수시,전라남도 여수시 여수산단로 956,061-680-6524,05 사업장 보유 방제물품(화학안전공동체)
화학보호복,보호구,보호복,152,EA,㈜엘지화학(VCM),사업장,전라권역,전라남도,여수시,전라남도 여수시 여수산단로 1121,061-680-6524,05 사업장 보유 방제물품(화학안전공동체)
화학보호복,보호구,방열복/방열모,2,SET,㈜엘지화학(용성2),사업장,전라권역,전라남도,여수시,전라남도 여수시 여수산단4로 58 확장단지,,05 사업장 보유 방제물품(화학안전공동체)
화학보호복,보호구,화학복,5,EA,㈜엘지화학(용성2),사업장,전라권역,전라남도,여수시,전라남도 여수시 여수산단4로 58 확장단지,,05 사업장 보유 방제물품(화학안전공동체)
화학보호복,보호구,일체형화학복,2,EA,㈜엘지화학(화치),사업장,전라권역,전라남도,여수시,전라남도 여수시 여수산단2로 55,061-680-1068,05 사업장 보유 방제물품(화학안전공동체)
화학보호복,보호구,보호의,6,EA,㈜엠이시,사업장,전라권역,전라남도,광영시,전라남도 광영시 옥곡면 신금산단5길 30,061-772-8825,05 사업장 보유 방제물품(화학안전공동체)
화학보호복,보호구,방제복(1-B형식),2,SET,㈜유니테크 여수지점,사업장,전라권역,전라남도,여수시,전라남도 여수시 진달래길 14,061-692-0461,05 사업장 보유 방제물품(화학안전공동체)
화학보호복,보호구,내화학복(C형식),8,EA,㈜유니테크 여수지점,사업장,전라권역,전라남도,여수시,전라남도 여수시 진달래길 14,061-692-0461,05 사업장 보유 방제물품(화학안전공동체)
화학보호복,보호구,보호의,3,EA,㈜이화산업,사업장,전라권역,전라남도,여수시,전라남도 여수시 여수산단로 597,061-686-4878,05 사업장 보유 방제물품(화학안전공동체)
화학보호복,보호구,보호복,2,EA,㈜클린메터,사업장,전라권역,전라남도,여수시,전라남도 여수시 여수산단1로 310-37,061-807-2244,05 사업장 보유 방제물품(화학안전공동체)
화학보호복,보호구,화학보호복(1형식),48,EA,㈜포스코 광양제철소,사업장,전라권역,전라남도,광양시,전라남도 광양시 제철로1800,061-790-2542,05 사업장 보유 방제물품(화학안전공동체)
화학보호복,보호구,화학보호복(3형식),805,EA,㈜포스코 광양제철소,사업장,전라권역,전라남도,광양시,전라남도 광양시 제철로1800,061-790-2542,05 사업장 보유 방제물품(화학안전공동체)
화학보호복,보호구,보호의,30,EA,㈜피엠씨텍,사업장,전라권역,전라남도,광양시,전라남도 광양시 제철로2408,061-760-8976,05 사업장 보유 방제물품(화학안전공동체)
화학보호복,보호구,보호앞치마,30,EA,㈜피엠씨텍,사업장,전라권역,전라남도,광양시,전라남도 광양시 제철로2408,061-760-8976,05 사업장 보유 방제물품(화학안전공동체)
화학보호복,보호구,보호의,4,EA,㈜한국환경사업단,사업장,전라권역,전라남도,여수시,전라남도 여수시 진달래길 346,061-686-7066,05 사업장 보유 방제물품(화학안전공동체)
화학보호복,보호구,내화학복,5,EA,㈜한익스프레스,사업장,전라권역,전라남도,여수시,전라남도 여수시 여수산단로 611,061-685-5524,05 사업장 보유 방제물품(화학안전공동체)
화학보호복,보호구,신호수조끼,5,EA,㈜한익스프레스,사업장,전라권역,전라남도,여수시,전라남도 여수시 여수산단로 611,061-685-5524,05 사업장 보유 방제물품(화학안전공동체)
화학보호복,보호구,내화학복,40,EA,㈜한화여수사업장,사업장,전라권역,전라남도,여수시,전라남도 여수시 신월로 411,061-640-1232,05 사업장 보유 방제물품(화학안전공동체)
화학보호복,보호구,보호복,792,,고흥군 환경정책과,지자체,전라권역,전라남도,고흥군,전라남도 고흥군 고흥읍 고흥군청로 1,061-830-5834,01 지자체 보유 방재장비
화학보호복,보호구,보호복,7,,곡성군 환경과,지자체,전라권역,전라남도,곡성군,전라남도 곡성군 곡성읍 군청로 50,061-360-8531,01 지자체 보유 방재장비
화학보호복,보호구,화학보호복,5,EA,광양항 컨테이너 부두 인근 (여수센터 관리),환경청·센터 장비함,전라권역,전라남도,광양시,전남 광양시 도이동 782,,04 환경청·센터 방제장비함
화학보호복,보호구,보호복,3,,구례군 환경과,지자체,전라권역,전라남도,구례군,전라남도 구례군 구례읍 봉성로 1,061-780-2982,01 지자체 보유 방재장비
화학보호복,보호구,화학복(1형식),4,EA,금호미쓰이화학㈜,사업장,전라권역,전라남도,여수시,전라남도 여수시 여수산단2로 305,061-688-5090,05 사업장 보유 방제물품(화학안전공동체)
화학보호복,보호구,"화학복(3,4형식)",100,EA,금호미쓰이화학㈜,사업장,전라권역,전라남도,여수시,전라남도 여수시 여수산단2로 305,061-688-5090,05 사업장 보유 방제물품(화학안전공동체)
화학보호복,보호구,내화학복,200,EA,금호석유화학㈜ 여수정밀화학공장,사업장,전라권역,전라남도,여수시,전라남도 여수시 여수산단2로 227,061-688-3943,05 사업장 보유 방제물품(화학안전공동체)
화학보호복,보호구,내화학복,7,EA,금호석유화학㈜ 제1열병합발전소,사업장,전라권역,전라남도,여수시,전라남도 여수시 여수산단2로 46-51,061-688-3943,05 사업장 보유 방제물품(화학안전공동체)
화학보호복,보호구,내화학복,11,EA,금호석유화학㈜ 제2열병합발전소,사업장,전라권역,전라남도,여수시,전라남도 여수시 여수산단2로 233-84,061-688-3943,05 사업장 보유 방제물품(화학안전공동체)
화학보호복,보호구,화학복-A,10,EA,남해화학㈜,사업장,전라권역,전라남도,여수시,전라남도 여수시 여수산돈로 1384,061-688-5752,05 사업장 보유 방제물품(화학안전공동체)
화학보호복,보호구,화학복-C,200,EA,남해화학㈜,사업장,전라권역,전라남도,여수시,전라남도 여수시 여수산돈로 1384,061-688-5752,05 사업장 보유 방제물품(화학안전공동체)
화학보호복,보호구,보호복,10,,담양군 환경과,지자체,전라권역,전라남도,담양군,전라남도 담양군 담양읍 추성로 1371,061-380-3068,01 지자체 보유 방재장비
화학보호복,보호구,방열복,4,EA,대림산업㈜ LHDPE공장,사업장,전라권역,전라남도,여수시,전라남도 여수시 여수산단중앙로 438,061-688-7548,05 사업장 보유 방제물품(화학안전공동체)
화학보호복,보호구,방화복,5,EA,대림산업㈜ LHDPE공장,사업장,전라권역,전라남도,여수시,전라남도 여수시 여수산단중앙로 438,061-688-7548,05 사업장 보유 방제물품(화학안전공동체)
화학보호복,보호구,화학보호복,9,EA,대림산업㈜ LHDPE공장,사업장,전라권역,전라남도,여수시,전라남도 여수시 여수산단중앙로 438,061-688-7548,05 사업장 보유 방제물품(화학안전공동체)
화학보호복,보호구,방수복,2,SET,대림산업㈜ 여수C4공장,사업장,전라권역,전라남도,여수시,전라남도 여수시 여수산단중앙로 275,061-688-6821,05 사업장 보유 방제물품(화학안전공동체)
화학보호복,보호구,방열복,5,EA,대림산업㈜ 여수C4공장,사업장,전라권역,전라남도,여수시,전라남도 여수시 여수산단중앙로 275,061-688-6821,05 사업장 보유 방제물품(화학안전공동체)
화학보호복,보호구,방화두건,5,EA,대림산업㈜ 여수C4공장,사업장,전라권역,전라남도,여수시,전라남도 여수시 여수산단중앙로 275,061-688-6821,05 사업장 보유 방제물품(화학안전공동체)
화학보호복,보호구,방화복,2,EA,대림산업㈜ 여수C4공장,사업장,전라권역,전라남도,여수시,전라남도 여수시 여수산단중앙로 275,061-688-6821,05 사업장 보유 방제물품(화학안전공동체)
화학보호복,보호구,화학보호복,20,EA,대림산업㈜ 여수C4공장,사업장,전라권역,전라남도,여수시,전라남도 여수시 여수산단중앙로 275,061-688-6821,05 사업장 보유 방제물품(화학안전공동체)
화학보호복,보호구,방열복,2,EA,대림산업㈜ 여수PB공장,사업장,전라권역,전라남도,여수시,전라남도 여수시 여수산단중앙로 276,061-688-6371,05 사업장 보유 방제물품(화학안전공동체)
화학보호복,보호구,방화복,6,EA,대림산업㈜ 여수PB공장,사업장,전라권역,전라남도,여수시,전라남도 여수시 여수산단중앙로 276,061-688-6371,05 사업장 보유 방제물품(화학안전공동체)
화학보호복,보호구,화학보호복,6,EA,대림산업㈜ 여수PB공장,사업장,전라권역,전라남도,여수시,전라남도 여수시 여수산단중앙로 276,061-688-6371,05 사업장 보유 방제물품(화학안전공동체)
화학보호복,보호구,방수복,8,SET,대림산업㈜ 여수공장,사업장,전라권역,전라남도,여수시,전라남도 여수시 여수산단2로 220-10,061-688-6481,05 사업장 보유 방제물품(화학안전공동체)
화학보호복,보호구,방열복,2,EA,대림산업㈜ 여수공장,사업장,전라권역,전라남도,여수시,전라남도 여수시 여수산단2로 220-10,061-688-6481,05 사업장 보유 방제물품(화학안전공동체)
화학보호복,보호구,방화복,3,EA,대림산업㈜ 여수공장,사업장,전라권역,전라남도,여수시,전라남도 여수시 여수산단2로 220-10,061-688-6481,05 사업장 보유 방제물품(화학안전공동체)
화학보호복,보호구,화학보호복,18,EA,대림산업㈜ 여수공장,사업장,전라권역,전라남도,여수시,전라남도 여수시 여수산단2로 220-10,061-688-6481,05 사업장 보유 방제물품(화학안전공동체)
화학보호복,보호구,내산복,2,EA,대정티씨 여수공장,사업장,전라권역,전라남도,여수시,전라남도 여수시 여수산단1로 310-37,061-685-3021,05 사업장 보유 방제물품(화학안전공동체)
화학보호복,보호구,보호의,2,EA,롯데미쓰이화학㈜,사업장,전라권역,전라남도,여수시,전라남도 여수시 여수산단4로 129,061-680-8411,05 사업장 보유 방제물품(화학안전공동체)
화학보호복,보호구,화학보호복(3형식),26,SET,롯데베르살리스 엘라스토머스㈜,사업장,전라권역,전라남도,여수시,전라남도 여수시 여수산단4로 53,061-690-2522,05 사업장 보유 방제물품(화학안전공동체)
화학보호복,보호구,내화학보호복,24,EA,롯데엠시시㈜ 여수1공장,사업장,전라권역,전라남도,여수시,전라남도 여수시 여수산단2로 116-82,061-680-8050,05 사업장 보유 방제물품(화학안전공동체)
화학보호복,보호구,방열복,4,EA,롯데엠시시㈜ 여수1공장,사업장,전라권역,전라남도,여수시,전라남도 여수시 여수산단2로 116-82,061-680-8050,05 사업장 보유 방제물품(화학안전공동체)
화학보호복,보호구,방열복,4,EA,롯데엠시시㈜ 여수2공장,사업장,전라권역,전라남도,여수시,전라남도 여수시 여수산단4로 129,061-680-8453,05 사업장 보유 방제물품(화학안전공동체)
화학보호복,보호구,특수방화복,5,EA,롯데엠시시㈜ 여수2공장,사업장,전라권역,전라남도,여수시,전라남도 여수시 여수산단4로 129,061-680-8453,05 사업장 보유 방제물품(화학안전공동체)
화학보호복,보호구,내화학복(1형식),1,EA,롯데첨단소재㈜,사업장,전라권역,전라남도,여수시,전라남도 여수시 여수산단로 334-27,061-689-1301,05 사업장 보유 방제물품(화학안전공동체)
화학보호복,보호구,내화학복(4형식),200,EA,롯데첨단소재㈜,사업장,전라권역,전라남도,여수시,전라남도 여수시 여수산단로 334-27,061-689-1301,05 사업장 보유 방제물품(화학안전공동체)
화학보호복,보호구,방화복,66,EA,롯데첨단소재㈜,사업장,전라권역,전라남도,여수시,전라남도 여수시 여수산단로 334-27,061-689-1301,05 사업장 보유 방제물품(화학안전공동체)
화학보호복,보호구,방열복,26,EA,롯데첨단소재㈜,사업장,전라권역,전라남도,여수시,전라남도 여수시 여수산단로 334-27,061-689-1301,05 사업장 보유 방제물품(화학안전공동체)
화학보호복,보호구,보호복,3,EA,매일식품㈜,사업장,전라권역,전라남도,순천시,전라남도 순천시 서면산단1길 16,061-752-3331,05 사업장 보유 방제물품(화학안전공동체)
화학보호복,보호구,보호복,10,,목포시 기후환경과,지자체,전라권역,전라남도,목포시,전라남도 목포시 수문로 32,061-270-3318,01 지자체 보유 방재장비
화학보호복,보호구,화학보호복,5,EA,묘도 휴게소 인근 (여수센터 관리),환경청·센터 장비함,전라권역,전라남도,광양시,전남 광양시 묘도7길 110,,04 환경청·센터 방제장비함
화학보호복,보호구,보호복,19,,무안군 환경과,지자체,전라권역,전라남도,무안군,전라남도 무안읍 무안로 530,061-450-5569,01 지자체 보유 방재장비
화학보호복,보호구,보호복,20,EA,백광산업,사업장,전라권역,전라남도,여수시,전라남도 여수시 여수산단2로 284,061-680-0600,05 사업장 보유 방제물품(화학안전공동체)
화학보호복,보호구,보호의,12,EA,비를라카본코리아㈜,사업장,전라권역,전라남도,여수시,전라남도 여수시 여수산단2로 46-101,061-688-3331,05 사업장 보유 방제물품(화학안전공동체)
화학보호복,보호구,화학보호복,5,EA,산곡-대포터널 인근 (여수센터 관리),환경청·센터 장비함,전라권역,전라남도,여수시,전남 여수시 율촌면 신풍리 산106-1,,04 환경청·센터 방제장비함
화학보호복,보호구,보호복,100,EA,삼남석유화학㈜,사업장,전라권역,전라남도,여수시,전라남도 여수시 여수산단로 955,061-688-8283,05 사업장 보유 방제물품(화학안전공동체)
화학보호복,보호구,화학복,4,EA,삼남석유화학㈜,사업장,전라권역,전라남도,여수시,전라남도 여수시 여수산단로 955,061-688-8283,05 사업장 보유 방제물품(화학안전공동체)
화학보호복,보호구,보호의,3,EA,수자원공사 여수권지사 별량수령장,사업장,전라권역,전라남도,순천시,전라남도 순천시,061-759-4212,05 사업장 보유 방제물품(화학안전공동체)
화학보호복,보호구,보호복,20,,신안군 세계유산과,지자체,전라권역,전라남도,신안군,전라남도 신안군 압해로 천사로 1004,061-240-8153,01 지자체 보유 방재장비
화학보호복,보호구,내화학복(4형식),20,EA,아이씨케미칼,사업장,전라권역,전라남도,여수시,전라남도 여수시 여수산단4로 80,061-685-6717,05 사업장 보유 방제물품(화학안전공동체)
화학보호복,보호구,내화학복(1형식),2,EA,아이씨케미칼,사업장,전라권역,전라남도,여수시,전라남도 여수시 여수산단4로 80,061-685-6717,05 사업장 보유 방제물품(화학안전공동체)
화학보호복,보호구,내화학복,200,EA,엘지엠엠에이㈜,사업장,전라권역,전라남도,여수시,전라남도 여수시 여수산단4로 58,061-805-3855,05 사업장 보유 방제물품(화학안전공동체)
화학보호복,보호구,보호복,76,,여수시 산단환경관리과,지자체,전라권역,전라남도,여수시,전라남도 여수시 삼동2길 13,061-659-2820,01 지자체 보유 방재장비
화학보호복,보호구,보호복,73,,여수시 산단환경관리과,지자체,전라권역,전라남도,여수시,여수시 삼동2길 13,061-659-2819,02 지자체 보유 방재장비(청·센터별)
화학보호복,보호구,내산복,73,EA,여천NCC㈜ 여수1공장,사업장,전라권역,전라남도,여수시,전라남도 여수시 여수산단3로 2,061-688-6065,05 사업장 보유 방제물품(화학안전공동체)
화학보호복,보호구,화학복,7,EA,여천NCC㈜ 여수1공장,사업장,전라권역,전라남도,여수시,전라남도 여수시 여수산단3로 2,061-688-6065,05 사업장 보유 방제물품(화학안전공동체)
화학보호복,보호구,내산복,15,EA,여천NCC㈜ 여수2공장,사업장,전라권역,전라남도,여수시,전라남도 여수시 여수산단2로 46-20,061-688-6065,05 사업장 보유 방제물품(화학안전공동체)
화학보호복,보호구,화학복,2,EA,여천NCC㈜ 여수2공장,사업장,전라권역,전라남도,여수시,전라남도 여수시 여수산단2로 46-20,061-688-6065,05 사업장 보유 방제물품(화학안전공동체)
화학보호복,보호구,내산복,54,EA,여천NCC㈜ 여수3공장,사업장,전라권역,전라남도,여수시,전라남도 여수시 여수산단2로 220-62,061-688-6065,05 사업장 보유 방제물품(화학안전공동체)
화학보호복,보호구,화학복,2,EA,여천NCC㈜ 여수3공장,사업장,전라권역,전라남도,여수시,전라남도 여수시 여수산단2로 220-62,061-688-6065,05 사업장 보유 방제물품(화학안전공동체)
화학보호복,보호구,보호복,4,,영광군 환경과,지자체,전라권역,전라남도,영광군,전남 영광군 영광읍 중앙로 203,061-350-4754,01 지자체 보유 방재장비
화학보호복,보호구,내화학복,30,EA,오리온엔지니어드카본즈㈜,사업장,전라권역,전라남도,여수시,전라남도 여수시 진달래길 310-88,061-690-5143,05 사업장 보유 방제물품(화학안전공동체)
화학보호복,보호구,화학보호복,5,EA,옥곡 톨게이트 인근 (여수센터 관리),환경청·센터 장비함,전라권역,전라남도,광양시,전남 광양시 옥곡면 강변로 434-37,,04 환경청·센터 방제장비함
화학보호복,보호구,보호복,4,,완도군 환경수질관리과,지자체,전라권역,전라남도,완도군,전라남도 완도군 완도읍 농공단지7길 44,061-550-5506,01 지자체 보유 방재장비
화학보호복,보호구,화학보호복(A형),4,벌,일양화학㈜,사업장,전라권역,전라남도,여수시,전라남도 여수시 여수산단2로 14,061-683-2201,05 사업장 보유 방제물품(화학안전공동체)
화학보호복,보호구,화학보호복(C형),50,벌,일양화학㈜,사업장,전라권역,전라남도,여수시,전라남도 여수시 여수산단2로 14,061-683-2201,05 사업장 보유 방제물품(화학안전공동체)
화학보호복,보호구,보호복,3,,진도군 환경수질과,지자체,전라권역,전라남도,진도군,전라남도 진도군 진도읍 철마길 25,061-540-3723,01 지자체 보유 방재장비
화학보호복,보호구,보호복,2,EA,케이씨환경서비스㈜ 여수사업부,사업장,전라권역,전라남도,여수시,전라남도 여수시 산단중앙로 30-36,061-805-9501,05 사업장 보유 방제물품(화학안전공동체)
화학보호복,보호구,내화학복,19,EA,케이에스광학㈜,사업장,전라권역,전라남도,순천시,전라남도 순천시 율촌산단4로 26-108,061-727-9717,05 사업장 보유 방제물품(화학안전공동체)
화학보호복,보호구,일회용전신보호복,100,EA,코니상사,판매업체,전라권역,전라남도,여수시,전남 여수시 웅남3길,061-684-3611,15 전남·광주 방제약품 판매업체 (2017년 기준)
화학보호복,보호구,화학용전신보호복,50,EA,코니상사,판매업체,전라권역,전라남도,여수시,전남 여수시 웅남3길,061-684-3611,15 전남·광주 방제약품 판매업체 (2017년 기준)
화학보호복,보호구,안전보호복,25,EA,코오롱인더스트리㈜ 여수공장,사업장,전라권역,전라남도,여수시,전라남도 여수시 산단중앙로 213,061-690-9842,05 사업장 보유 방제물품(화학안전공동체)
화학보호복,보호구,보호복(4형식),42,EA,포스코에너지㈜,사업장,전라권역,전라남도,광양시,전라남도 광양시 제철로1800,061-790-8494,05 사업장 보유 방제물품(화학안전공동체)
화학보호복,보호구,보호복,30,EA,한국남동발전㈜ 여수발전본부,사업장,전라권역,전라남도,여수시,전라남도 여수시 여수산단로 727,070-8898-5622,05 사업장 보유 방제물품(화학안전공동체)
화학보호복,보호구,전신보호복,2,EA,한국남동발전㈜ 호남화력본부,사업장,전라권역,전라남도,여수시,"전라남도 여수시 여수산단로 1203, 1층",,05 사업장 보유 방제물품(화학안전공동체)
화학보호복,보호구,보호의,42,EA,한국남동발전㈜ 호남화력본부,사업장,전라권역,전라남도,여수시,"전라남도 여수시 여수산단로 1203, 1층",,05 사업장 보유 방제물품(화학안전공동체)
화학보호복,보호구,고무앞치마,11,EA,한국남동발전㈜ 호남화력본부,사업장,전라권역,전라남도,여수시,"전라남도 여수시 여수산단로 1203, 1층",,05 사업장 보유 방제물품(화학안전공동체)
화학보호복,보호구,방열복 일체,33,EA,한국바스프㈜,사업장,전라권역,전라남도,여수시,전라남도 여수시 여수산단2로 284,061-680-7061,05 사업장 보유 방제물품(화학안전공동체)
화학보호복,보호구,경화학복,66,EA,한국바스프㈜,사업장,전라권역,전라남도,여수시,전라남도 여수시 여수산단2로 284,061-680-7061,05 사업장 보유 방제물품(화학안전공동체)
화학보호복,보호구,중화학복,44,EA,한국바스프㈜,사업장,전라권역,전라남도,여수시,전라남도 여수시 여수산단2로 284,061-680-7061,05 사업장 보유 방제물품(화학안전공동체)
화학보호복,보호구,보호의,40,EA,한국바스프㈜,사업장,전라권역,전라남도,여수시,전라남도 여수시 여수산단2로 284,061-680-7061,05 사업장 보유 방제물품(화학안전공동체)
화학보호복,보호구,소방복,5,EA,한국바스프㈜,사업장,전라권역,전라남도,여수시,전라남도 여수시 여수산단2로 284,061-680-7061,05 사업장 보유 방제물품(화학안전공동체)
화학보호복,보호구,방열복,2,EA,한국바스프㈜,사업장,전라권역,전라남도,여수시,전라남도 여수시 여수산단2로 284,061-680-7061,05 사업장 보유 방제물품(화학안전공동체)
화학보호복,보호구,방열면,2,EA,한국바스프㈜,사업장,전라권역,전라남도,여수시,전라남도 여수시 여수산단2로 284,061-680-7061,05 사업장 보유 방제물품(화학안전공동체)
화학보호복,보호구,유기화학물보호복,14,EA,한국바스프㈜,사업장,전라권역,전라남도,여수시,전라남도 여수시 여수산단2로 284,061-680-7061,05 사업장 보유 방제물품(화학안전공동체)
화학보호복,보호구,화학복,20,EA,한국바스프㈜,사업장,전라권역,전라남도,여수시,전라남도 여수시 여수산단2로 284,061-680-7061,05 사업장 보유 방제물품(화학안전공동체)
화학보호복,보호구,내화학복,5,EA,한국캐솔㈜,사업장,전라권역,전라남도,순천시,전라남도 순천시 양율길 286,061-741-1661,05 사업장 보유 방제물품(화학안전공동체)
화학보호복,보호구,보호복,4,EA,한승케미칼㈜,사업장,전라권역,전라남도,광양시,전라남도 광양시 광양읍 초남2공단2길 66,061-795-1958,05 사업장 보유 방제물품(화학안전공동체)
화학보호복,보호구,내화학복,16,EA,한화케미칼㈜ 여수2,사업장,전라권역,전라남도,여수시,전라남도 여수시 여수산단4로 255,061-690-5728,05 사업장 보유 방제물품(화학안전공동체)
화학보호복,보호구,화학물질용보호복(4형식),150,SET,한화케미칼㈜ 티다아이,사업장,전라권역,전라남도,여수시,전라남도 여수시 여수산단2로 46-47,061-688-4920,05 사업장 보유 방제물품(화학안전공동체)
화학보호복,보호구,화학물질용보호복(1형식),5,SET,한화케미칼㈜ 티다아이,사업장,전라권역,전라남도,여수시,전라남도 여수시 여수산단2로 46-47,061-688-4920,05 사업장 보유 방제물품(화학안전공동체)
화학보호복,보호구,내산복,14,EA,한화케미칼㈜ 폴리실리콘,사업장,전라권역,전라남도,여수시,전라남도 여수시 여수산단4로 255,061-690-5728,05 사업장 보유 방제물품(화학안전공동체)
화학보호복,보호구,내산앞치마,14,EA,한화케미칼㈜ 폴리실리콘,사업장,전라권역,전라남도,여수시,전라남도 여수시 여수산단4로 255,061-690-5728,05 사업장 보유 방제물품(화학안전공동체)
화학보호복,보호구,보호복,46,SET,한화케미칼㈜ 폴리실리콘,사업장,전라권역,전라남도,여수시,전라남도 여수시 여수산단4로 255,061-690-5728,05 사업장 보유 방제물품(화학안전공동체)
화학보호복,보호구,내산토시,2,EA,한화케미칼㈜ 폴리실리콘,사업장,전라권역,전라남도,여수시,전라남도 여수시 여수산단4로 255,061-690-5728,05 사업장 보유 방제물품(화학안전공동체)
화학보호복,보호구,화학보호복,5,EA,해룡-율촌터널 인근 (여수센터 관리),환경청·센터 장비함,전라권역,전라남도,여수시,전남 여수시 율촌면 용전리 산207-12,,04 환경청·센터 방제장비함
화학보호복,보호구,보호복,8,EA,해인기업㈜ 여수공장,사업장,전라권역,전라남도,여수시,전라남도 여수시 중흥동 750-19,061-692-6800,05 사업장 보유 방제물품(화학안전공동체)
화학보호복,보호구,방열복,5,EA,해인기업㈜ 여수공장,사업장,전라권역,전라남도,여수시,전라남도 여수시 중흥동 750-19,061-692-6800,05 사업장 보유 방제물품(화학안전공동체)
화학보호복,보호구,내산성 보호의,8,EA,해인기업㈜ 여천공장,사업장,전라권역,전라남도,여수시,전라남도 여수시 여수산단로 830,061-686-0917,05 사업장 보유 방제물품(화학안전공동체)
화학보호복,보호구,방열복,2,EA,해인기업㈜ 여천공장,사업장,전라권역,전라남도,여수시,전라남도 여수시 여수산단로 830,061-686-0917,05 사업장 보유 방제물품(화학안전공동체)
화학보호복,보호구,보호의,10,EA,해인기업㈜ 화치공장,사업장,전라권역,전라남도,여수시,전라남도 여수시 산단중앙로 30,061-686-6801,05 사업장 보유 방제물품(화학안전공동체)
화학보호복,보호구,내화학복,10,EA,해인기업㈜ 화치공장,사업장,전라권역,전라남도,여수시,전라남도 여수시 산단중앙로 30,061-686-6801,05 사업장 보유 방제물품(화학안전공동체)
화학보호복,보호구,방화복,2,EA,해인기업㈜ 화치공장,사업장,전라권역,전라남도,여수시,전라남도 여수시 산단중앙로 30,061-686-6801,05 사업장 보유 방제물품(화학안전공동체)
화학보호복,보호구,내화학복,106,EA,현대에너지㈜,사업장,전라권역,전라남도,여수시,전라남도 여수시 여수산단로 727,061-683-7319,05 사업장 보유 방제물품(화학안전공동체)
화학보호복,보호구,보호의,125,EA,현대제철㈜,사업장,전라권역,전라남도,순천시,전라남도 순천시 해룡면 인덕로 300,061-720-4665,05 사업장 보유 방제물품(화학안전공동체)
화학보호복,보호구,보호복-MC-3000,700,개,화성,판매업체,전라권역,전라남도,광양시,전남 광양시 광양읍 회암3길 23,061-763-9020,15 전남·광주 방제약품 판매업체 (2017년 기준)
화학보호복,보호구,보호복,35,EA,휴켐스㈜ 여수공장,사업장,전라권역,전라남도,여수시,전라남도 여수시 상암로 963,061-680-4613,05 사업장 보유 방제물품(화학안전공동체)
화학보호복,보호구,화학복,9,개,(주)휴비스전주공장 (전북도청 관리),환경청·센터 장비함,전라권역,전북특별자치도,전주시,전북특별자치도 전주시 덕진구 기린대로 787,,04 환경청·센터 방제장비함
화학보호복,보호구,화학복,9,개,119화학구조대(군산) (군산시 관리),환경청·센터 장비함,전라권역,전북특별자치도,군산시,전북특별자치도 군산시 외항7길 7,,04 환경청·센터 방제장비함
화학보호복,보호구,화학복,9,개,SK넥실리스㈜ 정읍공장 (전북도청 관리),환경청·센터 장비함,전라권역,전북특별자치도,정읍시,전북특별자치도 정읍시 북면 3산단2길 2,,04 환경청·센터 방제장비함
화학보호복,보호구,보호복,40,,군산시 기후환경과,지자체,전라권역,전북특별자치도,군산시,전북 군산시 시청로 17,063-454-3403,01 지자체 보유 방재장비
화학보호복,보호구,보호복,40,,군산시 기후환경과,지자체,전라권역,전북특별자치도,군산시,전북특별자치도 군산시 시청로 17,063-454-3403,02 지자체 보유 방재장비(청·센터별)
화학보호복,보호구,보호복,55,,남원시 환경과,지자체,전라권역,전북특별자치도,남원시,전북 남원시 시청로 60,063-620-6913,01 지자체 보유 방재장비
화학보호복,보호구,화학복,9,개,도레이첨단소재㈜ 군산공장 (전북도청 관리),환경청·센터 장비함,전라권역,전북특별자치도,군산시,전북특별자치도 군산시 새만금북로 90,,04 환경청·센터 방제장비함
화학보호복,보호구,화학보호복 3형식,5,개,도레이첨단소재㈜ 군산공장 주차장 (전북청 관리),환경청·센터 장비함,전라권역,전북특별자치도,군산시,전북특별자치도 군산시 새만금북로 90,,04 환경청·센터 방제장비함
화학보호복,보호구,화학보호복 3형식,14,EA,동전주영업소 (전북청 관리),환경청·센터 장비함,전라권역,전북특별자치도,전주시,전북특별자치도 전주시 덕진구 수곡길 33-50,,04 환경청·센터 방제장비함
화학보호복,보호구,보호복,48,,무주군 환경과,지자체,전라권역,전북특별자치도,무주군,전북 무주군 무주읍 주계로 97,063-320-2388,01 지자체 보유 방재장비
화학보호복,보호구,보호복,13,,부안군 환경과,지자체,전라권역,전북특별자치도,부안군,전북 부안군 부안읍 당산로 91,063-580-4382,01 지자체 보유 방재장비
화학보호복,보호구,화학보호복 3형식,14,EA,북남원영업소 (전북청 관리),환경청·센터 장비함,전라권역,전북특별자치도,남원시,전북특별자치도 남원시 대산면 순천완주고속도로 64,,04 환경청·센터 방제장비함
화학보호복,보호구,화학보호복 3형식,5,개,삼양화인테크놀로지㈜(군산2국가산단) (군산시 관리),환경청·센터 장비함,전라권역,전북특별자치도,군산시,전북특별자치도 군산시 자유무역 1길 63,,04 환경청·센터 방제장비함
화학보호복,보호구,화학복,9,개,신제타코리아㈜ (전북도청 관리),환경청·센터 장비함,전라권역,전북특별자치도,익산시,전북특별자치도 익산시 석암로 11길 87,,04 환경청·센터 방제장비함
화학보호복,보호구,화학보호복 3형식,5,개,어린이교통공원(군산1국가산단) (군산시 관리),환경청·센터 장비함,전라권역,전북특별자치도,군산시,전북특별자치도 군산시 동장산로 135,,04 환경청·센터 방제장비함
화학보호복,보호구,화학보호복 3형식,14,EA,오수휴게소 완주방향(상) (전북청 관리),환경청·센터 장비함,전라권역,전북특별자치도,임실군,전북특별자치도 임실군 오수면 순천완주고속도로 74,,04 환경청·센터 방제장비함
화학보호복,보호구,화학보호복 3형식,5,개,이피캠텍㈜ 2공장(새만금산단) (군산시 관리),환경청·센터 장비함,전라권역,전북특별자치도,군산시,전북특별자치도 군산시 새만금산단 2로 358,,04 환경청·센터 방제장비함
화학보호복,보호구,보호복,4,,임실군 환경보호과,지자체,전라권역,전북특별자치도,임실군,전북 임실군 임실읍 수정로 30,063-640-2963,01 지자체 보유 방재장비
화학보호복,보호구,보호복,2,,장수군 환경과,지자체,전라권역,전북특별자치도,장수군,전북자치도 장수군 장수읍 호비로 10,063-350-2531,01 지자체 보유 방재장비
화학보호복,보호구,보호복,77,,전주시 환경위생과,지자체,전라권역,전북특별자치도,전주시,전라북도 전주시 노송광장로 10,063-281-2531,01 지자체 보유 방재장비
화학보호복,보호구,보호복,10,,정읍시 환경정책과,지자체,전라권역,전북특별자치도,정읍시,전북 정읍시 충정로 234,063-539-5713,01 지자체 보유 방재장비
화학보호복,보호구,화학보호복 3형식,14,EA,진안 마이산휴게소 익산방향 (전북청 관리),환경청·센터 장비함,전라권역,전북특별자치도,진안군,전북특별자치도 진안군 진안읍 익산장수고속도로 41,,04 환경청·센터 방제장비함
화학보호복,보호구,화학보호복 3형식,14,EA,진안 마이산휴게소 장수방향 (전북청 관리),환경청·센터 장비함,전라권역,전북특별자치도,진안군,전북특별자치도 진안군 진안읍 익산장수고속도로 42,,04 환경청·센터 방제장비함
화학보호복,보호구,보호복,219,,진안군 안전재난과,지자체,전라권역,전북특별자치도,진안군,전북 진안군 진안읍 중앙로 67,063-430-2445,01 지자체 보유 방재장비
화학보호복,보호구,화학보호복 3형식,14,EA,춘향휴게소 순천방향(하) (전북청 관리),환경청·센터 장비함,전라권역,전북특별자치도,남원시,전북특별자치도 남원시 수지면 순천완주고속도로 50,,04 환경청·센터 방제장비함
화학보호복,보호구,화학보호복 3형식,14,EA,한국도로공사 남원지사 (전북청 관리),환경청·센터 장비함,전라권역,전북특별자치도,남원시,전북특별자치도 남원시 충정로 265-19,,04 환경청·센터 방제장비함
화학보호복,보호구,화학복,9,개,현대자동차㈜ (전북도청 관리),환경청·센터 장비함,전라권역,전북특별자치도,완주군,전북특별자치도 완주군 봉동읍 완주산단5로 175,,04 환경청·센터 방제장비함
화학보호복,보호구,보호복,158,,- 동물위생시험소,지자체,전라권역,제주특별자치도,-,제주시 조천읍 번영로 941,064-710-8572,01 지자체 보유 방재장비
화학보호복,보호구,보호복,3,,- 보건환경연구원,지자체,전라권역,제주특별자치도,-,제주 제주시 삼동길 41,064-710-6066,01 지자체 보유 방재장비
화학보호복,보호구,보호복,1000,,- 사회재난과,지자체,전라권역,제주특별자치도,-,제주시 조천읍 함와로 296,064-710-3633,01 지자체 보유 방재장비
화학보호복,보호구,보호복,2,,서귀포시 생활환경과,지자체,전라권역,제주특별자치도,서귀포시,"제주 서귀포시 산록남로1241번길 145(색달동, 서귀포쓰레기위생매립장)",064-760-3853,01 지자체 보유 방재장비
화학보호복,보호구,보호복,50,,서귀포시 안전총괄과,지자체,전라권역,제주특별자치도,서귀포시,제주 서귀포시 중앙로105(서귀포시청),064-760-3173,01 지자체 보유 방재장비
화학보호복,보호구,보호복,100,,서귀포시 예래동,지자체,전라권역,제주특별자치도,서귀포시,제주 서귀포시 예래로 67 (상예동),064-760-4855,01 지자체 보유 방재장비
화학보호복,보호구,보호복,6,,제주시 119재난대응과,지자체,전라권역,제주특별자치도,제주시,제주 제주시 중앙로 342,064-729-0174,01 지자체 보유 방재장비
화학보호복,보호구,보호복,54,,제주시 119특수대응단,지자체,전라권역,제주특별자치도,제주시,산천단동길 24,064-710-3506,01 지자체 보유 방재장비
화학보호복,보호구,일회용방제복,99,벌,한국환경공단 수질오염방제센터 금강센터,국가기관 비축,충청권역,,,,,09 한국환경공단 수질오염방제센터
화학보호복,보호구,Level C 보호복,14,벌,한국환경공단 수질오염방제센터 금강센터,국가기관 비축,충청권역,,,,,09 한국환경공단 수질오염방제센터
화학보호복,보호구,보호복,2,,- 상수도사업본부 송촌정수사업소,지자체,충청권역,대전광역시,-,대전광역시 대덕구 계족산로 20,042-715-6315,01 지자체 보유 방재장비
화학보호복,보호구,보호복,14,,- 상수도사업본부 월평정수사업소,지자체,충청권역,대전광역시,-,대전광역시 서구 신갈마로141번길 82,042-715-6412,01 지자체 보유 방재장비
화학보호복,보호구,보호복,20,,- 시민안전실 사회재난과,지자체,충청권역,대전광역시,-,대전광역시 서구 둔산로 100,042-270-4982,01 지자체 보유 방재장비
화학보호복,보호구,보호복,32,,대덕구 환경과,지자체,충청권역,대전광역시,대덕구,대전광역시 대덕구 대전로1033번길 20,042-608-6865,01 지자체 보유 방재장비
화학보호복,보호구,보호복,30,,서구 기후환경과,지자체,충청권역,대전광역시,서구,대전광역시 서구 둔산서로 100,042-288-3513,01 지자체 보유 방재장비
화학보호복,보호구,보호복,30,,서구 지역경제과,지자체,충청권역,대전광역시,서구,대전광역시 서구 둔산서로 100,042-288-2482,01 지자체 보유 방재장비
화학보호복,보호구,보호복,2,,유성구 푸른환경과,지자체,충청권역,대전광역시,유성구,대전광역시 유성구 대학로 211,042-611-2309,01 지자체 보유 방재장비
화학보호복,보호구,보호복,5,,세종특별자치시 환경정책과,지자체,충청권역,세종특별자치시,,"세종특별자치시 호려울로 19, 스마트허브Ⅲ (보람동)",044-300-4242,01 지자체 보유 방재장비
화학보호복,보호구,보호복,4,,금산군 환경위생과,지자체,충청권역,충청남도,금산군,충청남도 금산군 금산읍 군청길 13,041-750-2512,01 지자체 보유 방재장비
화학보호복,보호구,화학보호복 3형식,5,ea,남공주영업소 (금강청 관리),환경청·센터 장비함,충청권역,충청남도,공주시,충남 공주시 논산천안고속도로 40,,04 환경청·센터 방제장비함
화학보호복,보호구,화학보호복 1형식,1,ea,남공주영업소 (금강청 관리),환경청·센터 장비함,충청권역,충청남도,공주시,충남 공주시 논산천안고속도로 40,,04 환경청·센터 방제장비함
화학보호복,보호구,보호복,18,,논산시 환경과,지자체,충청권역,충청남도,논산시,충청남도 논산시 시민로210번길 9,041-746-5523,01 지자체 보유 방재장비
화학보호복,보호구,화학보호복 3형식,10,ea,당진영업소 (금강청 관리),환경청·센터 장비함,충청권역,충청남도,당진시,충남 당진시 송압읍 반촌로 224,,04 환경청·센터 방제장비함
화학보호복,보호구,화학보호복 1형식,1,ea,당진영업소 (금강청 관리),환경청·센터 장비함,충청권역,충청남도,당진시,충남 당진시 송압읍 반촌로 224,,04 환경청·센터 방제장비함
화학보호복,보호구,Level C 보호복,5,ea,부여 은산산단 (금강청 관리),환경청·센터 장비함,충청권역,충청남도,서천군,충남 서천군 장항읍 옥남리 1077,,04 환경청·센터 방제장비함
화학보호복,보호구,보호복,10,,부여군 환경과,지자체,충청권역,충청남도,부여군,충청남도 부여군 부여읍 사비로 33,041-830-2299,01 지자체 보유 방재장비
화학보호복,보호구,Level C 보호복,5,ea,북천안영업소 (금강청 관리),환경청·센터 장비함,충청권역,충청남도,천안시,충남 천안시 서북구 성거읍 도토성길 146,,04 환경청·센터 방제장비함
화학보호복,보호구,보호복,15,,서산시 기후환경대기과,지자체,충청권역,충청남도,서산시,충청남도 서산시 고운로 177,041-661-8278,01 지자체 보유 방재장비
화학보호복,보호구,보호복,15,,서산시 기후환경대기과,지자체,충청권역,충청남도,서산시,충청남도 서산시 고운로 177,041-661-8278,02 지자체 보유 방재장비(청·센터별)
화학보호복,보호구,Level C 보호복,5,ea,서천 장항산단 (금강청 관리),환경청·센터 장비함,충청권역,충청남도,서천군,충남 서천군 장항읍 옥남리 1077,,04 환경청·센터 방제장비함
화학보호복,보호구,보호복,20,,서천군 환경보호과,지자체,충청권역,충청남도,서천군,충청남도 서천군 서천읍 서림로 19,041-950-4332,01 지자체 보유 방재장비
화학보호복,보호구,보호복,20,,서천군 환경보호과,지자체,충청권역,충청남도,서천군,충청남도 서천군 서천읍 서림로 19,041-950-4332,02 지자체 보유 방재장비(청·센터별)
화학보호복,보호구,보호복,4,,아산시 환경보전과,지자체,충청권역,충청남도,아산시,충청남도 아산시 시민로 456,041-540-2440,01 지자체 보유 방재장비
화학보호복,보호구,보호복,4,,아산시 환경보전과,지자체,충청권역,충청남도,아산시,충청남도 아산시 시민로 456,041-540-2440,02 지자체 보유 방재장비(청·센터별)
화학보호복,보호구,Level C 보호복,5,ea,천안 제5산단 (금강청 관리),환경청·센터 장비함,충청권역,충청남도,천안시,충남 천안시 동남구 성남면 대화리 377,,04 환경청·센터 방제장비함
화학보호복,보호구,보호복,4,,천안시 환경정책과,지자체,충청권역,충청남도,천안시,천안시 서북구 번영로 156,041-521-5437,01 지자체 보유 방재장비
화학보호복,보호구,보호복,5,,청양군 환경정책과,지자체,충청권역,충청남도,청양군,충청남도 청양군 청양읍 문화예술로 222,041-940-4825,01 지자체 보유 방재장비
화학보호복,보호구,보호복,5,,청양군 환경정책과,지자체,충청권역,충청남도,청양군,충청남도 청양군 청양읍 문화예술로 222,041-940-4825,02 지자체 보유 방재장비(청·센터별)
화학보호복,보호구,보호복,83,,충청남도 119특수대응단,지자체,충청권역,충청남도,아산시,충청남도 아산시 염치읍 은행나무길223,041-590-6433,01 지자체 보유 방재장비
화학보호복,보호구,보호복,12,,충청남도 계룡소방서,지자체,충청권역,충청남도,계룡시,충청남도 계룡시 문화로 32,042-540-0311,01 지자체 보유 방재장비
화학보호복,보호구,보호복,10,,충청남도 금산소방서,지자체,충청권역,충청남도,금산군,충청남도 금산군 삼풍로 2,041-750-1312,01 지자체 보유 방재장비
화학보호복,보호구,보호복,15,,충청남도 논산소방서,지자체,충청권역,충청남도,논산시,충청남도 논산시 대학로 17,041-730-0313,01 지자체 보유 방재장비
화학보호복,보호구,보호복,20,,충청남도 당진소방서,지자체,충청권역,충청남도,당진시,충청남도 당진시 역천로 838,041-350-5313,01 지자체 보유 방재장비
화학보호복,보호구,보호복,16,,충청남도 보령소방서,지자체,충청권역,충청남도,보령시,충청남도 보령시 성주산로 63,041-930-0311,01 지자체 보유 방재장비
화학보호복,보호구,보호복,18,,충청남도 부여소방서,지자체,충청권역,충청남도,부여군,충청남도 부여군 규암면 계백로 17,041-830-0311,01 지자체 보유 방재장비
화학보호복,보호구,보호복,50,,충청남도 사회재난과,지자체,충청권역,충청남도,홍성군,충청남도 홍성군 홍북읍 충남대로 21,041-635-2373,01 지자체 보유 방재장비
화학보호복,보호구,보호복,25,,충청남도 서산소방서,지자체,충청권역,충청남도,서산시,충청남도 서산시 호수공원14로 26-4,041-689-0311,01 지자체 보유 방재장비
화학보호복,보호구,보호복,21,,충청남도 서천소방서,지자체,충청권역,충청남도,서천군,충청남도 서천군 장항읍 장항로 37,041-955-0313,01 지자체 보유 방재장비
화학보호복,보호구,보호복,94,,충청남도 아산소방서,지자체,충청권역,충청남도,아산시,충청남도 아산시 모종로 77,041-538-0311,01 지자체 보유 방재장비
화학보호복,보호구,보호복,47,,충청남도 예산소방서,지자체,충청권역,충청남도,예산군,충청남도 예산군 오가면 오가중앙로111,041-330-4312,01 지자체 보유 방재장비
화학보호복,보호구,보호복,20,,충청남도 천안동남소방서,지자체,충청권역,충청남도,천안시,충청남도 천안시 동남구 천안대로 580,041-570-0313,01 지자체 보유 방재장비
화학보호복,보호구,보호복,86,,충청남도 천안서북소방서,지자체,충청권역,충청남도,천안시,충청남도 천안시 서북구 4산단2길 32,041-360-0313,01 지자체 보유 방재장비
화학보호복,보호구,보호복,6,,충청남도 청양소방서,지자체,충청권역,충청남도,청양군,충청남도 청양군 청양읍 충절로 1187,041-940-7312,01 지자체 보유 방재장비
화학보호복,보호구,보호복,17,,충청남도 태안소방서,지자체,충청권역,충청남도,태안군,충청남도 태안군 태안읍 동백로 100,041-671-0311,01 지자체 보유 방재장비
화학보호복,보호구,보호복,23,,충청남도 홍성소방서,지자체,충청권역,충청남도,홍성군,충청남도 홍성군 홍성읍 충절로 741,041-630-0312,01 지자체 보유 방재장비
화학보호복,보호구,보호복,20,,충청남도 환경관리과,지자체,충청권역,충청남도,홍성군,충청남도 홍성군 홍북읍 충남대로 22,041-635-6909,01 지자체 보유 방재장비
화학보호복,보호구,보호복,31,,홍성군 환경과,지자체,충청권역,충청남도,홍성군,충청남도 홍성군 홍성읍 아문길 27,041-630-1767,01 지자체 보유 방재장비
화학보호복,보호구,보호복,31,,홍성군 환경과,지자체,충청권역,충청남도,홍성군,충청남도 홍성군 홍성읍 아문길 27,041-630-1767,02 지자체 보유 방재장비(청·센터별)
화학보호복,보호구,보호복,20,,단양군 환경과,지자체,충청권역,충청북도,단양군,충북 단양군 단양읍 중앙1로 10,043-420-2664,01 지자체 보유 방재장비
화학보호복,보호구,보호복,20,,단양군 환경과,지자체,충청권역,충청북도,단양군,충청북도 단양군 단양읍 중앙1로 10,043-420-2664,02 지자체 보유 방재장비(청·센터별)
화학보호복,보호구,보호복,4,,보은군 환경위생과,지자체,충청권역,충청북도,보은군,충북 보은군 보은읍 군청길 38,043-540-3532,01 지자체 보유 방재장비
화학보호복,보호구,화학보호복 3형식,5,ea,서오창영업소 (금강청 관리),환경청·센터 장비함,충청권역,충청북도,청주시,충북 청주시 청원구 오창읍 두릉유리로 726-60,,04 환경청·센터 방제장비함
화학보호복,보호구,보호복,5,,영동군 환경과,지자체,충청권역,충청북도,영동군,충북 영동군 영동읍 동정로 1,043-740-3428,01 지자체 보유 방재장비
화학보호복,보호구,보호복,770,,음성군 보건정책과,지자체,충청권역,충청북도,음성군,충북 음성군 음성읍 중앙로 49,043-871-2222,01 지자체 보유 방재장비
화학보호복,보호구,보호복,770,,음성군 보건정책과,지자체,충청권역,충청북도,음성군,음성군 음성읍 중앙로 49,043-871-2222,02 지자체 보유 방재장비(청·센터별)
화학보호복,보호구,보호복,14,,제천시 자연환경과,지자체,충청권역,충청북도,제천시,충북 제천시 내토로 295,043-641-6392,01 지자체 보유 방재장비
화학보호복,보호구,보호복,14,,제천시 자연환경과,지자체,충청권역,충청북도,제천시,충청북도 제천시 내토로 295,043-641-6392,02 지자체 보유 방재장비(청·센터별)
화학보호복,보호구,보호복,6,,진천군 환경과,지자체,충청권역,충청북도,진천군,충북 진천군 진천읍 상산로 13,043-539-3454,01 지자체 보유 방재장비
화학보호복,보호구,화학보호복 3\~4형식,5,ea,청주 ic (금강청 관리),환경청·센터 장비함,충청권역,충청북도,청주시,충북 청주시 흥덕구 비하동 492-1,,04 환경청·센터 방제장비함
화학보호복,보호구,화학보호복 1형식,1,ea,청주 ic (금강청 관리),환경청·센터 장비함,충청권역,충청북도,청주시,충북 청주시 흥덕구 비하동 492-1,,04 환경청·센터 방제장비함
화학보호복,보호구,보호복,24,,청주시 재난대응과,지자체,충청권역,충청북도,청주시,충북 청주시 상당구 상당로 69번길 38,043-201-1653,01 지자체 보유 방재장비
화학보호복,보호구,보호복,4,,충주시 대기환경과,지자체,충청권역,충청북도,충주시,충북 충주시 으뜸로 21,043-850-3673,01 지자체 보유 방재장비
화학보호복,보호구,보호복,4,,충주시 대기환경과,지자체,충청권역,충청북도,충주시,충청북도 충주시 으뜸로 21,043-850-3673,02 지자체 보유 방재장비(청·센터별)
모래·모래주머니,흡착·중화,마른모래,80,,강릉시 환경과,지자체,강원권역,강원특별자치도,강릉시,강원 강릉시 강릉대로 33,033-640-5356,01 지자체 보유 방재장비
모래·모래주머니,흡착·중화,마른모래,500,,동해시 환경과,지자체,강원권역,강원특별자치도,동해시,강원 동해시 천곡로 77,033-530-2366,01 지자체 보유 방재장비
모래·모래주머니,흡착·중화,마른모래,25690,,거제시 기후환경과,지자체,경상권역,경상남도,거제시,경상남도 거제시 계룡로 125(고현동) 거제시청,055-639-3933,01 지자체 보유 방재장비
모래·모래주머니,흡착·중화,마른모래,80,,거창군 환경과,지자체,경상권역,경상남도,거창군,경상남도 거창군 거창읍 중앙로 103,055-940-3514,01 지자체 보유 방재장비
모래·모래주머니,흡착·중화,마른모래,50,,김해시 환경정책과,지자체,경상권역,경상남도,김해시,경상남도 김해시 김해대로 2401,055-330-2733,01 지자체 보유 방재장비
모래·모래주머니,흡착·중화,마른모래,4000,,밀양시 환경관리과,지자체,경상권역,경상남도,밀양시,경상남도 밀양시 밀양대로 2047,055-359-5308,01 지자체 보유 방재장비
모래·모래주머니,흡착·중화,마른모래,100,,산청군 환경위생과,지자체,경상권역,경상남도,산청군,경상남도 산청군 산청읍 산엔청로 1,055-970-7122,01 지자체 보유 방재장비
모래·모래주머니,흡착·중화,마른모래,6000,,함안군 환경과,지자체,경상권역,경상남도,함안군,경상남도 함안군 가야읍 말산로 1,055-580-2423,01 지자체 보유 방재장비
모래·모래주머니,흡착·중화,마른모래,400,,고령군 환경과,지자체,경상권역,경상북도,고령군,고령군 대가야읍 왕릉로 55,054-950-6523,01 지자체 보유 방재장비
모래·모래주머니,흡착·중화,마른모래,20,,안동시시설관리공단 바이오산단환경팀,지자체,경상권역,경상북도,안동시시설관리공단,경상북도 안동시 풍산읍 산업단지길 77,054-850-4562,01 지자체 보유 방재장비
모래·모래주머니,흡착·중화,마른모래,700,,안동시시설관리공단 안동환경팀,지자체,경상권역,경상북도,안동시시설관리공단,경상북도 안동시 앙실3길 21-20,054-850-4549,01 지자체 보유 방재장비
모래·모래주머니,흡착·중화,마른모래,1000000,,영양군 환경보전과,지자체,경상권역,경상북도,영양군,경북 영양군 영양읍 군청길37,054-680-6510,01 지자체 보유 방재장비
모래·모래주머니,흡착·중화,마른모래,120000,,예천군 건설교통과,지자체,경상권역,경상북도,예천군,경북 예천군 예천읍 충효로 111,054-650-6335,01 지자체 보유 방재장비
모래·모래주머니,흡착·중화,마른모래,100,,청도군 환경산림과,지자체,경상권역,경상북도,청도군,경상북도 청도군 화양읍 청화로 70,054-370-2187,01 지자체 보유 방재장비
모래·모래주머니,흡착·중화,마른모래,80,,포항시 환경정책과,지자체,경상권역,경상북도,포항시,포항시 남구 시청로 1,054-270-3113,01 지자체 보유 방재장비
모래·모래주머니,흡착·중화,마른모래,75,,군위군 환경과,지자체,경상권역,대구광역시,군위군,대구광역시 군위군 군위읍 군청로 200,054-380-7992,01 지자체 보유 방재장비
모래·모래주머니,흡착·중화,마른모래,75,,군위군 환경과,지자체,경상권역,대구광역시,군위군,대구광역시 군위군 군위읍 군청로 200,054-380-7992,02 지자체 보유 방재장비(청·센터별)
모래·모래주머니,흡착·중화,마른모래,10,,남구 녹색환경과,지자체,경상권역,대구광역시,남구,대구광역시 남구 이천로 51,053-664-2576,01 지자체 보유 방재장비
모래·모래주머니,흡착·중화,마른모래,1000,,북구 도시관리과,지자체,경상권역,부산광역시,북구,부산광역시 북구 낙동대로 1570번길 33 (구포동),051-309-4712,01 지자체 보유 방재장비
모래·모래주머니,흡착·중화,마른모래,45000,,사상구 도시관리과,지자체,경상권역,부산광역시,사상구,부산광역시 사상구 학감대로 242,051-310-4657,01 지자체 보유 방재장비
모래·모래주머니,흡착·중화,마른모래,10000,,사하구 환경위생과,지자체,경상권역,부산광역시,사하구,부산광역시 사하구 낙동대로 398번길 12,051-220-4424,01 지자체 보유 방재장비
모래·모래주머니,흡착·중화,마른모래,21900,,해운대구 재난안전과,지자체,경상권역,부산광역시,해운대구,부산광역시 해운대구 중동2로 11,051-749-4648,01 지자체 보유 방재장비
모래·모래주머니,흡착·중화,마른모래,21900,,해운대구 환경위생과,지자체,경상권역,부산광역시,해운대구,부산광역시 해운대구 센텀중앙로 170,051-749-4395,01 지자체 보유 방재장비
모래·모래주머니,흡착·중화,마른모래,48,,광명시 환경관리과,지자체,수도권,경기도,광명시,경기 광명시 시청로 20,02-2680-2297,01 지자체 보유 방재장비
모래·모래주머니,흡착·중화,마른모래,100,,광주시 수질정책과,지자체,수도권,경기도,광주시,경기 광주시 행정타운로 50,031-760-3765,01 지자체 보유 방재장비
모래·모래주머니,흡착·중화,마른모래,300,,구리시 하수과,지자체,수도권,경기도,구리시,경기 구리시 검배로 200,031-550-8437,01 지자체 보유 방재장비
모래·모래주머니,흡착·중화,마른모래,50,,안산시 환경정책과,지자체,수도권,경기도,안산시,"경기 안산시 단원구 중앙대로 839(고잔동, 3층 환경정책과)",031-481-2243,01 지자체 보유 방재장비
모래·모래주머니,흡착·중화,마른모래,80,,여주시 도로과,지자체,수도권,경기도,여주시,경기 여주시 세종로 1,,01 지자체 보유 방재장비
모래·모래주머니,흡착·중화,마른모래,80,,하남시 환경정책과,지자체,수도권,경기도,하남시,경기 하남시 대청로 10,031-790-5744,01 지자체 보유 방재장비
모래·모래주머니,흡착·중화,마른모래,60,,강북구 재난안전과,지자체,수도권,서울특별시,강북구,서울특별시 강북구 도봉로 323(용신빌딩) 10층,02-901-5878,01 지자체 보유 방재장비
모래·모래주머니,흡착·중화,마른모래,3,,광진구 환경과,지자체,수도권,서울특별시,광진구,서울특별시 광진구 아차산로 400,02-450-7805,01 지자체 보유 방재장비
모래·모래주머니,흡착·중화,마른모래,9875,,금천구 환경과,지자체,수도권,서울특별시,금천구,서울시 금천구 시흥대로73길 70,02-2627-1515,01 지자체 보유 방재장비
모래·모래주머니,흡착·중화,마른모래,5,,중구(영종·용유) 친환경위생과,지자체,수도권,인천광역시,중구(영종·용유),"인천 중구 운남서로 100, 국제도시관 4층",032-760-7738,01 지자체 보유 방재장비
모래·모래주머니,흡착·중화,마른모래,40000,,북구 기후환경과,지자체,전라권역,광주광역시,북구,광주광역시 북구 우치로 77,062-410-6472,01 지자체 보유 방재장비
모래·모래주머니,흡착·중화,방제함(모래),,6,GS칼텍스㈜ 바이오부탄올,사업장,전라권역,전라남도,여수시,전라남도 여수시 여수산단로 923-106,061-660-6268,05 사업장 보유 방제물품(화학안전공동체)
모래·모래주머니,흡착·중화,모래주머니,4,EA,KPX라이프 사이언스㈜,사업장,전라권역,전라남도,여수시,전라남도 여수시 여수산단로 201,061-688-4622,05 사업장 보유 방제물품(화학안전공동체)
모래·모래주머니,흡착·중화,모래,200,KG,㈜두원,사업장,전라권역,전라남도,광양시,전라남도 광양시 광양읍 초남공단1길 10,061-763-1755,05 사업장 보유 방제물품(화학안전공동체)
모래·모래주머니,흡착·중화,모래주머니,75,EA,㈜에스엔엔씨,사업장,전라권역,전라남도,광양시,전라남도 광양시 제철로 2148-139,061-797-9244,05 사업장 보유 방제물품(화학안전공동체)
모래·모래주머니,흡착·중화,모래주머니,20,EA,㈜엘지화학(용성2),사업장,전라권역,전라남도,여수시,전라남도 여수시 여수산단4로 58 확장단지,,05 사업장 보유 방제물품(화학안전공동체)
모래·모래주머니,흡착·중화,모래주머니,100,EA,㈜엘지화학(화치),사업장,전라권역,전라남도,여수시,전라남도 여수시 여수산단2로 55,061-680-1068,05 사업장 보유 방제물품(화학안전공동체)
모래·모래주머니,흡착·중화,모래,100,KG,㈜와이엔텍,사업장,전라권역,전라남도,여수시,전라남도 여수시 여수산단로 1232,061-690-6910,05 사업장 보유 방제물품(화학안전공동체)
모래·모래주머니,흡착·중화,모래주머니,15,EA,㈜지와이씨,사업장,전라권역,전라남도,순천시,전라남도 순천시 용당동 신흥길 38,061-724-9393,05 사업장 보유 방제물품(화학안전공동체)
모래·모래주머니,흡착·중화,모래주머니,1689,EA,㈜포스코 광양제철소,사업장,전라권역,전라남도,광양시,전라남도 광양시 제철로1800,061-790-2542,05 사업장 보유 방제물품(화학안전공동체)
모래·모래주머니,흡착·중화,모래,150,EA,㈜피엠씨텍,사업장,전라권역,전라남도,광양시,전라남도 광양시 제철로2408,061-760-8976,05 사업장 보유 방제물품(화학안전공동체)
모래·모래주머니,흡착·중화,모래주머니,30,EA,㈜한국환경사업단,사업장,전라권역,전라남도,여수시,전라남도 여수시 진달래길 346,061-686-7066,05 사업장 보유 방제물품(화학안전공동체)
모래·모래주머니,흡착·중화,모래,8,EA,㈜한익스프레스,사업장,전라권역,전라남도,여수시,전라남도 여수시 여수산단로 611,061-685-5524,05 사업장 보유 방제물품(화학안전공동체)
모래·모래주머니,흡착·중화,마른모래,500,KG,㈜한화여수사업장,사업장,전라권역,전라남도,여수시,전라남도 여수시 신월로 411,061-640-1232,05 사업장 보유 방제물품(화학안전공동체)
모래·모래주머니,흡착·중화,모래주머니(4kg),100,포,광양항 컨테이너 부두 인근 (여수센터 관리),환경청·센터 장비함,전라권역,전라남도,광양시,전남 광양시 도이동 782,,04 환경청·센터 방제장비함
모래·모래주머니,흡착·중화,모래,250,KG,금호석유화학㈜ 여수고무제2공장,사업장,전라권역,전라남도,여수시,전라남도 여수시 산단중앙로33,061-688-7261,05 사업장 보유 방제물품(화학안전공동체)
모래·모래주머니,흡착·중화,모래,5,포,대정티씨 여수공장,사업장,전라권역,전라남도,여수시,전라남도 여수시 여수산단1로 310-37,061-685-3021,05 사업장 보유 방제물품(화학안전공동체)
모래·모래주머니,흡착·중화,모래함,8,EA,롯데베르살리스 엘라스토머스㈜,사업장,전라권역,전라남도,여수시,전라남도 여수시 여수산단4로 53,061-690-2522,05 사업장 보유 방제물품(화학안전공동체)
모래·모래주머니,흡착·중화,모래함,4,EA,롯데엠시시㈜ 여수2공장,사업장,전라권역,전라남도,여수시,전라남도 여수시 여수산단4로 129,061-680-8453,05 사업장 보유 방제물품(화학안전공동체)
모래·모래주머니,흡착·중화,모래주머니,1000,EA,롯데첨단소재㈜,사업장,전라권역,전라남도,여수시,전라남도 여수시 여수산단로 334-27,061-689-1301,05 사업장 보유 방제물품(화학안전공동체)
모래·모래주머니,흡착·중화,모래주머니(4kg),100,포,묘도 휴게소 인근 (여수센터 관리),환경청·센터 장비함,전라권역,전라남도,광양시,전남 광양시 묘도7길 110,,04 환경청·센터 방제장비함
모래·모래주머니,흡착·중화,모래주머니,30,EA,백광산업,사업장,전라권역,전라남도,여수시,전라남도 여수시 여수산단2로 284,061-680-0600,05 사업장 보유 방제물품(화학안전공동체)
모래·모래주머니,흡착·중화,모래,15,KG,비를라카본코리아㈜,사업장,전라권역,전라남도,여수시,전라남도 여수시 여수산단2로 46-101,061-688-3331,05 사업장 보유 방제물품(화학안전공동체)
모래·모래주머니,흡착·중화,모래주머니(4kg),100,포,산곡-대포터널 인근 (여수센터 관리),환경청·센터 장비함,전라권역,전라남도,여수시,전남 여수시 율촌면 신풍리 산106-1,,04 환경청·센터 방제장비함
모래·모래주머니,흡착·중화,모래주머니,20,EA,삼남석유화학㈜,사업장,전라권역,전라남도,여수시,전라남도 여수시 여수산단로 955,061-688-8283,05 사업장 보유 방제물품(화학안전공동체)
모래·모래주머니,흡착·중화,마른모래,80,,신안군 세계유산과,지자체,전라권역,전라남도,신안군,전라남도 신안군 압해로 천사로 1004,061-240-8153,01 지자체 보유 방재장비
모래·모래주머니,흡착·중화,모래주머니,300,EA,여천NCC㈜ C5분리공장,사업장,전라권역,전라남도,여수시,전라남도 여수시 화치동 1468,061-688-6065,05 사업장 보유 방제물품(화학안전공동체)
모래·모래주머니,흡착·중화,모래주머니,200,EA,여천NCC㈜ 여수1공장,사업장,전라권역,전라남도,여수시,전라남도 여수시 여수산단3로 2,061-688-6065,05 사업장 보유 방제물품(화학안전공동체)
모래·모래주머니,흡착·중화,모래주머니,200,EA,여천NCC㈜ 여수2공장,사업장,전라권역,전라남도,여수시,전라남도 여수시 여수산단2로 46-20,061-688-6065,05 사업장 보유 방제물품(화학안전공동체)
모래·모래주머니,흡착·중화,모래주머니,340,EA,여천NCC㈜ 여수3공장,사업장,전라권역,전라남도,여수시,전라남도 여수시 여수산단2로 220-62,061-688-6065,05 사업장 보유 방제물품(화학안전공동체)
모래·모래주머니,흡착·중화,건사,50,포,오리온엔지니어드카본즈㈜,사업장,전라권역,전라남도,여수시,전라남도 여수시 진달래길 310-88,061-690-5143,05 사업장 보유 방제물품(화학안전공동체)
모래·모래주머니,흡착·중화,모래주머니(4kg),50,포,옥곡 톨게이트 인근 (여수센터 관리),환경청·센터 장비함,전라권역,전라남도,광양시,전남 광양시 옥곡면 강변로 434-37,,04 환경청·센터 방제장비함
모래·모래주머니,흡착·중화,모래,20,KG,인제화학㈜,사업장,전라권역,전라남도,여수시,전라남도 여수시 화양면 화양로 1122-12,061-685-4300,05 사업장 보유 방제물품(화학안전공동체)
모래·모래주머니,흡착·중화,모래주머니,600,KG,케미스타㈜,사업장,전라권역,전라남도,순천시,전라남도 순천시 해룡면 율촌산단1로 19-59,061-811-3033,05 사업장 보유 방제물품(화학안전공동체)
모래·모래주머니,흡착·중화,마른모래,400,KG,케미스타㈜,사업장,전라권역,전라남도,순천시,전라남도 순천시 해룡면 율촌산단1로 19-59,061-811-3033,05 사업장 보유 방제물품(화학안전공동체)
모래·모래주머니,흡착·중화,건사,400,KG,케이에스광학㈜,사업장,전라권역,전라남도,순천시,전라남도 순천시 율촌산단4로 26-108,061-727-9717,05 사업장 보유 방제물품(화학안전공동체)
모래·모래주머니,흡착·중화,모래주머니,500,KG,한국남동발전㈜ 여수발전본부,사업장,전라권역,전라남도,여수시,전라남도 여수시 여수산단로 727,070-8898-5622,05 사업장 보유 방제물품(화학안전공동체)
모래·모래주머니,흡착·중화,모래,500,KG,한국신광마이크로 애랙트로닉스㈜,사업장,전라권역,전라남도,순천시,전라남도 순천시 서면산단1길 32,061-753-8801,05 사업장 보유 방제물품(화학안전공동체)
모래·모래주머니,흡착·중화,모래주머니,400,EA,"한화케미칼㈜ 여수1공장, 한화케미칼㈜ 여수2공장, 한화케미칼㈜ 여수3공장",사업장,전라권역,전라남도,여수시,전라남도 여수시 여수산단3로 117,061-688-1165,05 사업장 보유 방제물품(화학안전공동체)
모래·모래주머니,흡착·중화,모래주머니(4kg),100,포,해룡-율촌터널 인근 (여수센터 관리),환경청·센터 장비함,전라권역,전라남도,여수시,전남 여수시 율촌면 용전리 산207-12,,04 환경청·센터 방제장비함
모래·모래주머니,흡착·중화,방화사,200,L,해인기업㈜ 여천공장,사업장,전라권역,전라남도,여수시,전라남도 여수시 여수산단로 830,061-686-0917,05 사업장 보유 방제물품(화학안전공동체)
모래·모래주머니,흡착·중화,모래주머니,300,EA,현대제철㈜,사업장,전라권역,전라남도,순천시,전라남도 순천시 해룡면 인덕로 300,061-720-4665,05 사업장 보유 방제물품(화학안전공동체)
모래·모래주머니,흡착·중화,마른모래,600,,군산시 기후환경과,지자체,전라권역,전북특별자치도,군산시,전북 군산시 시청로 17,063-454-3403,01 지자체 보유 방재장비
모래·모래주머니,흡착·중화,마른모래,600,,군산시 기후환경과,지자체,전라권역,전북특별자치도,군산시,전북특별자치도 군산시 시청로 17,063-454-3403,02 지자체 보유 방재장비(청·센터별)
모래·모래주머니,흡착·중화,모래주머니,30,개,도레이첨단소재㈜ 군산공장 주차장 (전북청 관리),환경청·센터 장비함,전라권역,전북특별자치도,군산시,전북특별자치도 군산시 새만금북로 90,,04 환경청·센터 방제장비함
모래·모래주머니,흡착·중화,모래주머니,80,EA,동전주영업소 (전북청 관리),환경청·센터 장비함,전라권역,전북특별자치도,전주시,전북특별자치도 전주시 덕진구 수곡길 33-50,,04 환경청·센터 방제장비함
모래·모래주머니,흡착·중화,모래주머니,80,EA,북남원영업소 (전북청 관리),환경청·센터 장비함,전라권역,전북특별자치도,남원시,전북특별자치도 남원시 대산면 순천완주고속도로 64,,04 환경청·센터 방제장비함
모래·모래주머니,흡착·중화,모래주머니,30,개,삼양화인테크놀로지㈜(군산2국가산단) (군산시 관리),환경청·센터 장비함,전라권역,전북특별자치도,군산시,전북특별자치도 군산시 자유무역 1길 63,,04 환경청·센터 방제장비함
모래·모래주머니,흡착·중화,모래주머니포,10,개,삼양화인테크놀로지㈜(군산2국가산단) (군산시 관리),환경청·센터 장비함,전라권역,전북특별자치도,군산시,전북특별자치도 군산시 자유무역 1길 63,,04 환경청·센터 방제장비함
모래·모래주머니,흡착·중화,모래주머니,30,개,어린이교통공원(군산1국가산단) (군산시 관리),환경청·센터 장비함,전라권역,전북특별자치도,군산시,전북특별자치도 군산시 동장산로 135,,04 환경청·센터 방제장비함
모래·모래주머니,흡착·중화,모래주머니포,10,개,어린이교통공원(군산1국가산단) (군산시 관리),환경청·센터 장비함,전라권역,전북특별자치도,군산시,전북특별자치도 군산시 동장산로 135,,04 환경청·센터 방제장비함
모래·모래주머니,흡착·중화,모래주머니,80,EA,오수휴게소 완주방향(상) (전북청 관리),환경청·센터 장비함,전라권역,전북특별자치도,임실군,전북특별자치도 임실군 오수면 순천완주고속도로 74,,04 환경청·센터 방제장비함
모래·모래주머니,흡착·중화,모래주머니,30,개,이피캠텍㈜ 2공장(새만금산단) (군산시 관리),환경청·센터 장비함,전라권역,전북특별자치도,군산시,전북특별자치도 군산시 새만금산단 2로 358,,04 환경청·센터 방제장비함
모래·모래주머니,흡착·중화,모래주머니포,10,개,이피캠텍㈜ 2공장(새만금산단) (군산시 관리),환경청·센터 장비함,전라권역,전북특별자치도,군산시,전북특별자치도 군산시 새만금산단 2로 358,,04 환경청·센터 방제장비함
모래·모래주머니,흡착·중화,모래주머니,80,EA,진안 마이산휴게소 익산방향 (전북청 관리),환경청·센터 장비함,전라권역,전북특별자치도,진안군,전북특별자치도 진안군 진안읍 익산장수고속도로 41,,04 환경청·센터 방제장비함
모래·모래주머니,흡착·중화,모래주머니,80,EA,진안 마이산휴게소 장수방향 (전북청 관리),환경청·센터 장비함,전라권역,전북특별자치도,진안군,전북특별자치도 진안군 진안읍 익산장수고속도로 42,,04 환경청·센터 방제장비함
모래·모래주머니,흡착·중화,모래주머니,80,EA,춘향휴게소 순천방향(하) (전북청 관리),환경청·센터 장비함,전라권역,전북특별자치도,남원시,전북특별자치도 남원시 수지면 순천완주고속도로 50,,04 환경청·센터 방제장비함
모래·모래주머니,흡착·중화,모래주머니,80,EA,한국도로공사 남원지사 (전북청 관리),환경청·센터 장비함,전라권역,전북특별자치도,남원시,전북특별자치도 남원시 충정로 265-19,,04 환경청·센터 방제장비함
모래·모래주머니,흡착·중화,마른모래,1500,,서귀포시 예래동,지자체,전라권역,제주특별자치도,서귀포시,제주 서귀포시 예래로 67 (상예동),064-760-4855,01 지자체 보유 방재장비
모래·모래주머니,흡착·중화,마른모래,500,,제주시 건입동,지자체,전라권역,제주특별자치도,제주시,제주시 만덕로 18(건입동),064-728-4669,01 지자체 보유 방재장비
모래·모래주머니,흡착·중화,마른모래,250,,제주시 오라동,지자체,전라권역,제주특별자치도,제주시,제주 제주시 오라로10길 6,064-728-4814,01 지자체 보유 방재장비
모래·모래주머니,흡착·중화,마른모래,60,,제주시 용담2동,지자체,전라권역,제주특별자치도,제주시,제주 제주시 흥운길 27,064-728-4635,01 지자체 보유 방재장비
모래·모래주머니,흡착·중화,마른모래,500,,제주시 조천읍,지자체,전라권역,제주특별자치도,제주시,제주 제주시 조천읍 신북로 194,064-728-7851,01 지자체 보유 방재장비
모래·모래주머니,흡착·중화,마른모래,20,,대덕구 중리동,지자체,충청권역,대전광역시,대덕구,대전광역시 대덕구 대덕구 중리남로47,042-608-5725,01 지자체 보유 방재장비
모래·모래주머니,흡착·중화,마른모래,1800,,서구 갈마2동,지자체,충청권역,대전광역시,서구,대전광역시 서구 대덕대로 147,042-288-5426,01 지자체 보유 방재장비
모래·모래주머니,흡착·중화,마른모래,100,,서구 관저2동,지자체,충청권역,대전광역시,서구,대전광역시 서구 관저중로82,042-288-5653,01 지자체 보유 방재장비
모래·모래주머니,흡착·중화,마른모래,100,,서구 괴정동,지자체,충청권역,대전광역시,서구,대전광역시 서구 가장로 57,042-288-5306,01 지자체 보유 방재장비
모래·모래주머니,흡착·중화,마른모래,200,,서구 정림동,지자체,충청권역,대전광역시,서구,대전광역시 서구 정림동로 10,042-288-5096,01 지자체 보유 방재장비
모래·모래주머니,흡착·중화,마른모래,224,,서구 탄방동,지자체,충청권역,대전광역시,서구,대전광역시 서구 탄방로7번길 97,042-288-5185,01 지자체 보유 방재장비
모래·모래주머니,흡착·중화,모래주머니(4kg),20,ea,남공주영업소 (금강청 관리),환경청·센터 장비함,충청권역,충청남도,공주시,충남 공주시 논산천안고속도로 40,,04 환경청·센터 방제장비함
모래·모래주머니,흡착·중화,모래주머니(5kg),30,포,부여 은산산단 (금강청 관리),환경청·센터 장비함,충청권역,충청남도,서천군,충남 서천군 장항읍 옥남리 1077,,04 환경청·센터 방제장비함
모래·모래주머니,흡착·중화,모래주머니(5kg),30,포,북천안영업소 (금강청 관리),환경청·센터 장비함,충청권역,충청남도,천안시,충남 천안시 서북구 성거읍 도토성길 146,,04 환경청·센터 방제장비함
모래·모래주머니,흡착·중화,모래주머니(5kg),30,포,서천 장항산단 (금강청 관리),환경청·센터 장비함,충청권역,충청남도,서천군,충남 서천군 장항읍 옥남리 1077,,04 환경청·센터 방제장비함
모래·모래주머니,흡착·중화,마른모래,100,,서천군 환경보호과,지자체,충청권역,충청남도,서천군,충청남도 서천군 서천읍 서림로 19,041-950-4332,01 지자체 보유 방재장비
모래·모래주머니,흡착·중화,마른모래,100,,서천군 환경보호과,지자체,충청권역,충청남도,서천군,충청남도 서천군 서천읍 서림로 19,041-950-4332,02 지자체 보유 방재장비(청·센터별)
모래·모래주머니,흡착·중화,모래주머니(5kg),30,포,천안 제5산단 (금강청 관리),환경청·센터 장비함,충청권역,충청남도,천안시,충남 천안시 동남구 성남면 대화리 377,,04 환경청·센터 방제장비함
모래·모래주머니,흡착·중화,마른모래,200,,충청남도 119특수대응단,지자체,충청권역,충청남도,아산시,충청남도 아산시 염치읍 은행나무길223,041-590-6433,01 지자체 보유 방재장비
모래·모래주머니,흡착·중화,마른모래,95,,충청남도 논산소방서,지자체,충청권역,충청남도,논산시,충청남도 논산시 대학로 17,041-730-0313,01 지자체 보유 방재장비
모래·모래주머니,흡착·중화,마른모래,500,,충청남도 당진소방서,지자체,충청권역,충청남도,당진시,충청남도 당진시 역천로 838,041-350-5313,01 지자체 보유 방재장비
모래·모래주머니,흡착·중화,마른모래,195,,충청남도 보령소방서,지자체,충청권역,충청남도,보령시,충청남도 보령시 성주산로 63,041-930-0311,01 지자체 보유 방재장비
모래·모래주머니,흡착·중화,마른모래,2000,,충청남도 사회재난과,지자체,충청권역,충청남도,홍성군,충청남도 홍성군 홍북읍 충남대로 21,041-635-2373,01 지자체 보유 방재장비
모래·모래주머니,흡착·중화,마른모래,1220,,충청남도 아산소방서,지자체,충청권역,충청남도,아산시,충청남도 아산시 모종로 77,041-538-0311,01 지자체 보유 방재장비
모래·모래주머니,흡착·중화,마른모래,75,,충청남도 예산소방서,지자체,충청권역,충청남도,예산군,충청남도 예산군 오가면 오가중앙로111,041-330-4312,01 지자체 보유 방재장비
모래·모래주머니,흡착·중화,마른모래,2892,,충청남도 천안동남소방서,지자체,충청권역,충청남도,천안시,충청남도 천안시 동남구 천안대로 580,041-570-0313,01 지자체 보유 방재장비
모래·모래주머니,흡착·중화,마른모래,4160,,충청남도 천안서북소방서,지자체,충청권역,충청남도,천안시,충청남도 천안시 서북구 4산단2길 32,041-360-0313,01 지자체 보유 방재장비
모래·모래주머니,흡착·중화,마른모래,12,,충청남도 태안소방서,지자체,충청권역,충청남도,태안군,충청남도 태안군 태안읍 동백로 100,041-671-0311,01 지자체 보유 방재장비
모래·모래주머니,흡착·중화,모래주머니(4kg),30,ea,서오창영업소 (금강청 관리),환경청·센터 장비함,충청권역,충청북도,청주시,충북 청주시 청원구 오창읍 두릉유리로 726-60,,04 환경청·센터 방제장비함
모래·모래주머니,흡착·중화,마른모래,80,,영동군 환경과,지자체,충청권역,충청북도,영동군,충북 영동군 영동읍 동정로 1,043-740-3428,01 지자체 보유 방재장비
모래·모래주머니,흡착·중화,모래주머니(4kg),20,포,청주 ic (금강청 관리),환경청·센터 장비함,충청권역,충청북도,청주시,충북 청주시 흥덕구 비하동 492-1,,04 환경청·센터 방제장비함
오일펜스·붐,흡착·중화,오일펜스,2,km,광양광역방제지원센터(여수),국가기관 비축,,,,광양항,,07 해경 광역방제지원센터 비축물자
오일펜스·붐,흡착·중화,오일펜스,2,km,대산광역방제지원센터(태안),국가기관 비축,,,,대산항,,07 해경 광역방제지원센터 비축물자
오일펜스·붐,흡착·중화,오일펜스,1600,m,한국환경공단 수질오염방제센터 낙동강센터,국가기관 비축,경상권역,,,,,09 한국환경공단 수질오염방제센터
오일펜스·붐,흡착·중화,유흡착제(붐형) 10kg/Box,154,Box,한국환경공단 수질오염방제센터 낙동강센터,국가기관 비축,경상권역,,,,,09 한국환경공단 수질오염방제센터
오일펜스·붐,흡착·중화,기름제거붐,6,개,한국환경공단 수질오염방제센터 낙동강센터,국가기관 비축,경상권역,,,,,09 한국환경공단 수질오염방제센터
오일펜스·붐,흡착·중화,케미컬흡착재(붐형),14,Box,한국환경공단 수질오염방제센터 낙동강센터,국가기관 비축,경상권역,,,,,09 한국환경공단 수질오염방제센터
오일펜스·붐,흡착·중화,오일펜스,25,Set,한국남동발전㈜ 하동발전본부,사업장,경상권역,경상남도,하동군,경상남도 하동군 금성면 경제산업로 509,070-7713-1294,05 사업장 보유 방제물품(화학안전공동체)
오일펜스·붐,흡착·중화,오일펜스,2,km,울산광역방제지원센터(울산),국가기관 비축,경상권역,울산광역시,,온산항,,07 해경 광역방제지원센터 비축물자
오일펜스·붐,흡착·중화,오일펜스,1820,m,한국환경공단 수질오염방제센터 한강센터,국가기관 비축,수도권,,,,,09 한국환경공단 수질오염방제센터
오일펜스·붐,흡착·중화,유흡착제(붐형) 10kg/Box,203,Box,한국환경공단 수질오염방제센터 한강센터,국가기관 비축,수도권,,,,,09 한국환경공단 수질오염방제센터
오일펜스·붐,흡착·중화,기름제거붐,3,개,한국환경공단 수질오염방제센터 한강센터,국가기관 비축,수도권,,,,,09 한국환경공단 수질오염방제센터
오일펜스·붐,흡착·중화,케미컬흡착재(붐형),28,Box,한국환경공단 수질오염방제센터 한강센터,국가기관 비축,수도권,,,,,09 한국환경공단 수질오염방제센터
오일펜스·붐,흡착·중화,화학물질 흡착포(붐형 대 6개),1,box,한국도로공사 발안영업소 (한강청 관리),환경청·센터 장비함,수도권,경기도,화성시,경기 화성시 팔탄면 3.1만세로 879-40,031-790-2896,04 환경청·센터 방제장비함
오일펜스·붐,흡착·중화,화학물질 흡착재(붐형 12개),4,box,한국도로공사 발안영업소 (한강청 관리),환경청·센터 장비함,수도권,경기도,화성시,경기 화성시 팔탄면 3.1만세로 879-40,031-790-2896,04 환경청·센터 방제장비함
오일펜스·붐,흡착·중화,오일펜스,1580,m,한국환경공단 수질오염방제센터 영산강센터,국가기관 비축,전라권역,,,,,09 한국환경공단 수질오염방제센터
오일펜스·붐,흡착·중화,유흡착제(붐형) 10kg/Box,136,Box,한국환경공단 수질오염방제센터 영산강센터,국가기관 비축,전라권역,,,,,09 한국환경공단 수질오염방제센터
오일펜스·붐,흡착·중화,케미컬흡착재(붐형),10,Box,한국환경공단 수질오염방제센터 영산강센터,국가기관 비축,전라권역,,,,,09 한국환경공단 수질오염방제센터
오일펜스·붐,흡착·중화,흡착붐,12,EA,한국티앤에이,판매업체,전라권역,광주광역시,광산구,광주 광산구 사암로 805,062-953-0010,15 전남·광주 방제약품 판매업체 (2017년 기준)
오일펜스·붐,흡착·중화,오일펜스,,320m,GS바이오㈜,사업장,전라권역,전라남도,여수시,전라남도 여수시 여수산단로 923-106,061-680-5740,05 사업장 보유 방제물품(화학안전공동체)
오일펜스·붐,흡착·중화,유흡착붐,,36m,GS바이오㈜,사업장,전라권역,전라남도,여수시,전라남도 여수시 여수산단로 923-106,061-680-5740,05 사업장 보유 방제물품(화학안전공동체)
오일펜스·붐,흡착·중화,유흡착붐,,20EA,GS칼텍스㈜,사업장,전라권역,전라남도,여수시,전라남도 여수시 여수산단로 923-106,061-680-2387,05 사업장 보유 방제물품(화학안전공동체)
오일펜스·붐,흡착·중화,오일펜스,,80M,㈜E1,사업장,전라권역,전라남도,여수시,전라남도 여수시 낙포단지길 60,061-690-9373,05 사업장 보유 방제물품(화학안전공동체)
오일펜스·붐,흡착·중화,오일펜스,2,EA,㈜동성코퍼레이션,사업장,전라권역,전라남도,여수시,전라남도 여수시 여수산단2로 223-40,061-690-4623,05 사업장 보유 방제물품(화학안전공동체)
오일펜스·붐,흡착·중화,오일펜스,440,M,㈜동특,사업장,전라권역,전라남도,여수시,전라남도 여수시 여수산단 4로 96,061-685-2311,05 사업장 보유 방제물품(화학안전공동체)
오일펜스·붐,흡착·중화,오일휀스,15,M,㈜로비스,사업장,전라권역,전라남도,여수시,전라남도 여수시 여수산단로 274-9,061-805-9220,05 사업장 보유 방제물품(화학안전공동체)
오일펜스·붐,흡착·중화,유흡착붐,3,BOX,㈜세아엠엔에스,사업장,전라권역,전라남도,여수시,전라남도 여수시 산단중앙로 188,061-807-7114,05 사업장 보유 방제물품(화학안전공동체)
오일펜스·붐,흡착·중화,오일펜스,500,M,㈜엘지화학(VCM),사업장,전라권역,전라남도,여수시,전라남도 여수시 여수산단로 1121,061-680-6524,05 사업장 보유 방제물품(화학안전공동체)
오일펜스·붐,흡착·중화,오일펜스,120,EA,㈜엘지화학(용성),사업장,전라권역,전라남도,여수시,전라남도 여수시 여수산단4로 58,061-689-3304,05 사업장 보유 방제물품(화학안전공동체)
오일펜스·붐,흡착·중화,오일펜스,2,BOX,㈜엘지화학(용성2),사업장,전라권역,전라남도,여수시,전라남도 여수시 여수산단4로 58 확장단지,,05 사업장 보유 방제물품(화학안전공동체)
오일펜스·붐,흡착·중화,오일펜스,64,M,㈜엘지화학(화치),사업장,전라권역,전라남도,여수시,전라남도 여수시 여수산단2로 55,061-680-1068,05 사업장 보유 방제물품(화학안전공동체)
오일펜스·붐,흡착·중화,오일휀스,60,M,㈜케이씨씨 여천공장,사업장,전라권역,전라남도,여수시,전라남도 여수시 상암로 601,061-680-7820,05 사업장 보유 방제물품(화학안전공동체)
오일펜스·붐,흡착·중화,오일펜스,8,EA,㈜한익스프레스,사업장,전라권역,전라남도,여수시,전라남도 여수시 여수산단로 611,061-685-5524,05 사업장 보유 방제물품(화학안전공동체)
오일펜스·붐,흡착·중화,오일펜스,50,M,㈜한화여수사업장,사업장,전라권역,전라남도,여수시,전라남도 여수시 신월로 411,061-640-1232,05 사업장 보유 방제물품(화학안전공동체)
오일펜스·붐,흡착·중화,화학물질흡착포(붐형 大),1,BOX,광양항 컨테이너 부두 인근 (여수센터 관리),환경청·센터 장비함,전라권역,전라남도,광양시,전남 광양시 도이동 782,,04 환경청·센터 방제장비함
오일펜스·붐,흡착·중화,화학물질흡착포(붐형),4,BOX,광양항 컨테이너 부두 인근 (여수센터 관리),환경청·센터 장비함,전라권역,전라남도,광양시,전남 광양시 도이동 782,,04 환경청·센터 방제장비함
오일펜스·붐,흡착·중화,오일휀스,260,M,남해화학㈜,사업장,전라권역,전라남도,여수시,전라남도 여수시 여수산돈로 1384,061-688-5752,05 사업장 보유 방제물품(화학안전공동체)
오일펜스·붐,흡착·중화,오일펜스,200,M,대림산업㈜ 여수C4공장,사업장,전라권역,전라남도,여수시,전라남도 여수시 여수산단중앙로 275,061-688-6821,05 사업장 보유 방제물품(화학안전공동체)
오일펜스·붐,흡착·중화,유흡착붐,1,BOX,롯데엠시시㈜ 여수2공장,사업장,전라권역,전라남도,여수시,전라남도 여수시 여수산단4로 129,061-680-8453,05 사업장 보유 방제물품(화학안전공동체)
오일펜스·붐,흡착·중화,오일펜스,43,SET,롯데케미칼㈜ 여수1공장,사업장,전라권역,전라남도,여수시,전라남도 여수시 여수산단4로 53,061-688-2156,05 사업장 보유 방제물품(화학안전공동체)
오일펜스·붐,흡착·중화,유흡착붐,32,EA,롯데케미칼㈜ 여수1공장,사업장,전라권역,전라남도,여수시,전라남도 여수시 여수산단4로 53,061-688-2156,05 사업장 보유 방제물품(화학안전공동체)
오일펜스·붐,흡착·중화,유흡착붐,8,EA,롯데케미칼㈜ 여수2공장,사업장,전라권역,전라남도,여수시,전라남도 여수시 여수산단2로 116-82,061-688-2156,05 사업장 보유 방제물품(화학안전공동체)
오일펜스·붐,흡착·중화,화학물질흡착포(붐형 大),1,BOX,묘도 휴게소 인근 (여수센터 관리),환경청·센터 장비함,전라권역,전라남도,광양시,전남 광양시 묘도7길 110,,04 환경청·센터 방제장비함
오일펜스·붐,흡착·중화,화학물질흡착포(붐형),4,BOX,묘도 휴게소 인근 (여수센터 관리),환경청·센터 장비함,전라권역,전라남도,광양시,전남 광양시 묘도7길 110,,04 환경청·센터 방제장비함
오일펜스·붐,흡착·중화,화학물질흡착포(붐형 大),1,BOX,산곡-대포터널 인근 (여수센터 관리),환경청·센터 장비함,전라권역,전라남도,여수시,전남 여수시 율촌면 신풍리 산106-1,,04 환경청·센터 방제장비함
오일펜스·붐,흡착·중화,화학물질흡착포(붐형),4,BOX,산곡-대포터널 인근 (여수센터 관리),환경청·센터 장비함,전라권역,전라남도,여수시,전남 여수시 율촌면 신풍리 산106-1,,04 환경청·센터 방제장비함
오일펜스·붐,흡착·중화,유흡착붐,3,EA,삼남석유화학㈜,사업장,전라권역,전라남도,여수시,전라남도 여수시 여수산단로 955,061-688-8283,05 사업장 보유 방제물품(화학안전공동체)
오일펜스·붐,흡착·중화,오일펜스,280,280M,수자원공사 여수권지사 별량수령장,사업장,전라권역,전라남도,순천시,전라남도 순천시,061-759-4212,05 사업장 보유 방제물품(화학안전공동체)
오일펜스·붐,흡착·중화,오일휀스,320,M,엘지엠엠에이㈜(PMMA공장),사업장,전라권역,전라남도,여수시,전라남도 여수시 여수산단2로 55,061-805-3855,05 사업장 보유 방제물품(화학안전공동체)
오일펜스·붐,흡착·중화,오일휀스(해양),43,EA,여천NCC㈜ 여수1공장,사업장,전라권역,전라남도,여수시,전라남도 여수시 여수산단3로 2,061-688-6065,05 사업장 보유 방제물품(화학안전공동체)
오일펜스·붐,흡착·중화,오일휀스(하천),1,EA,여천NCC㈜ 여수1공장,사업장,전라권역,전라남도,여수시,전라남도 여수시 여수산단3로 2,061-688-6065,05 사업장 보유 방제물품(화학안전공동체)
오일펜스·붐,흡착·중화,오일휀스(하천),1,EA(20M),여천NCC㈜ 여수2공장,사업장,전라권역,전라남도,여수시,전라남도 여수시 여수산단2로 46-20,061-688-6065,05 사업장 보유 방제물품(화학안전공동체)
오일펜스·붐,흡착·중화,오일휀스(하천),1,EA(20M),여천NCC㈜ 여수3공장,사업장,전라권역,전라남도,여수시,전라남도 여수시 여수산단2로 220-62,061-688-6065,05 사업장 보유 방제물품(화학안전공동체)
오일펜스·붐,흡착·중화,화학물질흡착포(붐형 大),1,BOX,옥곡 톨게이트 인근 (여수센터 관리),환경청·센터 장비함,전라권역,전라남도,광양시,전남 광양시 옥곡면 강변로 434-37,,04 환경청·센터 방제장비함
오일펜스·붐,흡착·중화,화학물질흡착포(붐형),4,BOX,옥곡 톨게이트 인근 (여수센터 관리),환경청·센터 장비함,전라권역,전라남도,광양시,전남 광양시 옥곡면 강변로 434-37,,04 환경청·센터 방제장비함
오일펜스·붐,흡착·중화,오일휀스,24,M,케이알코폴리머㈜,사업장,전라권역,전라남도,여수시,전라남도 여수시 여수산단4로 60,061-688-7710,05 사업장 보유 방제물품(화학안전공동체)
오일펜스·붐,흡착·중화,오일휀스,10,BOX,코니상사,판매업체,전라권역,전라남도,여수시,전남 여수시 웅남3길,061-684-3611,15 전남·광주 방제약품 판매업체 (2017년 기준)
오일펜스·붐,흡착·중화,흡착붐,10,BOX,코니상사,판매업체,전라권역,전라남도,여수시,전남 여수시 웅남3길,061-684-3611,15 전남·광주 방제약품 판매업체 (2017년 기준)
오일펜스·붐,흡착·중화,오일펜스,2,SET,코오롱인더스트리㈜ 여수공장,사업장,전라권역,전라남도,여수시,전라남도 여수시 산단중앙로 213,061-690-9842,05 사업장 보유 방제물품(화학안전공동체)
오일펜스·붐,흡착·중화,오일붐,1,SET,코오롱인더스트리㈜ 여수공장,사업장,전라권역,전라남도,여수시,전라남도 여수시 산단중앙로 213,061-690-9842,05 사업장 보유 방제물품(화학안전공동체)
오일펜스·붐,흡착·중화,오일펜스,360,M,한국남동발전㈜ 여수발전본부,사업장,전라권역,전라남도,여수시,전라남도 여수시 여수산단로 727,070-8898-5622,05 사업장 보유 방제물품(화학안전공동체)
오일펜스·붐,흡착·중화,오일펜스,750,M,한국남동발전㈜ 호남화력본부,사업장,전라권역,전라남도,여수시,"전라남도 여수시 여수산단로 1203, 1층",,05 사업장 보유 방제물품(화학안전공동체)
오일펜스·붐,흡착·중화,오일 펜스,11,EA,"한화케미칼㈜ 여수1공장, 한화케미칼㈜ 여수2공장, 한화케미칼㈜ 여수3공장",사업장,전라권역,전라남도,여수시,전라남도 여수시 여수산단3로 117,061-688-1165,05 사업장 보유 방제물품(화학안전공동체)
오일펜스·붐,흡착·중화,오일붐,9,EA,"한화케미칼㈜ 여수1공장, 한화케미칼㈜ 여수2공장, 한화케미칼㈜ 여수3공장",사업장,전라권역,전라남도,여수시,전라남도 여수시 여수산단3로 117,061-688-1165,05 사업장 보유 방제물품(화학안전공동체)
오일펜스·붐,흡착·중화,화학물질흡착포(붐형 大),1,BOX,해룡-율촌터널 인근 (여수센터 관리),환경청·센터 장비함,전라권역,전라남도,여수시,전남 여수시 율촌면 용전리 산207-12,,04 환경청·센터 방제장비함
오일펜스·붐,흡착·중화,화학물질흡착포(붐형),4,BOX,해룡-율촌터널 인근 (여수센터 관리),환경청·센터 장비함,전라권역,전라남도,여수시,전남 여수시 율촌면 용전리 산207-12,,04 환경청·센터 방제장비함
오일펜스·붐,흡착·중화,오일휀스-T-270K,15,bag,화성,판매업체,전라권역,전라남도,광양시,전남 광양시 광양읍 회암3길 23,061-763-9020,15 전남·광주 방제약품 판매업체 (2017년 기준)
오일펜스·붐,흡착·중화,흡착붐-T-4,5,박스,화성,판매업체,전라권역,전라남도,광양시,전남 광양시 광양읍 회암3길 23,061-763-9020,15 전남·광주 방제약품 판매업체 (2017년 기준)
오일펜스·붐,흡착·중화,오일펜스,40,M,휴켐스㈜ 여수공장,사업장,전라권역,전라남도,여수시,전라남도 여수시 상암로 963,061-680-4613,05 사업장 보유 방제물품(화학안전공동체)
오일펜스·붐,흡착·중화,오일펜스,1,개,(주)휴비스전주공장 (전북도청 관리),환경청·센터 장비함,전라권역,전북특별자치도,전주시,전북특별자치도 전주시 덕진구 기린대로 787,,04 환경청·센터 방제장비함
오일펜스·붐,흡착·중화,케미칼미니붐,7,개,(주)휴비스전주공장 (전북도청 관리),환경청·센터 장비함,전라권역,전북특별자치도,전주시,전북특별자치도 전주시 덕진구 기린대로 787,,04 환경청·센터 방제장비함
오일펜스·붐,흡착·중화,미니붐(유류),5,개,(주)휴비스전주공장 (전북도청 관리),환경청·센터 장비함,전라권역,전북특별자치도,전주시,전북특별자치도 전주시 덕진구 기린대로 787,,04 환경청·센터 방제장비함
오일펜스·붐,흡착·중화,오일펜스,1,개,119화학구조대(군산) (군산시 관리),환경청·센터 장비함,전라권역,전북특별자치도,군산시,전북특별자치도 군산시 외항7길 7,,04 환경청·센터 방제장비함
오일펜스·붐,흡착·중화,케미칼미니붐,7,개,119화학구조대(군산) (군산시 관리),환경청·센터 장비함,전라권역,전북특별자치도,군산시,전북특별자치도 군산시 외항7길 7,,04 환경청·센터 방제장비함
오일펜스·붐,흡착·중화,미니붐(유류),5,개,119화학구조대(군산) (군산시 관리),환경청·센터 장비함,전라권역,전북특별자치도,군산시,전북특별자치도 군산시 외항7길 7,,04 환경청·센터 방제장비함
오일펜스·붐,흡착·중화,오일펜스,1,개,SK넥실리스㈜ 정읍공장 (전북도청 관리),환경청·센터 장비함,전라권역,전북특별자치도,정읍시,전북특별자치도 정읍시 북면 3산단2길 2,,04 환경청·센터 방제장비함
오일펜스·붐,흡착·중화,미니붐(유류),9,개,SK넥실리스㈜ 정읍공장 (전북도청 관리),환경청·센터 장비함,전라권역,전북특별자치도,정읍시,전북특별자치도 정읍시 북면 3산단2길 2,,04 환경청·센터 방제장비함
오일펜스·붐,흡착·중화,오일펜스,1,개,도레이첨단소재㈜ 군산공장 (전북도청 관리),환경청·센터 장비함,전라권역,전북특별자치도,군산시,전북특별자치도 군산시 새만금북로 90,,04 환경청·센터 방제장비함
오일펜스·붐,흡착·중화,케미칼미니붐,7,개,도레이첨단소재㈜ 군산공장 (전북도청 관리),환경청·센터 장비함,전라권역,전북특별자치도,군산시,전북특별자치도 군산시 새만금북로 90,,04 환경청·센터 방제장비함
오일펜스·붐,흡착·중화,미니붐(유류),5,개,도레이첨단소재㈜ 군산공장 (전북도청 관리),환경청·센터 장비함,전라권역,전북특별자치도,군산시,전북특별자치도 군산시 새만금북로 90,,04 환경청·센터 방제장비함
오일펜스·붐,흡착·중화,케미칼미니붐,3,개,디와이 이노베이트㈜ (전북도청 관리),환경청·센터 장비함,전라권역,전북특별자치도,익산시,전북특별자치도 익산시 석암로 13길 118,,04 환경청·센터 방제장비함
오일펜스·붐,흡착·중화,오일펜스,1,개,미원상사㈜ 익산공장 (전북도청 관리),환경청·센터 장비함,전라권역,전북특별자치도,익산시,전북특별자치도 익산시 낭산면 미륵사지로 820-25,,04 환경청·센터 방제장비함
오일펜스·붐,흡착·중화,케미칼미니붐,3,개,미원상사㈜ 익산공장 (전북도청 관리),환경청·센터 장비함,전라권역,전북특별자치도,익산시,전북특별자치도 익산시 낭산면 미륵사지로 820-25,,04 환경청·센터 방제장비함
오일펜스·붐,흡착·중화,미니붐(유류),2,개,미원상사㈜ 익산공장 (전북도청 관리),환경청·센터 장비함,전라권역,전북특별자치도,익산시,전북특별자치도 익산시 낭산면 미륵사지로 820-25,,04 환경청·센터 방제장비함
오일펜스·붐,흡착·중화,화학물질 흡착포(붐형),15,개,삼양화인테크놀로지㈜(군산2국가산단) (군산시 관리),환경청·센터 장비함,전라권역,전북특별자치도,군산시,전북특별자치도 군산시 자유무역 1길 63,,04 환경청·센터 방제장비함
오일펜스·붐,흡착·중화,미니붐(유류),4,개,신제타코리아㈜ (전북도청 관리),환경청·센터 장비함,전라권역,전북특별자치도,익산시,전북특별자치도 익산시 석암로 11길 87,,04 환경청·센터 방제장비함
오일펜스·붐,흡착·중화,화학물질 흡착포(붐형),15,개,어린이교통공원(군산1국가산단) (군산시 관리),환경청·센터 장비함,전라권역,전북특별자치도,군산시,전북특별자치도 군산시 동장산로 135,,04 환경청·센터 방제장비함
오일펜스·붐,흡착·중화,화학물질 흡착포(붐형),15,개,이피캠텍㈜ 2공장(새만금산단) (군산시 관리),환경청·센터 장비함,전라권역,전북특별자치도,군산시,전북특별자치도 군산시 새만금산단 2로 358,,04 환경청·센터 방제장비함
오일펜스·붐,흡착·중화,오일펜스,1,개,현대자동차㈜ (전북도청 관리),환경청·센터 장비함,전라권역,전북특별자치도,완주군,전북특별자치도 완주군 봉동읍 완주산단5로 163,,04 환경청·센터 방제장비함
오일펜스·붐,흡착·중화,케미칼미니붐,6,개,현대자동차㈜ (전북도청 관리),환경청·센터 장비함,전라권역,전북특별자치도,완주군,전북특별자치도 완주군 봉동읍 완주산단5로 167,,04 환경청·센터 방제장비함
오일펜스·붐,흡착·중화,미니붐(유류),4,개,현대자동차㈜ (전북도청 관리),환경청·센터 장비함,전라권역,전북특별자치도,완주군,전북특별자치도 완주군 봉동읍 완주산단5로 168,,04 환경청·센터 방제장비함
오일펜스·붐,흡착·중화,오일펜스,1540,m,한국환경공단 수질오염방제센터 금강센터,국가기관 비축,충청권역,,,,,09 한국환경공단 수질오염방제센터
오일펜스·붐,흡착·중화,유흡착제(붐형) 10kg/Box,96,Box,한국환경공단 수질오염방제센터 금강센터,국가기관 비축,충청권역,,,,,09 한국환경공단 수질오염방제센터
오일펜스·붐,흡착·중화,유흡착제(붐형) 20kg/Box,24,Box,한국환경공단 수질오염방제센터 금강센터,국가기관 비축,충청권역,,,,,09 한국환경공단 수질오염방제센터
오일펜스·붐,흡착·중화,기름제거붐,5,개,한국환경공단 수질오염방제센터 금강센터,국가기관 비축,충청권역,,,,,09 한국환경공단 수질오염방제센터
오일펜스·붐,흡착·중화,케미컬흡착재(붐형),14,Box,한국환경공단 수질오염방제센터 금강센터,국가기관 비축,충청권역,,,,,09 한국환경공단 수질오염방제센터
오일펜스·붐,흡착·중화,화학물질 흡착포(붐형 대),1,box,남공주영업소 (금강청 관리),환경청·센터 장비함,충청권역,충청남도,공주시,충남 공주시 논산천안고속도로 40,,04 환경청·센터 방제장비함
오일펜스·붐,흡착·중화,화학물질 흡착재(붐형),3,box,남공주영업소 (금강청 관리),환경청·센터 장비함,충청권역,충청남도,공주시,충남 공주시 논산천안고속도로 40,,04 환경청·센터 방제장비함
오일펜스·붐,흡착·중화,화학물질 흡착포(붐형 대),1,box,당진영업소 (금강청 관리),환경청·센터 장비함,충청권역,충청남도,당진시,충남 당진시 송압읍 반촌로 224,,04 환경청·센터 방제장비함
오일펜스·붐,흡착·중화,화학물질 흡착재(붐형),5,box,당진영업소 (금강청 관리),환경청·센터 장비함,충청권역,충청남도,당진시,충남 당진시 송압읍 반촌로 224,,04 환경청·센터 방제장비함
오일펜스·붐,흡착·중화,화학물질흡착포(붐형),5,box,부여 은산산단 (금강청 관리),환경청·센터 장비함,충청권역,충청남도,서천군,충남 서천군 장항읍 옥남리 1077,,04 환경청·센터 방제장비함
오일펜스·붐,흡착·중화,화학물질흡착포(붐형),5,box,북천안영업소 (금강청 관리),환경청·센터 장비함,충청권역,충청남도,천안시,충남 천안시 서북구 성거읍 도토성길 146,,04 환경청·센터 방제장비함
오일펜스·붐,흡착·중화,화학물질흡착포(붐형),5,box,서천 장항산단 (금강청 관리),환경청·센터 장비함,충청권역,충청남도,서천군,충남 서천군 장항읍 옥남리 1077,,04 환경청·센터 방제장비함
오일펜스·붐,흡착·중화,화학물질흡착포(붐형),5,box,천안 제5산단 (금강청 관리),환경청·센터 장비함,충청권역,충청남도,천안시,충남 천안시 동남구 성남면 대화리 377,,04 환경청·센터 방제장비함
오일펜스·붐,흡착·중화,화학물질 흡착재(붐형),2,box,서오창영업소 (금강청 관리),환경청·센터 장비함,충청권역,충청북도,청주시,충북 청주시 청원구 오창읍 두릉유리로 726-60,,04 환경청·센터 방제장비함
오일펜스·붐,흡착·중화,화학물질 흡착포(붐형 대),1,box,청주 ic (금강청 관리),환경청·센터 장비함,충청권역,충청북도,청주시,충북 청주시 흥덕구 비하동 492-1,,04 환경청·센터 방제장비함
오일펜스·붐,흡착·중화,화학물질 흡착재(붐형),4,box,청주 ic (금강청 관리),환경청·센터 장비함,충청권역,충청북도,청주시,충북 청주시 흥덕구 비하동 492-1,,04 환경청·센터 방제장비함
유처리제·응고제,흡착·중화,유처리제,7,ℓ,광양광역방제지원센터(여수),국가기관 비축,,,,광양항,,07 해경 광역방제지원센터 비축물자
유처리제·응고제,흡착·중화,유처리제,8,ℓ,대산광역방제지원센터(태안),국가기관 비축,,,,대산항,,07 해경 광역방제지원센터 비축물자
유처리제·응고제,흡착·중화,유처리제,460,,강릉시 환경과,지자체,강원권역,강원특별자치도,강릉시,강원 강릉시 강릉대로 33,033-640-5356,01 지자체 보유 방재장비
유처리제·응고제,흡착·중화,유처리제,120,,동해시 환경과,지자체,강원권역,강원특별자치도,동해시,강원 동해시 천곡로 77,033-530-2366,01 지자체 보유 방재장비
유처리제·응고제,흡착·중화,유처리제,324,,속초시 친환경과,지자체,강원권역,강원특별자치도,속초시,강원 속초시 중앙로 183,033-639-1578,01 지자체 보유 방재장비
유처리제·응고제,흡착·중화,유처리제,45,,양양군 환경과,지자체,강원권역,강원특별자치도,양양군,강원 양양군 양양읍 군청길 1,033-670-2182,01 지자체 보유 방재장비
유처리제·응고제,흡착·중화,유처리제,72,,인제군 환경보호과,지자체,강원권역,강원특별자치도,인제군,강원 인제군 인제읍 인제로187번길 8,033-460-4453,01 지자체 보유 방재장비
유처리제·응고제,흡착·중화,유처리제,14,,정선군 환경과,지자체,강원권역,강원특별자치도,정선군,강원 정선군 정선읍 봉양3길 21,033-560-2354,01 지자체 보유 방재장비
유처리제·응고제,흡착·중화,유처리제,400,,태백시 환경과,지자체,강원권역,강원특별자치도,태백시,강원 태백시 태붐로 21,033-550-3974,01 지자체 보유 방재장비
유처리제·응고제,흡착·중화,유처리제,6,,평창군 환경과,지자체,강원권역,강원특별자치도,평창군,강원 평창군 평창읍 군청길 77,,01 지자체 보유 방재장비
유처리제·응고제,흡착·중화,유처리제,33,,횡성군 환경과,지자체,강원권역,강원특별자치도,횡성군,강원 횡성군 횡성읍 태기로 15,033-340-2434,01 지자체 보유 방재장비
유처리제·응고제,흡착·중화,유처리제 캔(18L),57,캔,한국환경공단 수질오염방제센터 낙동강센터,국가기관 비축,경상권역,,,,,09 한국환경공단 수질오염방제센터
유처리제·응고제,흡착·중화,유처리제,72,,거제시 기후환경과,지자체,경상권역,경상남도,거제시,경상남도 거제시 계룡로 125(고현동) 거제시청,055-639-3933,01 지자체 보유 방재장비
유처리제·응고제,흡착·중화,유처리제,162,,거창군 환경과,지자체,경상권역,경상남도,거창군,경상남도 거창군 거창읍 중앙로 103,055-940-3514,01 지자체 보유 방재장비
유처리제·응고제,흡착·중화,유처리제,144,,남해군 환경과,지자체,경상권역,경상남도,남해군,경상남도 남해군 남해읍 에코파크길 65-10,055-860-3273,01 지자체 보유 방재장비
유처리제·응고제,흡착·중화,유처리제,144,,남해군 환경과,지자체,경상권역,경상남도,남해군,경상남도 남해군 남해읍 에코파크길 65-10,055-860-3273,02 지자체 보유 방재장비(청·센터별)
유처리제·응고제,흡착·중화,유처리제,300,,밀양시 환경관리과,지자체,경상권역,경상남도,밀양시,경상남도 밀양시 밀양대로 2047,055-359-5308,01 지자체 보유 방재장비
유처리제·응고제,흡착·중화,유처리제,342,,사천시 환경보호과,지자체,경상권역,경상남도,사천시,사천시 용현면 시청로 77,055-831-2777,01 지자체 보유 방재장비
유처리제·응고제,흡착·중화,유처리제,126,,산청군 환경위생과,지자체,경상권역,경상남도,산청군,경상남도 산청군 산청읍 산엔청로 1,055-970-7122,01 지자체 보유 방재장비
유처리제·응고제,흡착·중화,유처리제,50,,양산시 수질관리과,지자체,경상권역,경상남도,양산시,경남 양산시 중앙로 39,055-392-3582,01 지자체 보유 방재장비
유처리제·응고제,흡착·중화,유처리제,50,,양산시 수질관리과,지자체,경상권역,경상남도,양산시,경남 양산시 중앙로 39,055-392-3582,02 지자체 보유 방재장비(청·센터별)
유처리제·응고제,흡착·중화,유처리제,522,,진주시 기후환경과,지자체,경상권역,경상남도,진주시,경상남도 진주시 동진로 155,055-749-8655,01 지자체 보유 방재장비
유처리제·응고제,흡착·중화,유처리제,234,,창녕군 환경위생과,지자체,경상권역,경상남도,창녕군,경상남도 창녕군 창녕읍 군청길1,055-530-1614,01 지자체 보유 방재장비
유처리제·응고제,흡착·중화,유처리제,200,,창원시 마산합포구 환경과,지자체,경상권역,경상남도,창원시 마산합포구,경상남도 창원시 마산합포구 3·15대로 210,055-220-4573,01 지자체 보유 방재장비
유처리제·응고제,흡착·중화,유처리제,66,,창원시 마산회원구 환경과,지자체,경상권역,경상남도,창원시 마산회원구,경상남도 창원시 마산회원구 삼호로 63,055-230-4573,01 지자체 보유 방재장비
유처리제·응고제,흡착·중화,유처리제,54,,창원시 성산구 환경과,지자체,경상권역,경상남도,창원시 성산구,경상남도 창원시 성산구 창원대로 1086(성주동),055-272-4573,01 지자체 보유 방재장비
유처리제·응고제,흡착·중화,유처리제,54,,창원시 의창구 환경과,지자체,경상권역,경상남도,창원시 의창구,경상남도 창원시 의창구 원이대로 80,055-212-4573,01 지자체 보유 방재장비
유처리제·응고제,흡착·중화,유처리제,64,,창원시 진해구 환경과,지자체,경상권역,경상남도,창원시 진해구,창원시 진해구 진대해로 1101,055-548-4573,01 지자체 보유 방재장비
유처리제·응고제,흡착·중화,유처리제,54,,창원시 환경정책과,지자체,경상권역,경상남도,창원시,경상남도 창원시 성산구 중앙대로 151,055-225-3533,01 지자체 보유 방재장비
유처리제·응고제,흡착·중화,유처리제,180,L,한국남동발전㈜ 하동발전본부,사업장,경상권역,경상남도,하동군,경상남도 하동군 금성면 경제산업로 509,070-7713-1294,05 사업장 보유 방제물품(화학안전공동체)
유처리제·응고제,흡착·중화,유처리제,18,,함안군 환경과,지자체,경상권역,경상남도,함안군,경상남도 함안군 가야읍 말산로 1,055-580-2423,01 지자체 보유 방재장비
유처리제·응고제,흡착·중화,유처리제,45,,함양군 환경정책과,지자체,경상권역,경상남도,함양군,경상남도 함양군 함양읍 고운로 35,055-960-6116,01 지자체 보유 방재장비
유처리제·응고제,흡착·중화,유처리제,30,,경산시 환경과,지자체,경상권역,경상북도,경산시,경상북도 경산시 남매로 159,053-810-5476,01 지자체 보유 방재장비
유처리제·응고제,흡착·중화,유처리제,90,,경주시 환경정책과,지자체,경상권역,경상북도,경주시,경상북도 경주시 양정로 260(동천동),054-779-6372,01 지자체 보유 방재장비
유처리제·응고제,흡착·중화,유처리제,1908,,고령군 환경과,지자체,경상권역,경상북도,고령군,고령군 대가야읍 왕릉로 55,054-950-6523,01 지자체 보유 방재장비
유처리제·응고제,흡착·중화,유처리제,218,,구미시 환경관리과,지자체,경상권역,경상북도,구미시,경상북도 구미시 농산물시잘로 15,054-480-5275,01 지자체 보유 방재장비
유처리제·응고제,흡착·중화,유처리제,218,,구미시 환경관리과,지자체,경상권역,경상북도,구미시,경상북도 구미시 농산물시잘로 15,054-480-5275,02 지자체 보유 방재장비(청·센터별)
유처리제·응고제,흡착·중화,유처리제,1098,,김천시 환경위생과,지자체,경상권역,경상북도,김천시,김천시 시청1길 1,054-420-6681,01 지자체 보유 방재장비
유처리제·응고제,흡착·중화,유처리제,1026,,김천시 환경위생과,지자체,경상권역,경상북도,김천시,경상북도 김천시 시청1길 1,054-420-6681,02 지자체 보유 방재장비(청·센터별)
유처리제·응고제,흡착·중화,유처리제,220,,문경시 환경보호과,지자체,경상권역,경상북도,문경시,경상북도 문경시 당교로 225,054-550-6501,02 지자체 보유 방재장비(청·센터별)
유처리제·응고제,흡착·중화,유처리제,500,,봉화군 녹색환경과,지자체,경상권역,경상북도,봉화군,경북 봉화군 봉화읍 봉화로 1111,054-679-6403,01 지자체 보유 방재장비
유처리제·응고제,흡착·중화,유처리제,30,,상주시 환경관리과,지자체,경상권역,경상북도,상주시,경북 상주시 상산로 223,054-537-7357,01 지자체 보유 방재장비
유처리제·응고제,흡착·중화,유처리제,30,,상주시 환경관리과,지자체,경상권역,경상북도,상주시,경북 상주시 상산로 223,054-537-7357,02 지자체 보유 방재장비(청·센터별)
유처리제·응고제,흡착·중화,유처리제,60,,성주군 환경과,지자체,경상권역,경상북도,성주군,경북 성주군 성주읍 성주로 3200,054-930-6182,01 지자체 보유 방재장비
유처리제·응고제,흡착·중화,유처리제,60,,성주군 환경과,지자체,경상권역,경상북도,성주군,경북 성주군 성주읍 성주로 3200,054-930-6182,02 지자체 보유 방재장비(청·센터별)
유처리제·응고제,흡착·중화,유처리제,108,,영덕군 환경위생과,지자체,경상권역,경상북도,영덕군,경상북도 영덕군 영덕읍 군청길 116,054-730-6582,01 지자체 보유 방재장비
유처리제·응고제,흡착·중화,유처리제,1530,,영양군 환경보전과,지자체,경상권역,경상북도,영양군,경북 영양군 영양읍 군청길37,054-680-6510,01 지자체 보유 방재장비
유처리제·응고제,흡착·중화,유처리제,280,,영주시 환경보호과,지자체,경상권역,경상북도,영주시,경상북도 영주시 시청로 1,054-639-6793,01 지자체 보유 방재장비
유처리제·응고제,흡착·중화,유처리제,300,,영주시 환경보호과,지자체,경상권역,경상북도,영주시,경상북도 영주시 시청로 1,054-639-6793,02 지자체 보유 방재장비(청·센터별)
유처리제·응고제,흡착·중화,유처리제,1026,,영천시 환경보호과,지자체,경상권역,경상북도,영천시,경상북도 영천시 시청로 16,054-330-6483,01 지자체 보유 방재장비
유처리제·응고제,흡착·중화,유처리제,40,,예천군 환경관리과,지자체,경상권역,경상북도,예천군,경북 예천군 예천읍 충효로 111,054-650-6555,01 지자체 보유 방재장비
유처리제·응고제,흡착·중화,유처리제,10,,의성군 환경축산과,지자체,경상권역,경상북도,의성군,경상북도 의성군 군청길 31,054-830-6179,01 지자체 보유 방재장비
유처리제·응고제,흡착·중화,유처리제,10,,의성군 환경축산과,지자체,경상권역,경상북도,의성군,경상북도 의성군 군청길 31,054-830-6179,02 지자체 보유 방재장비(청·센터별)
유처리제·응고제,흡착·중화,유처리제,360,,청도군 환경산림과,지자체,경상권역,경상북도,청도군,경상북도 청도군 화양읍 청화로 70,054-370-2187,01 지자체 보유 방재장비
유처리제·응고제,흡착·중화,유처리제,240,,칠곡군 환경관리과,지자체,경상권역,경상북도,칠곡군,경상북도 칠곡군 왜관읍 군청1길 80,054-979-6692,01 지자체 보유 방재장비
유처리제·응고제,흡착·중화,유처리제,10,,포항시 환경정책과,지자체,경상권역,경상북도,포항시,포항시 남구 시청로 1,054-270-3113,01 지자체 보유 방재장비
유처리제·응고제,흡착·중화,유처리제,54,,군위군 환경과,지자체,경상권역,대구광역시,군위군,대구광역시 군위군 군위읍 군청로 200,054-380-7953,01 지자체 보유 방재장비
유처리제·응고제,흡착·중화,유처리제,54,,군위군 환경과,지자체,경상권역,대구광역시,군위군,대구광역시 군위군 군위읍 군청로 200,054-380-7953,02 지자체 보유 방재장비(청·센터별)
유처리제·응고제,흡착·중화,유처리제,162,,남구 녹색환경과,지자체,경상권역,대구광역시,남구,대구광역시 남구 이천로 51,053-664-2576,01 지자체 보유 방재장비
유처리제·응고제,흡착·중화,유처리제,144,,달서구 기후환경과,지자체,경상권역,대구광역시,달서구,"대구광역시 달서구 학산로 45, 달서구청",053-667-2602,01 지자체 보유 방재장비
유처리제·응고제,흡착·중화,유처리제,408,,달성군 환경과,지자체,경상권역,대구광역시,달성군,대구광역시 달성군 논공읍 달성군청로 33,053-668-2602,01 지자체 보유 방재장비
유처리제·응고제,흡착·중화,유처리제,200,,대구광역시 물환경과,지자체,경상권역,대구광역시,북구,"대구광역시 북구 연암로 40, 산격청사 103동",053-803-4301,01 지자체 보유 방재장비
유처리제·응고제,흡착·중화,유처리제,180,,동구 생활환경과,지자체,경상권역,대구광역시,동구,대구광역시 서구 국채보상로 257,053-663-2605,01 지자체 보유 방재장비
유처리제·응고제,흡착·중화,유처리제,648,,동구 환경과,지자체,경상권역,대구광역시,동구,대구광역시 동구 아양로 207(신암동),053-662-2604,01 지자체 보유 방재장비
유처리제·응고제,흡착·중화,유처리제,540,,북구 환경관리과,지자체,경상권역,대구광역시,북구,대구광역시 북구 옥산로 1(노원동1가),053-665-2605,01 지자체 보유 방재장비
유처리제·응고제,흡착·중화,유처리제,180,,중구 환경과,지자체,경상권역,대구광역시,중구,대구광역시 국채보상로139길 1,053-661-2583,01 지자체 보유 방재장비
유처리제·응고제,흡착·중화,유처리제,36,,금정구 환경위생과,지자체,경상권역,부산광역시,금정구,부산광역시 금정구 중앙대로 1777,051-519-4396,01 지자체 보유 방재장비
유처리제·응고제,흡착·중화,유처리제,108,,기장군 환경위생과,지자체,경상권역,부산광역시,기장군,부산광역시 기장군 기장대로 560,051-709-2725,01 지자체 보유 방재장비
유처리제·응고제,흡착·중화,유처리제,198,,남구 환경위생과,지자체,경상권역,부산광역시,남구,부산광역시 남구 못골로 19,051-607-4395,01 지자체 보유 방재장비
유처리제·응고제,흡착·중화,유처리제,648,,부산진구 환경위생과,지자체,경상권역,부산광역시,부산진구,부산광역시 부산진구 시민공원로 30,051-605-4395,01 지자체 보유 방재장비
유처리제·응고제,흡착·중화,유처리제,90,,북구 환경위생과,지자체,경상권역,부산광역시,북구,부산광역시 북구 낙동대로 1570번길 33 (구포동),051-309-4392,01 지자체 보유 방재장비
유처리제·응고제,흡착·중화,유처리제,774,,사상구 환경위생과,지자체,경상권역,부산광역시,사상구,부산광역시 사상구 학감대로 242,051-310-4396,01 지자체 보유 방재장비
유처리제·응고제,흡착·중화,유처리제,50,,사하구 환경위생과,지자체,경상권역,부산광역시,사하구,부산광역시 사하구 낙동대로 398번길 12,051-220-4424,01 지자체 보유 방재장비
유처리제·응고제,흡착·중화,유처리제,72,,서구 환경위생과,지자체,경상권역,부산광역시,서구,부산광역시 서구 구덕로 120,051-240-4398,01 지자체 보유 방재장비
유처리제·응고제,흡착·중화,유처리제,180,,영도구 환경위생과,지자체,경상권역,부산광역시,영도구,부산광역시 영도구 태종로 423,051-419-4392,01 지자체 보유 방재장비
유처리제·응고제,흡착·중화,유처리제,66,,남구 환경관리과,지자체,경상권역,울산광역시,남구,울산광역시 남구 돋질로 233,052-226-5762,01 지자체 보유 방재장비
유처리제·응고제,흡착·중화,유처리제,66,,남구 환경관리과,지자체,경상권역,울산광역시,남구,울산광역시 남구 돋질로 233,052-226-5762,02 지자체 보유 방재장비(청·센터별)
유처리제·응고제,흡착·중화,유처리제,234,,북구 환경위생과,지자체,경상권역,울산광역시,북구,울산광역시 북구 산업로 1010,052-241-7773,01 지자체 보유 방재장비
유처리제·응고제,흡착·중화,유처리제,234,,북구 환경위생과,지자체,경상권역,울산광역시,북구,울산광역시 북구 산업로 1010,052-241-7773,02 지자체 보유 방재장비(청·센터별)
유처리제·응고제,흡착·중화,유처리제,5,ℓ,울산광역방제지원센터(울산),국가기관 비축,경상권역,울산광역시,,온산항,,07 해경 광역방제지원센터 비축물자
유처리제·응고제,흡착·중화,유처리제,100,,울주군 환경기후과,지자체,경상권역,울산광역시,울주군,울산광역시 울주군 청량읍 군청로 1,052-204-2134,01 지자체 보유 방재장비
유처리제·응고제,흡착·중화,유처리제,100,,울주군 환경기후과,지자체,경상권역,울산광역시,울주군,울산광역시 울주군 청량읍 군청로 1,052-204-2134,02 지자체 보유 방재장비(청·센터별)
유처리제·응고제,흡착·중화,유처리제,360,,중구 환경위생과,지자체,경상권역,울산광역시,중구,울산광역시 중구 단장골길 1,052-290-3722,01 지자체 보유 방재장비
유처리제·응고제,흡착·중화,유처리제,360,,중구 환경위생과,지자체,경상권역,울산광역시,중구,울산광역시 중구 단장골길 1,052-290-3722,02 지자체 보유 방재장비(청·센터별)
유처리제·응고제,흡착·중화,유겔화제 10kg/Box,4,Box,한국환경공단 수질오염방제센터 한강센터,국가기관 비축,수도권,,,,,09 한국환경공단 수질오염방제센터
유처리제·응고제,흡착·중화,유처리제 캔(18L),26,캔,한국환경공단 수질오염방제센터 한강센터,국가기관 비축,수도권,,,,,09 한국환경공단 수질오염방제센터
유처리제·응고제,흡착·중화,기름응고제,2,Box,한국환경공단 수질오염방제센터 한강센터,국가기관 비축,수도권,,,,,09 한국환경공단 수질오염방제센터
유처리제·응고제,흡착·중화,유처리제,180,,고양시 생태하천과,지자체,수도권,경기도,고양시,경기 고양시 덕양구 고양시청로 3 충헌빌딩 3층,031-8075-2756,01 지자체 보유 방재장비
유처리제·응고제,흡착·중화,유처리제,18,,과천시 기후환경과,지자체,수도권,경기도,과천시,경기 과천시 관문로 69,02-3677-2108,01 지자체 보유 방재장비
유처리제·응고제,흡착·중화,유처리제,720,,광주시 수질정책과,지자체,수도권,경기도,광주시,경기 광주시 행정타운로 50,031-760-3765,01 지자체 보유 방재장비
유처리제·응고제,흡착·중화,유처리제,216,,구리시 환경과,지자체,수도권,경기도,구리시,경기 구리시 아차산로 439,031-550-2453,01 지자체 보유 방재장비
유처리제·응고제,흡착·중화,유처리제,60,,군포시 환경과,지자체,수도권,경기도,군포시,경기 군포시 청백리길 6,031-390-0732,01 지자체 보유 방재장비
유처리제·응고제,흡착·중화,유처리제,1206,,김포시 환경지도과,지자체,수도권,경기도,김포시,경기 김포시 사우중로26,031-980-5655,01 지자체 보유 방재장비
유처리제·응고제,흡착·중화,유처리제,540,,시흥시 환경정책과,지자체,수도권,경기도,시흥시,경기 시흥시 시청로 20,031-310-5993,01 지자체 보유 방재장비
유처리제·응고제,흡착·중화,유처리제,540,,시흥시 환경정책과,지자체,수도권,경기도,시흥시,경기도 시흥시 시청로 20,031-310-5993,02 지자체 보유 방재장비(청·센터별)
유처리제·응고제,흡착·중화,유처리제,216,,안산시 환경정책과,지자체,수도권,경기도,안산시,"경기 안산시 단원구 중앙대로 839(고잔동, 3층 환경정책과)",031-481-2243,01 지자체 보유 방재장비
유처리제·응고제,흡착·중화,유처리제,15,,안양시 환경정책과,지자체,수도권,경기도,안양시,경기 안양시 동안구 시민대로 235,031-8045-5822,01 지자체 보유 방재장비
유처리제·응고제,흡착·중화,유처리제,72,,양주시 환경정책과,지자체,수도권,경기도,양주시,경기 양주시 부흥로 1533,031-8082-6313,01 지자체 보유 방재장비
유처리제·응고제,흡착·중화,유처리제,414,,양평군 기후환경과,지자체,수도권,경기도,양평군,경기 양평군 양평읍 군청앞긾 2,031-770-2581,01 지자체 보유 방재장비
유처리제·응고제,흡착·중화,유처리제,48,,여주시 환경과,지자체,수도권,경기도,여주시,경기 여주시 세종로 1,031-887-2253,01 지자체 보유 방재장비
유처리제·응고제,흡착·중화,유처리제,306,,연천군 환경보호과,지자체,수도권,경기도,연천군,경기 연천군 연천로 220,031-839-2241,01 지자체 보유 방재장비
유처리제·응고제,흡착·중화,유처리제,550,,용인시 용인시 기후대기과,지자체,수도권,경기도,용인시,경기 용인시 처인구 중부대로 1199(삼가동),031-6193-2244,01 지자체 보유 방재장비
유처리제·응고제,흡착·중화,유처리제,936,,의왕시 환경과,지자체,수도권,경기도,의왕시,경기 의왕시 시청로 11,031-345-3823,01 지자체 보유 방재장비
유처리제·응고제,흡착·중화,유처리제,4,,의정부시 환경정책과,지자체,수도권,경기도,의정부시,경기 의정부시 호국로 1049번길 39,031-828-4434,01 지자체 보유 방재장비
유처리제·응고제,흡착·중화,유처리제,240,,이천시 환경보호과,지자체,수도권,경기도,이천시,경기 이천시 부악로 40,031-644-2358,01 지자체 보유 방재장비
유처리제·응고제,흡착·중화,유처리제,1112,,파주시 기후위기대응과,지자체,수도권,경기도,파주시,경기 파주시 시민회관길 16-11,031-940-8472,01 지자체 보유 방재장비
유처리제·응고제,흡착·중화,중합방지제,,,평화약품,판매업체,수도권,경기도,고양시,경기 고양시 일산동구 장항동 588,031-906-9200,11 중합방지제 판매업체
유처리제·응고제,흡착·중화,유처리제,288,,하남시 환경정책과,지자체,수도권,경기도,하남시,경기 하남시 대청로 10,031-790-5744,01 지자체 보유 방재장비
유처리제·응고제,흡착·중화,유처리제,126,,광진구 환경과,지자체,수도권,서울특별시,광진구,서울특별시 광진구 아차산로 400,02-450-7805,01 지자체 보유 방재장비
유처리제·응고제,흡착·중화,유처리제,54,,금천구 환경과,지자체,수도권,서울특별시,금천구,서울시 금천구 시흥대로73길 70,02-2627-1515,01 지자체 보유 방재장비
유처리제·응고제,흡착·중화,유처리제,54,,동작구 환경과,지자체,수도권,서울특별시,동작구,서울특별시 동작구 장승배기로 70,02-820-1311,01 지자체 보유 방재장비
유처리제·응고제,흡착·중화,유처리제,27,,마포구 맑은환경과,지자체,수도권,서울특별시,마포구,서울 마포구 월드컵로 212,02-3153-9265,01 지자체 보유 방재장비
유처리제·응고제,흡착·중화,유처리제,76,,송파구 맑은환경과,지자체,수도권,서울특별시,송파구,서울특별시 송파구 올림픽로 326,02-2147-3272,01 지자체 보유 방재장비
유처리제·응고제,흡착·중화,유처리제,1000,,용산구 맑은환경과,지자체,수도권,서울특별시,용산구,서울특별시 용산구 녹사평대로 150,02-2199-7662,01 지자체 보유 방재장비
유처리제·응고제,흡착·중화,유처리제,36,,은평구 기후환경과,지자체,수도권,서울특별시,은평구,서울시 은평구 은평로 195,02-351-7622,01 지자체 보유 방재장비
유처리제·응고제,흡착·중화,중합방지제,,,주식회사 제일플라텍스산업,판매업체,수도권,서울특별시,영등포구,서울 영등포구 양평로22가길 19,02-2671-0209,11 중합방지제 판매업체
유처리제·응고제,흡착·중화,유처리제,20,,계양구 환경과,지자체,수도권,인천광역시,계양구,계산새로 88,032-450-5414,01 지자체 보유 방재장비
유처리제·응고제,흡착·중화,유처리제,50,,남동구 환경보전과,지자체,수도권,인천광역시,남동구,인천광역시 남동구 소래로 633,032-453-2614,01 지자체 보유 방재장비
유처리제·응고제,흡착·중화,유처리제,180,,동구 환경위생과,지자체,수도권,인천광역시,동구,인천광역시 동구 금곡로 67,032-770-7883,01 지자체 보유 방재장비
유처리제·응고제,흡착·중화,유처리제,90,,미추홀구 환경보전과,지자체,수도권,인천광역시,미추홀구,인천광역시 미추홀구 독정이로 95,032-880-5953,01 지자체 보유 방재장비
유처리제·응고제,흡착·중화,유처리제,36,,부평구 환경보전과,지자체,수도권,인천광역시,부평구,인천광역시 부평구 부평대로 168,032-509-6653,01 지자체 보유 방재장비
유처리제·응고제,흡착·중화,유처리제,40,,서구 환경관리과,지자체,수도권,인천광역시,서구,인천광역시 서구 서곶로 307,032-560-4354,01 지자체 보유 방재장비
유처리제·응고제,흡착·중화,유처리제,30,,연수구 환경보전과,지자체,수도권,인천광역시,연수구,인천광역시 연수구 원인재로 115,032-749-7942,01 지자체 보유 방재장비
유처리제·응고제,흡착·중화,유처리제,2466,,옹진군 환경위생과,지자체,수도권,인천광역시,옹진군,인천광역시 미추홀구 매소홀로 120,032-899-2615,01 지자체 보유 방재장비
유처리제·응고제,흡착·중화,유처리제,70,,중구(영종·용유) 친환경위생과,지자체,수도권,인천광역시,중구(영종·용유),"인천 중구 운남서로 100, 국제도시관 4층",032-760-7738,01 지자체 보유 방재장비
유처리제·응고제,흡착·중화,유처리제,40,,중구(원도심) 위생환경과,지자체,수도권,인천광역시,중구(원도심),"인천 중구 신포로27번길 80, 동별관 3층",032-760-7402,01 지자체 보유 방재장비
유처리제·응고제,흡착·중화,유처리제 캔(18L),22,캔,한국환경공단 수질오염방제센터 영산강센터,국가기관 비축,전라권역,,,,,09 한국환경공단 수질오염방제센터
유처리제·응고제,흡착·중화,유처리제,108,,광산구 기후환경과,지자체,전라권역,광주광역시,광산구,광주광역시 광산구 광산로29번길 15,062-960-8448,01 지자체 보유 방재장비
유처리제·응고제,흡착·중화,유처리제,36,,남구 환경관리과,지자체,전라권역,광주광역시,남구,광주광역시 남구 봉선로 1,062-607-3642,01 지자체 보유 방재장비
유처리제·응고제,흡착·중화,유처리제,37,,동구 기후환경과,지자체,전라권역,광주광역시,동구,광주광역시 동구 서남로 1,062-608-2492,01 지자체 보유 방재장비
유처리제·응고제,흡착·중화,유처리제,180,,북구 기후환경과,지자체,전라권역,광주광역시,북구,광주광역시 북구 우치로 77,062-410-6472,01 지자체 보유 방재장비
유처리제·응고제,흡착·중화,유처리제,180,,서구 환경보전과,지자체,전라권역,광주광역시,서구,광주광역시 서구 경열로 33,062-360-7659,01 지자체 보유 방재장비
유처리제·응고제,흡착·중화,유처리제,,1ton,GS바이오㈜,사업장,전라권역,전라남도,여수시,전라남도 여수시 여수산단로 923-106,061-680-5740,05 사업장 보유 방제물품(화학안전공동체)
유처리제·응고제,흡착·중화,유처리제,100,L,㈜세아엠엔에스,사업장,전라권역,전라남도,여수시,전라남도 여수시 산단중앙로 188,061-807-7114,05 사업장 보유 방제물품(화학안전공동체)
유처리제·응고제,흡착·중화,유처리제,40,L,㈜엘지화학(SM),사업장,전라권역,전라남도,여수시,전라남도 여수시 여수산단로 953,061-680-6524,05 사업장 보유 방제물품(화학안전공동체)
유처리제·응고제,흡착·중화,유처리제,1710,L,㈜엘지화학(VCM),사업장,전라권역,전라남도,여수시,전라남도 여수시 여수산단로 1121,061-680-6524,05 사업장 보유 방제물품(화학안전공동체)
유처리제·응고제,흡착·중화,유처리제,72,DRUM,㈜엘지화학(용성),사업장,전라권역,전라남도,여수시,전라남도 여수시 여수산단4로 58,061-689-3304,05 사업장 보유 방제물품(화학안전공동체)
유처리제·응고제,흡착·중화,산성물질 응고제,22,KG,㈜엘지화학(용성2),사업장,전라권역,전라남도,여수시,전라남도 여수시 여수산단4로 58 확장단지,,05 사업장 보유 방제물품(화학안전공동체)
유처리제·응고제,흡착·중화,염기성물질 응고제,19,KG,㈜엘지화학(용성2),사업장,전라권역,전라남도,여수시,전라남도 여수시 여수산단4로 58 확장단지,,05 사업장 보유 방제물품(화학안전공동체)
유처리제·응고제,흡착·중화,포르말린 고형화제,16,KG,㈜엘지화학(용성2),사업장,전라권역,전라남도,여수시,전라남도 여수시 여수산단4로 58 확장단지,,05 사업장 보유 방제물품(화학안전공동체)
유처리제·응고제,흡착·중화,유화제,240,L,㈜엘지화학(화치),사업장,전라권역,전라남도,여수시,전라남도 여수시 여수산단2로 55,061-680-1068,05 사업장 보유 방제물품(화학안전공동체)
유처리제·응고제,흡착·중화,GEL,240,L,㈜엘지화학(화치),사업장,전라권역,전라남도,여수시,전라남도 여수시 여수산단2로 55,061-680-1068,05 사업장 보유 방제물품(화학안전공동체)
유처리제·응고제,흡착·중화,소포제,50,L,㈜엘지화학(화치),사업장,전라권역,전라남도,여수시,전라남도 여수시 여수산단2로 55,061-680-1068,05 사업장 보유 방제물품(화학안전공동체)
유처리제·응고제,흡착·중화,계면활성제,400,KG,㈜엘지화학(화치),사업장,전라권역,전라남도,여수시,전라남도 여수시 여수산단2로 55,061-680-1068,05 사업장 보유 방제물품(화학안전공동체)
유처리제·응고제,흡착·중화,유처리제,60,L,㈜케이씨씨 여천공장,사업장,전라권역,전라남도,여수시,전라남도 여수시 상암로 601,061-680-7820,05 사업장 보유 방제물품(화학안전공동체)
유처리제·응고제,흡착·중화,유처리제,1260,,고흥군 환경정책과,지자체,전라권역,전라남도,고흥군,전라남도 고흥군 고흥읍 고흥군청로 1,061-830-5834,01 지자체 보유 방재장비
유처리제·응고제,흡착·중화,유처리제,300,,곡성군 환경과,지자체,전라권역,전라남도,곡성군,전라남도 곡성군 곡성읍 군청로 50,061-360-8531,01 지자체 보유 방재장비
유처리제·응고제,흡착·중화,유처리제,18,,광양시 환경과,지자체,전라권역,전라남도,광양시,전라남도 광양시 시청로 33,061-797-3332,01 지자체 보유 방재장비
유처리제·응고제,흡착·중화,유처리제,18,,광양시 환경과,지자체,전라권역,전라남도,광양시,전라남도 광양시 시청로 33,061-797-3332,02 지자체 보유 방재장비(청·센터별)
유처리제·응고제,흡착·중화,유처리제,522,,구례군 환경과,지자체,전라권역,전라남도,구례군,전라남도 구례군 구례읍 봉성로 1,061-780-2982,01 지자체 보유 방재장비
유처리제·응고제,흡착·중화,유처리제,300,L,금호석유화학㈜ 여수고무제1공장,사업장,전라권역,전라남도,여수시,전라남도 여수시 여수산단 3로118,061-688-3135,05 사업장 보유 방제물품(화학안전공동체)
유처리제·응고제,흡착·중화,유처리제,4,EA,금호석유화학㈜ 여수정밀화학공장,사업장,전라권역,전라남도,여수시,전라남도 여수시 여수산단2로 227,061-688-3943,05 사업장 보유 방제물품(화학안전공동체)
유처리제·응고제,흡착·중화,유처리제,50,,나주시 환경관리과,지자체,전라권역,전라남도,나주시,전라남도 나주시 시청길 22,061-339-8933,01 지자체 보유 방재장비
유처리제·응고제,흡착·중화,유화제,1944,L,남해화학㈜,사업장,전라권역,전라남도,여수시,전라남도 여수시 여수산돈로 1384,061-688-5752,05 사업장 보유 방제물품(화학안전공동체)
유처리제·응고제,흡착·중화,오일분산제,90,KG,대림산업㈜ 여수C4공장,사업장,전라권역,전라남도,여수시,전라남도 여수시 여수산단중앙로 275,061-688-6821,05 사업장 보유 방제물품(화학안전공동체)
유처리제·응고제,흡착·중화,워터젤,2,EA,롯데엠시시㈜ 여수2공장,사업장,전라권역,전라남도,여수시,전라남도 여수시 여수산단4로 129,061-680-8453,05 사업장 보유 방제물품(화학안전공동체)
유처리제·응고제,흡착·중화,유처리제,630,L,롯데케미칼㈜ 여수1공장,사업장,전라권역,전라남도,여수시,전라남도 여수시 여수산단4로 53,061-688-2156,05 사업장 보유 방제물품(화학안전공동체)
유처리제·응고제,흡착·중화,유처리제,394,,목포시 기후환경과,지자체,전라권역,전라남도,목포시,전라남도 목포시 수문로 32,061-270-3318,01 지자체 보유 방재장비
유처리제·응고제,흡착·중화,유처리제,144,,"보성군 12개 읍,면",지자체,전라권역,전라남도,보성군,-,,01 지자체 보유 방재장비
유처리제·응고제,흡착·중화,유처리제,180,,보성군 기후환경과,지자체,전라권역,전라남도,보성군,전라남도 보성군 송재로 165,061-850-5354,01 지자체 보유 방재장비
유처리제·응고제,흡착·중화,유처리제,10,EA,비를라카본코리아㈜,사업장,전라권역,전라남도,여수시,전라남도 여수시 여수산단2로 46-101,061-688-3331,05 사업장 보유 방제물품(화학안전공동체)
유처리제·응고제,흡착·중화,유겔화제,100,L,삼남석유화학㈜,사업장,전라권역,전라남도,여수시,전라남도 여수시 여수산단로 955,061-688-8283,05 사업장 보유 방제물품(화학안전공동체)
유처리제·응고제,흡착·중화,유처리제,250,,순천시 환경관리과,지자체,전라권역,전라남도,순천시,전라남도 순천시 이수로 13 (장천동),061-749-5769,01 지자체 보유 방재장비
유처리제·응고제,흡착·중화,유처리제,250,,순천시 환경관리과,지자체,전라권역,전라남도,순천시,전라남도 순천시 이수로 13 (장천동),061-749-5770,02 지자체 보유 방재장비(청·센터별)
유처리제·응고제,흡착·중화,유처리제,1080,,신안군 세계유산과,지자체,전라권역,전라남도,신안군,전라남도 신안군 압해로 천사로 1004,061-240-8153,01 지자체 보유 방재장비
유처리제·응고제,흡착·중화,유처리제,200,L,엘지엠엠에이㈜(PMMA공장),사업장,전라권역,전라남도,여수시,전라남도 여수시 여수산단2로 55,061-805-3855,05 사업장 보유 방제물품(화학안전공동체)
유처리제·응고제,흡착·중화,유처리제,108,,여수시 산단환경관리과,지자체,전라권역,전라남도,여수시,전라남도 여수시 삼동2길 13,061-659-2820,01 지자체 보유 방재장비
유처리제·응고제,흡착·중화,유처리제,108,,여수시 산단환경관리과,지자체,전라권역,전라남도,여수시,여수시 삼동2길 13,061-659-2819,02 지자체 보유 방재장비(청·센터별)
유처리제·응고제,흡착·중화,계면활성제,400,KG,여천NCC㈜ 여수1공장,사업장,전라권역,전라남도,여수시,전라남도 여수시 여수산단3로 2,061-688-6065,05 사업장 보유 방제물품(화학안전공동체)
유처리제·응고제,흡착·중화,계면활성제,600,KG,여천NCC㈜ 여수2공장,사업장,전라권역,전라남도,여수시,전라남도 여수시 여수산단2로 46-20,061-688-6065,05 사업장 보유 방제물품(화학안전공동체)
유처리제·응고제,흡착·중화,계면활성제,600,KG,여천NCC㈜ 여수3공장,사업장,전라권역,전라남도,여수시,전라남도 여수시 여수산단2로 220-62,061-688-6065,05 사업장 보유 방제물품(화학안전공동체)
유처리제·응고제,흡착·중화,유처리제,480,,영광군 환경과,지자체,전라권역,전라남도,영광군,전남 영광군 영광읍 중앙로 203,061-350-4754,01 지자체 보유 방재장비
유처리제·응고제,흡착·중화,유처리제,648,,영암군 환경기후과,지자체,전라권역,전라남도,영암군,전라남도 영암군 군청로 1,061-470-2328,01 지자체 보유 방재장비
유처리제·응고제,흡착·중화,유처리제,100,L,오리온엔지니어드카본즈㈜,사업장,전라권역,전라남도,여수시,전라남도 여수시 진달래길 310-88,061-690-5143,05 사업장 보유 방제물품(화학안전공동체)
유처리제·응고제,흡착·중화,유처리제,400,,완도군 환경수질관리과,지자체,전라권역,전라남도,완도군,전라남도 완도군 완도읍 농공단지7길 44,061-550-5506,01 지자체 보유 방재장비
유처리제·응고제,흡착·중화,유처리제,180,,장성군 환경과,지자체,전라권역,전라남도,장성군,전라남동 장성군 장성읍 영천로 200,061-390-7337,01 지자체 보유 방재장비
유처리제·응고제,흡착·중화,유처리제,4,EA,케이씨환경서비스㈜ 여수사업부,사업장,전라권역,전라남도,여수시,전라남도 여수시 산단중앙로 30-36,061-805-9501,05 사업장 보유 방제물품(화학안전공동체)
유처리제·응고제,흡착·중화,유처리제,10,통,코오롱인더스트리㈜ 여수공장,사업장,전라권역,전라남도,여수시,전라남도 여수시 산단중앙로 213,061-690-9842,05 사업장 보유 방제물품(화학안전공동체)
유처리제·응고제,흡착·중화,유처리제,40,L,포스코에너지㈜,사업장,전라권역,전라남도,광양시,전라남도 광양시 제철로1800,061-790-8494,05 사업장 보유 방제물품(화학안전공동체)
유처리제·응고제,흡착·중화,유처리제,552,L,한국남동발전㈜ 여수발전본부,사업장,전라권역,전라남도,여수시,전라남도 여수시 여수산단로 727,070-8898-5622,05 사업장 보유 방제물품(화학안전공동체)
유처리제·응고제,흡착·중화,기름처리제,1,L,한국남동발전㈜ 호남화력본부,사업장,전라권역,전라남도,여수시,"전라남도 여수시 여수산단로 1203, 1층",,05 사업장 보유 방제물품(화학안전공동체)
유처리제·응고제,흡착·중화,BINDING AGENT,22,EA,한국바스프㈜,사업장,전라권역,전라남도,여수시,전라남도 여수시 여수산단2로 284,061-680-7061,05 사업장 보유 방제물품(화학안전공동체)
유처리제·응고제,흡착·중화,WATER JEL,1,EA,한국바스프㈜,사업장,전라권역,전라남도,여수시,전라남도 여수시 여수산단2로 284,061-680-7061,05 사업장 보유 방제물품(화학안전공동체)
유처리제·응고제,흡착·중화,유화제(18L),9,EA,"한화케미칼㈜ 여수1공장, 한화케미칼㈜ 여수2공장, 한화케미칼㈜ 여수3공장",사업장,전라권역,전라남도,여수시,전라남도 여수시 여수산단3로 117,061-688-1165,05 사업장 보유 방제물품(화학안전공동체)
유처리제·응고제,흡착·중화,오일말끄미(20L),2,EA,"한화케미칼㈜ 여수1공장, 한화케미칼㈜ 여수2공장, 한화케미칼㈜ 여수3공장",사업장,전라권역,전라남도,여수시,전라남도 여수시 여수산단3로 117,061-688-1165,05 사업장 보유 방제물품(화학안전공동체)
유처리제·응고제,흡착·중화,미생물처리제(20L),7,EA,"한화케미칼㈜ 여수1공장, 한화케미칼㈜ 여수2공장, 한화케미칼㈜ 여수3공장",사업장,전라권역,전라남도,여수시,전라남도 여수시 여수산단3로 117,061-688-1165,05 사업장 보유 방제물품(화학안전공동체)
유처리제·응고제,흡착·중화,소포제(20L),2,EA,"한화케미칼㈜ 여수1공장, 한화케미칼㈜ 여수2공장, 한화케미칼㈜ 여수3공장",사업장,전라권역,전라남도,여수시,전라남도 여수시 여수산단3로 117,061-688-1165,05 사업장 보유 방제물품(화학안전공동체)
유처리제·응고제,흡착·중화,유처리제,340,L,한화케미칼㈜ 티다아이,사업장,전라권역,전라남도,여수시,전라남도 여수시 여수산단2로 46-47,061-688-4920,05 사업장 보유 방제물품(화학안전공동체)
유처리제·응고제,흡착·중화,젤튜브,9,EA,한화케미칼㈜ 폴리실리콘,사업장,전라권역,전라남도,여수시,전라남도 여수시 여수산단4로 255,061-690-5728,05 사업장 보유 방제물품(화학안전공동체)
유처리제·응고제,흡착·중화,유처리제,450,,해남군 환경과,지자체,전라권역,전라남도,해남군,전라남도 해남군 해남읍 군청길 4,061-530-5644,01 지자체 보유 방재장비
유처리제·응고제,흡착·중화,유처리제,1278,,화순군 환경과,지자체,전라권역,전라남도,화순군,전라남도 화순군 화순읍 동헌길 23,061-379-3603,01 지자체 보유 방재장비
유처리제·응고제,흡착·중화,유처리제,5,개,(주)휴비스전주공장 (전북도청 관리),환경청·센터 장비함,전라권역,전북특별자치도,전주시,전북특별자치도 전주시 덕진구 기린대로 787,,04 환경청·센터 방제장비함
유처리제·응고제,흡착·중화,유처리제 살포기,2,개,(주)휴비스전주공장 (전북도청 관리),환경청·센터 장비함,전라권역,전북특별자치도,전주시,전북특별자치도 전주시 덕진구 기린대로 787,,04 환경청·센터 방제장비함
유처리제·응고제,흡착·중화,유처리제,5,개,119화학구조대(군산) (군산시 관리),환경청·센터 장비함,전라권역,전북특별자치도,군산시,전북특별자치도 군산시 외항7길 7,,04 환경청·센터 방제장비함
유처리제·응고제,흡착·중화,유처리제 살포기,2,개,119화학구조대(군산) (군산시 관리),환경청·센터 장비함,전라권역,전북특별자치도,군산시,전북특별자치도 군산시 외항7길 7,,04 환경청·센터 방제장비함
유처리제·응고제,흡착·중화,유처리제,4,개,SK넥실리스㈜ 정읍공장 (전북도청 관리),환경청·센터 장비함,전라권역,전북특별자치도,정읍시,전북특별자치도 정읍시 북면 3산단2길 2,,04 환경청·센터 방제장비함
유처리제·응고제,흡착·중화,유처리제 살포기,2,개,SK넥실리스㈜ 정읍공장 (전북도청 관리),환경청·센터 장비함,전라권역,전북특별자치도,정읍시,전북특별자치도 정읍시 북면 3산단2길 2,,04 환경청·센터 방제장비함
유처리제·응고제,흡착·중화,유처리제,2952,,고창군 환경위생과,지자체,전라권역,전북특별자치도,고창군,전북 고창군 아산면 인천강변로 201-95,063-560-2881,01 지자체 보유 방재장비
유처리제·응고제,흡착·중화,유처리제,846,,김제시 환경과,지자체,전라권역,전북특별자치도,김제시,전북 김제시 중앙로 40,063-540-3974,01 지자체 보유 방재장비
유처리제·응고제,흡착·중화,유처리제,5,개,도레이첨단소재㈜ 군산공장 (전북도청 관리),환경청·센터 장비함,전라권역,전북특별자치도,군산시,전북특별자치도 군산시 새만금북로 90,,04 환경청·센터 방제장비함
유처리제·응고제,흡착·중화,유처리제 살포기,2,개,도레이첨단소재㈜ 군산공장 (전북도청 관리),환경청·센터 장비함,전라권역,전북특별자치도,군산시,전북특별자치도 군산시 새만금북로 90,,04 환경청·센터 방제장비함
유처리제·응고제,흡착·중화,유처리제,34,,무주군 환경과,지자체,전라권역,전북특별자치도,무주군,전북 무주군 무주읍 주계로 97,063-320-2388,01 지자체 보유 방재장비
유처리제·응고제,흡착·중화,유처리제,5,개,미원상사㈜ 익산공장 (전북도청 관리),환경청·센터 장비함,전라권역,전북특별자치도,익산시,전북특별자치도 익산시 낭산면 미륵사지로 820-25,,04 환경청·센터 방제장비함
유처리제·응고제,흡착·중화,유처리제 살포기,2,개,미원상사㈜ 익산공장 (전북도청 관리),환경청·센터 장비함,전라권역,전북특별자치도,익산시,전북특별자치도 익산시 낭산면 미륵사지로 820-25,,04 환경청·센터 방제장비함
유처리제·응고제,흡착·중화,유처리제,60,,장수군 환경과,지자체,전라권역,전북특별자치도,장수군,전북자치도 장수군 장수읍 호비로 10,063-350-2531,01 지자체 보유 방재장비
유처리제·응고제,흡착·중화,유처리제,180,,전주시 환경위생과,지자체,전라권역,전북특별자치도,전주시,전라북도 전주시 노송광장로 10,063-281-2531,01 지자체 보유 방재장비
유처리제·응고제,흡착·중화,유처리제,5,개,현대자동차㈜ (전북도청 관리),환경청·센터 장비함,전라권역,전북특별자치도,완주군,전북특별자치도 완주군 봉동읍 완주산단5로 165,,04 환경청·센터 방제장비함
유처리제·응고제,흡착·중화,유처리제 살포기,2,개,현대자동차㈜ (전북도청 관리),환경청·센터 장비함,전라권역,전북특별자치도,완주군,전북특별자치도 완주군 봉동읍 완주산단5로 166,,04 환경청·센터 방제장비함
유처리제·응고제,흡착·중화,유겔화제 5kg/can,13,can,한국환경공단 수질오염방제센터 금강센터,국가기관 비축,충청권역,,,,,09 한국환경공단 수질오염방제센터
유처리제·응고제,흡착·중화,유겔화제 10kg/Box,12,Box,한국환경공단 수질오염방제센터 금강센터,국가기관 비축,충청권역,,,,,09 한국환경공단 수질오염방제센터
유처리제·응고제,흡착·중화,유처리제 캔(18L),20,캔,한국환경공단 수질오염방제센터 금강센터,국가기관 비축,충청권역,,,,,09 한국환경공단 수질오염방제센터
유처리제·응고제,흡착·중화,기름응고제,50,Box,한국환경공단 수질오염방제센터 금강센터,국가기관 비축,충청권역,,,,,09 한국환경공단 수질오염방제센터
유처리제·응고제,흡착·중화,유처리제,108,,- 생태하천과,지자체,충청권역,대전광역시,-,대전광역시 서구 둔산로 100,042-270-5672,01 지자체 보유 방재장비
유처리제·응고제,흡착·중화,유처리제,40,,대덕구 환경과,지자체,충청권역,대전광역시,대덕구,대전광역시 대덕구 대전로1033번길 20,042-608-6865,01 지자체 보유 방재장비
유처리제·응고제,흡착·중화,유처리제,60,,동구 환경과,지자체,충청권역,대전광역시,동구,대전광역시 동구 가오동 425,042-251-4546,01 지자체 보유 방재장비
유처리제·응고제,흡착·중화,유처리제,80,,서구 기후환경과,지자체,충청권역,대전광역시,서구,대전광역시 서구 둔산서로 100,042-288-3513,01 지자체 보유 방재장비
유처리제·응고제,흡착·중화,유처리제,640,,유성구 푸른환경과,지자체,충청권역,대전광역시,유성구,대전광역시 유성구 대학로 211,042-611-2309,01 지자체 보유 방재장비
유처리제·응고제,흡착·중화,유처리제,50,,중구 기후환경과,지자체,충청권역,대전광역시,중구,대전광역시 중구 중앙로 100,042-606-7302,01 지자체 보유 방재장비
유처리제·응고제,흡착·중화,유처리제,486,,세종특별자치시 환경정책과,지자체,충청권역,세종특별자치시,,"세종특별자치시 호려울로 19, 스마트허브Ⅲ (보람동)",044-300-4242,01 지자체 보유 방재장비
유처리제·응고제,흡착·중화,유처리제,220,,계룡시 환경위생과,지자체,충청권역,충청남도,계룡시,충청남도 계룡시 장안로 46,042-840-2472,01 지자체 보유 방재장비
유처리제·응고제,흡착·중화,유처리제,53,,공주시 환경보호과,지자체,충청권역,충청남도,공주시,충청남도 공주시 봉황로 1,041-840-8549,01 지자체 보유 방재장비
유처리제·응고제,흡착·중화,유처리제,162,,금산군 환경위생과,지자체,충청권역,충청남도,금산군,충청남도 금산군 금산읍 군청길 13,041-750-2512,01 지자체 보유 방재장비
유처리제·응고제,흡착·중화,유처리제,396,,논산시 환경과,지자체,충청권역,충청남도,논산시,충청남도 논산시 시민로210번길 9,041-746-5523,01 지자체 보유 방재장비
유처리제·응고제,흡착·중화,유처리제,1024,,보령시 기후환경과,지자체,충청권역,충청남도,보령시,충청남도 보령시 성주산로 77,041-930-3677,01 지자체 보유 방재장비
유처리제·응고제,흡착·중화,유처리제,1024,,보령시 기후환경과,지자체,충청권역,충청남도,보령시,충청남도 보령시 성주산로 77,041-930-3677,02 지자체 보유 방재장비(청·센터별)
유처리제·응고제,흡착·중화,유처리제,230,,부여군 환경과,지자체,충청권역,충청남도,부여군,충청남도 부여군 부여읍 사비로 33,041-830-2299,01 지자체 보유 방재장비
유처리제·응고제,흡착·중화,유처리제,580,,아산시 환경보전과,지자체,충청권역,충청남도,아산시,충청남도 아산시 시민로 456,041-540-2440,01 지자체 보유 방재장비
유처리제·응고제,흡착·중화,유처리제,580,,아산시 환경보전과,지자체,충청권역,충청남도,아산시,충청남도 아산시 시민로 456,041-540-2440,02 지자체 보유 방재장비(청·센터별)
유처리제·응고제,흡착·중화,유처리제,1062,,예산군 환경과,지자체,충청권역,충청남도,예산군,충청남도 예산군 예산군 군청로 22,041-339-7512,01 지자체 보유 방재장비
유처리제·응고제,흡착·중화,유처리제,1062,,예산군 환경과,지자체,충청권역,충청남도,예산군,충청남도 예산군 예산군 군청로 22,041-339-7512,02 지자체 보유 방재장비(청·센터별)
유처리제·응고제,흡착·중화,중합방지제,,,한국바이오젠(켐녹),판매업체,충청권역,충청남도,천안시,충남 천안시 동남구 성남면 대흥신덕길 84-19,041-523-6201,11 중합방지제 판매업체
유처리제·응고제,흡착·중화,유처리제,540,,홍성군 환경과,지자체,충청권역,충청남도,홍성군,충청남도 홍성군 홍성읍 아문길 27,041-630-1767,01 지자체 보유 방재장비
유처리제·응고제,흡착·중화,유처리제,540,,홍성군 환경과,지자체,충청권역,충청남도,홍성군,충청남도 홍성군 홍성읍 아문길 27,041-630-1767,02 지자체 보유 방재장비(청·센터별)
유처리제·응고제,흡착·중화,유처리제,756,,괴산군 환경과,지자체,충청권역,충청북도,괴산군,충북 괴산군 괴산읍 임꺽정로90,043-830-3623,01 지자체 보유 방재장비
유처리제·응고제,흡착·중화,유처리제,756,,괴산군 환경과,지자체,충청권역,충청북도,괴산군,충청북도 괴산군 괴산읍 임꺽정로90,043-830-3623,02 지자체 보유 방재장비(청·센터별)
유처리제·응고제,흡착·중화,유처리제,30,,단양군 환경과,지자체,충청권역,충청북도,단양군,충북 단양군 단양읍 중앙1로 10,043-420-2664,01 지자체 보유 방재장비
유처리제·응고제,흡착·중화,유처리제,30,,단양군 환경과,지자체,충청권역,충청북도,단양군,충청북도 단양군 단양읍 중앙1로 10,043-420-2664,02 지자체 보유 방재장비(청·센터별)
유처리제·응고제,흡착·중화,유처리제,100,,보은군 환경위생과,지자체,충청권역,충청북도,보은군,충북 보은군 보은읍 군청길 38,043-540-3532,01 지자체 보유 방재장비
유처리제·응고제,흡착·중화,유처리제,486,,영동군 환경과,지자체,충청권역,충청북도,영동군,충북 영동군 영동읍 동정로 1,043-740-3428,01 지자체 보유 방재장비
유처리제·응고제,흡착·중화,유처리제,216,,제천시 자연환경과,지자체,충청권역,충청북도,제천시,충북 제천시 내토로 295,043-641-6392,01 지자체 보유 방재장비
유처리제·응고제,흡착·중화,유처리제,216,,제천시 자연환경과,지자체,충청권역,충청북도,제천시,충청북도 제천시 내토로 295,043-641-6392,02 지자체 보유 방재장비(청·센터별)
유처리제·응고제,흡착·중화,유처리제,240,,증평군 환경위생과,지자체,충청권역,충청북도,증평군,충북 증평군 증평읍 광장로 88,043-835-3623,01 지자체 보유 방재장비
유처리제·응고제,흡착·중화,유처리제,250,,충주시 대기환경과,지자체,충청권역,충청북도,충주시,충북 충주시 으뜸로 21,043-850-3673,01 지자체 보유 방재장비
유처리제·응고제,흡착·중화,유처리제,250,,충주시 대기환경과,지자체,충청권역,충청북도,충주시,충청북도 충주시 으뜸로 21,043-850-3673,02 지자체 보유 방재장비(청·센터별)
중화제(소석회·중탄산나트륨 등),흡착·중화,중탄산나트륨,200,,고성군 환경과,지자체,강원권역,강원특별자치도,고성군,강원 고성군 간성읍 고성중앙길9,033-680-3343,01 지자체 보유 방재장비
중화제(소석회·중탄산나트륨 등),흡착·중화,소석회,940,,속초시 친환경과,지자체,강원권역,강원특별자치도,속초시,강원 속초시 중앙로 183,033-639-1578,01 지자체 보유 방재장비
중화제(소석회·중탄산나트륨 등),흡착·중화,소석회,40,,홍천군 환경과,지자체,강원권역,강원특별자치도,홍천군,강원 홍천군 홍천읍 석화로 93,033-430-2625,01 지자체 보유 방재장비
중화제(소석회·중탄산나트륨 등),흡착·중화,염산,69,KG,㈜삼엽,사업장,경상권역,경상남도,하동군,경상남도 하동군 금성면 금성로 31,055-4271-9220,05 사업장 보유 방제물품(화학안전공동체)
중화제(소석회·중탄산나트륨 등),흡착·중화,소석회,50,,김해시 환경정책과,지자체,경상권역,경상남도,김해시,경상남도 김해시 김해대로 2401,055-330-2733,01 지자체 보유 방재장비
중화제(소석회·중탄산나트륨 등),흡착·중화,소석회,150,,양산시 수질관리과,지자체,경상권역,경상남도,양산시,경남 양산시 중앙로 39,055-392-3582,01 지자체 보유 방재장비
중화제(소석회·중탄산나트륨 등),흡착·중화,소석회,150,,양산시 수질관리과,지자체,경상권역,경상남도,양산시,경남 양산시 중앙로 39,055-392-3582,02 지자체 보유 방재장비(청·센터별)
중화제(소석회·중탄산나트륨 등),흡착·중화,소석회,480,,진주시 기후환경과,지자체,경상권역,경상남도,진주시,경상남도 진주시 동진로 155,055-749-8655,01 지자체 보유 방재장비
중화제(소석회·중탄산나트륨 등),흡착·중화,소석회,300,KG,한국남동발전㈜ 하동발전본부,사업장,경상권역,경상남도,하동군,경상남도 하동군 금성면 경제산업로 509,070-7713-1294,05 사업장 보유 방제물품(화학안전공동체)
중화제(소석회·중탄산나트륨 등),흡착·중화,소석회,100,,봉화군 녹색환경과,지자체,경상권역,경상북도,봉화군,경북 봉화군 봉화읍 봉화로 1111,054-679-6403,01 지자체 보유 방재장비
중화제(소석회·중탄산나트륨 등),흡착·중화,소석회,400,,성주군 환경과,지자체,경상권역,경상북도,성주군,경북 성주군 성주읍 성주로 3200,054-930-6182,01 지자체 보유 방재장비
중화제(소석회·중탄산나트륨 등),흡착·중화,소석회,400,,성주군 환경과,지자체,경상권역,경상북도,성주군,경북 성주군 성주읍 성주로 3200,054-930-6182,02 지자체 보유 방재장비(청·센터별)
중화제(소석회·중탄산나트륨 등),흡착·중화,중탄산나트륨,75,,안동시 환경관리과,지자체,경상권역,경상북도,안동시,경상북도 안동시 퇴계로 115,054-840-5287,01 지자체 보유 방재장비
중화제(소석회·중탄산나트륨 등),흡착·중화,중탄산나트륨,75,,안동시 환경관리과,지자체,경상권역,경상북도,안동시,경상북도 안동시 퇴계로 115,054-840-5287,02 지자체 보유 방재장비(청·센터별)
중화제(소석회·중탄산나트륨 등),흡착·중화,소석회,200,,영주시 환경보호과,지자체,경상권역,경상북도,영주시,경상북도 영주시 시청로 1,054-639-6793,02 지자체 보유 방재장비(청·센터별)
중화제(소석회·중탄산나트륨 등),흡착·중화,소석회,140,,영천시 환경보호과,지자체,경상권역,경상북도,영천시,경상북도 영천시 시청로 16,054-330-6483,01 지자체 보유 방재장비
중화제(소석회·중탄산나트륨 등),흡착·중화,소석회,200,,청도군 환경산림과,지자체,경상권역,경상북도,청도군,경상북도 청도군 화양읍 청화로 70,054-370-2187,01 지자체 보유 방재장비
중화제(소석회·중탄산나트륨 등),흡착·중화,소석회,120,,칠곡군 환경관리과,지자체,경상권역,경상북도,칠곡군,경상북도 칠곡군 왜관읍 군청1길 80,054-979-6692,01 지자체 보유 방재장비
중화제(소석회·중탄산나트륨 등),흡착·중화,중탄산나트륨,40,,포항시 환경정책과,지자체,경상권역,경상북도,포항시,포항시 남구 시청로 1,054-270-3113,01 지자체 보유 방재장비
중화제(소석회·중탄산나트륨 등),흡착·중화,소석회,40,,군위군 환경과,지자체,경상권역,대구광역시,군위군,대구광역시 군위군 군위읍 군청로 200,054-380-7953,01 지자체 보유 방재장비
중화제(소석회·중탄산나트륨 등),흡착·중화,소석회,40,,군위군 환경과,지자체,경상권역,대구광역시,군위군,대구광역시 군위군 군위읍 군청로 200,054-380-7953,02 지자체 보유 방재장비(청·센터별)
중화제(소석회·중탄산나트륨 등),흡착·중화,소석회,560,,대구광역시 물환경과,지자체,경상권역,대구광역시,북구,"대구광역시 북구 연암로 40, 산격청사 103동",053-803-4301,01 지자체 보유 방재장비
중화제(소석회·중탄산나트륨 등),흡착·중화,소석회,50,,동구 생활환경과,지자체,경상권역,대구광역시,동구,대구광역시 서구 국채보상로 257,053-663-2605,01 지자체 보유 방재장비
중화제(소석회·중탄산나트륨 등),흡착·중화,소석회,40,,동구 환경과,지자체,경상권역,대구광역시,동구,대구광역시 동구 아양로 207(신암동),053-662-2604,01 지자체 보유 방재장비
중화제(소석회·중탄산나트륨 등),흡착·중화,소석회,60,,북구 환경관리과,지자체,경상권역,대구광역시,북구,대구광역시 북구 옥산로 1(노원동1가),053-665-2605,01 지자체 보유 방재장비
중화제(소석회·중탄산나트륨 등),흡착·중화,소석회,20,,남구 환경관리과,지자체,경상권역,울산광역시,남구,울산광역시 남구 돋질로 233,052-226-5762,01 지자체 보유 방재장비
중화제(소석회·중탄산나트륨 등),흡착·중화,중탄산나트륨,60,,남구 환경관리과,지자체,경상권역,울산광역시,남구,울산광역시 남구 돋질로 233,052-226-5762,01 지자체 보유 방재장비
중화제(소석회·중탄산나트륨 등),흡착·중화,소석회,20,,남구 환경관리과,지자체,경상권역,울산광역시,남구,울산광역시 남구 돋질로 233,052-226-5762,02 지자체 보유 방재장비(청·센터별)
중화제(소석회·중탄산나트륨 등),흡착·중화,중탄산나트륨,60,,남구 환경관리과,지자체,경상권역,울산광역시,남구,울산광역시 남구 돋질로 233,052-226-5762,02 지자체 보유 방재장비(청·센터별)
중화제(소석회·중탄산나트륨 등),흡착·중화,소석회,100,,광주시 수질정책과,지자체,수도권,경기도,광주시,경기 광주시 행정타운로 50,031-760-3765,01 지자체 보유 방재장비
중화제(소석회·중탄산나트륨 등),흡착·중화,중탄산나트륨,100,,광주시 수질정책과,지자체,수도권,경기도,광주시,경기 광주시 행정타운로 50,031-760-3765,01 지자체 보유 방재장비
중화제(소석회·중탄산나트륨 등),흡착·중화,소석회,4,,김포시 환경지도과,지자체,수도권,경기도,김포시,경기 김포시 사우중로26,031-980-5655,01 지자체 보유 방재장비
중화제(소석회·중탄산나트륨 등),흡착·중화,소석회,360,,수원시 환경정책과,지자체,수도권,경기도,수원시,경기 수원시 효원로 241,031-5191-3243,01 지자체 보유 방재장비
중화제(소석회·중탄산나트륨 등),흡착·중화,소석회,180,,안산시 환경정책과,지자체,수도권,경기도,안산시,"경기 안산시 단원구 중앙대로 839(고잔동, 3층 환경정책과)",031-481-2243,01 지자체 보유 방재장비
중화제(소석회·중탄산나트륨 등),흡착·중화,소석회,1000,,연천군 환경보호과,지자체,수도권,경기도,연천군,경기 연천군 연천로 220,031-839-2241,01 지자체 보유 방재장비
중화제(소석회·중탄산나트륨 등),흡착·중화,소석회,18200,,용인시 용인시 기후대기과,지자체,수도권,경기도,용인시,경기 용인시 처인구 중부대로 1199(삼가동),031-6193-2244,01 지자체 보유 방재장비
중화제(소석회·중탄산나트륨 등),흡착·중화,소석회,300,,의왕시 환경과,지자체,수도권,경기도,의왕시,경기 의왕시 시청로 11,031-345-3823,01 지자체 보유 방재장비
중화제(소석회·중탄산나트륨 등),흡착·중화,소석회,80,,의정부시 환경정책과,지자체,수도권,경기도,의정부시,경기 의정부시 호국로 1049번길 39,031-828-4434,01 지자체 보유 방재장비
중화제(소석회·중탄산나트륨 등),흡착·중화,산중화제(20L),1,통,한국도로공사 발안영업소 (한강청 관리),환경청·센터 장비함,수도권,경기도,화성시,경기 화성시 팔탄면 3.1만세로 879-40,031-790-2896,04 환경청·센터 방제장비함
중화제(소석회·중탄산나트륨 등),흡착·중화,알칼리중화제(20L),1,통,한국도로공사 발안영업소 (한강청 관리),환경청·센터 장비함,수도권,경기도,화성시,경기 화성시 팔탄면 3.1만세로 879-40,031-790-2896,04 환경청·센터 방제장비함
중화제(소석회·중탄산나트륨 등),흡착·중화,소석회,2,,광진구 환경과,지자체,수도권,서울특별시,광진구,서울특별시 광진구 아차산로 400,02-450-7805,01 지자체 보유 방재장비
중화제(소석회·중탄산나트륨 등),흡착·중화,중탄산나트륨,40,,광진구 환경과,지자체,수도권,서울특별시,광진구,서울특별시 광진구 아차산로 400,02-450-7805,01 지자체 보유 방재장비
중화제(소석회·중탄산나트륨 등),흡착·중화,중탄산나트륨,25,,금천구 환경과,지자체,수도권,서울특별시,금천구,서울시 금천구 시흥대로73길 70,02-2627-1515,01 지자체 보유 방재장비
중화제(소석회·중탄산나트륨 등),흡착·중화,소석회,11390,,서울특별시 서울아리수본부 수질과,지자체,수도권,서울특별시,서대문구,서울특별시 서대문구 서소문로 51,02-3146-1322,01 지자체 보유 방재장비
중화제(소석회·중탄산나트륨 등),흡착·중화,소석회,86,,서울특별시 소방재난본부 재난대응과,지자체,수도권,서울특별시,중구,서울특별시 중구 퇴계로26길 52,02-3706-1423,01 지자체 보유 방재장비
중화제(소석회·중탄산나트륨 등),흡착·중화,중탄산나트륨,195,,서울특별시 소방재난본부 재난대응과,지자체,수도권,서울특별시,중구,서울특별시 중구 퇴계로26길 52,02-3706-1423,01 지자체 보유 방재장비
중화제(소석회·중탄산나트륨 등),흡착·중화,소석회,40,,계양구 환경과,지자체,수도권,인천광역시,계양구,계산새로 88,032-450-5414,01 지자체 보유 방재장비
중화제(소석회·중탄산나트륨 등),흡착·중화,소석회,80,,남동구 환경보전과,지자체,수도권,인천광역시,남동구,인천광역시 남동구 소래로 633,032-453-2614,01 지자체 보유 방재장비
중화제(소석회·중탄산나트륨 등),흡착·중화,소석회,120,,부평구 환경보전과,지자체,수도권,인천광역시,부평구,인천광역시 부평구 부평대로 168,032-509-6653,01 지자체 보유 방재장비
중화제(소석회·중탄산나트륨 등),흡착·중화,중탄산나트륨,250,,서구 환경관리과,지자체,수도권,인천광역시,서구,인천광역시 서구 서곶로 307,032-560-4354,01 지자체 보유 방재장비
중화제(소석회·중탄산나트륨 등),흡착·중화,소석회,8,,중구(원도심) 위생환경과,지자체,수도권,인천광역시,중구(원도심),"인천 중구 신포로27번길 80, 동별관 3층",032-760-7402,01 지자체 보유 방재장비
중화제(소석회·중탄산나트륨 등),흡착·중화,수산화나트륨,3,,남성화공약품상사,판매업체,전라권역,광주광역시,북구,광주시 북구 중가로 5,062-223-0101,15 전남·광주 방제약품 판매업체 (2017년 기준)
중화제(소석회·중탄산나트륨 등),흡착·중화,소석회,150,kg,남성화공약품상사,판매업체,전라권역,광주광역시,북구,광주시 북구 중가로 5,062-223-0101,15 전남·광주 방제약품 판매업체 (2017년 기준)
중화제(소석회·중탄산나트륨 등),흡착·중화,중탄산나트륨,2,,남성화공약품상사,판매업체,전라권역,광주광역시,북구,광주시 북구 중가로 5,062-223-0101,15 전남·광주 방제약품 판매업체 (2017년 기준)
중화제(소석회·중탄산나트륨 등),흡착·중화,수산화나트륨,1,,대성화학,판매업체,전라권역,광주광역시,광산구,광주시 광산구 하남산단2번로 30,062-951-7988,15 전남·광주 방제약품 판매업체 (2017년 기준)
중화제(소석회·중탄산나트륨 등),흡착·중화,소석회,5,,대성화학,판매업체,전라권역,광주광역시,광산구,광주시 광산구 하남산단2번로 30,062-951-7988,15 전남·광주 방제약품 판매업체 (2017년 기준)
중화제(소석회·중탄산나트륨 등),흡착·중화,수산화나트륨,2,,진성케미칼㈜,판매업체,전라권역,광주광역시,광산구,광주시 광산구 용아로 612,062-951-6397,15 전남·광주 방제약품 판매업체 (2017년 기준)
중화제(소석회·중탄산나트륨 등),흡착·중화,소석회,2,,진성케미칼㈜,판매업체,전라권역,광주광역시,광산구,광주시 광산구 용아로 612,062-951-6397,15 전남·광주 방제약품 판매업체 (2017년 기준)
중화제(소석회·중탄산나트륨 등),흡착·중화,중탄산나트륨,600,kg,진성케미칼㈜,판매업체,전라권역,광주광역시,광산구,광주시 광산구 용아로 612,062-951-6397,15 전남·광주 방제약품 판매업체 (2017년 기준)
중화제(소석회·중탄산나트륨 등),흡착·중화,분말소석회,,"2,000KG",DSR제강㈜ 율촌공장,사업장,전라권역,전라남도,순천시,전라남도 순천시 해룡면 율촌산단1로 80-21,061-729-3700,05 사업장 보유 방제물품(화학안전공동체)
중화제(소석회·중탄산나트륨 등),흡착·중화,소석회,,100kg,GS바이오㈜,사업장,전라권역,전라남도,여수시,전라남도 여수시 여수산단로 923-106,061-680-5740,05 사업장 보유 방제물품(화학안전공동체)
중화제(소석회·중탄산나트륨 등),흡착·중화,소석회,140,KG,㈜두원,사업장,전라권역,전라남도,광양시,전라남도 광양시 광양읍 초남공단1길 10,061-763-1755,05 사업장 보유 방제물품(화학안전공동체)
중화제(소석회·중탄산나트륨 등),흡착·중화,가성소다,600,KG,㈜부림산업,사업장,전라권역,전라남도,순천시,전라남도 순천시 서면곰배미길 30,061-755-8724,05 사업장 보유 방제물품(화학안전공동체)
중화제(소석회·중탄산나트륨 등),흡착·중화,소석회,1500,KG,㈜부림산업,사업장,전라권역,전라남도,순천시,전라남도 순천시 서면곰배미길 30,061-755-8724,05 사업장 보유 방제물품(화학안전공동체)
중화제(소석회·중탄산나트륨 등),흡착·중화,소석회(액상),15,TON,㈜성원,사업장,전라권역,전라남도,광양시,전라남도 광양시 광양읍 초남공단2길 5,,05 사업장 보유 방제물품(화학안전공동체)
중화제(소석회·중탄산나트륨 등),흡착·중화,소석회(분말),18,EA,㈜성원,사업장,전라권역,전라남도,광양시,전라남도 광양시 광양읍 초남공단2길 5,,05 사업장 보유 방제물품(화학안전공동체)
중화제(소석회·중탄산나트륨 등),흡착·중화,산중화제,6,L,㈜세아엠엔에스,사업장,전라권역,전라남도,여수시,전라남도 여수시 산단중앙로 188,061-807-7114,05 사업장 보유 방제물품(화학안전공동체)
중화제(소석회·중탄산나트륨 등),흡착·중화,알칼리중화제,6,L,㈜세아엠엔에스,사업장,전라권역,전라남도,여수시,전라남도 여수시 산단중앙로 188,061-807-7114,05 사업장 보유 방제물품(화학안전공동체)
중화제(소석회·중탄산나트륨 등),흡착·중화,중화제(HCL 5%),10,EA,㈜에스엔엔씨,사업장,전라권역,전라남도,광양시,전라남도 광양시 제철로 2148-139,061-797-9244,05 사업장 보유 방제물품(화학안전공동체)
중화제(소석회·중탄산나트륨 등),흡착·중화,중화제(HCL 10%),10,EA,㈜에스엔엔씨,사업장,전라권역,전라남도,광양시,전라남도 광양시 제철로 2148-139,061-797-9244,05 사업장 보유 방제물품(화학안전공동체)
중화제(소석회·중탄산나트륨 등),흡착·중화,생석회(10KG),4,EA,㈜에스엔엔씨,사업장,전라권역,전라남도,광양시,전라남도 광양시 제철로 2148-139,061-797-9244,05 사업장 보유 방제물품(화학안전공동체)
중화제(소석회·중탄산나트륨 등),흡착·중화,소석회,3,BOX,㈜엘지화학(용성2),사업장,전라권역,전라남도,여수시,전라남도 여수시 여수산단4로 58 확장단지,,05 사업장 보유 방제물품(화학안전공동체)
중화제(소석회·중탄산나트륨 등),흡착·중화,산/염기 중화제,90,KG,㈜엘지화학(화치),사업장,전라권역,전라남도,여수시,전라남도 여수시 여수산단2로 55,061-680-1068,05 사업장 보유 방제물품(화학안전공동체)
중화제(소석회·중탄산나트륨 등),흡착·중화,소석회,1000,KG,㈜엘지화학(화치),사업장,전라권역,전라남도,여수시,전라남도 여수시 여수산단2로 55,061-680-1068,05 사업장 보유 방제물품(화학안전공동체)
중화제(소석회·중탄산나트륨 등),흡착·중화,황산,30,KG,㈜와이엔텍,사업장,전라권역,전라남도,여수시,전라남도 여수시 여수산단로 1232,061-690-6910,05 사업장 보유 방제물품(화학안전공동체)
중화제(소석회·중탄산나트륨 등),흡착·중화,중화제(NaOH4%),10,EA(18L),㈜유니테크 여수지점,사업장,전라권역,전라남도,여수시,전라남도 여수시 진달래길 14,061-692-0461,05 사업장 보유 방제물품(화학안전공동체)
중화제(소석회·중탄산나트륨 등),흡착·중화,중화제(HCl),6,EA(18L),㈜유니테크 여수지점,사업장,전라권역,전라남도,여수시,전라남도 여수시 진달래길 14,061-692-0461,05 사업장 보유 방제물품(화학안전공동체)
중화제(소석회·중탄산나트륨 등),흡착·중화,소석회,1,TON,㈜이화산업,사업장,전라권역,전라남도,여수시,전라남도 여수시 여수산단로 597,061-686-4878,05 사업장 보유 방제물품(화학안전공동체)
중화제(소석회·중탄산나트륨 등),흡착·중화,중화액,252,EA,㈜포스코 광양제철소,사업장,전라권역,전라남도,광양시,전라남도 광양시 제철로1800,061-790-2542,05 사업장 보유 방제물품(화학안전공동체)
중화제(소석회·중탄산나트륨 등),흡착·중화,중화제,242,EA,㈜포스코 광양제철소,사업장,전라권역,전라남도,광양시,전라남도 광양시 제철로1800,061-790-2542,05 사업장 보유 방제물품(화학안전공동체)
중화제(소석회·중탄산나트륨 등),흡착·중화,소석회,13,포,㈜한익스프레스,사업장,전라권역,전라남도,여수시,전라남도 여수시 여수산단로 611,061-685-5524,05 사업장 보유 방제물품(화학안전공동체)
중화제(소석회·중탄산나트륨 등),흡착·중화,탄산나트륨,300,KG,㈜한화여수사업장,사업장,전라권역,전라남도,여수시,전라남도 여수시 신월로 411,061-640-1232,05 사업장 보유 방제물품(화학안전공동체)
중화제(소석회·중탄산나트륨 등),흡착·중화,가성소다,50,KG,㈜해담광양,사업장,전라권역,전라남도,광양시,전라남도 광양시 제철로 2148-543,061-797-9494,05 사업장 보유 방제물품(화학안전공동체)
중화제(소석회·중탄산나트륨 등),흡착·중화,황산알류미늄,50,KG,㈜해담광양,사업장,전라권역,전라남도,광양시,전라남도 광양시 제철로 2148-543,061-797-9494,05 사업장 보유 방제물품(화학안전공동체)
중화제(소석회·중탄산나트륨 등),흡착·중화,소석회,80,포,금호미쓰이화학㈜,사업장,전라권역,전라남도,여수시,전라남도 여수시 여수산단2로 305,061-688-5090,05 사업장 보유 방제물품(화학안전공동체)
중화제(소석회·중탄산나트륨 등),흡착·중화,소석회(20KG),100,EA,금호석유화학㈜ 여수고무제1공장,사업장,전라권역,전라남도,여수시,전라남도 여수시 여수산단 3로118,061-688-3135,05 사업장 보유 방제물품(화학안전공동체)
중화제(소석회·중탄산나트륨 등),흡착·중화,액상소석회,500,L,금호석유화학㈜ 여수고무제2공장,사업장,전라권역,전라남도,여수시,전라남도 여수시 산단중앙로33,061-688-7261,05 사업장 보유 방제물품(화학안전공동체)
중화제(소석회·중탄산나트륨 등),흡착·중화,중화제(소석회),4150,KG,남해화학㈜,사업장,전라권역,전라남도,여수시,전라남도 여수시 여수산돈로 1384,061-688-5752,05 사업장 보유 방제물품(화학안전공동체)
중화제(소석회·중탄산나트륨 등),흡착·중화,분말소석회,520,KG,대림산업㈜ 여수C4공장,사업장,전라권역,전라남도,여수시,전라남도 여수시 여수산단중앙로 275,061-688-6821,05 사업장 보유 방제물품(화학안전공동체)
중화제(소석회·중탄산나트륨 등),흡착·중화,액상소석회,40,L,대림산업㈜ 여수C4공장,사업장,전라권역,전라남도,여수시,전라남도 여수시 여수산단중앙로 275,061-688-6821,05 사업장 보유 방제물품(화학안전공동체)
중화제(소석회·중탄산나트륨 등),흡착·중화,소석회,100,KG,대림산업㈜ 여수공장,사업장,전라권역,전라남도,여수시,전라남도 여수시 여수산단2로 220-10,061-688-6481,05 사업장 보유 방제물품(화학안전공동체)
중화제(소석회·중탄산나트륨 등),흡착·중화,중화제(탄산칼슘),1,BOX,롯데미쓰이화학㈜,사업장,전라권역,전라남도,여수시,전라남도 여수시 여수산단4로 129,061-680-8411,05 사업장 보유 방제물품(화학안전공동체)
중화제(소석회·중탄산나트륨 등),흡착·중화,소석회,4,EA,롯데엠시시㈜ 여수2공장,사업장,전라권역,전라남도,여수시,전라남도 여수시 여수산단4로 129,061-680-8453,05 사업장 보유 방제물품(화학안전공동체)
중화제(소석회·중탄산나트륨 등),흡착·중화,중화제(소석회),1600,KG,롯데첨단소재㈜,사업장,전라권역,전라남도,여수시,전라남도 여수시 여수산단로 334-27,061-689-1301,05 사업장 보유 방제물품(화학안전공동체)
중화제(소석회·중탄산나트륨 등),흡착·중화,중화제(산/알칼리),200,KG,롯데첨단소재㈜,사업장,전라권역,전라남도,여수시,전라남도 여수시 여수산단로 334-27,061-689-1301,05 사업장 보유 방제물품(화학안전공동체)
중화제(소석회·중탄산나트륨 등),흡착·중화,탄산나트륨,5,TON,매일식품㈜,사업장,전라권역,전라남도,순천시,전라남도 순천시 서면산단1길 16,061-752-3331,05 사업장 보유 방제물품(화학안전공동체)
중화제(소석회·중탄산나트륨 등),흡착·중화,소석회,1,TON,백광산업,사업장,전라권역,전라남도,여수시,전라남도 여수시 여수산단2로 284,061-680-0600,05 사업장 보유 방제물품(화학안전공동체)
중화제(소석회·중탄산나트륨 등),흡착·중화,분말소석회,3,포(20kg),수자원공사 여수권지사 별량수령장,사업장,전라권역,전라남도,순천시,전라남도 순천시,061-759-4212,05 사업장 보유 방제물품(화학안전공동체)
중화제(소석회·중탄산나트륨 등),흡착·중화,소석회,1112,,신안군 세계유산과,지자체,전라권역,전라남도,신안군,전라남도 신안군 압해로 천사로 1004,061-240-8153,01 지자체 보유 방재장비
중화제(소석회·중탄산나트륨 등),흡착·중화,수산화나트륨,200,kg,신한과학,판매업체,전라권역,전라남도,목포시,전남 목포시 영산로 106-2,061-244-2571,15 전남·광주 방제약품 판매업체 (2017년 기준)
중화제(소석회·중탄산나트륨 등),흡착·중화,중화제(가성소다),140000,L,엘지엠엠에이㈜,사업장,전라권역,전라남도,여수시,전라남도 여수시 여수산단4로 58,061-805-3855,05 사업장 보유 방제물품(화학안전공동체)
중화제(소석회·중탄산나트륨 등),흡착·중화,중화제(황산),48000,L,엘지엠엠에이㈜(PMMA공장),사업장,전라권역,전라남도,여수시,전라남도 여수시 여수산단2로 55,061-805-3855,05 사업장 보유 방제물품(화학안전공동체)
중화제(소석회·중탄산나트륨 등),흡착·중화,중화제(염산),855000,L,엘지엠엠에이㈜(PMMA공장),사업장,전라권역,전라남도,여수시,전라남도 여수시 여수산단2로 55,061-805-3855,05 사업장 보유 방제물품(화학안전공동체)
중화제(소석회·중탄산나트륨 등),흡착·중화,소석회,400,KG,엘지엠엠에이㈜(PMMA공장),사업장,전라권역,전라남도,여수시,전라남도 여수시 여수산단2로 55,061-805-3855,05 사업장 보유 방제물품(화학안전공동체)
중화제(소석회·중탄산나트륨 등),흡착·중화,소석회,500,KG,여천NCC㈜ 여수1공장,사업장,전라권역,전라남도,여수시,전라남도 여수시 여수산단3로 2,061-688-6065,05 사업장 보유 방제물품(화학안전공동체)
중화제(소석회·중탄산나트륨 등),흡착·중화,소석회,530,KG,여천NCC㈜ 여수3공장,사업장,전라권역,전라남도,여수시,전라남도 여수시 여수산단2로 220-62,061-688-6065,05 사업장 보유 방제물품(화학안전공동체)
중화제(소석회·중탄산나트륨 등),흡착·중화,소석회,160,,영암군 환경기후과,지자체,전라권역,전라남도,영암군,전라남도 영암군 군청로 1,061-470-2328,01 지자체 보유 방재장비
중화제(소석회·중탄산나트륨 등),흡착·중화,중화제 살포기,1,EA,일양화학㈜,사업장,전라권역,전라남도,여수시,전라남도 여수시 여수산단2로 14,061-683-2201,05 사업장 보유 방제물품(화학안전공동체)
중화제(소석회·중탄산나트륨 등),흡착·중화,암모니아수,100,KG,일양화학㈜,사업장,전라권역,전라남도,여수시,전라남도 여수시 여수산단2로 14,061-683-2201,05 사업장 보유 방제물품(화학안전공동체)
중화제(소석회·중탄산나트륨 등),흡착·중화,소석회,5,EA,케이씨환경서비스㈜ 여수사업부,사업장,전라권역,전라남도,여수시,전라남도 여수시 산단중앙로 30-36,061-805-9501,05 사업장 보유 방제물품(화학안전공동체)
중화제(소석회·중탄산나트륨 등),흡착·중화,소석회,105,KG,케이에스광학㈜,사업장,전라권역,전라남도,순천시,전라남도 순천시 율촌산단4로 26-108,061-727-9717,05 사업장 보유 방제물품(화학안전공동체)
중화제(소석회·중탄산나트륨 등),흡착·중화,염화칼슘,300,KG,한국남동발전㈜ 여수발전본부,사업장,전라권역,전라남도,여수시,전라남도 여수시 여수산단로 727,070-8898-5622,05 사업장 보유 방제물품(화학안전공동체)
중화제(소석회·중탄산나트륨 등),흡착·중화,중화제,380,KG,한국남동발전㈜ 호남화력본부,사업장,전라권역,전라남도,여수시,"전라남도 여수시 여수산단로 1203, 1층",,05 사업장 보유 방제물품(화학안전공동체)
중화제(소석회·중탄산나트륨 등),흡착·중화,중화제,11,통,한국바스프㈜,사업장,전라권역,전라남도,여수시,전라남도 여수시 여수산단2로 284,061-680-7061,05 사업장 보유 방제물품(화학안전공동체)
중화제(소석회·중탄산나트륨 등),흡착·중화,가성소다,80,L,한국바스프㈜,사업장,전라권역,전라남도,여수시,전라남도 여수시 여수산단2로 284,061-680-7061,05 사업장 보유 방제물품(화학안전공동체)
중화제(소석회·중탄산나트륨 등),흡착·중화,소석회,100,KG,한국신광마이크로 애랙트로닉스㈜,사업장,전라권역,전라남도,순천시,전라남도 순천시 서면산단1길 32,061-753-8801,05 사업장 보유 방제물품(화학안전공동체)
중화제(소석회·중탄산나트륨 등),흡착·중화,중화제(5%염산(20L)),5,EA,"한화케미칼㈜ 여수1공장, 한화케미칼㈜ 여수2공장, 한화케미칼㈜ 여수3공장",사업장,전라권역,전라남도,여수시,전라남도 여수시 여수산단3로 117,061-688-1165,05 사업장 보유 방제물품(화학안전공동체)
중화제(소석회·중탄산나트륨 등),흡착·중화,중화제(5%가성소다),14,EA,"한화케미칼㈜ 여수1공장, 한화케미칼㈜ 여수2공장, 한화케미칼㈜ 여수3공장",사업장,전라권역,전라남도,여수시,전라남도 여수시 여수산단3로 117,061-688-1165,05 사업장 보유 방제물품(화학안전공동체)
중화제(소석회·중탄산나트륨 등),흡착·중화,소석회,66,포,한화케미칼㈜ 티다아이,사업장,전라권역,전라남도,여수시,전라남도 여수시 여수산단2로 46-47,061-688-4920,05 사업장 보유 방제물품(화학안전공동체)
중화제(소석회·중탄산나트륨 등),흡착·중화,수산화나트륨,100,톤,한화케미칼㈜ 티다아이,사업장,전라권역,전라남도,여수시,전라남도 여수시 여수산단2로 46-47,061-688-4920,05 사업장 보유 방제물품(화학안전공동체)
중화제(소석회·중탄산나트륨 등),흡착·중화,염산,100,톤,한화케미칼㈜ 티다아이,사업장,전라권역,전라남도,여수시,전라남도 여수시 여수산단2로 46-47,061-688-4920,05 사업장 보유 방제물품(화학안전공동체)
중화제(소석회·중탄산나트륨 등),흡착·중화,중질탄산칼륨,12,포,한화케미칼㈜ 폴리실리콘,사업장,전라권역,전라남도,여수시,전라남도 여수시 여수산단4로 255,061-690-5728,05 사업장 보유 방제물품(화학안전공동체)
중화제(소석회·중탄산나트륨 등),흡착·중화,소석회,9,포,한화케미칼㈜ 폴리실리콘,사업장,전라권역,전라남도,여수시,전라남도 여수시 여수산단4로 255,061-690-5728,05 사업장 보유 방제물품(화학안전공동체)
중화제(소석회·중탄산나트륨 등),흡착·중화,탄산칼슘,200,KG,해인기업㈜ 여수공장,사업장,전라권역,전라남도,여수시,전라남도 여수시 중흥동 750-19,061-692-6800,05 사업장 보유 방제물품(화학안전공동체)
중화제(소석회·중탄산나트륨 등),흡착·중화,가성소다,1,DRUM,해인기업㈜ 여수공장,사업장,전라권역,전라남도,여수시,전라남도 여수시 중흥동 750-19,061-692-6800,05 사업장 보유 방제물품(화학안전공동체)
중화제(소석회·중탄산나트륨 등),흡착·중화,아황산나트륨,300,KG,해인기업㈜ 여수공장,사업장,전라권역,전라남도,여수시,전라남도 여수시 중흥동 750-19,061-692-6800,05 사업장 보유 방제물품(화학안전공동체)
중화제(소석회·중탄산나트륨 등),흡착·중화,탄산칼슘,250,L,해인기업㈜ 여천공장,사업장,전라권역,전라남도,여수시,전라남도 여수시 여수산단로 830,061-686-0917,05 사업장 보유 방제물품(화학안전공동체)
중화제(소석회·중탄산나트륨 등),흡착·중화,가성소다,4,DRUM,해인기업㈜ 화치공장,사업장,전라권역,전라남도,여수시,전라남도 여수시 산단중앙로 30,061-686-6801,05 사업장 보유 방제물품(화학안전공동체)
중화제(소석회·중탄산나트륨 등),흡착·중화,소석회,200,KG,해인기업㈜ 화치공장,사업장,전라권역,전라남도,여수시,전라남도 여수시 산단중앙로 30,061-686-6801,05 사업장 보유 방제물품(화학안전공동체)
중화제(소석회·중탄산나트륨 등),흡착·중화,산중화제,28,톤,현대제철㈜,사업장,전라권역,전라남도,순천시,전라남도 순천시 해룡면 인덕로 300,061-720-4665,05 사업장 보유 방제물품(화학안전공동체)
중화제(소석회·중탄산나트륨 등),흡착·중화,알칼리중화제,28,톤,현대제철㈜,사업장,전라권역,전라남도,순천시,전라남도 순천시 해룡면 인덕로 300,061-720-4665,05 사업장 보유 방제물품(화학안전공동체)
중화제(소석회·중탄산나트륨 등),흡착·중화,중탄산나트륨,160,,군산시 기후환경과,지자체,전라권역,전북특별자치도,군산시,전북 군산시 시청로 17,063-454-3403,01 지자체 보유 방재장비
중화제(소석회·중탄산나트륨 등),흡착·중화,중탄산나트륨,160,,군산시 기후환경과,지자체,전라권역,전북특별자치도,군산시,전북특별자치도 군산시 시청로 17,063-454-3403,02 지자체 보유 방재장비(청·센터별)
중화제(소석회·중탄산나트륨 등),흡착·중화,중탄산나트륨,100,,제주시 119특수대응단,지자체,전라권역,제주특별자치도,제주시,산천단동길 24,064-710-3506,01 지자체 보유 방재장비
중화제(소석회·중탄산나트륨 등),흡착·중화,소석회,240,,- 생태하천과,지자체,충청권역,대전광역시,-,대전광역시 서구 둔산로 100,042-270-5672,01 지자체 보유 방재장비
중화제(소석회·중탄산나트륨 등),흡착·중화,소석회,40,,서구 기후환경과,지자체,충청권역,대전광역시,서구,대전광역시 서구 둔산서로 100,042-288-3513,01 지자체 보유 방재장비
중화제(소석회·중탄산나트륨 등),흡착·중화,소석회,480,,천안시 환경정책과,지자체,충청권역,충청남도,천안시,천안시 서북구 번영로 156,041-521-5437,01 지자체 보유 방재장비
중화제(소석회·중탄산나트륨 등),흡착·중화,소석회,8,,충청남도 119특수대응단,지자체,충청권역,충청남도,아산시,충청남도 아산시 염치읍 은행나무길223,041-590-6433,01 지자체 보유 방재장비
중화제(소석회·중탄산나트륨 등),흡착·중화,중탄산나트륨,675,,충청남도 119특수대응단,지자체,충청권역,충청남도,아산시,충청남도 아산시 염치읍 은행나무길223,041-590-6433,01 지자체 보유 방재장비
중화제(소석회·중탄산나트륨 등),흡착·중화,중탄산나트륨,1150,,충청남도 계룡소방서,지자체,충청권역,충청남도,계룡시,충청남도 계룡시 문화로 32,042-540-0311,01 지자체 보유 방재장비
중화제(소석회·중탄산나트륨 등),흡착·중화,소석회,120,,충청남도 공주소방서,지자체,충청권역,충청남도,공주시,충청남도 공주시 무령로 55,041-851-0313,01 지자체 보유 방재장비
중화제(소석회·중탄산나트륨 등),흡착·중화,중탄산나트륨,875,,충청남도 공주소방서,지자체,충청권역,충청남도,공주시,충청남도 공주시 무령로 55,041-851-0313,01 지자체 보유 방재장비
중화제(소석회·중탄산나트륨 등),흡착·중화,소석회,125,,충청남도 금산소방서,지자체,충청권역,충청남도,금산군,충청남도 금산군 삼풍로 2,041-750-1312,01 지자체 보유 방재장비
중화제(소석회·중탄산나트륨 등),흡착·중화,중탄산나트륨,350,,충청남도 금산소방서,지자체,충청권역,충청남도,금산군,충청남도 금산군 삼풍로 2,041-750-1312,01 지자체 보유 방재장비
중화제(소석회·중탄산나트륨 등),흡착·중화,소석회,320,,충청남도 논산소방서,지자체,충청권역,충청남도,논산시,충청남도 논산시 대학로 17,041-730-0313,01 지자체 보유 방재장비
중화제(소석회·중탄산나트륨 등),흡착·중화,중탄산나트륨,730,,충청남도 논산소방서,지자체,충청권역,충청남도,논산시,충청남도 논산시 대학로 17,041-730-0313,01 지자체 보유 방재장비
중화제(소석회·중탄산나트륨 등),흡착·중화,소석회,60,,충청남도 당진소방서,지자체,충청권역,충청남도,당진시,충청남도 당진시 역천로 838,041-350-5313,01 지자체 보유 방재장비
중화제(소석회·중탄산나트륨 등),흡착·중화,중탄산나트륨,950,,충청남도 당진소방서,지자체,충청권역,충청남도,당진시,충청남도 당진시 역천로 838,041-350-5313,01 지자체 보유 방재장비
중화제(소석회·중탄산나트륨 등),흡착·중화,중탄산나트륨,769,,충청남도 보령소방서,지자체,충청권역,충청남도,보령시,충청남도 보령시 성주산로 63,041-930-0311,01 지자체 보유 방재장비
중화제(소석회·중탄산나트륨 등),흡착·중화,소석회,200,,충청남도 부여소방서,지자체,충청권역,충청남도,부여군,충청남도 부여군 규암면 계백로 17,041-830-0311,01 지자체 보유 방재장비
중화제(소석회·중탄산나트륨 등),흡착·중화,중탄산나트륨,300,,충청남도 부여소방서,지자체,충청권역,충청남도,부여군,충청남도 부여군 규암면 계백로 17,041-830-0311,01 지자체 보유 방재장비
중화제(소석회·중탄산나트륨 등),흡착·중화,중탄산나트륨,500,,충청남도 서산소방서,지자체,충청권역,충청남도,서산시,충청남도 서산시 호수공원14로 26-4,041-689-0311,01 지자체 보유 방재장비
중화제(소석회·중탄산나트륨 등),흡착·중화,소석회,88,,충청남도 서천소방서,지자체,충청권역,충청남도,서천군,충청남도 서천군 장항읍 장항로 37,041-955-0313,01 지자체 보유 방재장비
중화제(소석회·중탄산나트륨 등),흡착·중화,중탄산나트륨,1400,,충청남도 서천소방서,지자체,충청권역,충청남도,서천군,충청남도 서천군 장항읍 장항로 37,041-955-0313,01 지자체 보유 방재장비
중화제(소석회·중탄산나트륨 등),흡착·중화,소석회,80,,충청남도 아산소방서,지자체,충청권역,충청남도,아산시,충청남도 아산시 모종로 77,041-538-0311,01 지자체 보유 방재장비
중화제(소석회·중탄산나트륨 등),흡착·중화,중탄산나트륨,1130,,충청남도 아산소방서,지자체,충청권역,충청남도,아산시,충청남도 아산시 모종로 77,041-538-0311,01 지자체 보유 방재장비
중화제(소석회·중탄산나트륨 등),흡착·중화,중탄산나트륨,1060,,충청남도 예산소방서,지자체,충청권역,충청남도,예산군,충청남도 예산군 오가면 오가중앙로111,041-330-4312,01 지자체 보유 방재장비
중화제(소석회·중탄산나트륨 등),흡착·중화,소석회,195,,충청남도 천안동남소방서,지자체,충청권역,충청남도,천안시,충청남도 천안시 동남구 천안대로 580,041-570-0313,01 지자체 보유 방재장비
중화제(소석회·중탄산나트륨 등),흡착·중화,중탄산나트륨,565,,충청남도 천안동남소방서,지자체,충청권역,충청남도,천안시,충청남도 천안시 동남구 천안대로 580,041-570-0313,01 지자체 보유 방재장비
중화제(소석회·중탄산나트륨 등),흡착·중화,소석회,175,,충청남도 천안서북소방서,지자체,충청권역,충청남도,천안시,충청남도 천안시 서북구 4산단2길 32,041-360-0313,01 지자체 보유 방재장비
중화제(소석회·중탄산나트륨 등),흡착·중화,중탄산나트륨,2120,,충청남도 천안서북소방서,지자체,충청권역,충청남도,천안시,충청남도 천안시 서북구 4산단2길 32,041-360-0313,01 지자체 보유 방재장비
중화제(소석회·중탄산나트륨 등),흡착·중화,소석회,460,,충청남도 청양소방서,지자체,충청권역,충청남도,청양군,충청남도 청양군 청양읍 충절로 1187,041-940-7312,01 지자체 보유 방재장비
중화제(소석회·중탄산나트륨 등),흡착·중화,중탄산나트륨,725,,충청남도 청양소방서,지자체,충청권역,충청남도,청양군,충청남도 청양군 청양읍 충절로 1187,041-940-7312,01 지자체 보유 방재장비
중화제(소석회·중탄산나트륨 등),흡착·중화,소석회,80,,충청남도 태안소방서,지자체,충청권역,충청남도,태안군,충청남도 태안군 태안읍 동백로 100,041-671-0311,01 지자체 보유 방재장비
중화제(소석회·중탄산나트륨 등),흡착·중화,중탄산나트륨,300,,충청남도 태안소방서,지자체,충청권역,충청남도,태안군,충청남도 태안군 태안읍 동백로 100,041-671-0311,01 지자체 보유 방재장비
중화제(소석회·중탄산나트륨 등),흡착·중화,소석회,180,,충청남도 홍성소방서,지자체,충청권역,충청남도,홍성군,충청남도 홍성군 홍성읍 충절로 741,041-630-0312,01 지자체 보유 방재장비
중화제(소석회·중탄산나트륨 등),흡착·중화,중탄산나트륨,1025,,충청남도 홍성소방서,지자체,충청권역,충청남도,홍성군,충청남도 홍성군 홍성읍 충절로 741,041-630-0312,01 지자체 보유 방재장비
중화제(소석회·중탄산나트륨 등),흡착·중화,중탄산나트륨,10000,,제천시 자연환경과,지자체,충청권역,충청북도,제천시,충북 제천시 내토로 295,043-641-6392,01 지자체 보유 방재장비
중화제(소석회·중탄산나트륨 등),흡착·중화,중탄산나트륨,10000,,제천시 자연환경과,지자체,충청권역,충청북도,제천시,충청북도 제천시 내토로 295,043-641-6392,02 지자체 보유 방재장비(청·센터별)
중화제(소석회·중탄산나트륨 등),흡착·중화,중탄산나트륨,450,,증평군 환경위생과,지자체,충청권역,충청북도,증평군,충북 증평군 증평읍 광장로 88,043-835-3623,01 지자체 보유 방재장비
중화제(소석회·중탄산나트륨 등),흡착·중화,분말중화기,2,대,청주 ic (금강청 관리),환경청·센터 장비함,충청권역,충청북도,청주시,충북 청주시 흥덕구 비하동 492-1,,04 환경청·센터 방제장비함
중화제(소석회·중탄산나트륨 등),흡착·중화,소석회,60,,청주시 재난대응과,지자체,충청권역,충청북도,청주시,충북 청주시 상당구 상당로 69번길 38,043-201-1653,01 지자체 보유 방재장비
중화제(소석회·중탄산나트륨 등),흡착·중화,중탄산나트륨,50,,청주시 재난대응과,지자체,충청권역,충청북도,청주시,충북 청주시 상당구 상당로 69번길 38,043-201-1653,01 지자체 보유 방재장비
흡착포·흡착재,흡착·중화,유흡착재,42,ton,광양광역방제지원센터(여수),국가기관 비축,,,,광양항,,07 해경 광역방제지원센터 비축물자
흡착포·흡착재,흡착·중화,유흡착재,38,ton,대산광역방제지원센터(태안),국가기관 비축,,,,대산항,,07 해경 광역방제지원센터 비축물자
흡착포·흡착재,흡착·중화,흡착포,52,,강릉시 환경과,지자체,강원권역,강원특별자치도,강릉시,강원 강릉시 강릉대로 33,033-640-5356,01 지자체 보유 방재장비
흡착포·흡착재,흡착·중화,흡착포,10,,동해시 환경과,지자체,강원권역,강원특별자치도,동해시,강원 동해시 천곡로 77,033-530-2366,01 지자체 보유 방재장비
흡착포·흡착재,흡착·중화,흡착포,22,,속초시 친환경과,지자체,강원권역,강원특별자치도,속초시,강원 속초시 중앙로 183,033-639-1578,01 지자체 보유 방재장비
흡착포·흡착재,흡착·중화,흡착포,15,,양구군 환경과,지자체,강원권역,강원특별자치도,양구군,강원 양구군 관공서로 38,033-480-7284,01 지자체 보유 방재장비
흡착포·흡착재,흡착·중화,흡착포,14,,양양군 환경과,지자체,강원권역,강원특별자치도,양양군,강원 양양군 양양읍 군청길 1,033-670-2182,01 지자체 보유 방재장비
흡착포·흡착재,흡착·중화,흡착포,24,,영월군 환경위생과,지자체,강원권역,강원특별자치도,영월군,강원 영월군 영월읍 하송로 64,033-370-2157,01 지자체 보유 방재장비
흡착포·흡착재,흡착·중화,흡착포,52,,인제군 환경보호과,지자체,강원권역,강원특별자치도,인제군,강원 인제군 인제읍 인제로187번길 8,033-460-4453,01 지자체 보유 방재장비
흡착포·흡착재,흡착·중화,흡착포,94,,정선군 환경과,지자체,강원권역,강원특별자치도,정선군,강원 정선군 정선읍 봉양3길 21,033-560-2354,01 지자체 보유 방재장비
흡착포·흡착재,흡착·중화,흡착포,100,,태백시 환경과,지자체,강원권역,강원특별자치도,태백시,강원 태백시 태붐로 21,033-550-3974,01 지자체 보유 방재장비
흡착포·흡착재,흡착·중화,흡착포,18,,평창군 환경과,지자체,강원권역,강원특별자치도,평창군,강원 평창군 평창읍 군청길 77,,01 지자체 보유 방재장비
흡착포·흡착재,흡착·중화,흡착포,11,,홍천군 환경과,지자체,강원권역,강원특별자치도,홍천군,강원 홍천군 홍천읍 석화로 93,033-430-2625,01 지자체 보유 방재장비
흡착포·흡착재,흡착·중화,흡착포,51,,횡성군 환경과,지자체,강원권역,강원특별자치도,횡성군,강원 횡성군 횡성읍 태기로 15,033-340-2434,01 지자체 보유 방재장비
흡착포·흡착재,흡착·중화,유흡착재(매트형) 10kg/Box,343,Box,한국환경공단 수질오염방제센터 낙동강센터,국가기관 비축,경상권역,,,,,09 한국환경공단 수질오염방제센터
흡착포·흡착재,흡착·중화,유흡착제(롤형) 10kg/Box,164,Box,한국환경공단 수질오염방제센터 낙동강센터,국가기관 비축,경상권역,,,,,09 한국환경공단 수질오염방제센터
흡착포·흡착재,흡착·중화,필로우,4,개,한국환경공단 수질오염방제센터 낙동강센터,국가기관 비축,경상권역,,,,,09 한국환경공단 수질오염방제센터
흡착포·흡착재,흡착·중화,케미컬흡착재(패드형),13,Box,한국환경공단 수질오염방제센터 낙동강센터,국가기관 비축,경상권역,,,,,09 한국환경공단 수질오염방제센터
흡착포·흡착재,흡착·중화,케미컬흡착재(필로우형),19,Box,한국환경공단 수질오염방제센터 낙동강센터,국가기관 비축,경상권역,,,,,09 한국환경공단 수질오염방제센터
흡착포·흡착재,흡착·중화,흡착포,2,BOX,㈜삼엽,사업장,경상권역,경상남도,하동군,경상남도 하동군 금성면 금성로 31,055-4271-9220,05 사업장 보유 방제물품(화학안전공동체)
흡착포·흡착재,흡착·중화,면 보루,10,KG,㈜삼엽,사업장,경상권역,경상남도,하동군,경상남도 하동군 금성면 금성로 31,055-4271-9220,05 사업장 보유 방제물품(화학안전공동체)
흡착포·흡착재,흡착·중화,흡착포,15,,거제시 기후환경과,지자체,경상권역,경상남도,거제시,경상남도 거제시 계룡로 125(고현동) 거제시청,055-639-3933,01 지자체 보유 방재장비
흡착포·흡착재,흡착·중화,흡착포,37,,거창군 환경과,지자체,경상권역,경상남도,거창군,경상남도 거창군 거창읍 중앙로 103,055-940-3514,01 지자체 보유 방재장비
흡착포·흡착재,흡착·중화,흡착포,12,,김해시 환경정책과,지자체,경상권역,경상남도,김해시,경상남도 김해시 김해대로 2401,055-330-2733,01 지자체 보유 방재장비
흡착포·흡착재,흡착·중화,흡착포,6,,남해군 환경과,지자체,경상권역,경상남도,남해군,경상남도 남해군 남해읍 에코파크길 65-10,055-860-3273,01 지자체 보유 방재장비
흡착포·흡착재,흡착·중화,흡착포,6,,남해군 환경과,지자체,경상권역,경상남도,남해군,경상남도 남해군 남해읍 에코파크길 65-10,055-860-3273,02 지자체 보유 방재장비(청·센터별)
흡착포·흡착재,흡착·중화,흡착포,40,,밀양시 환경관리과,지자체,경상권역,경상남도,밀양시,경상남도 밀양시 밀양대로 2047,055-359-5308,01 지자체 보유 방재장비
흡착포·흡착재,흡착·중화,흡착포,25,,산청군 환경위생과,지자체,경상권역,경상남도,산청군,경상남도 산청군 산청읍 산엔청로 1,055-970-7122,01 지자체 보유 방재장비
흡착포·흡착재,흡착·중화,흡착포,8,,양산시 수질관리과,지자체,경상권역,경상남도,양산시,경남 양산시 중앙로 39,055-392-3582,01 지자체 보유 방재장비
흡착포·흡착재,흡착·중화,흡착포,8,,양산시 수질관리과,지자체,경상권역,경상남도,양산시,경남 양산시 중앙로 39,055-392-3582,02 지자체 보유 방재장비(청·센터별)
흡착포·흡착재,흡착·중화,흡착포,3,,진주시 기후환경과,지자체,경상권역,경상남도,진주시,경상남도 진주시 동진로 155,055-749-8655,01 지자체 보유 방재장비
흡착포·흡착재,흡착·중화,흡착포,61,,창녕군 환경위생과,지자체,경상권역,경상남도,창녕군,경상남도 창녕군 창녕읍 군청길1,055-530-1614,01 지자체 보유 방재장비
흡착포·흡착재,흡착·중화,흡착포,20,,창원시 마산합포구 환경과,지자체,경상권역,경상남도,창원시 마산합포구,경상남도 창원시 마산합포구 3·15대로 210,055-220-4573,01 지자체 보유 방재장비
흡착포·흡착재,흡착·중화,흡착포,80,,창원시 마산회원구 환경과,지자체,경상권역,경상남도,창원시 마산회원구,경상남도 창원시 마산회원구 삼호로 63,055-230-4573,01 지자체 보유 방재장비
흡착포·흡착재,흡착·중화,흡착포,30,,창원시 성산구 환경과,지자체,경상권역,경상남도,창원시 성산구,경상남도 창원시 성산구 창원대로 1086(성주동),055-272-4573,01 지자체 보유 방재장비
흡착포·흡착재,흡착·중화,흡착포,20,,창원시 의창구 환경과,지자체,경상권역,경상남도,창원시 의창구,경상남도 창원시 의창구 원이대로 80,055-212-4573,01 지자체 보유 방재장비
흡착포·흡착재,흡착·중화,흡착포,13,,창원시 진해구 환경과,지자체,경상권역,경상남도,창원시 진해구,창원시 진해구 진대해로 1101,055-548-4573,01 지자체 보유 방재장비
흡착포·흡착재,흡착·중화,흡착포,20,,창원시 환경정책과,지자체,경상권역,경상남도,창원시,경상남도 창원시 성산구 중앙대로 151,055-225-3533,01 지자체 보유 방재장비
흡착포·흡착재,흡착·중화,흡착포,11,,통영시 환경과,지자체,경상권역,경상남도,통영시,경상남도 통영시 통영해안로 515,055-650-5425,01 지자체 보유 방재장비
흡착포·흡착재,흡착·중화,흡착포,8,,하동군 환경보호과,지자체,경상권역,경상남도,하동군,경상남도 하동군 하동읍 군청로 23,055-880-2574,01 지자체 보유 방재장비
흡착포·흡착재,흡착·중화,흡착포,10,,하동군 환경보호과,지자체,경상권역,경상남도,하동군,경상남도 하동군 하동읍 군청로 23,055-880-2574,02 지자체 보유 방재장비(청·센터별)
흡착포·흡착재,흡착·중화,유흡착포(Pad Type),8000,매(90Box),한국남동발전㈜ 하동발전본부,사업장,경상권역,경상남도,하동군,경상남도 하동군 금성면 경제산업로 509,070-7713-1294,05 사업장 보유 방제물품(화학안전공동체)
흡착포·흡착재,흡착·중화,유흡착포(Roll Type),7,개(245Kg),한국남동발전㈜ 하동발전본부,사업장,경상권역,경상남도,하동군,경상남도 하동군 금성면 경제산업로 509,070-7713-1294,05 사업장 보유 방제물품(화학안전공동체)
흡착포·흡착재,흡착·중화,유흡착포(Boom Type),100,KG,한국남동발전㈜ 하동발전본부,사업장,경상권역,경상남도,하동군,경상남도 하동군 금성면 경제산업로 509,070-7713-1294,05 사업장 보유 방제물품(화학안전공동체)
흡착포·흡착재,흡착·중화,흡착포,37,,함안군 환경과,지자체,경상권역,경상남도,함안군,경상남도 함안군 가야읍 말산로 1,055-580-2423,01 지자체 보유 방재장비
흡착포·흡착재,흡착·중화,흡착포,43,,함양군 환경정책과,지자체,경상권역,경상남도,함양군,경상남도 함양군 함양읍 고운로 35,055-960-6116,01 지자체 보유 방재장비
흡착포·흡착재,흡착·중화,흡착포,83,,경산시 환경과,지자체,경상권역,경상북도,경산시,경상북도 경산시 남매로 159,053-810-5476,01 지자체 보유 방재장비
흡착포·흡착재,흡착·중화,흡착포,105,,경주시 환경정책과,지자체,경상권역,경상북도,경주시,경상북도 경주시 양정로 260(동천동),054-779-6372,01 지자체 보유 방재장비
흡착포·흡착재,흡착·중화,흡착포,70,,고령군 환경과,지자체,경상권역,경상북도,고령군,고령군 대가야읍 왕릉로 55,054-950-6523,01 지자체 보유 방재장비
흡착포·흡착재,흡착·중화,흡착포,9,,구미시 환경관리과,지자체,경상권역,경상북도,구미시,경상북도 구미시 농산물시잘로 15,054-480-5275,01 지자체 보유 방재장비
흡착포·흡착재,흡착·중화,흡착포,9,,구미시 환경관리과,지자체,경상권역,경상북도,구미시,경상북도 구미시 농산물시잘로 15,054-480-5275,02 지자체 보유 방재장비(청·센터별)
흡착포·흡착재,흡착·중화,흡착포,10800,,김천시 환경위생과,지자체,경상권역,경상북도,김천시,김천시 시청1길 1,054-420-6681,01 지자체 보유 방재장비
흡착포·흡착재,흡착·중화,흡착포,900,,김천시 환경위생과,지자체,경상권역,경상북도,김천시,경상북도 김천시 시청1길 1,054-420-6681,02 지자체 보유 방재장비(청·센터별)
흡착포·흡착재,흡착·중화,흡착포,57,,문경시 환경보호과,지자체,경상권역,경상북도,문경시,경상북도 문경시 당교로 225,054-550-6501,02 지자체 보유 방재장비(청·센터별)
흡착포·흡착재,흡착·중화,흡착포,68,,봉화군 녹색환경과,지자체,경상권역,경상북도,봉화군,경북 봉화군 봉화읍 봉화로 1111,054-679-6403,01 지자체 보유 방재장비
흡착포·흡착재,흡착·중화,흡착포,15,,상주시 환경관리과,지자체,경상권역,경상북도,상주시,경북 상주시 상산로 223,054-537-7357,01 지자체 보유 방재장비
흡착포·흡착재,흡착·중화,흡착포,15,,상주시 환경관리과,지자체,경상권역,경상북도,상주시,경북 상주시 상산로 223,054-537-7357,02 지자체 보유 방재장비(청·센터별)
흡착포·흡착재,흡착·중화,흡착포,40,,성주군 환경과,지자체,경상권역,경상북도,성주군,경북 성주군 성주읍 성주로 3200,054-930-6182,01 지자체 보유 방재장비
흡착포·흡착재,흡착·중화,흡착포,40,,성주군 환경과,지자체,경상권역,경상북도,성주군,경북 성주군 성주읍 성주로 3200,054-930-6182,02 지자체 보유 방재장비(청·센터별)
흡착포·흡착재,흡착·중화,흡착포,20,,안동시 환경관리과,지자체,경상권역,경상북도,안동시,경상북도 안동시 퇴계로 115,054-840-5287,01 지자체 보유 방재장비
흡착포·흡착재,흡착·중화,흡착포,20,,안동시 환경관리과,지자체,경상권역,경상북도,안동시,경상북도 안동시 퇴계로 115,054-840-5287,02 지자체 보유 방재장비(청·센터별)
흡착포·흡착재,흡착·중화,흡착포,100,,안동시시설관리공단 안동환경팀,지자체,경상권역,경상북도,안동시시설관리공단,경상북도 안동시 앙실3길 21-20,054-850-4549,01 지자체 보유 방재장비
흡착포·흡착재,흡착·중화,흡착포,77,,영덕군 환경위생과,지자체,경상권역,경상북도,영덕군,경상북도 영덕군 영덕읍 군청길 116,054-730-6582,01 지자체 보유 방재장비
흡착포·흡착재,흡착·중화,흡착포,140,,영양군 환경보전과,지자체,경상권역,경상북도,영양군,경북 영양군 영양읍 군청길37,054-680-6510,01 지자체 보유 방재장비
흡착포·흡착재,흡착·중화,흡착포,6,,영주시 환경보호과,지자체,경상권역,경상북도,영주시,경상북도 영주시 시청로 1,054-639-6793,01 지자체 보유 방재장비
흡착포·흡착재,흡착·중화,흡착포,40,,영주시 환경보호과,지자체,경상권역,경상북도,영주시,경상북도 영주시 시청로 1,054-639-6793,02 지자체 보유 방재장비(청·센터별)
흡착포·흡착재,흡착·중화,흡착포,68,,영천시 환경보호과,지자체,경상권역,경상북도,영천시,경상북도 영천시 시청로 16,054-330-6483,01 지자체 보유 방재장비
흡착포·흡착재,흡착·중화,흡착포,8,,예천군 감천면,지자체,경상권역,경상북도,예천군,경북 예천군 감천면 충효로 1389,054-650-8514,01 지자체 보유 방재장비
흡착포·흡착재,흡착·중화,흡착포,6,,예천군 개포면,지자체,경상권역,경상북도,예천군,경북 예천군 개포면 신음리길 28-8,054-650-8714,01 지자체 보유 방재장비
흡착포·흡착재,흡착·중화,흡착포,2,,예천군 보문면,지자체,경상권역,경상북도,예천군,경북 예천군 무근열길 3,054-650-8553,01 지자체 보유 방재장비
흡착포·흡착재,흡착·중화,흡착포,4,,예천군 예천읍,지자체,경상권역,경상북도,예천군,경북 예천군 예천읍 군청앞길 2,054-650-8333,01 지자체 보유 방재장비
흡착포·흡착재,흡착·중화,흡착포,7,,예천군 용궁면,지자체,경상권역,경상북도,예천군,경북 예천군 용궁면 읍부1길 45,054-650-8672,01 지자체 보유 방재장비
흡착포·흡착재,흡착·중화,흡착포,1,,예천군 용문면,지자체,경상권역,경상북도,예천군,경북 예천군 용문면 금당실길 54,054-650-8392,01 지자체 보유 방재장비
흡착포·흡착재,흡착·중화,흡착포,8,,예천군 유천면,지자체,경상권역,경상북도,예천군,경북 예천군 유천면 예성로 699-8,054-650-8632,01 지자체 보유 방재장비
흡착포·흡착재,흡착·중화,흡착포,8,,예천군 은풍면,지자체,경상권역,경상북도,예천군,경북 예천군 은풍면 은풍로 88,054-650-8473,01 지자체 보유 방재장비
흡착포·흡착재,흡착·중화,흡착포,9,,예천군 지보면,지자체,경상권역,경상북도,예천군,경북 예천군 지보면 지보로 126-5,054-650-8752,01 지자체 보유 방재장비
흡착포·흡착재,흡착·중화,흡착포,3,,예천군 풍양면,지자체,경상권역,경상북도,예천군,경북 예천군 풍양면 낙상2길 50,054-650-8793,01 지자체 보유 방재장비
흡착포·흡착재,흡착·중화,흡착포,8,,예천군 호명읍,지자체,경상권역,경상북도,예천군,경북 예천군 호명읍 오천길 2,054-650-8594,01 지자체 보유 방재장비
흡착포·흡착재,흡착·중화,흡착포,35,,예천군 환경관리과,지자체,경상권역,경상북도,예천군,경북 예천군 예천읍 충효로 111,054-650-6555,01 지자체 보유 방재장비
흡착포·흡착재,흡착·중화,흡착포,20,,예천군 환경관리과,지자체,경상권역,경상북도,예천군,경북 예천군 예천읍 충효로 111,054-650-6188,01 지자체 보유 방재장비
흡착포·흡착재,흡착·중화,흡착포,4,,예천군 효자면,지자체,경상권역,경상북도,예천군,경북 예천군 효자면 도효자로 1481,054-650-6603,01 지자체 보유 방재장비
흡착포·흡착재,흡착·중화,흡착포,34,,울릉군 환경위생과,지자체,경상권역,경상북도,울릉군,경상북도 울릉군 울릉읍 도동2길 66,054-790-6186,01 지자체 보유 방재장비
흡착포·흡착재,흡착·중화,흡착포,100,,의성군 환경축산과,지자체,경상권역,경상북도,의성군,경상북도 의성군 군청길 31,054-830-6179,01 지자체 보유 방재장비
흡착포·흡착재,흡착·중화,흡착포,100,,의성군 환경축산과,지자체,경상권역,경상북도,의성군,경상북도 의성군 군청길 31,054-830-6179,02 지자체 보유 방재장비(청·센터별)
흡착포·흡착재,흡착·중화,흡착포,17,,청도군 환경산림과,지자체,경상권역,경상북도,청도군,경상북도 청도군 화양읍 청화로 70,054-370-2187,01 지자체 보유 방재장비
흡착포·흡착재,흡착·중화,흡착포,33,,칠곡군 환경관리과,지자체,경상권역,경상북도,칠곡군,경상북도 칠곡군 왜관읍 군청1길 80,054-979-6692,01 지자체 보유 방재장비
흡착포·흡착재,흡착·중화,흡착포,18,,포항시 환경정책과,지자체,경상권역,경상북도,포항시,포항시 남구 시청로 1,054-270-3113,01 지자체 보유 방재장비
흡착포·흡착재,흡착·중화,흡착포,3300,,군위군 환경과,지자체,경상권역,대구광역시,군위군,대구광역시 군위군 군위읍 군청로 200,054-380-7953,01 지자체 보유 방재장비
흡착포·흡착재,흡착·중화,흡착포,3300,,군위군 환경과,지자체,경상권역,대구광역시,군위군,대구광역시 군위군 군위읍 군청로 200,054-380-7953,02 지자체 보유 방재장비(청·센터별)
흡착포·흡착재,흡착·중화,흡착포,18,,남구 녹색환경과,지자체,경상권역,대구광역시,남구,대구광역시 남구 이천로 51,053-664-2576,01 지자체 보유 방재장비
흡착포·흡착재,흡착·중화,흡착포,3900,,달서구 기후환경과,지자체,경상권역,대구광역시,달서구,"대구광역시 달서구 학산로 45, 달서구청",053-667-2602,01 지자체 보유 방재장비
흡착포·흡착재,흡착·중화,흡착포,30,,달성군 환경과,지자체,경상권역,대구광역시,달성군,대구광역시 달성군 논공읍 달성군청로 33,053-668-2602,01 지자체 보유 방재장비
흡착포·흡착재,흡착·중화,흡착포,50,,대구광역시 물환경과,지자체,경상권역,대구광역시,북구,"대구광역시 북구 연암로 40, 산격청사 103동",053-803-4301,01 지자체 보유 방재장비
흡착포·흡착재,흡착·중화,흡착포,2300,,동구 생활환경과,지자체,경상권역,대구광역시,동구,대구광역시 서구 국채보상로 257,053-663-2605,01 지자체 보유 방재장비
흡착포·흡착재,흡착·중화,흡착포,20,,동구 환경과,지자체,경상권역,대구광역시,동구,대구광역시 동구 아양로 207(신암동),053-662-2604,01 지자체 보유 방재장비
흡착포·흡착재,흡착·중화,흡착포,15,,북구 환경관리과,지자체,경상권역,대구광역시,북구,대구광역시 북구 옥산로 1(노원동1가),053-665-2605,01 지자체 보유 방재장비
흡착포·흡착재,흡착·중화,흡착포,25,,중구 환경과,지자체,경상권역,대구광역시,중구,대구광역시 국채보상로139길 1,053-661-2583,01 지자체 보유 방재장비
흡착포·흡착재,흡착·중화,흡착포,2,,강서구 환경위생과,지자체,경상권역,부산광역시,강서구,부산광역시 강서구 낙동북로 477,051-970-4165,01 지자체 보유 방재장비
흡착포·흡착재,흡착·중화,흡착포,17,,금정구 환경위생과,지자체,경상권역,부산광역시,금정구,부산광역시 금정구 중앙대로 1777,051-519-4396,01 지자체 보유 방재장비
흡착포·흡착재,흡착·중화,흡착포,17,,기장군 환경위생과,지자체,경상권역,부산광역시,기장군,부산광역시 기장군 기장대로 560,051-709-2725,01 지자체 보유 방재장비
흡착포·흡착재,흡착·중화,흡착포,14,,남구 환경위생과,지자체,경상권역,부산광역시,남구,부산광역시 남구 못골로 19,051-607-4395,01 지자체 보유 방재장비
흡착포·흡착재,흡착·중화,흡착포,26,,부산진구 환경위생과,지자체,경상권역,부산광역시,부산진구,부산광역시 부산진구 시민공원로 30,051-605-4395,01 지자체 보유 방재장비
흡착포·흡착재,흡착·중화,흡착포,10,,북구 환경위생과,지자체,경상권역,부산광역시,북구,부산광역시 북구 낙동대로 1570번길 33 (구포동),051-309-4392,01 지자체 보유 방재장비
흡착포·흡착재,흡착·중화,흡착포,78,,사상구 환경위생과,지자체,경상권역,부산광역시,사상구,부산광역시 사상구 학감대로 242,051-310-4396,01 지자체 보유 방재장비
흡착포·흡착재,흡착·중화,흡착포,18,,사하구 환경위생과,지자체,경상권역,부산광역시,사하구,부산광역시 사하구 낙동대로 398번길 12,051-220-4424,01 지자체 보유 방재장비
흡착포·흡착재,흡착·중화,흡착포,1,,서구 환경위생과,지자체,경상권역,부산광역시,서구,부산광역시 서구 구덕로 120,051-240-4398,01 지자체 보유 방재장비
흡착포·흡착재,흡착·중화,흡착포,3,,수영구 안전관리과,지자체,경상권역,부산광역시,수영구,부산광역시 수영구 남천동로 100,051-610-4645,01 지자체 보유 방재장비
흡착포·흡착재,흡착·중화,흡착포,18,,연제구 환경위생과,지자체,경상권역,부산광역시,연제구,부산광역시 연제구 연제로 2,051-665-4395,01 지자체 보유 방재장비
흡착포·흡착재,흡착·중화,흡착포,9,,영도구 환경위생과,지자체,경상권역,부산광역시,영도구,부산광역시 영도구 태종로 423,051-419-4392,01 지자체 보유 방재장비
흡착포·흡착재,흡착·중화,흡착포,3,,해운대구 환경위생과,지자체,경상권역,부산광역시,해운대구,부산광역시 해운대구 센텀중앙로 170,051-749-4395,01 지자체 보유 방재장비
흡착포·흡착재,흡착·중화,흡착포,40,,- 환경대기과,지자체,경상권역,울산광역시,-,울산광역시 남구 중앙로 201,052-229-3212,02 지자체 보유 방재장비(청·센터별)
흡착포·흡착재,흡착·중화,흡착포,13,,남구 환경관리과,지자체,경상권역,울산광역시,남구,울산광역시 남구 돋질로 233,052-226-5762,01 지자체 보유 방재장비
흡착포·흡착재,흡착·중화,흡착포,13,,남구 환경관리과,지자체,경상권역,울산광역시,남구,울산광역시 남구 돋질로 233,052-226-5762,02 지자체 보유 방재장비(청·센터별)
흡착포·흡착재,흡착·중화,흡착포,15,,동구 환경위생과,지자체,경상권역,울산광역시,동구,울산광역시 동구 봉수로 155,052-209-3562,01 지자체 보유 방재장비
흡착포·흡착재,흡착·중화,흡착포,15,,동구 환경위생과,지자체,경상권역,울산광역시,동구,울산광역시 동구 봉수로 155,052-209-3562,02 지자체 보유 방재장비(청·센터별)
흡착포·흡착재,흡착·중화,흡착포,43,,북구 환경위생과,지자체,경상권역,울산광역시,북구,울산광역시 북구 산업로 1010,052-241-7773,01 지자체 보유 방재장비
흡착포·흡착재,흡착·중화,흡착포,43,,북구 환경위생과,지자체,경상권역,울산광역시,북구,울산광역시 북구 산업로 1010,052-241-7773,02 지자체 보유 방재장비(청·센터별)
흡착포·흡착재,흡착·중화,유흡착재,38,ton,울산광역방제지원센터(울산),국가기관 비축,경상권역,울산광역시,,온산항,,07 해경 광역방제지원센터 비축물자
흡착포·흡착재,흡착·중화,흡착포,40,,울산광역시 환경대기과,지자체,경상권역,울산광역시,남구,울산광역시 남구 중앙로 201,052-229-3212,01 지자체 보유 방재장비
흡착포·흡착재,흡착·중화,흡착포,10,,울주군 환경기후과,지자체,경상권역,울산광역시,울주군,울산광역시 울주군 청량읍 군청로 1,052-204-2134,01 지자체 보유 방재장비
흡착포·흡착재,흡착·중화,흡착포,10,,울주군 환경기후과,지자체,경상권역,울산광역시,울주군,울산광역시 울주군 청량읍 군청로 1,052-204-2134,02 지자체 보유 방재장비(청·센터별)
흡착포·흡착재,흡착·중화,유흡착재(매트형) 10kg/Box,247,Box,한국환경공단 수질오염방제센터 한강센터,국가기관 비축,수도권,,,,,09 한국환경공단 수질오염방제센터
흡착포·흡착재,흡착·중화,유흡착제(롤형) 10kg/Box,260,Box,한국환경공단 수질오염방제센터 한강센터,국가기관 비축,수도권,,,,,09 한국환경공단 수질오염방제센터
흡착포·흡착재,흡착·중화,필로우,2,개,한국환경공단 수질오염방제센터 한강센터,국가기관 비축,수도권,,,,,09 한국환경공단 수질오염방제센터
흡착포·흡착재,흡착·중화,케미컬흡착재(패드형),28,Box,한국환경공단 수질오염방제센터 한강센터,국가기관 비축,수도권,,,,,09 한국환경공단 수질오염방제센터
흡착포·흡착재,흡착·중화,케미컬흡착재(필로우형),30,Box,한국환경공단 수질오염방제센터 한강센터,국가기관 비축,수도권,,,,,09 한국환경공단 수질오염방제센터
흡착포·흡착재,흡착·중화,흡착포,7100,,고양시 생태하천과,지자체,수도권,경기도,고양시,경기 고양시 덕양구 고양시청로 3 충헌빌딩 3층,031-8075-2756,01 지자체 보유 방재장비
흡착포·흡착재,흡착·중화,흡착포,7,,과천시 기후환경과,지자체,수도권,경기도,과천시,경기 과천시 관문로 69,02-3677-2108,01 지자체 보유 방재장비
흡착포·흡착재,흡착·중화,흡착포,32,,광명시 환경관리과,지자체,수도권,경기도,광명시,경기 광명시 시청로 20,02-2680-2297,01 지자체 보유 방재장비
흡착포·흡착재,흡착·중화,흡착포,6900,,광주시 수질정책과,지자체,수도권,경기도,광주시,경기 광주시 행정타운로 50,031-760-3765,01 지자체 보유 방재장비
흡착포·흡착재,흡착·중화,흡착포,1,,구리시 하수과,지자체,수도권,경기도,구리시,경기 구리시 검배로 200,031-550-8437,01 지자체 보유 방재장비
흡착포·흡착재,흡착·중화,흡착포,32,,구리시 환경과,지자체,수도권,경기도,구리시,경기 구리시 아차산로 439,031-550-2453,01 지자체 보유 방재장비
흡착포·흡착재,흡착·중화,흡착포,15,,군포시 환경과,지자체,수도권,경기도,군포시,경기 군포시 청백리길 6,031-390-0732,01 지자체 보유 방재장비
흡착포·흡착재,흡착·중화,흡착포,12,,김포시 환경지도과,지자체,수도권,경기도,김포시,경기 김포시 사우중로26,031-980-5655,01 지자체 보유 방재장비
흡착포·흡착재,흡착·중화,흡착포,8,,부천시 환경정책과,지자체,수도권,경기도,부천시,경기 부천시 원미구 길주로 210,032-625-3161,01 지자체 보유 방재장비
흡착포·흡착재,흡착·중화,흡착포,23,,성남시 환경정책과,지자체,수도권,경기도,성남시,경기 성남시 중원구 성남대로 997,031-729-3172,01 지자체 보유 방재장비
흡착포·흡착재,흡착·중화,흡착포,36,,수원시 환경정책과,지자체,수도권,경기도,수원시,경기 수원시 효원로 241,031-5191-3243,01 지자체 보유 방재장비
흡착포·흡착재,흡착·중화,흡착포,132,,시흥시 환경정책과,지자체,수도권,경기도,시흥시,경기 시흥시 시청로 20,031-310-5993,01 지자체 보유 방재장비
흡착포·흡착재,흡착·중화,흡착포,132,,시흥시 환경정책과,지자체,수도권,경기도,시흥시,경기도 시흥시 시청로 20,031-310-5993,02 지자체 보유 방재장비(청·센터별)
흡착포·흡착재,흡착·중화,흡착포,33,,안산시 환경정책과,지자체,수도권,경기도,안산시,"경기 안산시 단원구 중앙대로 839(고잔동, 3층 환경정책과)",031-481-2243,01 지자체 보유 방재장비
흡착포·흡착재,흡착·중화,흡착포,14,,안양시 환경정책과,지자체,수도권,경기도,안양시,경기 안양시 동안구 시민대로 235,031-8045-5822,01 지자체 보유 방재장비
흡착포·흡착재,흡착·중화,흡착포,14,,양주시 환경정책과,지자체,수도권,경기도,양주시,경기 양주시 부흥로 1533,031-8082-6313,01 지자체 보유 방재장비
흡착포·흡착재,흡착·중화,흡착포,230,,양평군 기후환경과,지자체,수도권,경기도,양평군,경기 양평군 양평읍 군청앞긾 2,031-770-2581,01 지자체 보유 방재장비
흡착포·흡착재,흡착·중화,흡착포,79,,여주시 환경과,지자체,수도권,경기도,여주시,경기 여주시 세종로 1,031-887-2253,01 지자체 보유 방재장비
흡착포·흡착재,흡착·중화,흡착포,9,,연천군 환경보호과,지자체,수도권,경기도,연천군,경기 연천군 연천로 220,031-839-2241,01 지자체 보유 방재장비
흡착포·흡착재,흡착·중화,흡착포,35,,용인시 용인시 기후대기과,지자체,수도권,경기도,용인시,경기 용인시 처인구 중부대로 1199(삼가동),031-6193-2244,01 지자체 보유 방재장비
흡착포·흡착재,흡착·중화,흡착포,34,,의왕시 환경과,지자체,수도권,경기도,의왕시,경기 의왕시 시청로 11,031-345-3823,01 지자체 보유 방재장비
흡착포·흡착재,흡착·중화,흡착포,32,,의정부시 환경정책과,지자체,수도권,경기도,의정부시,경기 의정부시 호국로 1049번길 39,031-828-4434,01 지자체 보유 방재장비
흡착포·흡착재,흡착·중화,흡착포,300,,이천시 환경보호과,지자체,수도권,경기도,이천시,경기 이천시 부악로 40,031-644-2358,01 지자체 보유 방재장비
흡착포·흡착재,흡착·중화,흡착포,139,,파주시 기후위기대응과,지자체,수도권,경기도,파주시,경기 파주시 시민회관길 16-11,031-940-8472,01 지자체 보유 방재장비
흡착포·흡착재,흡착·중화,흡착포,12,,하남시 환경정책과,지자체,수도권,경기도,하남시,경기 하남시 대청로 10,031-790-5744,01 지자체 보유 방재장비
흡착포·흡착재,흡착·중화,화학물질 흡착포(필로우형 10개),3,box,한국도로공사 발안영업소 (한강청 관리),환경청·센터 장비함,수도권,경기도,화성시,경기 화성시 팔탄면 3.1만세로 879-40,031-790-2896,04 환경청·센터 방제장비함
흡착포·흡착재,흡착·중화,화학물질 흡착포(패드형 100매),6,box,한국도로공사 발안영업소 (한강청 관리),환경청·센터 장비함,수도권,경기도,화성시,경기 화성시 팔탄면 3.1만세로 879-40,031-790-2896,04 환경청·센터 방제장비함
흡착포·흡착재,흡착·중화,유류흡착포(100매),2,box,한국도로공사 발안영업소 (한강청 관리),환경청·센터 장비함,수도권,경기도,화성시,경기 화성시 팔탄면 3.1만세로 879-40,031-790-2896,04 환경청·센터 방제장비함
흡착포·흡착재,흡착·중화,흡착포,10,,강북구 재난안전과,지자체,수도권,서울특별시,강북구,서울특별시 강북구 도봉로 323(용신빌딩) 10층,02-901-5878,01 지자체 보유 방재장비
흡착포·흡착재,흡착·중화,흡착포,10,,강서구 기후환경과,지자체,수도권,서울특별시,강서구,서울특별시 강서구 양천로59길 38,02-2600-4014,01 지자체 보유 방재장비
흡착포·흡착재,흡착·중화,흡착포,800,,광진구 환경과,지자체,수도권,서울특별시,광진구,서울특별시 광진구 아차산로 400,02-450-7805,01 지자체 보유 방재장비
흡착포·흡착재,흡착·중화,흡착포,9,,구로구 환경과,지자체,수도권,서울특별시,구로구,서울특별시 구로구 가마산로 245,02-860-2875,01 지자체 보유 방재장비
흡착포·흡착재,흡착·중화,흡착포,1800,,구로구 환경과,지자체,수도권,서울특별시,구로구,서울특별시 구로구 가마산로 245,02-860-2875,01 지자체 보유 방재장비
흡착포·흡착재,흡착·중화,흡착포,6,,금천구 환경과,지자체,수도권,서울특별시,금천구,서울시 금천구 시흥대로73길 70,02-2627-1515,01 지자체 보유 방재장비
흡착포·흡착재,흡착·중화,흡착포,6,,노원구 녹색환경과,지자체,수도권,서울특별시,노원구,"서울 노원구 노해로 455, 9층",02-2116-3213,01 지자체 보유 방재장비
흡착포·흡착재,흡착·중화,흡착포,20,,동작구 환경과,지자체,수도권,서울특별시,동작구,서울특별시 동작구 장승배기로 70,02-820-1311,01 지자체 보유 방재장비
흡착포·흡착재,흡착·중화,흡착포,22,,마포구 맑은환경과,지자체,수도권,서울특별시,마포구,서울 마포구 월드컵로 212,02-3153-9265,01 지자체 보유 방재장비
흡착포·흡착재,흡착·중화,흡착포,22,,서대문구 기후환경과,지자체,수도권,서울특별시,서대문구,서울 서대문구 연희로 248,02-330-8276,01 지자체 보유 방재장비
흡착포·흡착재,흡착·중화,흡착포,154,,서울특별시 미래한강본부 수상관리과,지자체,수도권,서울특별시,성동구,서울특별시 성동구 강변북로 257,02-3780-0790,01 지자체 보유 방재장비
흡착포·흡착재,흡착·중화,흡착포,69,,서울특별시 서울아리수본부 수질과,지자체,수도권,서울특별시,서대문구,서울특별시 서대문구 서소문로 51,02-3146-1322,01 지자체 보유 방재장비
흡착포·흡착재,흡착·중화,흡착포,9,,성동구 기후에너지과,지자체,수도권,서울특별시,성동구,서울시 성동구 고산자로 270,02-2286-5499,01 지자체 보유 방재장비
흡착포·흡착재,흡착·중화,흡착포,80,,성북구 환경과,지자체,수도권,서울특별시,성북구,성북구 보문로 168,02-2241-3046,01 지자체 보유 방재장비
흡착포·흡착재,흡착·중화,흡착포,2,,송파구 맑은환경과,지자체,수도권,서울특별시,송파구,서울특별시 송파구 올림픽로 326,02-2147-3272,01 지자체 보유 방재장비
흡착포·흡착재,흡착·중화,흡착포,27,,양천구 환경과,지자체,수도권,서울특별시,양천구,서울특별시 양천구 목동동로 105,02-2620-4856,01 지자체 보유 방재장비
흡착포·흡착재,흡착·중화,흡착포,12,,영등포구 환경과,지자체,수도권,서울특별시,영등포구,"서울특별시 영등포구 선유동1로 80, 영등포구청 별관 3층 환경과",02-2670-3461,01 지자체 보유 방재장비
흡착포·흡착재,흡착·중화,흡착포,700,,용산구 맑은환경과,지자체,수도권,서울특별시,용산구,서울특별시 용산구 녹사평대로 150,02-2199-7662,01 지자체 보유 방재장비
흡착포·흡착재,흡착·중화,흡착포,23,,은평구 기후환경과,지자체,수도권,서울특별시,은평구,서울시 은평구 은평로 195,02-351-7622,01 지자체 보유 방재장비
흡착포·흡착재,흡착·중화,흡착포,2,,중구 환경과,지자체,수도권,서울특별시,중구,서울특별시 중구 창경궁로 17,02-3396-5615,01 지자체 보유 방재장비
흡착포·흡착재,흡착·중화,흡착포,17,,중랑구 맑은환경과,지자체,수도권,서울특별시,중랑구,서울 중랑구 봉화산로 190,02-2094-2432,01 지자체 보유 방재장비
흡착포·흡착재,흡착·중화,흡착포,14,,계양구 환경과,지자체,수도권,인천광역시,계양구,계산새로 88,032-450-5414,01 지자체 보유 방재장비
흡착포·흡착재,흡착·중화,흡착포,14,,남동구 환경보전과,지자체,수도권,인천광역시,남동구,인천광역시 남동구 소래로 633,032-453-2614,01 지자체 보유 방재장비
흡착포·흡착재,흡착·중화,흡착포,10,,동구 환경위생과,지자체,수도권,인천광역시,동구,인천광역시 동구 금곡로 67,032-770-7883,01 지자체 보유 방재장비
흡착포·흡착재,흡착·중화,흡착포,17,,미추홀구 환경보전과,지자체,수도권,인천광역시,미추홀구,인천광역시 미추홀구 독정이로 95,032-880-5953,01 지자체 보유 방재장비
흡착포·흡착재,흡착·중화,흡착포,9,,부평구 환경보전과,지자체,수도권,인천광역시,부평구,인천광역시 부평구 부평대로 168,032-509-6653,01 지자체 보유 방재장비
흡착포·흡착재,흡착·중화,흡착포,18,,서구 환경관리과,지자체,수도권,인천광역시,서구,인천광역시 서구 서곶로 307,032-560-4354,01 지자체 보유 방재장비
흡착포·흡착재,흡착·중화,흡착포,8,,연수구 환경보전과,지자체,수도권,인천광역시,연수구,인천광역시 연수구 원인재로 115,032-749-7942,01 지자체 보유 방재장비
흡착포·흡착재,흡착·중화,흡착포,90,,옹진군 환경위생과,지자체,수도권,인천광역시,옹진군,인천광역시 미추홀구 매소홀로 120,032-899-2615,01 지자체 보유 방재장비
흡착포·흡착재,흡착·중화,흡착포,30,,중구(영종·용유) 친환경위생과,지자체,수도권,인천광역시,중구(영종·용유),"인천 중구 운남서로 100, 국제도시관 4층",032-760-7738,01 지자체 보유 방재장비
흡착포·흡착재,흡착·중화,흡착포,25,,중구(원도심) 위생환경과,지자체,수도권,인천광역시,중구(원도심),"인천 중구 신포로27번길 80, 동별관 3층",032-760-7402,01 지자체 보유 방재장비
흡착포·흡착재,흡착·중화,유흡착재(매트형) 10kg/Box,184,Box,한국환경공단 수질오염방제센터 영산강센터,국가기관 비축,전라권역,,,,,09 한국환경공단 수질오염방제센터
흡착포·흡착재,흡착·중화,유흡착제(롤형) 10kg/Box,178,Box,한국환경공단 수질오염방제센터 영산강센터,국가기관 비축,전라권역,,,,,09 한국환경공단 수질오염방제센터
흡착포·흡착재,흡착·중화,케미컬흡착재(패드형),10,Box,한국환경공단 수질오염방제센터 영산강센터,국가기관 비축,전라권역,,,,,09 한국환경공단 수질오염방제센터
흡착포·흡착재,흡착·중화,케미컬흡착재(필로우형),19,Box,한국환경공단 수질오염방제센터 영산강센터,국가기관 비축,전라권역,,,,,09 한국환경공단 수질오염방제센터
흡착포·흡착재,흡착·중화,흡착포,28,,광산구 기후환경과,지자체,전라권역,광주광역시,광산구,광주광역시 광산구 광산로29번길 15,062-960-8448,01 지자체 보유 방재장비
흡착포·흡착재,흡착·중화,흡착포,35,,남구 환경관리과,지자체,전라권역,광주광역시,남구,광주광역시 남구 봉선로 1,062-607-3642,01 지자체 보유 방재장비
흡착포·흡착재,흡착·중화,흡착포,12,,동구 기후환경과,지자체,전라권역,광주광역시,동구,광주광역시 동구 서남로 1,062-608-2492,01 지자체 보유 방재장비
흡착포·흡착재,흡착·중화,흡착포,14,,북구 기후환경과,지자체,전라권역,광주광역시,북구,광주광역시 북구 우치로 77,062-410-6472,01 지자체 보유 방재장비
흡착포·흡착재,흡착·중화,흡착포,22,,서구 환경보전과,지자체,전라권역,광주광역시,서구,광주광역시 서구 경열로 33,062-360-7659,01 지자체 보유 방재장비
흡착포·흡착재,흡착·중화,유독물흡착포,5,박스,한국티앤에이,판매업체,전라권역,광주광역시,광산구,광주 광산구 사암로 805,062-953-0010,15 전남·광주 방제약품 판매업체 (2017년 기준)
흡착포·흡착재,흡착·중화,유흡착포,10,Box,한국티앤에이,판매업체,전라권역,광주광역시,광산구,광주 광산구 사암로 805,062-953-0010,15 전남·광주 방제약품 판매업체 (2017년 기준)
흡착포·흡착재,흡착·중화,흡착포,,20EA,DSR제강㈜ 2공장,사업장,전라권역,전라남도,순천시,전라남도 순천시 서면 산단4길 38,061-751-7121,05 사업장 보유 방제물품(화학안전공동체)
흡착포·흡착재,흡착·중화,케미컬흡착포,,200EA,DSR제강㈜ 율촌공장,사업장,전라권역,전라남도,순천시,전라남도 순천시 해룡면 율촌산단1로 80-21,061-729-3700,05 사업장 보유 방제물품(화학안전공동체)
흡착포·흡착재,흡착·중화,유흡착제,,100kg,GS바이오㈜,사업장,전라권역,전라남도,여수시,전라남도 여수시 여수산단로 923-106,061-680-5740,05 사업장 보유 방제물품(화학안전공동체)
흡착포·흡착재,흡착·중화,유흡착제,,15BOX,GS칼텍스㈜,사업장,전라권역,전라남도,여수시,전라남도 여수시 여수산단로 923-106,061-680-2387,05 사업장 보유 방제물품(화학안전공동체)
흡착포·흡착재,흡착·중화,흡착제,,6,GS칼텍스㈜ 바이오부탄올,사업장,전라권역,전라남도,여수시,전라남도 여수시 여수산단로 923-106,061-660-6268,05 사업장 보유 방제물품(화학안전공동체)
흡착포·흡착재,흡착·중화,규조토,1,BOX,KPX라이프 사이언스㈜,사업장,전라권역,전라남도,여수시,전라남도 여수시 여수산단로 201,061-688-4622,05 사업장 보유 방제물품(화학안전공동체)
흡착포·흡착재,흡착·중화,유흡착제,1,BOX,KPX라이프 사이언스㈜,사업장,전라권역,전라남도,여수시,전라남도 여수시 여수산단로 201,061-688-4622,05 사업장 보유 방제물품(화학안전공동체)
흡착포·흡착재,흡착·중화,유흡착제,,62.4KG,㈜E1,사업장,전라권역,전라남도,여수시,전라남도 여수시 낙포단지길 60,061-690-9373,05 사업장 보유 방제물품(화학안전공동체)
흡착포·흡착재,흡착·중화,흡착포,1,BOX,㈜대진,사업장,전라권역,전라남도,여수시,전라남도 여수시 삼동로 101,061-685-5980,05 사업장 보유 방제물품(화학안전공동체)
흡착포·흡착재,흡착·중화,유흡착제,2,BOX,㈜대평(냉동센터 위험물센터),사업장,전라권역,전라남도,광양시,전라남도 광양시 중마로 13,061-792-8147,05 사업장 보유 방제물품(화학안전공동체)
흡착포·흡착재,흡착·중화,유흡착제,500,매,㈜동특,사업장,전라권역,전라남도,여수시,전라남도 여수시 여수산단 4로 96,061-685-2311,05 사업장 보유 방제물품(화학안전공동체)
흡착포·흡착재,흡착·중화,흡착포,2,BOX,㈜로비스,사업장,전라권역,전라남도,여수시,전라남도 여수시 여수산단로 274-9,061-805-9220,05 사업장 보유 방제물품(화학안전공동체)
흡착포·흡착재,흡착·중화,흡착포,9,BOX,㈜리스텍비즈 광양공장,사업장,전라권역,전라남도,광양시,전라남도 광양시 제철로 2148-97,061-797-2011,05 사업장 보유 방제물품(화학안전공동체)
흡착포·흡착재,흡착·중화,흡착포,2,SET(200매),㈜성원,사업장,전라권역,전라남도,광양시,전라남도 광양시 광양읍 초남공단2길 5,,05 사업장 보유 방제물품(화학안전공동체)
흡착포·흡착재,흡착·중화,흡착포,5,SET,㈜세아제강 순천공장 4블럭,사업장,전라권역,전라남도,순천시,전라남도 순천시 해룡면 신성리 908,061-760-2506,05 사업장 보유 방제물품(화학안전공동체)
흡착포·흡착재,흡착·중화,케미칼 흡착제,10,BOX,㈜에스엔엔씨,사업장,전라권역,전라남도,광양시,전라남도 광양시 제철로 2148-139,061-797-9244,05 사업장 보유 방제물품(화학안전공동체)
흡착포·흡착재,흡착·중화,흡착포,12,BOX,㈜엘지화학(SM),사업장,전라권역,전라남도,여수시,전라남도 여수시 여수산단로 958,061-680-6524,05 사업장 보유 방제물품(화학안전공동체)
흡착포·흡착재,흡착·중화,흡착포,60,BOX,㈜엘지화학(VCM),사업장,전라권역,전라남도,여수시,전라남도 여수시 여수산단로 1121,061-680-6524,05 사업장 보유 방제물품(화학안전공동체)
흡착포·흡착재,흡착·중화,유흡착제,30,BOX,㈜엘지화학(용성),사업장,전라권역,전라남도,여수시,전라남도 여수시 여수산단4로 58,061-689-3304,05 사업장 보유 방제물품(화학안전공동체)
흡착포·흡착재,흡착·중화,용매 흡착제,14,KG,㈜엘지화학(용성2),사업장,전라권역,전라남도,여수시,전라남도 여수시 여수산단4로 58 확장단지,,05 사업장 보유 방제물품(화학안전공동체)
흡착포·흡착재,흡착·중화,흡착포,2,BOX,㈜엘지화학(용성2),사업장,전라권역,전라남도,여수시,전라남도 여수시 여수산단4로 58 확장단지,,05 사업장 보유 방제물품(화학안전공동체)
흡착포·흡착재,흡착·중화,흡착포,2,BOX,㈜엘지화학(용성2),사업장,전라권역,전라남도,여수시,전라남도 여수시 여수산단4로 58 확장단지,,05 사업장 보유 방제물품(화학안전공동체)
흡착포·흡착재,흡착·중화,화학흡착포,3,BOX,㈜엘지화학(용성2),사업장,전라권역,전라남도,여수시,전라남도 여수시 여수산단4로 58 확장단지,,05 사업장 보유 방제물품(화학안전공동체)
흡착포·흡착재,흡착·중화,케미컬흡착포,3200,EA,㈜엘지화학(화치),사업장,전라권역,전라남도,여수시,전라남도 여수시 여수산단2로 55,061-680-1068,05 사업장 보유 방제물품(화학안전공동체)
흡착포·흡착재,흡착·중화,유류흡착포,2600,EA,㈜엘지화학(화치),사업장,전라권역,전라남도,여수시,전라남도 여수시 여수산단2로 55,061-680-1068,05 사업장 보유 방제물품(화학안전공동체)
흡착포·흡착재,흡착·중화,활성탄,200,KG,㈜엘지화학(화치),사업장,전라권역,전라남도,여수시,전라남도 여수시 여수산단2로 55,061-680-1068,05 사업장 보유 방제물품(화학안전공동체)
흡착포·흡착재,흡착·중화,규조토,1200,KG,㈜엘지화학(화치),사업장,전라권역,전라남도,여수시,전라남도 여수시 여수산단2로 55,061-680-1068,05 사업장 보유 방제물품(화학안전공동체)
흡착포·흡착재,흡착·중화,흡착포,60,EA,㈜와이엔텍,사업장,전라권역,전라남도,여수시,전라남도 여수시 여수산단로 1232,061-690-6910,05 사업장 보유 방제물품(화학안전공동체)
흡착포·흡착재,흡착·중화,규조토,10,EA(20kg),㈜유니테크 여수지점,사업장,전라권역,전라남도,여수시,전라남도 여수시 진달래길 14,061-692-0461,05 사업장 보유 방제물품(화학안전공동체)
흡착포·흡착재,흡착·중화,유흡착포,4,BOX,㈜유니테크 여수지점,사업장,전라권역,전라남도,여수시,전라남도 여수시 진달래길 14,061-692-0461,05 사업장 보유 방제물품(화학안전공동체)
흡착포·흡착재,흡착·중화,흡착포,1,BOX,㈜이화산업,사업장,전라권역,전라남도,여수시,전라남도 여수시 여수산단로 597,061-686-4878,05 사업장 보유 방제물품(화학안전공동체)
흡착포·흡착재,흡착·중화,유흡착포,2,ROLL,㈜지와이씨,사업장,전라권역,전라남도,순천시,전라남도 순천시 용당동 신흥길 38,061-724-9393,05 사업장 보유 방제물품(화학안전공동체)
흡착포·흡착재,흡착·중화,팽창질석,100,L,㈜지와이씨,사업장,전라권역,전라남도,순천시,전라남도 순천시 용당동 신흥길 38,061-724-9393,05 사업장 보유 방제물품(화학안전공동체)
흡착포·흡착재,흡착·중화,흡착포,10,BOX,㈜케이씨씨 여천공장,사업장,전라권역,전라남도,여수시,전라남도 여수시 상암로 601,061-680-7820,05 사업장 보유 방제물품(화학안전공동체)
흡착포·흡착재,흡착·중화,흡착포,30,EA,㈜클린메터,사업장,전라권역,전라남도,여수시,전라남도 여수시 여수산단1로 310-37,061-807-2244,05 사업장 보유 방제물품(화학안전공동체)
흡착포·흡착재,흡착·중화,흡착포,3,BOX,㈜한국환경사업단,사업장,전라권역,전라남도,여수시,전라남도 여수시 진달래길 346,061-686-7066,05 사업장 보유 방제물품(화학안전공동체)
흡착포·흡착재,흡착·중화,톱밥,3,EA,㈜한익스프레스,사업장,전라권역,전라남도,여수시,전라남도 여수시 여수산단로 611,061-685-5524,05 사업장 보유 방제물품(화학안전공동체)
흡착포·흡착재,흡착·중화,흡착포,3,BOX,㈜한익스프레스,사업장,전라권역,전라남도,여수시,전라남도 여수시 여수산단로 611,061-685-5524,05 사업장 보유 방제물품(화학안전공동체)
흡착포·흡착재,흡착·중화,면보루,3,BOX,㈜한익스프레스,사업장,전라권역,전라남도,여수시,전라남도 여수시 여수산단로 611,061-685-5524,05 사업장 보유 방제물품(화학안전공동체)
흡착포·흡착재,흡착·중화,유흡착제,20,BOX,㈜한화여수사업장,사업장,전라권역,전라남도,여수시,전라남도 여수시 신월로 411,061-640-1232,05 사업장 보유 방제물품(화학안전공동체)
흡착포·흡착재,흡착·중화,흡착포,2,,강진군 환경과,지자체,전라권역,전라남도,강진군,전라남도 강진군 강진읍 탐진로 111,061-430-3303,01 지자체 보유 방재장비
흡착포·흡착재,흡착·중화,흡착포,53,,고흥군 환경정책과,지자체,전라권역,전라남도,고흥군,전라남도 고흥군 고흥읍 고흥군청로 1,061-830-5834,01 지자체 보유 방재장비
흡착포·흡착재,흡착·중화,흡착포,65,,곡성군 환경과,지자체,전라권역,전라남도,곡성군,전라남도 곡성군 곡성읍 군청로 50,061-360-8531,01 지자체 보유 방재장비
흡착포·흡착재,흡착·중화,흡착포,40,,광양시 환경과,지자체,전라권역,전라남도,광양시,전라남도 광양시 시청로 33,061-797-3332,01 지자체 보유 방재장비
흡착포·흡착재,흡착·중화,흡착포,40,,광양시 환경과,지자체,전라권역,전라남도,광양시,전라남도 광양시 시청로 33,061-797-3332,02 지자체 보유 방재장비(청·센터별)
흡착포·흡착재,흡착·중화,화학물질흡착포(필로우형),3,BOX,광양항 컨테이너 부두 인근 (여수센터 관리),환경청·센터 장비함,전라권역,전라남도,광양시,전남 광양시 도이동 782,,04 환경청·센터 방제장비함
흡착포·흡착재,흡착·중화,화학물질흡착포(패드형,6,BOX,광양항 컨테이너 부두 인근 (여수센터 관리),환경청·센터 장비함,전라권역,전라남도,광양시,전남 광양시 도이동 782,,04 환경청·센터 방제장비함
흡착포·흡착재,흡착·중화,유류 흡착포,2,BOX,광양항 컨테이너 부두 인근 (여수센터 관리),환경청·센터 장비함,전라권역,전라남도,광양시,전남 광양시 도이동 782,,04 환경청·센터 방제장비함
흡착포·흡착재,흡착·중화,톱밥(40kg),20,포,광양항 컨테이너 부두 인근 (여수센터 관리),환경청·센터 장비함,전라권역,전라남도,광양시,전남 광양시 도이동 782,,04 환경청·센터 방제장비함
흡착포·흡착재,흡착·중화,팽창질석(9kg),3,포,광양항 컨테이너 부두 인근 (여수센터 관리),환경청·센터 장비함,전라권역,전라남도,광양시,전남 광양시 도이동 782,,04 환경청·센터 방제장비함
흡착포·흡착재,흡착·중화,유흡착제,2,BOX,구다우케미칼,사업장,전라권역,전라남도,여수시,전라남도 여수시 중흥동 751-1,061-690-7808,05 사업장 보유 방제물품(화학안전공동체)
흡착포·흡착재,흡착·중화,흡착포,20,,구례군 환경과,지자체,전라권역,전라남도,구례군,전라남도 구례군 구례읍 봉성로 1,061-780-2982,01 지자체 보유 방재장비
흡착포·흡착재,흡착·중화,흡착포,20,BOX,금호미쓰이화학㈜,사업장,전라권역,전라남도,여수시,전라남도 여수시 여수산단2로 305,061-688-5090,05 사업장 보유 방제물품(화학안전공동체)
흡착포·흡착재,흡착·중화,흡착포,155,EA,금호석유화학㈜ 여수고무제1공장,사업장,전라권역,전라남도,여수시,전라남도 여수시 여수산단 3로118,061-688-3135,05 사업장 보유 방제물품(화학안전공동체)
흡착포·흡착재,흡착·중화,규조토(20KG),50,EA,금호석유화학㈜ 여수고무제1공장,사업장,전라권역,전라남도,여수시,전라남도 여수시 여수산단 3로118,061-688-3135,05 사업장 보유 방제물품(화학안전공동체)
흡착포·흡착재,흡착·중화,흡착포,500,EA,금호석유화학㈜ 여수고무제2공장,사업장,전라권역,전라남도,여수시,전라남도 여수시 산단중앙로33,061-688-7261,05 사업장 보유 방제물품(화학안전공동체)
흡착포·흡착재,흡착·중화,유흡착제,20,EA,금호석유화학㈜ 여수정밀화학공장,사업장,전라권역,전라남도,여수시,전라남도 여수시 여수산단2로 227,061-688-3943,05 사업장 보유 방제물품(화학안전공동체)
흡착포·흡착재,흡착·중화,유흡착제,3,EA,금호석유화학㈜ 제1열병합발전소,사업장,전라권역,전라남도,여수시,전라남도 여수시 여수산단2로 46-51,061-688-3943,05 사업장 보유 방제물품(화학안전공동체)
흡착포·흡착재,흡착·중화,유흡착제,4,EA,금호석유화학㈜ 제2열병합발전소,사업장,전라권역,전라남도,여수시,전라남도 여수시 여수산단2로 233-84,061-688-3943,05 사업장 보유 방제물품(화학안전공동체)
흡착포·흡착재,흡착·중화,흡착포,50,,나주시 환경관리과,지자체,전라권역,전라남도,나주시,전라남도 나주시 시청길 22,061-339-8933,01 지자체 보유 방재장비
흡착포·흡착재,흡착·중화,흡착포(유흡착제),1020,EA,남해화학㈜,사업장,전라권역,전라남도,여수시,전라남도 여수시 여수산돈로 1384,061-688-5752,05 사업장 보유 방제물품(화학안전공동체)
흡착포·흡착재,흡착·중화,유흡착제,100,EA,닛소남해아그로㈜,사업장,전라권역,전라남도,여수시,전라남도 여수시 여수산단로 1384,061-900-3531,05 사업장 보유 방제물품(화학안전공동체)
흡착포·흡착재,흡착·중화,화학흡착제,100,EA,닛소남해아그로㈜,사업장,전라권역,전라남도,여수시,전라남도 여수시 여수산단로 1384,061-900-3531,05 사업장 보유 방제물품(화학안전공동체)
흡착포·흡착재,흡착·중화,흡착포,700,,담양군 환경과,지자체,전라권역,전라남도,담양군,전라남도 담양군 담양읍 추성로 1371,061-380-3068,01 지자체 보유 방재장비
흡착포·흡착재,흡착·중화,케미칼 흡착포,1,BOX,대림산업㈜ LHDPE공장,사업장,전라권역,전라남도,여수시,전라남도 여수시 여수산단중앙로 438,061-688-7548,05 사업장 보유 방제물품(화학안전공동체)
흡착포·흡착재,흡착·중화,흡착포,2,BOX,대림산업㈜ LHDPE공장,사업장,전라권역,전라남도,여수시,전라남도 여수시 여수산단중앙로 438,061-688-7548,05 사업장 보유 방제물품(화학안전공동체)
흡착포·흡착재,흡착·중화,오일흡착포,33,BOX,대림산업㈜ 여수C4공장,사업장,전라권역,전라남도,여수시,전라남도 여수시 여수산단중앙로 275,061-688-6821,05 사업장 보유 방제물품(화학안전공동체)
흡착포·흡착재,흡착·중화,케미칼흡착패드,560,매,대림산업㈜ 여수C4공장,사업장,전라권역,전라남도,여수시,전라남도 여수시 여수산단중앙로 275,061-688-6821,05 사업장 보유 방제물품(화학안전공동체)
흡착포·흡착재,흡착·중화,흡착제,200,KG,대림산업㈜ 여수C4공장,사업장,전라권역,전라남도,여수시,전라남도 여수시 여수산단중앙로 275,061-688-6821,05 사업장 보유 방제물품(화학안전공동체)
흡착포·흡착재,흡착·중화,케미칼흡착포,3,BOX,대림산업㈜ 여수PB공장,사업장,전라권역,전라남도,여수시,전라남도 여수시 여수산단중앙로 276,061-688-6371,05 사업장 보유 방제물품(화학안전공동체)
흡착포·흡착재,흡착·중화,오일흡착포,4,BOX,대림산업㈜ 여수PB공장,사업장,전라권역,전라남도,여수시,전라남도 여수시 여수산단중앙로 276,061-688-6371,05 사업장 보유 방제물품(화학안전공동체)
흡착포·흡착재,흡착·중화,분말규조토,20,KG,대림산업㈜ 여수PB공장,사업장,전라권역,전라남도,여수시,전라남도 여수시 여수산단중앙로 276,061-688-6371,05 사업장 보유 방제물품(화학안전공동체)
흡착포·흡착재,흡착·중화,규조토,60,KG,대림산업㈜ 여수공장,사업장,전라권역,전라남도,여수시,전라남도 여수시 여수산단2로 220-10,061-688-6481,05 사업장 보유 방제물품(화학안전공동체)
흡착포·흡착재,흡착·중화,팽창질석,2200,KG,대림산업㈜ 여수공장,사업장,전라권역,전라남도,여수시,전라남도 여수시 여수산단2로 220-10,061-688-6481,05 사업장 보유 방제물품(화학안전공동체)
흡착포·흡착재,흡착·중화,흡착포,50,EA,대정티씨 여수공장,사업장,전라권역,전라남도,여수시,전라남도 여수시 여수산단1로 310-37,061-685-3021,05 사업장 보유 방제물품(화학안전공동체)
흡착포·흡착재,흡착·중화,흡착PAD,1,BOX,롯데미쓰이화학㈜,사업장,전라권역,전라남도,여수시,전라남도 여수시 여수산단4로 129,061-680-8411,05 사업장 보유 방제물품(화학안전공동체)
흡착포·흡착재,흡착·중화,흡착포,2,BOX,롯데미쓰이화학㈜,사업장,전라권역,전라남도,여수시,전라남도 여수시 여수산단4로 129,061-680-8411,05 사업장 보유 방제물품(화학안전공동체)
흡착포·흡착재,흡착·중화,유흡착포,10,BOX,롯데베르살리스 엘라스토머스㈜,사업장,전라권역,전라남도,여수시,전라남도 여수시 여수산단4로 53,061-690-2522,05 사업장 보유 방제물품(화학안전공동체)
흡착포·흡착재,흡착·중화,유흡착제,5,BOX,롯데엠시시㈜ 여수1공장,사업장,전라권역,전라남도,여수시,전라남도 여수시 여수산단2로 116-82,061-680-8050,05 사업장 보유 방제물품(화학안전공동체)
흡착포·흡착재,흡착·중화,유흡착제,19,BOX,롯데엠시시㈜ 여수2공장,사업장,전라권역,전라남도,여수시,전라남도 여수시 여수산단4로 129,061-680-8453,05 사업장 보유 방제물품(화학안전공동체)
흡착포·흡착재,흡착·중화,중화제(규조토),200,KG,롯데첨단소재㈜,사업장,전라권역,전라남도,여수시,전라남도 여수시 여수산단로 334-27,061-689-1301,05 사업장 보유 방제물품(화학안전공동체)
흡착포·흡착재,흡착·중화,오일흡착포,1500,EA,롯데첨단소재㈜,사업장,전라권역,전라남도,여수시,전라남도 여수시 여수산단로 334-27,061-689-1301,05 사업장 보유 방제물품(화학안전공동체)
흡착포·흡착재,흡착·중화,유흡착쿠션,16,BOX,롯데케미칼㈜ 여수1공장,사업장,전라권역,전라남도,여수시,전라남도 여수시 여수산단4로 53,061-688-2156,05 사업장 보유 방제물품(화학안전공동체)
흡착포·흡착재,흡착·중화,유흡착제,46,BOX,롯데케미칼㈜ 여수1공장,사업장,전라권역,전라남도,여수시,전라남도 여수시 여수산단4로 53,061-688-2156,05 사업장 보유 방제물품(화학안전공동체)
흡착포·흡착재,흡착·중화,유흡착제,4,BOX,롯데케미칼㈜ 여수2공장,사업장,전라권역,전라남도,여수시,전라남도 여수시 여수산단2로 116-82,061-688-2156,05 사업장 보유 방제물품(화학안전공동체)
흡착포·흡착재,흡착·중화,유흡착쿠션,4,BOX,롯데케미칼㈜ 여수2공장,사업장,전라권역,전라남도,여수시,전라남도 여수시 여수산단2로 116-82,061-688-2156,05 사업장 보유 방제물품(화학안전공동체)
흡착포·흡착재,흡착·중화,유흡착제,1,BOX,매일식품㈜,사업장,전라권역,전라남도,순천시,전라남도 순천시 서면산단1길 16,061-752-3331,05 사업장 보유 방제물품(화학안전공동체)
흡착포·흡착재,흡착·중화,흡착포,5,,목포시 기후환경과,지자체,전라권역,전라남도,목포시,전라남도 목포시 수문로 32,061-270-3318,01 지자체 보유 방재장비
흡착포·흡착재,흡착·중화,화학물질흡착포(필로우형),3,BOX,묘도 휴게소 인근 (여수센터 관리),환경청·센터 장비함,전라권역,전라남도,광양시,전남 광양시 묘도7길 110,,04 환경청·센터 방제장비함
흡착포·흡착재,흡착·중화,화학물질흡착포(패드형,6,BOX,묘도 휴게소 인근 (여수센터 관리),환경청·센터 장비함,전라권역,전라남도,광양시,전남 광양시 묘도7길 110,,04 환경청·센터 방제장비함
흡착포·흡착재,흡착·중화,유류 흡착포,2,BOX,묘도 휴게소 인근 (여수센터 관리),환경청·센터 장비함,전라권역,전라남도,광양시,전남 광양시 묘도7길 110,,04 환경청·센터 방제장비함
흡착포·흡착재,흡착·중화,톱밥(40kg),20,포,묘도 휴게소 인근 (여수센터 관리),환경청·센터 장비함,전라권역,전라남도,광양시,전남 광양시 묘도7길 110,,04 환경청·센터 방제장비함
흡착포·흡착재,흡착·중화,팽창질석(9kg),3,포,묘도 휴게소 인근 (여수센터 관리),환경청·센터 장비함,전라권역,전라남도,광양시,전남 광양시 묘도7길 110,,04 환경청·센터 방제장비함
흡착포·흡착재,흡착·중화,흡착포,19,,무안군 환경과,지자체,전라권역,전라남도,무안군,전라남도 무안읍 무안로 530,061-450-5569,01 지자체 보유 방재장비
흡착포·흡착재,흡착·중화,흡착포,10,BOX,백광산업,사업장,전라권역,전라남도,여수시,전라남도 여수시 여수산단2로 284,061-680-0600,05 사업장 보유 방제물품(화학안전공동체)
흡착포·흡착재,흡착·중화,흡착포,117,,"보성군 12개 읍,면",지자체,전라권역,전라남도,보성군,-,,01 지자체 보유 방재장비
흡착포·흡착재,흡착·중화,흡착포,197,,보성군 기후환경과,지자체,전라권역,전라남도,보성군,전라남도 보성군 송재로 165,061-850-5354,01 지자체 보유 방재장비
흡착포·흡착재,흡착·중화,유흡착포,10,BOX,비를라카본코리아㈜,사업장,전라권역,전라남도,여수시,전라남도 여수시 여수산단2로 46-101,061-688-3331,05 사업장 보유 방제물품(화학안전공동체)
흡착포·흡착재,흡착·중화,화학물질흡착포(필로우형),3,BOX,산곡-대포터널 인근 (여수센터 관리),환경청·센터 장비함,전라권역,전라남도,여수시,전남 여수시 율촌면 신풍리 산106-1,,04 환경청·센터 방제장비함
흡착포·흡착재,흡착·중화,화학물질흡착포(패드형,6,BOX,산곡-대포터널 인근 (여수센터 관리),환경청·센터 장비함,전라권역,전라남도,여수시,전남 여수시 율촌면 신풍리 산106-1,,04 환경청·센터 방제장비함
흡착포·흡착재,흡착·중화,유류 흡착포,2,BOX,산곡-대포터널 인근 (여수센터 관리),환경청·센터 장비함,전라권역,전라남도,여수시,전남 여수시 율촌면 신풍리 산106-1,,04 환경청·센터 방제장비함
흡착포·흡착재,흡착·중화,톱밥(40kg),20,포,산곡-대포터널 인근 (여수센터 관리),환경청·센터 장비함,전라권역,전라남도,여수시,전남 여수시 율촌면 신풍리 산106-1,,04 환경청·센터 방제장비함
흡착포·흡착재,흡착·중화,팽창질석(9kg),3,포,산곡-대포터널 인근 (여수센터 관리),환경청·센터 장비함,전라권역,전라남도,여수시,전남 여수시 율촌면 신풍리 산106-1,,04 환경청·센터 방제장비함
흡착포·흡착재,흡착·중화,규조토,2,TON,삼남석유화학㈜,사업장,전라권역,전라남도,여수시,전라남도 여수시 여수산단로 955,061-688-8283,05 사업장 보유 방제물품(화학안전공동체)
흡착포·흡착재,흡착·중화,흡착포,15,BOX,삼남석유화학㈜,사업장,전라권역,전라남도,여수시,전라남도 여수시 여수산단로 955,061-688-8283,05 사업장 보유 방제물품(화학안전공동체)
흡착포·흡착재,흡착·중화,유흡착포,10,BOX,삼남석유화학㈜,사업장,전라권역,전라남도,여수시,전라남도 여수시 여수산단로 955,061-688-8283,05 사업장 보유 방제물품(화학안전공동체)
흡착포·흡착재,흡착·중화,유흡착제,310,310KG,수자원공사 여수권지사 별량수령장,사업장,전라권역,전라남도,순천시,전라남도 순천시,061-759-4212,05 사업장 보유 방제물품(화학안전공동체)
흡착포·흡착재,흡착·중화,흡착포,22,,순천시 환경관리과,지자체,전라권역,전라남도,순천시,전라남도 순천시 이수로 13 (장천동),061-749-5769,01 지자체 보유 방재장비
흡착포·흡착재,흡착·중화,흡착포,22,,순천시 환경관리과,지자체,전라권역,전라남도,순천시,전라남도 순천시 이수로 13 (장천동),061-749-5770,02 지자체 보유 방재장비(청·센터별)
흡착포·흡착재,흡착·중화,흡착포,15,,신안군 세계유산과,지자체,전라권역,전라남도,신안군,전라남도 신안군 압해로 천사로 1004,061-240-8153,01 지자체 보유 방재장비
흡착포·흡착재,흡착·중화,흡착포,100,EA(5BOX),아이씨케미칼,사업장,전라권역,전라남도,여수시,전라남도 여수시 여수산단4로 80,061-685-6717,05 사업장 보유 방제물품(화학안전공동체)
흡착포·흡착재,흡착·중화,톱밥,300,KG,아이씨케미칼,사업장,전라권역,전라남도,여수시,전라남도 여수시 여수산단4로 80,061-685-6717,05 사업장 보유 방제물품(화학안전공동체)
흡착포·흡착재,흡착·중화,유흡착제,2000,EA,엘지엠엠에이㈜,사업장,전라권역,전라남도,여수시,전라남도 여수시 여수산단4로 58,061-805-3855,05 사업장 보유 방제물품(화학안전공동체)
흡착포·흡착재,흡착·중화,유독물흡착제,2000,EA,엘지엠엠에이㈜,사업장,전라권역,전라남도,여수시,전라남도 여수시 여수산단4로 58,061-805-3855,05 사업장 보유 방제물품(화학안전공동체)
흡착포·흡착재,흡착·중화,흡착포,65,,여수시 산단환경관리과,지자체,전라권역,전라남도,여수시,전라남도 여수시 삼동2길 13,061-659-2820,01 지자체 보유 방재장비
흡착포·흡착재,흡착·중화,흡착포,52,,여수시 산단환경관리과,지자체,전라권역,전라남도,여수시,여수시 삼동2길 13,061-659-2819,02 지자체 보유 방재장비(청·센터별)
흡착포·흡착재,흡착·중화,분말오일흡착제,300,EA,여천NCC㈜ C5분리공장,사업장,전라권역,전라남도,여수시,전라남도 여수시 화치동 1468,061-688-6065,05 사업장 보유 방제물품(화학안전공동체)
흡착포·흡착재,흡착·중화,분말오일흡착제,50,KG,여천NCC㈜ 여수1공장,사업장,전라권역,전라남도,여수시,전라남도 여수시 여수산단3로 2,061-688-6065,05 사업장 보유 방제물품(화학안전공동체)
흡착포·흡착재,흡착·중화,규조토,1000,KG,여천NCC㈜ 여수1공장,사업장,전라권역,전라남도,여수시,전라남도 여수시 여수산단3로 2,061-688-6065,05 사업장 보유 방제물품(화학안전공동체)
흡착포·흡착재,흡착·중화,오일흡착포,300,KG,여천NCC㈜ 여수1공장,사업장,전라권역,전라남도,여수시,전라남도 여수시 여수산단3로 2,061-688-6065,05 사업장 보유 방제물품(화학안전공동체)
흡착포·흡착재,흡착·중화,규조토,620,KG,여천NCC㈜ 여수2공장,사업장,전라권역,전라남도,여수시,전라남도 여수시 여수산단2로 46-20,061-688-6065,05 사업장 보유 방제물품(화학안전공동체)
흡착포·흡착재,흡착·중화,제오라이트,90,KG,여천NCC㈜ 여수2공장,사업장,전라권역,전라남도,여수시,전라남도 여수시 여수산단2로 46-20,061-688-6065,05 사업장 보유 방제물품(화학안전공동체)
흡착포·흡착재,흡착·중화,오일흡착포,170,KG,여천NCC㈜ 여수2공장,사업장,전라권역,전라남도,여수시,전라남도 여수시 여수산단2로 46-20,061-688-6065,05 사업장 보유 방제물품(화학안전공동체)
흡착포·흡착재,흡착·중화,규조토,250,KG,여천NCC㈜ 여수3공장,사업장,전라권역,전라남도,여수시,전라남도 여수시 여수산단2로 220-62,061-688-6065,05 사업장 보유 방제물품(화학안전공동체)
흡착포·흡착재,흡착·중화,활석분,130,KG,여천NCC㈜ 여수3공장,사업장,전라권역,전라남도,여수시,전라남도 여수시 여수산단2로 220-62,061-688-6065,05 사업장 보유 방제물품(화학안전공동체)
흡착포·흡착재,흡착·중화,오일흡착포,90,KG,여천NCC㈜ 여수3공장,사업장,전라권역,전라남도,여수시,전라남도 여수시 여수산단2로 220-62,061-688-6065,05 사업장 보유 방제물품(화학안전공동체)
흡착포·흡착재,흡착·중화,흡착포,100,,영광군 환경과,지자체,전라권역,전라남도,영광군,전남 영광군 영광읍 중앙로 203,061-350-4754,01 지자체 보유 방재장비
흡착포·흡착재,흡착·중화,흡착포,15,,영암군 환경기후과,지자체,전라권역,전라남도,영암군,전라남도 영암군 군청로 1,061-470-2328,01 지자체 보유 방재장비
흡착포·흡착재,흡착·중화,유흡착제,10,BOX,오리온엔지니어드카본즈㈜,사업장,전라권역,전라남도,여수시,전라남도 여수시 진달래길 310-88,061-690-5143,05 사업장 보유 방제물품(화학안전공동체)
흡착포·흡착재,흡착·중화,화학물질흡착포(필로우형),3,BOX,옥곡 톨게이트 인근 (여수센터 관리),환경청·센터 장비함,전라권역,전라남도,광양시,전남 광양시 옥곡면 강변로 434-37,,04 환경청·센터 방제장비함
흡착포·흡착재,흡착·중화,화학물질흡착포(패드형,6,BOX,옥곡 톨게이트 인근 (여수센터 관리),환경청·센터 장비함,전라권역,전라남도,광양시,전남 광양시 옥곡면 강변로 434-37,,04 환경청·센터 방제장비함
흡착포·흡착재,흡착·중화,유류 흡착포,2,BOX,옥곡 톨게이트 인근 (여수센터 관리),환경청·센터 장비함,전라권역,전라남도,광양시,전남 광양시 옥곡면 강변로 434-37,,04 환경청·센터 방제장비함
흡착포·흡착재,흡착·중화,톱밥(40kg),10,포,옥곡 톨게이트 인근 (여수센터 관리),환경청·센터 장비함,전라권역,전라남도,광양시,전남 광양시 옥곡면 강변로 434-37,,04 환경청·센터 방제장비함
흡착포·흡착재,흡착·중화,팽창질석(9kg),3,포,옥곡 톨게이트 인근 (여수센터 관리),환경청·센터 장비함,전라권역,전라남도,광양시,전남 광양시 옥곡면 강변로 434-37,,04 환경청·센터 방제장비함
흡착포·흡착재,흡착·중화,흡착포,5,,완도군 환경수질관리과,지자체,전라권역,전라남도,완도군,전라남도 완도군 완도읍 농공단지7길 44,061-550-5506,01 지자체 보유 방재장비
흡착포·흡착재,흡착·중화,활성탄,100,KG,일양화학㈜,사업장,전라권역,전라남도,여수시,전라남도 여수시 여수산단2로 14,061-683-2201,05 사업장 보유 방제물품(화학안전공동체)
흡착포·흡착재,흡착·중화,흡착포,5000,,장성군 환경과,지자체,전라권역,전라남도,장성군,전라남동 장성군 장성읍 영천로 200,061-390-7337,01 지자체 보유 방재장비
흡착포·흡착재,흡착·중화,흡착포,800,,장흥군 재난안전과,지자체,전라권역,전라남도,장흥군,전남 장흥군 장흥읍 잣두1길 43,061-860-6172,01 지자체 보유 방재장비
흡착포·흡착재,흡착·중화,유독물흡수포,7,BOX,재원산업㈜,사업장,전라권역,전라남도,여수시,전라남도 여수시 낙포단지길 79,061-690-9273,05 사업장 보유 방제물품(화학안전공동체)
흡착포·흡착재,흡착·중화,오일흡수포,10,BOX,재원산업㈜,사업장,전라권역,전라남도,여수시,전라남도 여수시 낙포단지길 79,061-690-9273,05 사업장 보유 방제물품(화학안전공동체)
흡착포·흡착재,흡착·중화,톱밥,30,KG,재원산업㈜ 두암공장,사업장,전라권역,전라남도,여수시,전라남도 여수시 여수산단로 742,061-690-9273,05 사업장 보유 방제물품(화학안전공동체)
흡착포·흡착재,흡착·중화,유독물 흡수포,2,BOX,재원산업㈜ 두암공장,사업장,전라권역,전라남도,여수시,전라남도 여수시 여수산단로 742,061-690-9273,05 사업장 보유 방제물품(화학안전공동체)
흡착포·흡착재,흡착·중화,오일흡수포,3,BOX,재원산업㈜ 두암공장,사업장,전라권역,전라남도,여수시,전라남도 여수시 여수산단로 742,061-690-9273,05 사업장 보유 방제물품(화학안전공동체)
흡착포·흡착재,흡착·중화,흡착포,200,,전라남도 기후대기과,지자체,전라권역,전라남도,순천시,전라남도 순천시 매안로 16,061-286-7942,01 지자체 보유 방재장비
흡착포·흡착재,흡착·중화,흡착포,10,,진도군 환경수질과,지자체,전라권역,전라남도,진도군,전라남도 진도군 진도읍 철마길 25,061-540-3723,01 지자체 보유 방재장비
흡착포·흡착재,흡착·중화,흡착포,5,BOX,케미스타㈜,사업장,전라권역,전라남도,순천시,전라남도 순천시 해룡면 율촌산단1로 19-59,061-811-3033,05 사업장 보유 방제물품(화학안전공동체)
흡착포·흡착재,흡착·중화,유흡착제,4,EA,케이씨환경서비스㈜ 여수사업부,사업장,전라권역,전라남도,여수시,전라남도 여수시 산단중앙로 30-36,061-805-9501,05 사업장 보유 방제물품(화학안전공동체)
흡착포·흡착재,흡착·중화,유흡착포,2,BOX(10KG),케이알코폴리머㈜,사업장,전라권역,전라남도,여수시,전라남도 여수시 여수산단4로 60,061-688-7710,05 사업장 보유 방제물품(화학안전공동체)
흡착포·흡착재,흡착·중화,유흡착포,3,BOX(300EA),케이에스광학㈜,사업장,전라권역,전라남도,순천시,전라남도 순천시 율촌산단4로 26-108,061-727-9717,05 사업장 보유 방제물품(화학안전공동체)
흡착포·흡착재,흡착·중화,케미칼흡착포,3,BOX(300EA),케이에스광학㈜,사업장,전라권역,전라남도,순천시,전라남도 순천시 율촌산단4로 26-108,061-727-9717,05 사업장 보유 방제물품(화학안전공동체)
흡착포·흡착재,흡착·중화,유독물 흡착포,10,BOX,코니상사,판매업체,전라권역,전라남도,여수시,전남 여수시 웅남3길,061-684-3611,15 전남·광주 방제약품 판매업체 (2017년 기준)
흡착포·흡착재,흡착·중화,유흡착포,20,BOX,코오롱인더스트리㈜ 여수공장,사업장,전라권역,전라남도,여수시,전라남도 여수시 산단중앙로 213,061-690-9842,05 사업장 보유 방제물품(화학안전공동체)
흡착포·흡착재,흡착·중화,유흡착제,6,BOX,포스코에너지㈜,사업장,전라권역,전라남도,광양시,전라남도 광양시 제철로1800,061-790-8494,05 사업장 보유 방제물품(화학안전공동체)
흡착포·흡착재,흡착·중화,유흡착제,65,KG,한국남동발전㈜ 여수발전본부,사업장,전라권역,전라남도,여수시,전라남도 여수시 여수산단로 727,070-8898-5622,05 사업장 보유 방제물품(화학안전공동체)
흡착포·흡착재,흡착·중화,유흡착매트,340,KG,한국남동발전㈜ 호남화력본부,사업장,전라권역,전라남도,여수시,"전라남도 여수시 여수산단로 1203, 1층",,05 사업장 보유 방제물품(화학안전공동체)
흡착포·흡착재,흡착·중화,흡착포,39,BOX,한국바스프㈜,사업장,전라권역,전라남도,여수시,전라남도 여수시 여수산단2로 284,061-680-7061,05 사업장 보유 방제물품(화학안전공동체)
흡착포·흡착재,흡착·중화,유독물흡착포,14,EA,한국바스프㈜,사업장,전라권역,전라남도,여수시,전라남도 여수시 여수산단2로 284,061-680-7061,05 사업장 보유 방제물품(화학안전공동체)
흡착포·흡착재,흡착·중화,오일흡착포,20,BOX,한국바스프㈜,사업장,전라권역,전라남도,여수시,전라남도 여수시 여수산단2로 284,061-680-7061,05 사업장 보유 방제물품(화학안전공동체)
흡착포·흡착재,흡착·중화,톱밥,160,KG,한국캐솔㈜,사업장,전라권역,전라남도,순천시,전라남도 순천시 양율길 286,061-741-1661,05 사업장 보유 방제물품(화학안전공동체)
흡착포·흡착재,흡착·중화,흡착포,4,포,한승케미칼㈜,사업장,전라권역,전라남도,광양시,전라남도 광양시 광양읍 초남2공단2길 66,061-795-1958,05 사업장 보유 방제물품(화학안전공동체)
흡착포·흡착재,흡착·중화,오일흡착포,21,EA,"한화케미칼㈜ 여수1공장, 한화케미칼㈜ 여수2공장, 한화케미칼㈜ 여수3공장",사업장,전라권역,전라남도,여수시,전라남도 여수시 여수산단3로 117,061-688-1165,05 사업장 보유 방제물품(화학안전공동체)
흡착포·흡착재,흡착·중화,유독물흡착포,47,EA,"한화케미칼㈜ 여수1공장, 한화케미칼㈜ 여수2공장, 한화케미칼㈜ 여수3공장",사업장,전라권역,전라남도,여수시,전라남도 여수시 여수산단3로 117,061-688-1165,05 사업장 보유 방제물품(화학안전공동체)
흡착포·흡착재,흡착·중화,톱밥,12,EA,"한화케미칼㈜ 여수1공장, 한화케미칼㈜ 여수2공장, 한화케미칼㈜ 여수3공장",사업장,전라권역,전라남도,여수시,전라남도 여수시 여수산단3로 117,061-688-1165,05 사업장 보유 방제물품(화학안전공동체)
흡착포·흡착재,흡착·중화,활성탄,2,EA,"한화케미칼㈜ 여수1공장, 한화케미칼㈜ 여수2공장, 한화케미칼㈜ 여수3공장",사업장,전라권역,전라남도,여수시,전라남도 여수시 여수산단3로 117,061-688-1165,05 사업장 보유 방제물품(화학안전공동체)
흡착포·흡착재,흡착·중화,규조토,11,EA,"한화케미칼㈜ 여수1공장, 한화케미칼㈜ 여수2공장, 한화케미칼㈜ 여수3공장",사업장,전라권역,전라남도,여수시,전라남도 여수시 여수산단3로 117,061-688-1165,05 사업장 보유 방제물품(화학안전공동체)
흡착포·흡착재,흡착·중화,흡착포,40,EA,한화케미칼㈜ 여수2,사업장,전라권역,전라남도,여수시,전라남도 여수시 여수산단4로 255,061-690-5728,05 사업장 보유 방제물품(화학안전공동체)
흡착포·흡착재,흡착·중화,규조토,32,포,한화케미칼㈜ 티다아이,사업장,전라권역,전라남도,여수시,전라남도 여수시 여수산단2로 46-47,061-688-4920,05 사업장 보유 방제물품(화학안전공동체)
흡착포·흡착재,흡착·중화,유분흡착포,21,BOX,한화케미칼㈜ 티다아이,사업장,전라권역,전라남도,여수시,전라남도 여수시 여수산단2로 46-47,061-688-4920,05 사업장 보유 방제물품(화학안전공동체)
흡착포·흡착재,흡착·중화,케미컬흡착제 패드,150,EA,한화케미칼㈜ 폴리실리콘,사업장,전라권역,전라남도,여수시,전라남도 여수시 여수산단4로 255,061-690-5728,05 사업장 보유 방제물품(화학안전공동체)
흡착포·흡착재,흡착·중화,흡착포,8,,함평군 환경관리과,지자체,전라권역,전라남도,함평군,전라남도 함평군 함평읍 중앙길 200,061-320-1813,01 지자체 보유 방재장비
흡착포·흡착재,흡착·중화,흡착포,9,,해남군 환경과,지자체,전라권역,전라남도,해남군,전라남도 해남군 해남읍 군청길 4,061-530-5644,01 지자체 보유 방재장비
흡착포·흡착재,흡착·중화,화학물질흡착포(필로우형),3,BOX,해룡-율촌터널 인근 (여수센터 관리),환경청·센터 장비함,전라권역,전라남도,여수시,전남 여수시 율촌면 용전리 산207-12,,04 환경청·센터 방제장비함
흡착포·흡착재,흡착·중화,화학물질흡착포(패드형,6,BOX,해룡-율촌터널 인근 (여수센터 관리),환경청·센터 장비함,전라권역,전라남도,여수시,전남 여수시 율촌면 용전리 산207-12,,04 환경청·센터 방제장비함
흡착포·흡착재,흡착·중화,유류 흡착포,2,BOX,해룡-율촌터널 인근 (여수센터 관리),환경청·센터 장비함,전라권역,전라남도,여수시,전남 여수시 율촌면 용전리 산207-12,,04 환경청·센터 방제장비함
흡착포·흡착재,흡착·중화,톱밥(40kg),20,포,해룡-율촌터널 인근 (여수센터 관리),환경청·센터 장비함,전라권역,전라남도,여수시,전남 여수시 율촌면 용전리 산207-12,,04 환경청·센터 방제장비함
흡착포·흡착재,흡착·중화,팽창질석(9kg),3,포,해룡-율촌터널 인근 (여수센터 관리),환경청·센터 장비함,전라권역,전라남도,여수시,전남 여수시 율촌면 용전리 산207-12,,04 환경청·센터 방제장비함
흡착포·흡착재,흡착·중화,팽창질석,100,L,해인기업㈜ 여수공장,사업장,전라권역,전라남도,여수시,전라남도 여수시 중흥동 750-19,061-692-6800,05 사업장 보유 방제물품(화학안전공동체)
흡착포·흡착재,흡착·중화,흡착포,4,BOX,해인기업㈜ 여수공장,사업장,전라권역,전라남도,여수시,전라남도 여수시 중흥동 750-19,061-692-6800,05 사업장 보유 방제물품(화학안전공동체)
흡착포·흡착재,흡착·중화,흡착포,15,PAD,해인기업㈜ 여천공장,사업장,전라권역,전라남도,여수시,전라남도 여수시 여수산단로 830,061-686-0917,05 사업장 보유 방제물품(화학안전공동체)
흡착포·흡착재,흡착·중화,팽창질석,200,L,해인기업㈜ 여천공장,사업장,전라권역,전라남도,여수시,전라남도 여수시 여수산단로 830,061-686-0917,05 사업장 보유 방제물품(화학안전공동체)
흡착포·흡착재,흡착·중화,흡착포,4,BOX,해인기업㈜ 화치공장,사업장,전라권역,전라남도,여수시,전라남도 여수시 산단중앙로 30,061-686-6801,05 사업장 보유 방제물품(화학안전공동체)
흡착포·흡착재,흡착·중화,팽창질석,200,L,해인기업㈜ 화치공장,사업장,전라권역,전라남도,여수시,전라남도 여수시 산단중앙로 30,061-686-6801,05 사업장 보유 방제물품(화학안전공동체)
흡착포·흡착재,흡착·중화,규조토,50,EA,현대제철㈜,사업장,전라권역,전라남도,순천시,전라남도 순천시 해룡면 인덕로 300,061-720-4665,05 사업장 보유 방제물품(화학안전공동체)
흡착포·흡착재,흡착·중화,케미컬흡착제,7,BOX,현대제철㈜,사업장,전라권역,전라남도,순천시,전라남도 순천시 해룡면 인덕로 300,061-720-4665,05 사업장 보유 방제물품(화학안전공동체)
흡착포·흡착재,흡착·중화,유독물흡착포-HP-156K,50,박스,화성,판매업체,전라권역,전라남도,광양시,전남 광양시 광양읍 회암3길 23,061-763-9020,15 전남·광주 방제약품 판매업체 (2017년 기준)
흡착포·흡착재,흡착·중화,흡착포,178,,화순군 환경과,지자체,전라권역,전라남도,화순군,전라남도 화순군 화순읍 동헌길 23,061-379-3603,01 지자체 보유 방재장비
흡착포·흡착재,흡착·중화,유흡착포,10,BOX,휴켐스㈜ 여수공장,사업장,전라권역,전라남도,여수시,전라남도 여수시 상암로 963,061-680-4613,05 사업장 보유 방제물품(화학안전공동체)
흡착포·흡착재,흡착·중화,화학흡착포,8,BOX,휴켐스㈜ 여수공장,사업장,전라권역,전라남도,여수시,전라남도 여수시 상암로 963,061-680-4613,05 사업장 보유 방제물품(화학안전공동체)
흡착포·흡착재,흡착·중화,유흡착제,25,개,(주)휴비스전주공장 (전북도청 관리),환경청·센터 장비함,전라권역,전북특별자치도,전주시,전북특별자치도 전주시 덕진구 기린대로 787,,04 환경청·센터 방제장비함
흡착포·흡착재,흡착·중화,화학물질흡착제,11,개,(주)휴비스전주공장 (전북도청 관리),환경청·센터 장비함,전라권역,전북특별자치도,전주시,전북특별자치도 전주시 덕진구 기린대로 787,,04 환경청·센터 방제장비함
흡착포·흡착재,흡착·중화,유흡착제,16,개,119화학구조대(군산) (군산시 관리),환경청·센터 장비함,전라권역,전북특별자치도,군산시,전북특별자치도 군산시 외항7길 7,,04 환경청·센터 방제장비함
흡착포·흡착재,흡착·중화,화학물질흡착제,8,개,119화학구조대(군산) (군산시 관리),환경청·센터 장비함,전라권역,전북특별자치도,군산시,전북특별자치도 군산시 외항7길 7,,04 환경청·센터 방제장비함
흡착포·흡착재,흡착·중화,유흡착제,10,개,SK넥실리스㈜ 정읍공장 (전북도청 관리),환경청·센터 장비함,전라권역,전북특별자치도,정읍시,전북특별자치도 정읍시 북면 3산단2길 2,,04 환경청·센터 방제장비함
흡착포·흡착재,흡착·중화,화학물질흡착제,2,개,SK넥실리스㈜ 정읍공장 (전북도청 관리),환경청·센터 장비함,전라권역,전북특별자치도,정읍시,전북특별자치도 정읍시 북면 3산단2길 2,,04 환경청·센터 방제장비함
흡착포·흡착재,흡착·중화,흡착포,4800,,고창군 환경위생과,지자체,전라권역,전북특별자치도,고창군,전북 고창군 아산면 인천강변로 201-95,063-560-2881,01 지자체 보유 방재장비
흡착포·흡착재,흡착·중화,흡착포,1000,,군산시 기후환경과,지자체,전라권역,전북특별자치도,군산시,전북 군산시 시청로 17,063-454-3403,01 지자체 보유 방재장비
흡착포·흡착재,흡착·중화,흡착포,1000,,군산시 기후환경과,지자체,전라권역,전북특별자치도,군산시,전북특별자치도 군산시 시청로 17,063-454-3403,02 지자체 보유 방재장비(청·센터별)
흡착포·흡착재,흡착·중화,흡착포,36,,김제시 환경과,지자체,전라권역,전북특별자치도,김제시,전북 김제시 중앙로 40,063-540-3974,01 지자체 보유 방재장비
흡착포·흡착재,흡착·중화,흡착포,41,,남원시 환경과,지자체,전라권역,전북특별자치도,남원시,전북 남원시 시청로 60,063-620-6913,01 지자체 보유 방재장비
흡착포·흡착재,흡착·중화,유흡착제,16,개,도레이첨단소재㈜ 군산공장 (전북도청 관리),환경청·센터 장비함,전라권역,전북특별자치도,군산시,전북특별자치도 군산시 새만금북로 90,,04 환경청·센터 방제장비함
흡착포·흡착재,흡착·중화,화학물질흡착제,8,개,도레이첨단소재㈜ 군산공장 (전북도청 관리),환경청·센터 장비함,전라권역,전북특별자치도,군산시,전북특별자치도 군산시 새만금북로 90,,04 환경청·센터 방제장비함
흡착포·흡착재,흡착·중화,화학물질 흡착포(패드형),14,개,도레이첨단소재㈜ 군산공장 주차장 (전북청 관리),환경청·센터 장비함,전라권역,전북특별자치도,군산시,전북특별자치도 군산시 새만금북로 90,,04 환경청·센터 방제장비함
흡착포·흡착재,흡착·중화,화학물질 흡착포,6,BOX,동전주영업소 (전북청 관리),환경청·센터 장비함,전라권역,전북특별자치도,전주시,전북특별자치도 전주시 덕진구 수곡길 33-50,,04 환경청·센터 방제장비함
흡착포·흡착재,흡착·중화,유류 흡착포,6,BOX,동전주영업소 (전북청 관리),환경청·센터 장비함,전라권역,전북특별자치도,전주시,전북특별자치도 전주시 덕진구 수곡길 33-50,,04 환경청·센터 방제장비함
흡착포·흡착재,흡착·중화,유흡착제,13,개,디와이 이노베이트㈜ (전북도청 관리),환경청·센터 장비함,전라권역,전북특별자치도,익산시,전북특별자치도 익산시 석암로 13길 118,,04 환경청·센터 방제장비함
흡착포·흡착재,흡착·중화,화학물질흡착제,10,개,디와이 이노베이트㈜ (전북도청 관리),환경청·센터 장비함,전라권역,전북특별자치도,익산시,전북특별자치도 익산시 석암로 13길 118,,04 환경청·센터 방제장비함
흡착포·흡착재,흡착·중화,흡착포,6,,무주군 환경과,지자체,전라권역,전북특별자치도,무주군,전북 무주군 무주읍 주계로 97,063-320-2388,01 지자체 보유 방재장비
흡착포·흡착재,흡착·중화,유흡착제,14,개,미원상사㈜ 익산공장 (전북도청 관리),환경청·센터 장비함,전라권역,전북특별자치도,익산시,전북특별자치도 익산시 낭산면 미륵사지로 820-25,,04 환경청·센터 방제장비함
흡착포·흡착재,흡착·중화,화학물질흡착제,2,개,미원상사㈜ 익산공장 (전북도청 관리),환경청·센터 장비함,전라권역,전북특별자치도,익산시,전북특별자치도 익산시 낭산면 미륵사지로 820-25,,04 환경청·센터 방제장비함
흡착포·흡착재,흡착·중화,흡착포,20,,부안군 환경과,지자체,전라권역,전북특별자치도,부안군,전북 부안군 부안읍 당산로 91,063-580-4382,01 지자체 보유 방재장비
흡착포·흡착재,흡착·중화,화학물질 흡착포,6,BOX,북남원영업소 (전북청 관리),환경청·센터 장비함,전라권역,전북특별자치도,남원시,전북특별자치도 남원시 대산면 순천완주고속도로 64,,04 환경청·센터 방제장비함
흡착포·흡착재,흡착·중화,유류 흡착포,6,BOX,북남원영업소 (전북청 관리),환경청·센터 장비함,전라권역,전북특별자치도,남원시,전북특별자치도 남원시 대산면 순천완주고속도로 64,,04 환경청·센터 방제장비함
흡착포·흡착재,흡착·중화,화학물질 흡착포(패드형),30,개,삼양화인테크놀로지㈜(군산2국가산단) (군산시 관리),환경청·센터 장비함,전라권역,전북특별자치도,군산시,전북특별자치도 군산시 자유무역 1길 63,,04 환경청·센터 방제장비함
흡착포·흡착재,흡착·중화,화학물질 흡착포(패드형),30,개,어린이교통공원(군산1국가산단) (군산시 관리),환경청·센터 장비함,전라권역,전북특별자치도,군산시,전북특별자치도 군산시 동장산로 135,,04 환경청·센터 방제장비함
흡착포·흡착재,흡착·중화,화학물질 흡착포,6,BOX,오수휴게소 완주방향(상) (전북청 관리),환경청·센터 장비함,전라권역,전북특별자치도,임실군,전북특별자치도 임실군 오수면 순천완주고속도로 74,,04 환경청·센터 방제장비함
흡착포·흡착재,흡착·중화,유류 흡착포,6,BOX,오수휴게소 완주방향(상) (전북청 관리),환경청·센터 장비함,전라권역,전북특별자치도,임실군,전북특별자치도 임실군 오수면 순천완주고속도로 74,,04 환경청·센터 방제장비함
흡착포·흡착재,흡착·중화,흡착포,5,,완주군 환경위생과,지자체,전라권역,전북특별자치도,완주군,전북 완주군 용진읍 지암로 61,063-290-2692,01 지자체 보유 방재장비
흡착포·흡착재,흡착·중화,화학물질 흡착포(패드형),30,개,이피캠텍㈜ 2공장(새만금산단) (군산시 관리),환경청·센터 장비함,전라권역,전북특별자치도,군산시,전북특별자치도 군산시 새만금산단 2로 358,,04 환경청·센터 방제장비함
흡착포·흡착재,흡착·중화,흡착포,50,,익산시 환경관리과,지자체,전라권역,전북특별자치도,익산시,전북 익산시 인북로32길 1,063-859-5437,01 지자체 보유 방재장비
흡착포·흡착재,흡착·중화,흡착포,50,,익산시 환경관리과,지자체,전라권역,전북특별자치도,익산시,전북특별자치도 익산시 인북로32길 1,063-859-5437,02 지자체 보유 방재장비(청·센터별)
흡착포·흡착재,흡착·중화,흡착포,20,,임실군 환경보호과,지자체,전라권역,전북특별자치도,임실군,전북 임실군 임실읍 수정로 30,063-640-2963,01 지자체 보유 방재장비
흡착포·흡착재,흡착·중화,흡착포,9,,장수군 환경과,지자체,전라권역,전북특별자치도,장수군,전북자치도 장수군 장수읍 호비로 10,063-350-2531,01 지자체 보유 방재장비
흡착포·흡착재,흡착·중화,흡착포,34,,전주시 환경위생과,지자체,전라권역,전북특별자치도,전주시,전라북도 전주시 노송광장로 10,063-281-2531,01 지자체 보유 방재장비
흡착포·흡착재,흡착·중화,흡착포,48,,정읍시 환경정책과,지자체,전라권역,전북특별자치도,정읍시,전북 정읍시 충정로 234,063-539-5713,01 지자체 보유 방재장비
흡착포·흡착재,흡착·중화,화학물질 흡착포,6,BOX,진안 마이산휴게소 익산방향 (전북청 관리),환경청·센터 장비함,전라권역,전북특별자치도,진안군,전북특별자치도 진안군 진안읍 익산장수고속도로 41,,04 환경청·센터 방제장비함
흡착포·흡착재,흡착·중화,유류 흡착포,6,BOX,진안 마이산휴게소 익산방향 (전북청 관리),환경청·센터 장비함,전라권역,전북특별자치도,진안군,전북특별자치도 진안군 진안읍 익산장수고속도로 41,,04 환경청·센터 방제장비함
흡착포·흡착재,흡착·중화,화학물질 흡착포,6,BOX,진안 마이산휴게소 장수방향 (전북청 관리),환경청·센터 장비함,전라권역,전북특별자치도,진안군,전북특별자치도 진안군 진안읍 익산장수고속도로 42,,04 환경청·센터 방제장비함
흡착포·흡착재,흡착·중화,유류 흡착포,6,BOX,진안 마이산휴게소 장수방향 (전북청 관리),환경청·센터 장비함,전라권역,전북특별자치도,진안군,전북특별자치도 진안군 진안읍 익산장수고속도로 42,,04 환경청·센터 방제장비함
흡착포·흡착재,흡착·중화,흡착포,358,,진안군 안전재난과,지자체,전라권역,전북특별자치도,진안군,전북 진안군 진안읍 중앙로 67,063-430-2445,01 지자체 보유 방재장비
흡착포·흡착재,흡착·중화,화학물질 흡착포,6,BOX,춘향휴게소 순천방향(하) (전북청 관리),환경청·센터 장비함,전라권역,전북특별자치도,남원시,전북특별자치도 남원시 수지면 순천완주고속도로 50,,04 환경청·센터 방제장비함
흡착포·흡착재,흡착·중화,유류 흡착포,6,BOX,춘향휴게소 순천방향(하) (전북청 관리),환경청·센터 장비함,전라권역,전북특별자치도,남원시,전북특별자치도 남원시 수지면 순천완주고속도로 50,,04 환경청·센터 방제장비함
흡착포·흡착재,흡착·중화,화학물질 흡착포,6,BOX,한국도로공사 남원지사 (전북청 관리),환경청·센터 장비함,전라권역,전북특별자치도,남원시,전북특별자치도 남원시 충정로 265-19,,04 환경청·센터 방제장비함
흡착포·흡착재,흡착·중화,유류 흡착포,6,BOX,한국도로공사 남원지사 (전북청 관리),환경청·센터 장비함,전라권역,전북특별자치도,남원시,전북특별자치도 남원시 충정로 265-19,,04 환경청·센터 방제장비함
흡착포·흡착재,흡착·중화,유흡착제,19,개,현대자동차㈜ (전북도청 관리),환경청·센터 장비함,전라권역,전북특별자치도,완주군,전북특별자치도 완주군 봉동읍 완주산단5로 164,,04 환경청·센터 방제장비함
흡착포·흡착재,흡착·중화,화학물질흡착제,7,개,현대자동차㈜ (전북도청 관리),환경청·센터 장비함,전라권역,전북특별자치도,완주군,전북특별자치도 완주군 봉동읍 완주산단5로 169,,04 환경청·센터 방제장비함
흡착포·흡착재,흡착·중화,흡착포,3,,- 동물위생시험소,지자체,전라권역,제주특별자치도,-,제주시 조천읍 번영로 941,064-710-8572,01 지자체 보유 방재장비
흡착포·흡착재,흡착·중화,흡착포,8290,,- 사회재난과,지자체,전라권역,제주특별자치도,-,제주시 조천읍 함와로 296,064-710-3633,01 지자체 보유 방재장비
흡착포·흡착재,흡착·중화,흡착포,70,,서귀포시 생활환경과,지자체,전라권역,제주특별자치도,서귀포시,서귀포시 산록남로 1241번길 163,064-760-3783,01 지자체 보유 방재장비
흡착포·흡착재,흡착·중화,흡착포,500,,서귀포시 예래동,지자체,전라권역,제주특별자치도,서귀포시,제주 서귀포시 예래로 67 (상예동),064-760-4855,01 지자체 보유 방재장비
흡착포·흡착재,흡착·중화,흡착포,8,,제주시 119특수대응단,지자체,전라권역,제주특별자치도,제주시,산천단동길 24,064-710-3506,01 지자체 보유 방재장비
흡착포·흡착재,흡착·중화,흡착포,146,,제주시 건입동,지자체,전라권역,제주특별자치도,제주시,제주시 만덕로 18(건입동),064-728-4669,01 지자체 보유 방재장비
흡착포·흡착재,흡착·중화,흡착포,1,,제주시 연동,지자체,전라권역,제주특별자치도,제주시,제주시 연동 신대로 101,064-728-4835,01 지자체 보유 방재장비
흡착포·흡착재,흡착·중화,유흡착재(매트형) 10kg/Box,125,Box,한국환경공단 수질오염방제센터 금강센터,국가기관 비축,충청권역,,,,,09 한국환경공단 수질오염방제센터
흡착포·흡착재,흡착·중화,유흡착재(매트형) 5kg/Box,31,Box,한국환경공단 수질오염방제센터 금강센터,국가기관 비축,충청권역,,,,,09 한국환경공단 수질오염방제센터
흡착포·흡착재,흡착·중화,유흡착제(롤형) 10kg/Box,102,Box,한국환경공단 수질오염방제센터 금강센터,국가기관 비축,충청권역,,,,,09 한국환경공단 수질오염방제센터
흡착포·흡착재,흡착·중화,유흡착제(롤형) 5kg/Box,53,Box,한국환경공단 수질오염방제센터 금강센터,국가기관 비축,충청권역,,,,,09 한국환경공단 수질오염방제센터
흡착포·흡착재,흡착·중화,필로우,2,개,한국환경공단 수질오염방제센터 금강센터,국가기관 비축,충청권역,,,,,09 한국환경공단 수질오염방제센터
흡착포·흡착재,흡착·중화,케미컬흡착재(패드형),14,Box,한국환경공단 수질오염방제센터 금강센터,국가기관 비축,충청권역,,,,,09 한국환경공단 수질오염방제센터
흡착포·흡착재,흡착·중화,케미컬흡착재(필로우형),18,Box,한국환경공단 수질오염방제센터 금강센터,국가기관 비축,충청권역,,,,,09 한국환경공단 수질오염방제센터
흡착포·흡착재,흡착·중화,흡착포,8,,- 상수도사업본부 월평정수사업소,지자체,충청권역,대전광역시,-,대전광역시 서구 신갈마로141번길 82,042-715-6412,01 지자체 보유 방재장비
흡착포·흡착재,흡착·중화,흡착포,3,,- 생태하천과,지자체,충청권역,대전광역시,-,대전광역시 서구 둔산로 100,042-270-5672,01 지자체 보유 방재장비
흡착포·흡착재,흡착·중화,흡착포,45,,대덕구 중리동,지자체,충청권역,대전광역시,대덕구,대전광역시 대덕구 대덕구 중리남로47,042-608-5725,01 지자체 보유 방재장비
흡착포·흡착재,흡착·중화,흡착포,33,,대덕구 환경과,지자체,충청권역,대전광역시,대덕구,대전광역시 대덕구 대전로1033번길 20,042-608-6865,01 지자체 보유 방재장비
흡착포·흡착재,흡착·중화,흡착포,140,,대덕구 회덕동,지자체,충청권역,대전광역시,대덕구,대전광역시 대덕구 대전로 1376,042-608-5667,01 지자체 보유 방재장비
흡착포·흡착재,흡착·중화,흡착포,11,,동구 환경과,지자체,충청권역,대전광역시,동구,대전광역시 동구 가오동 425,042-251-4546,01 지자체 보유 방재장비
흡착포·흡착재,흡착·중화,흡착포,27,,서구 기후환경과,지자체,충청권역,대전광역시,서구,대전광역시 서구 둔산서로 100,042-288-3513,01 지자체 보유 방재장비
흡착포·흡착재,흡착·중화,흡착포,13,,유성구 푸른환경과,지자체,충청권역,대전광역시,유성구,대전광역시 유성구 대학로 211,042-611-2309,01 지자체 보유 방재장비
흡착포·흡착재,흡착·중화,흡착포,100,,중구 기후환경과,지자체,충청권역,대전광역시,중구,대전광역시 중구 중앙로 100,042-606-7302,01 지자체 보유 방재장비
흡착포·흡착재,흡착·중화,흡착포,2,,세종특별자치시 환경정책과,지자체,충청권역,세종특별자치시,,"세종특별자치시 호려울로 19, 스마트허브Ⅲ (보람동)",044-300-4242,01 지자체 보유 방재장비
흡착포·흡착재,흡착·중화,흡착포,58,,계룡시 환경위생과,지자체,충청권역,충청남도,계룡시,충청남도 계룡시 장안로 46,042-840-2472,01 지자체 보유 방재장비
흡착포·흡착재,흡착·중화,흡착포,59,,공주시 환경보호과,지자체,충청권역,충청남도,공주시,충청남도 공주시 봉황로 1,041-840-8549,01 지자체 보유 방재장비
흡착포·흡착재,흡착·중화,흡착포,50,,금산군 환경위생과,지자체,충청권역,충청남도,금산군,충청남도 금산군 금산읍 군청길 13,041-750-2512,01 지자체 보유 방재장비
흡착포·흡착재,흡착·중화,화학물질 흡착포(필로우형),3,box,남공주영업소 (금강청 관리),환경청·센터 장비함,충청권역,충청남도,공주시,충남 공주시 논산천안고속도로 40,,04 환경청·센터 방제장비함
흡착포·흡착재,흡착·중화,화학물질 흡착포(패드형),5,box,남공주영업소 (금강청 관리),환경청·센터 장비함,충청권역,충청남도,공주시,충남 공주시 논산천안고속도로 40,,04 환경청·센터 방제장비함
흡착포·흡착재,흡착·중화,유류흡착포,2,box,남공주영업소 (금강청 관리),환경청·센터 장비함,충청권역,충청남도,공주시,충남 공주시 논산천안고속도로 40,,04 환경청·센터 방제장비함
흡착포·흡착재,흡착·중화,톱밥(40kg pp포대),10,ea,남공주영업소 (금강청 관리),환경청·센터 장비함,충청권역,충청남도,공주시,충남 공주시 논산천안고속도로 40,,04 환경청·센터 방제장비함
흡착포·흡착재,흡착·중화,흡착포,27,,논산시 환경과,지자체,충청권역,충청남도,논산시,충청남도 논산시 시민로210번길 9,041-746-5523,01 지자체 보유 방재장비
흡착포·흡착재,흡착·중화,흡착포,10,,당진시 환경관리사업소,지자체,충청권역,충청남도,당진시,충청남도 당진시 시청1로 1,041-360-6761,01 지자체 보유 방재장비
흡착포·흡착재,흡착·중화,흡착포,10,,당진시 환경관리사업소,지자체,충청권역,충청남도,당진시,충청남도 당진시 시청1로 1,041-360-6761,02 지자체 보유 방재장비(청·센터별)
흡착포·흡착재,흡착·중화,화학물질 흡착포(필로우형),5,box,당진영업소 (금강청 관리),환경청·센터 장비함,충청권역,충청남도,당진시,충남 당진시 송압읍 반촌로 224,,04 환경청·센터 방제장비함
흡착포·흡착재,흡착·중화,화학물질 흡착포(패드형),5,box,당진영업소 (금강청 관리),환경청·센터 장비함,충청권역,충청남도,당진시,충남 당진시 송압읍 반촌로 224,,04 환경청·센터 방제장비함
흡착포·흡착재,흡착·중화,유류흡착포,2,box,당진영업소 (금강청 관리),환경청·센터 장비함,충청권역,충청남도,당진시,충남 당진시 송압읍 반촌로 224,,04 환경청·센터 방제장비함
흡착포·흡착재,흡착·중화,흡착포,80,,보령시 기후환경과,지자체,충청권역,충청남도,보령시,충청남도 보령시 성주산로 77,041-930-3677,01 지자체 보유 방재장비
흡착포·흡착재,흡착·중화,흡착포,80,,보령시 기후환경과,지자체,충청권역,충청남도,보령시,충청남도 보령시 성주산로 77,041-930-3677,02 지자체 보유 방재장비(청·센터별)
흡착포·흡착재,흡착·중화,화학물질흡착포(패드형),5,box,부여 은산산단 (금강청 관리),환경청·센터 장비함,충청권역,충청남도,서천군,충남 서천군 장항읍 옥남리 1077,,04 환경청·센터 방제장비함
흡착포·흡착재,흡착·중화,화학물질흡착포(필로우형),5,box,부여 은산산단 (금강청 관리),환경청·센터 장비함,충청권역,충청남도,서천군,충남 서천군 장항읍 옥남리 1077,,04 환경청·센터 방제장비함
흡착포·흡착재,흡착·중화,유흡착제,10,box,부여 은산산단 (금강청 관리),환경청·센터 장비함,충청권역,충청남도,서천군,충남 서천군 장항읍 옥남리 1077,,04 환경청·센터 방제장비함
흡착포·흡착재,흡착·중화,톱밥(40kg pp포대),10,포,부여 은산산단 (금강청 관리),환경청·센터 장비함,충청권역,충청남도,서천군,충남 서천군 장항읍 옥남리 1077,,04 환경청·센터 방제장비함
흡착포·흡착재,흡착·중화,흡착포,9,,부여군 환경과,지자체,충청권역,충청남도,부여군,충청남도 부여군 부여읍 사비로 33,041-830-2299,01 지자체 보유 방재장비
흡착포·흡착재,흡착·중화,화학물질흡착포(필로우형),5,box,북천안영업소 (금강청 관리),환경청·센터 장비함,충청권역,충청남도,천안시,충남 천안시 서북구 성거읍 도토성길 146,,04 환경청·센터 방제장비함
흡착포·흡착재,흡착·중화,화학물질흡착포(패드형),5,box,북천안영업소 (금강청 관리),환경청·센터 장비함,충청권역,충청남도,천안시,충남 천안시 서북구 성거읍 도토성길 146,,04 환경청·센터 방제장비함
흡착포·흡착재,흡착·중화,유흡착제,10,box,북천안영업소 (금강청 관리),환경청·센터 장비함,충청권역,충청남도,천안시,충남 천안시 서북구 성거읍 도토성길 146,,04 환경청·센터 방제장비함
흡착포·흡착재,흡착·중화,톱밥(40kg pp포대),10,포,북천안영업소 (금강청 관리),환경청·센터 장비함,충청권역,충청남도,천안시,충남 천안시 서북구 성거읍 도토성길 146,,04 환경청·센터 방제장비함
흡착포·흡착재,흡착·중화,흡착포,5,,서산시 기후환경대기과,지자체,충청권역,충청남도,서산시,충청남도 서산시 고운로 177,041-661-8278,01 지자체 보유 방재장비
흡착포·흡착재,흡착·중화,흡착포,5,,서산시 기후환경대기과,지자체,충청권역,충청남도,서산시,충청남도 서산시 고운로 177,041-661-8278,02 지자체 보유 방재장비(청·센터별)
흡착포·흡착재,흡착·중화,화학물질흡착포(패드형),5,box,서천 장항산단 (금강청 관리),환경청·센터 장비함,충청권역,충청남도,서천군,충남 서천군 장항읍 옥남리 1077,,04 환경청·센터 방제장비함
흡착포·흡착재,흡착·중화,화학물질흡착포(필로우형),5,box,서천 장항산단 (금강청 관리),환경청·센터 장비함,충청권역,충청남도,서천군,충남 서천군 장항읍 옥남리 1077,,04 환경청·센터 방제장비함
흡착포·흡착재,흡착·중화,유흡착제,10,box,서천 장항산단 (금강청 관리),환경청·센터 장비함,충청권역,충청남도,서천군,충남 서천군 장항읍 옥남리 1077,,04 환경청·센터 방제장비함
흡착포·흡착재,흡착·중화,톱밥(40kg pp포대),10,포,서천 장항산단 (금강청 관리),환경청·센터 장비함,충청권역,충청남도,서천군,충남 서천군 장항읍 옥남리 1077,,04 환경청·센터 방제장비함
흡착포·흡착재,흡착·중화,흡착포,10,,서천군 환경보호과,지자체,충청권역,충청남도,서천군,충청남도 서천군 서천읍 서림로 19,041-950-4332,01 지자체 보유 방재장비
흡착포·흡착재,흡착·중화,흡착포,10,,서천군 환경보호과,지자체,충청권역,충청남도,서천군,충청남도 서천군 서천읍 서림로 19,041-950-4332,02 지자체 보유 방재장비(청·센터별)
흡착포·흡착재,흡착·중화,흡착포,20,,아산시 환경보전과,지자체,충청권역,충청남도,아산시,충청남도 아산시 시민로 456,041-540-2440,01 지자체 보유 방재장비
흡착포·흡착재,흡착·중화,흡착포,20,,아산시 환경보전과,지자체,충청권역,충청남도,아산시,충청남도 아산시 시민로 456,041-540-2440,02 지자체 보유 방재장비(청·센터별)
흡착포·흡착재,흡착·중화,화학물질흡착포(패드형),5,box,천안 제5산단 (금강청 관리),환경청·센터 장비함,충청권역,충청남도,천안시,충남 천안시 동남구 성남면 대화리 377,,04 환경청·센터 방제장비함
흡착포·흡착재,흡착·중화,화학물질흡착포(필로우형),5,box,천안 제5산단 (금강청 관리),환경청·센터 장비함,충청권역,충청남도,천안시,충남 천안시 동남구 성남면 대화리 377,,04 환경청·센터 방제장비함
흡착포·흡착재,흡착·중화,유흡착제,10,box,천안 제5산단 (금강청 관리),환경청·센터 장비함,충청권역,충청남도,천안시,충남 천안시 동남구 성남면 대화리 377,,04 환경청·센터 방제장비함
흡착포·흡착재,흡착·중화,톱밥(40kg pp포대),10,포,천안 제5산단 (금강청 관리),환경청·센터 장비함,충청권역,충청남도,천안시,충남 천안시 동남구 성남면 대화리 377,,04 환경청·센터 방제장비함
흡착포·흡착재,흡착·중화,흡착포,9,,천안시 환경정책과,지자체,충청권역,충청남도,천안시,천안시 서북구 번영로 156,041-521-5437,01 지자체 보유 방재장비
흡착포·흡착재,흡착·중화,흡착포,10,,청양군 환경정책과,지자체,충청권역,충청남도,청양군,충청남도 청양군 청양읍 문화예술로 222,041-940-4825,01 지자체 보유 방재장비
흡착포·흡착재,흡착·중화,흡착포,10,,청양군 환경정책과,지자체,충청권역,충청남도,청양군,충청남도 청양군 청양읍 문화예술로 222,041-940-4825,02 지자체 보유 방재장비(청·센터별)
흡착포·흡착재,흡착·중화,흡착포,15,,충청남도 119특수대응단,지자체,충청권역,충청남도,아산시,충청남도 아산시 염치읍 은행나무길223,041-590-6433,01 지자체 보유 방재장비
흡착포·흡착재,흡착·중화,흡착포,750,,충청남도 계룡소방서,지자체,충청권역,충청남도,계룡시,충청남도 계룡시 문화로 32,042-540-0311,01 지자체 보유 방재장비
흡착포·흡착재,흡착·중화,흡착포,111,,충청남도 공주소방서,지자체,충청권역,충청남도,공주시,충청남도 공주시 무령로 55,041-851-0313,01 지자체 보유 방재장비
흡착포·흡착재,흡착·중화,흡착포,11,,충청남도 금산소방서,지자체,충청권역,충청남도,금산군,충청남도 금산군 삼풍로 2,041-750-1312,01 지자체 보유 방재장비
흡착포·흡착재,흡착·중화,흡착포,100,,충청남도 논산소방서,지자체,충청권역,충청남도,논산시,충청남도 논산시 대학로 17,041-730-0313,01 지자체 보유 방재장비
흡착포·흡착재,흡착·중화,흡착포,7200,,충청남도 당진소방서,지자체,충청권역,충청남도,당진시,충청남도 당진시 역천로 838,041-350-5313,01 지자체 보유 방재장비
흡착포·흡착재,흡착·중화,흡착포,100,,충청남도 보령소방서,지자체,충청권역,충청남도,보령시,충청남도 보령시 성주산로 63,041-930-0311,01 지자체 보유 방재장비
흡착포·흡착재,흡착·중화,흡착포,600,,충청남도 부여소방서,지자체,충청권역,충청남도,부여군,충청남도 부여군 규암면 계백로 17,041-830-0311,01 지자체 보유 방재장비
흡착포·흡착재,흡착·중화,흡착포,13380,,충청남도 사회재난과,지자체,충청권역,충청남도,홍성군,충청남도 홍성군 홍북읍 충남대로 21,041-635-2373,01 지자체 보유 방재장비
흡착포·흡착재,흡착·중화,흡착포,10,,충청남도 서산소방서,지자체,충청권역,충청남도,서산시,충청남도 서산시 호수공원14로 26-4,041-689-0311,01 지자체 보유 방재장비
흡착포·흡착재,흡착·중화,흡착포,10,,충청남도 서천소방서,지자체,충청권역,충청남도,서천군,충청남도 서천군 장항읍 장항로 37,041-955-0313,01 지자체 보유 방재장비
흡착포·흡착재,흡착·중화,흡착포,7000,,충청남도 아산소방서,지자체,충청권역,충청남도,아산시,충청남도 아산시 모종로 77,041-538-0311,01 지자체 보유 방재장비
흡착포·흡착재,흡착·중화,흡착포,18,,충청남도 예산소방서,지자체,충청권역,충청남도,예산군,충청남도 예산군 오가면 오가중앙로111,041-330-4312,01 지자체 보유 방재장비
흡착포·흡착재,흡착·중화,흡착포,12,,충청남도 천안동남소방서,지자체,충청권역,충청남도,천안시,충청남도 천안시 동남구 천안대로 580,041-570-0313,01 지자체 보유 방재장비
흡착포·흡착재,흡착·중화,흡착포,1900,,충청남도 천안서북소방서,지자체,충청권역,충청남도,천안시,충청남도 천안시 서북구 4산단2길 32,041-360-0313,01 지자체 보유 방재장비
흡착포·흡착재,흡착·중화,흡착포,10,,충청남도 청양소방서,지자체,충청권역,충청남도,청양군,충청남도 청양군 청양읍 충절로 1187,041-940-7312,01 지자체 보유 방재장비
흡착포·흡착재,흡착·중화,흡착포,380,,충청남도 태안소방서,지자체,충청권역,충청남도,태안군,충청남도 태안군 태안읍 동백로 100,041-671-0311,01 지자체 보유 방재장비
흡착포·흡착재,흡착·중화,흡착포,29,,충청남도 홍성소방서,지자체,충청권역,충청남도,홍성군,충청남도 홍성군 홍성읍 충절로 741,041-630-0312,01 지자체 보유 방재장비
흡착포·흡착재,흡착·중화,흡착포,2450,,충청남도 환경관리과,지자체,충청권역,충청남도,홍성군,충청남도 홍성군 홍북읍 충남대로 22,041-635-6909,01 지자체 보유 방재장비
흡착포·흡착재,흡착·중화,흡착포,45,,홍성군 환경과,지자체,충청권역,충청남도,홍성군,충청남도 홍성군 홍성읍 아문길 27,041-630-1767,01 지자체 보유 방재장비
흡착포·흡착재,흡착·중화,흡착포,45,,홍성군 환경과,지자체,충청권역,충청남도,홍성군,충청남도 홍성군 홍성읍 아문길 27,041-630-1767,02 지자체 보유 방재장비(청·센터별)
흡착포·흡착재,흡착·중화,흡착포,13,,괴산군 환경과,지자체,충청권역,충청북도,괴산군,충북 괴산군 괴산읍 임꺽정로90,043-830-3623,01 지자체 보유 방재장비
흡착포·흡착재,흡착·중화,흡착포,13,,괴산군 환경과,지자체,충청권역,충청북도,괴산군,충청북도 괴산군 괴산읍 임꺽정로90,043-830-3623,02 지자체 보유 방재장비(청·센터별)
흡착포·흡착재,흡착·중화,흡착포,43,,단양군 환경과,지자체,충청권역,충청북도,단양군,충북 단양군 단양읍 중앙1로 10,043-420-2664,01 지자체 보유 방재장비
흡착포·흡착재,흡착·중화,흡착포,43,,단양군 환경과,지자체,충청권역,충청북도,단양군,충청북도 단양군 단양읍 중앙1로 10,043-420-2664,02 지자체 보유 방재장비(청·센터별)
흡착포·흡착재,흡착·중화,흡착포,19,,보은군 환경위생과,지자체,충청권역,충청북도,보은군,충북 보은군 보은읍 군청길 38,043-540-3532,01 지자체 보유 방재장비
흡착포·흡착재,흡착·중화,화학물질 흡착포(필로우형),5,box,서오창영업소 (금강청 관리),환경청·센터 장비함,충청권역,충청북도,청주시,충북 청주시 청원구 오창읍 두릉유리로 726-60,,04 환경청·센터 방제장비함
흡착포·흡착재,흡착·중화,화학물질 흡착포(패드형),3,box,서오창영업소 (금강청 관리),환경청·센터 장비함,충청권역,충청북도,청주시,충북 청주시 청원구 오창읍 두릉유리로 726-60,,04 환경청·센터 방제장비함
흡착포·흡착재,흡착·중화,유류흡착포,5,box,서오창영업소 (금강청 관리),환경청·센터 장비함,충청권역,충청북도,청주시,충북 청주시 청원구 오창읍 두릉유리로 726-60,,04 환경청·센터 방제장비함
흡착포·흡착재,흡착·중화,톱밥(40kg pp포대),10,ea,서오창영업소 (금강청 관리),환경청·센터 장비함,충청권역,충청북도,청주시,충북 청주시 청원구 오창읍 두릉유리로 726-60,,04 환경청·센터 방제장비함
흡착포·흡착재,흡착·중화,흡착포,35,,영동군 환경과,지자체,충청권역,충청북도,영동군,충북 영동군 영동읍 동정로 1,043-740-3428,01 지자체 보유 방재장비
흡착포·흡착재,흡착·중화,흡착포,8,,옥천군 상하수도사업소,지자체,충청권역,충청북도,옥천군,충북 옥천군 옥천읍 동부로 15,043-730-4855,01 지자체 보유 방재장비
흡착포·흡착재,흡착·중화,흡착포,30,,옥천군 환경과,지자체,충청권역,충청북도,옥천군,충북 옥천군 옥천읍 중앙로 99,043-730-3443,01 지자체 보유 방재장비
흡착포·흡착재,흡착·중화,흡착포,10,,음성군 음성읍,지자체,충청권역,충청북도,음성군,충북 음성군 음성읍 신천리 1475,043-871-2535,01 지자체 보유 방재장비
흡착포·흡착재,흡착·중화,흡착포,10,,음성군 음성읍,지자체,충청권역,충청북도,음성군,음성군 음성읍 신천리 1475,043-871-2535,02 지자체 보유 방재장비(청·센터별)
흡착포·흡착재,흡착·중화,흡착포,70,,음성군 재난안전과,지자체,충청권역,충청북도,음성군,충북 음성군 음성읍 중앙로 173,043-871-3262,01 지자체 보유 방재장비
흡착포·흡착재,흡착·중화,흡착포,70,,음성군 재난안전과,지자체,충청권역,충청북도,음성군,음성군 음성읍 중앙로 173,043-871-3262,02 지자체 보유 방재장비(청·센터별)
흡착포·흡착재,흡착·중화,흡착포,16,,음성군 환경과,지자체,충청권역,충청북도,음성군,충북 음성군 음성읍 문화1길 15,043-871-3815,01 지자체 보유 방재장비
흡착포·흡착재,흡착·중화,흡착포,16,,음성군 환경과,지자체,충청권역,충청북도,음성군,음성군 음성읍 문화1길 15,043-871-3815,02 지자체 보유 방재장비(청·센터별)
흡착포·흡착재,흡착·중화,흡착포,29,,제천시 자연환경과,지자체,충청권역,충청북도,제천시,충북 제천시 내토로 295,043-641-6392,01 지자체 보유 방재장비
흡착포·흡착재,흡착·중화,흡착포,29,,제천시 자연환경과,지자체,충청권역,충청북도,제천시,충청북도 제천시 내토로 295,043-641-6392,02 지자체 보유 방재장비(청·센터별)
흡착포·흡착재,흡착·중화,흡착포,25,,증평군 환경위생과,지자체,충청권역,충청북도,증평군,충북 증평군 증평읍 광장로 88,043-835-3623,01 지자체 보유 방재장비
흡착포·흡착재,흡착·중화,흡착포,20,,진천군 환경과,지자체,충청권역,충청북도,진천군,충북 진천군 진천읍 상산로 13,043-539-3454,01 지자체 보유 방재장비
흡착포·흡착재,흡착·중화,화학물질 흡착포(필로우형),3,box,청주 ic (금강청 관리),환경청·센터 장비함,충청권역,충청북도,청주시,충북 청주시 흥덕구 비하동 492-1,,04 환경청·센터 방제장비함
흡착포·흡착재,흡착·중화,화학물질 흡착포(패드형),6,box,청주 ic (금강청 관리),환경청·센터 장비함,충청권역,충청북도,청주시,충북 청주시 흥덕구 비하동 492-1,,04 환경청·센터 방제장비함
흡착포·흡착재,흡착·중화,유류흡착포,2,box,청주 ic (금강청 관리),환경청·센터 장비함,충청권역,충청북도,청주시,충북 청주시 흥덕구 비하동 492-1,,04 환경청·센터 방제장비함
흡착포·흡착재,흡착·중화,톱밥(40kg pp포대),10,포,청주 ic (금강청 관리),환경청·센터 장비함,충청권역,충청북도,청주시,충북 청주시 흥덕구 비하동 492-1,,04 환경청·센터 방제장비함
흡착포·흡착재,흡착·중화,유기용제 흡착제,10,포,청주 ic (금강청 관리),환경청·센터 장비함,충청권역,충청북도,청주시,충북 청주시 흥덕구 비하동 492-1,,04 환경청·센터 방제장비함
흡착포·흡착재,흡착·중화,흡착포,4,,충주시 대기환경과,지자체,충청권역,충청북도,충주시,충북 충주시 으뜸로 21,043-850-3673,01 지자체 보유 방재장비
흡착포·흡착재,흡착·중화,흡착포,4,,충주시 대기환경과,지자체,충청권역,충청북도,충주시,충청북도 충주시 으뜸로 21,043-850-3673,02 지자체 보유 방재장비(청·센터별)
굴착기·중장비,차량·중장비,굴착기,1,,고성군 환경과,지자체,강원권역,강원특별자치도,고성군,강원 고성군 죽왕면 짱고개길 253,033-680-3982,01 지자체 보유 방재장비
굴착기·중장비,차량·중장비,굴착기,1,,고성군 환경과,지자체,강원권역,강원특별자치도,고성군,강원 고성군 죽왕면 짱고개길 253,033-680-3823,01 지자체 보유 방재장비
굴착기·중장비,차량·중장비,굴착기,1,,동해시 환경과,지자체,강원권역,강원특별자치도,동해시,강원 동해시 천곡로 77,033-530-2366,01 지자체 보유 방재장비
굴착기·중장비,차량·중장비,굴착기,2,,속초시 친환경과,지자체,강원권역,강원특별자치도,속초시,강원 속초시 중앙로 183,033-639-1578,01 지자체 보유 방재장비
굴착기·중장비,차량·중장비,굴착기,1,,양양군 환경과,지자체,강원권역,강원특별자치도,양양군,강원 양양군 양양읍 군청길 1,033-670-2182,01 지자체 보유 방재장비
굴착기·중장비,차량·중장비,스키드로더,1,,양양군 환경과,지자체,강원권역,강원특별자치도,양양군,강원 양양군 양양읍 군청길 1,033-670-2182,01 지자체 보유 방재장비
굴착기·중장비,차량·중장비,굴착기,4,,인제군 환경보호과,지자체,강원권역,강원특별자치도,인제군,강원 인제군 인제읍 인제로187번길 8,033-460-4453,01 지자체 보유 방재장비
굴착기·중장비,차량·중장비,스키드로더,1,,인제군 환경보호과,지자체,강원권역,강원특별자치도,인제군,강원 인제군 인제읍 인제로187번길 8,033-460-4453,01 지자체 보유 방재장비
굴착기·중장비,차량·중장비,굴착기,1,,정선군 환경과,지자체,강원권역,강원특별자치도,정선군,강원 정선군 정선읍 봉양3길 21,033-560-2354,01 지자체 보유 방재장비
굴착기·중장비,차량·중장비,스키드로더,1,,춘천시 자원순환과,지자체,강원권역,강원특별자치도,춘천시,강원 춘천시 시청길11,033-250-3127,01 지자체 보유 방재장비
굴착기·중장비,차량·중장비,굴착기,2,,태백시 환경과,지자체,강원권역,강원특별자치도,태백시,강원 태백시 태붐로 21,033-550-3974,01 지자체 보유 방재장비
굴착기·중장비,차량·중장비,스키드로더,1,,태백시 환경과,지자체,강원권역,강원특별자치도,태백시,강원 태백시 태붐로 21,033-550-3974,01 지자체 보유 방재장비
굴착기·중장비,차량·중장비,굴착기,58,,거제시 기후환경과,지자체,경상권역,경상남도,거제시,경상남도 거제시 계룡로 125(고현동) 거제시청,055-639-3933,01 지자체 보유 방재장비
굴착기·중장비,차량·중장비,스키드로더,2,,거제시 기후환경과,지자체,경상권역,경상남도,거제시,경상남도 거제시 계룡로 125(고현동) 거제시청,055-639-3933,01 지자체 보유 방재장비
굴착기·중장비,차량·중장비,굴착기,2,,남해군 환경과,지자체,경상권역,경상남도,남해군,경상남도 남해군 남해읍 에코파크길 65-10,055-860-3273,01 지자체 보유 방재장비
굴착기·중장비,차량·중장비,스키드로더,2,,남해군 환경과,지자체,경상권역,경상남도,남해군,경상남도 남해군 남해읍 에코파크길 65-10,055-860-3273,01 지자체 보유 방재장비
굴착기·중장비,차량·중장비,굴착기,2,,남해군 환경과,지자체,경상권역,경상남도,남해군,경상남도 남해군 남해읍 에코파크길 65-10,055-860-3273,02 지자체 보유 방재장비(청·센터별)
굴착기·중장비,차량·중장비,스키드로더,2,,남해군 환경과,지자체,경상권역,경상남도,남해군,경상남도 남해군 남해읍 에코파크길 65-10,055-860-3273,02 지자체 보유 방재장비(청·센터별)
굴착기·중장비,차량·중장비,굴착기,4,,사천시 환경보호과,지자체,경상권역,경상남도,사천시,사천시 용현면 시청로 77,055-831-2777,01 지자체 보유 방재장비
굴착기·중장비,차량·중장비,굴착기,2,,산청군 환경위생과,지자체,경상권역,경상남도,산청군,경상남도 산청군 산청읍 산엔청로 1,055-970-7122,01 지자체 보유 방재장비
굴착기·중장비,차량·중장비,굴착기,4,,진주시 기후환경과,지자체,경상권역,경상남도,진주시,경상남도 진주시 동진로 155,055-749-8655,01 지자체 보유 방재장비
굴착기·중장비,차량·중장비,스키드로더,3,,진주시 기후환경과,지자체,경상권역,경상남도,진주시,경상남도 진주시 동진로 155,055-749-8655,01 지자체 보유 방재장비
굴착기·중장비,차량·중장비,불도저,4,대,한국남동발전㈜ 하동발전본부,사업장,경상권역,경상남도,하동군,경상남도 하동군 금성면 경제산업로 509,070-7713-1294,05 사업장 보유 방제물품(화학안전공동체)
굴착기·중장비,차량·중장비,로더,2,대,한국남동발전㈜ 하동발전본부,사업장,경상권역,경상남도,하동군,경상남도 하동군 금성면 경제산업로 509,070-7713-1294,05 사업장 보유 방제물품(화학안전공동체)
굴착기·중장비,차량·중장비,굴삭기,1,대,한국남동발전㈜ 하동발전본부,사업장,경상권역,경상남도,하동군,경상남도 하동군 금성면 경제산업로 509,070-7713-1294,05 사업장 보유 방제물품(화학안전공동체)
굴착기·중장비,차량·중장비,굴착기,1,,함안군 환경과,지자체,경상권역,경상남도,함안군,경상남도 함안군 가야읍 말산로 1,055-580-2423,01 지자체 보유 방재장비
굴착기·중장비,차량·중장비,굴착기,7,,경산시 환경과,지자체,경상권역,경상북도,경산시,경상북도 경산시 남매로 159,053-810-5476,01 지자체 보유 방재장비
굴착기·중장비,차량·중장비,굴착기,2,,구미시 자원순환과,지자체,경상권역,경상북도,구미시,경상북도 구미시 산동읍 송백로 497,054-480-5235,01 지자체 보유 방재장비
굴착기·중장비,차량·중장비,굴착기,2,,구미시 자원순환과,지자체,경상권역,경상북도,구미시,경상북도 구미시 산동읍 송백로 497,054-480-5235,02 지자체 보유 방재장비(청·센터별)
굴착기·중장비,차량·중장비,굴착기,1,,김천시 환경위생과,지자체,경상권역,경상북도,김천시,김천시 시청1길 1,054-420-6681,01 지자체 보유 방재장비
굴착기·중장비,차량·중장비,굴착기,3,,김천시 환경위생과,지자체,경상권역,경상북도,김천시,경상북도 김천시 시청1길 1,054-420-6681,02 지자체 보유 방재장비(청·센터별)
굴착기·중장비,차량·중장비,굴착기,2,,문경시 환경보호과,지자체,경상권역,경상북도,문경시,경상북도 문경시 당교로 225,054-550-6501,02 지자체 보유 방재장비(청·센터별)
굴착기·중장비,차량·중장비,굴착기,1,,문경시 환경보호과,지자체,경상권역,경상북도,문경시,경상북도 문경시 당교로 226,054-550-6502,02 지자체 보유 방재장비(청·센터별)
굴착기·중장비,차량·중장비,굴착기,1,,봉화군 녹색환경과,지자체,경상권역,경상북도,봉화군,경북 봉화군 봉화읍 봉화로 1111,054-679-6403,01 지자체 보유 방재장비
굴착기·중장비,차량·중장비,스키드로더,1,,봉화군 녹색환경과,지자체,경상권역,경상북도,봉화군,경북 봉화군 봉화읍 봉화로 1111,054-679-6403,01 지자체 보유 방재장비
굴착기·중장비,차량·중장비,굴착기,2,,상주시 환경관리과,지자체,경상권역,경상북도,상주시,경북 상주시 상산로 223,054-537-7357,01 지자체 보유 방재장비
굴착기·중장비,차량·중장비,스키드로더,1,,상주시 환경관리과,지자체,경상권역,경상북도,상주시,경북 상주시 상산로 223,054-537-7357,01 지자체 보유 방재장비
굴착기·중장비,차량·중장비,굴착기,2,,상주시 환경관리과,지자체,경상권역,경상북도,상주시,경북 상주시 상산로 223,054-537-7357,02 지자체 보유 방재장비(청·센터별)
굴착기·중장비,차량·중장비,스키드로더,1,,상주시 환경관리과,지자체,경상권역,경상북도,상주시,경북 상주시 상산로 223,054-537-7357,02 지자체 보유 방재장비(청·센터별)
굴착기·중장비,차량·중장비,굴착기,1,,성주군 자원순환사업소,지자체,경상권역,경상북도,성주군,경북 성주군 성주읍 삼산3길 73,054-930-6195,01 지자체 보유 방재장비
굴착기·중장비,차량·중장비,굴착기,1,,성주군 자원순환사업소,지자체,경상권역,경상북도,성주군,경북 성주군 성주읍 삼산3길 73,054-930-6195,02 지자체 보유 방재장비(청·센터별)
굴착기·중장비,차량·중장비,굴착기,3,,안동시 건설과,지자체,경상권역,경상북도,안동시,경상북도 안동시 퇴계로 115,054-840-6848,01 지자체 보유 방재장비
굴착기·중장비,차량·중장비,스키드로더,1,,안동시 건설과,지자체,경상권역,경상북도,안동시,경상북도 안동시 퇴계로 115,054-840-6848,01 지자체 보유 방재장비
굴착기·중장비,차량·중장비,굴착기,3,,안동시 건설과,지자체,경상권역,경상북도,안동시,경상북도 안동시 퇴계로 115,054-840-6848,02 지자체 보유 방재장비(청·센터별)
굴착기·중장비,차량·중장비,스키드로더,1,,안동시 건설과,지자체,경상권역,경상북도,안동시,경상북도 안동시 퇴계로 115,054-840-6848,02 지자체 보유 방재장비(청·센터별)
굴착기·중장비,차량·중장비,굴착기,1,,안동시 공원녹지과,지자체,경상권역,경상북도,안동시,경상북도 안동시 퇴계로 115,054-840-6458,01 지자체 보유 방재장비
굴착기·중장비,차량·중장비,굴착기,1,,안동시 공원녹지과,지자체,경상권역,경상북도,안동시,경상북도 안동시 퇴계로 115,054-840-6458,02 지자체 보유 방재장비(청·센터별)
굴착기·중장비,차량·중장비,굴착기,3,,안동시 상수도과,지자체,경상권역,경상북도,안동시,경상북도 안동시 정백이골길 6,054-840-5735,01 지자체 보유 방재장비
굴착기·중장비,차량·중장비,굴착기,3,,안동시 상수도과,지자체,경상권역,경상북도,안동시,경상북도 안동시 정백이골길 6,054-840-5735,02 지자체 보유 방재장비(청·센터별)
굴착기·중장비,차량·중장비,굴착기,2,,안동시 영농지원과,지자체,경상권역,경상북도,안동시,경상북도 안동시 경동로 1484-10(송천동),054-840-5674,01 지자체 보유 방재장비
굴착기·중장비,차량·중장비,굴착기,2,,안동시 영농지원과,지자체,경상권역,경상북도,안동시,경상북도 안동시 경동로 1484-10(송천동),054-840-5674,02 지자체 보유 방재장비(청·센터별)
굴착기·중장비,차량·중장비,굴착기,1,,안동시시설관리공단 안동환경팀,지자체,경상권역,경상북도,안동시시설관리공단,경상북도 안동시 앙실3길 21-20,054-850-4549,01 지자체 보유 방재장비
굴착기·중장비,차량·중장비,스키드로더,1,,안동시시설관리공단 안동환경팀,지자체,경상권역,경상북도,안동시시설관리공단,경상북도 안동시 앙실3길 21-20,054-850-4549,01 지자체 보유 방재장비
굴착기·중장비,차량·중장비,스키드로더,1,,안동시시설관리공단 풍천환경팀,지자체,경상권역,경상북도,안동시시설관리공단,경북 안동시 풍천면 운골길 156,054-850-4808,01 지자체 보유 방재장비
굴착기·중장비,차량·중장비,굴착기,2,,영덕군 환경위생과,지자체,경상권역,경상북도,영덕군,경상북도 영덕군 영덕읍 군청길 116,054-730-6582,01 지자체 보유 방재장비
굴착기·중장비,차량·중장비,스키드로더,1,,영덕군 환경위생과,지자체,경상권역,경상북도,영덕군,경상북도 영덕군 영덕읍 군청길 116,054-730-6582,01 지자체 보유 방재장비
굴착기·중장비,차량·중장비,굴착기,6,,영양군 환경보전과,지자체,경상권역,경상북도,영양군,경북 영양군 영양읍 군청길37,054-680-6510,01 지자체 보유 방재장비
굴착기·중장비,차량·중장비,스키드로더,4,,영양군 환경보전과,지자체,경상권역,경상북도,영양군,경북 영양군 영양읍 군청길37,054-680-6510,01 지자체 보유 방재장비
굴착기·중장비,차량·중장비,굴착기,2,,영주시 건설과,지자체,경상권역,경상북도,영주시,경상북도 영주시 시청로 1,054-639-6717,01 지자체 보유 방재장비
굴착기·중장비,차량·중장비,스키드로더,1,,영주시 건설과,지자체,경상권역,경상북도,영주시,경상북도 영주시 시청로 1,054-639-6717,01 지자체 보유 방재장비
굴착기·중장비,차량·중장비,굴착기,2,,영주시 건설과,지자체,경상권역,경상북도,영주시,경상북도 영주시 시청로 1,054-639-6717,02 지자체 보유 방재장비(청·센터별)
굴착기·중장비,차량·중장비,스키드로더,1,,영주시 건설과,지자체,경상권역,경상북도,영주시,경상북도 영주시 시청로 1,054-639-6717,02 지자체 보유 방재장비(청·센터별)
굴착기·중장비,차량·중장비,굴착기,2,,영주시 기술지원과,지자체,경상권역,경상북도,영주시,경상북도 영주시 시청로 1,054-639-7394,01 지자체 보유 방재장비
굴착기·중장비,차량·중장비,굴착기,1,,영주시 기술지원과,지자체,경상권역,경상북도,영주시,경상북도 영주시 시청로 1,054-639-3845,01 지자체 보유 방재장비
굴착기·중장비,차량·중장비,굴착기,2,,영주시 기술지원과,지자체,경상권역,경상북도,영주시,경상북도 영주시 시청로 1,054-639-7348,02 지자체 보유 방재장비(청·센터별)
굴착기·중장비,차량·중장비,굴착기,2,,영주시 농업정책과,지자체,경상권역,경상북도,영주시,경상북도 영주시 시청로 1,054-639-7305,01 지자체 보유 방재장비
굴착기·중장비,차량·중장비,굴착기,2,,영주시 농업정책과,지자체,경상권역,경상북도,영주시,경상북도 영주시 시청로 1,054-639-7305,02 지자체 보유 방재장비(청·센터별)
굴착기·중장비,차량·중장비,굴착기,1,,영주시 환경사업소,지자체,경상권역,경상북도,영주시,경상북도 영주시 시청로 1,054-639-7787,01 지자체 보유 방재장비
굴착기·중장비,차량·중장비,스키드로더,2,,영주시 환경사업소,지자체,경상권역,경상북도,영주시,경상북도 영주시 시청로 1,054-639-7787,01 지자체 보유 방재장비
굴착기·중장비,차량·중장비,굴착기,1,,영주시 환경사업소,지자체,경상권역,경상북도,영주시,경상북도 영주시 시청로 1,054-639-7774,02 지자체 보유 방재장비(청·센터별)
굴착기·중장비,차량·중장비,스키드로더,3,,영주시 환경사업소,지자체,경상권역,경상북도,영주시,경상북도 영주시 시청로 1,054-639-7774,02 지자체 보유 방재장비(청·센터별)
굴착기·중장비,차량·중장비,굴착기,1,,예천군 건설교통과,지자체,경상권역,경상북도,예천군,경북 예천군 예천읍 충효로 111,054-650-6335,01 지자체 보유 방재장비
굴착기·중장비,차량·중장비,굴착기,1,,예천군 환경관리과,지자체,경상권역,경상북도,예천군,경북 예천군 예천읍 충효로 111,054-650-6555,01 지자체 보유 방재장비
굴착기·중장비,차량·중장비,굴착기,3,,의성군 환경축산과,지자체,경상권역,경상북도,의성군,경상북도 의성군 군청길 31,054-830-6179,01 지자체 보유 방재장비
굴착기·중장비,차량·중장비,굴착기,3,,의성군 환경축산과,지자체,경상권역,경상북도,의성군,경상북도 의성군 군청길 31,054-830-6179,02 지자체 보유 방재장비(청·센터별)
굴착기·중장비,차량·중장비,굴착기,23,,청도군 환경산림과,지자체,경상권역,경상북도,청도군,경상북도 청도군 화양읍 청화로 70,054-370-2187,01 지자체 보유 방재장비
굴착기·중장비,차량·중장비,굴착기,2,,포항시 환경정책과,지자체,경상권역,경상북도,포항시,포항시 남구 시청로 1,054-270-3113,01 지자체 보유 방재장비
굴착기·중장비,차량·중장비,굴착기,2,,군위군 환경과,지자체,경상권역,대구광역시,군위군,대구광역시 군위군 군위읍 군청로 200,054-380-7992,01 지자체 보유 방재장비
굴착기·중장비,차량·중장비,굴착기,2,,군위군 환경과,지자체,경상권역,대구광역시,군위군,대구광역시 군위군 군위읍 군청로 200,054-380-7992,02 지자체 보유 방재장비(청·센터별)
굴착기·중장비,차량·중장비,스키드로더,1,,영도구 청소행정과,지자체,경상권역,부산광역시,영도구,부산광역시 영도구 태종로 423,051-419-4461,01 지자체 보유 방재장비
굴착기·중장비,차량·중장비,스키드로더,1,,중구 자원순환과,지자체,경상권역,부산광역시,중구,중구 중구로 120,051-600-4821,01 지자체 보유 방재장비
굴착기·중장비,차량·중장비,굴착기,1,,- 수목원관리사무소,지자체,경상권역,울산광역시,-,울산광역시 울주군 온양읍 대운상대길 225-19,052-229-8573,02 지자체 보유 방재장비(청·센터별)
굴착기·중장비,차량·중장비,굴착기,1,,울산광역시 수목원관리사무소,지자체,경상권역,울산광역시,울주군,울산광역시 울주군 온양읍 대운상대길 225-19,052-229-8573,01 지자체 보유 방재장비
굴착기·중장비,차량·중장비,스키드로더,1,,울주군 도로과,지자체,경상권역,울산광역시,울주군,울산광역시 울주군 청량읍 군청로 1,052-204-2444,01 지자체 보유 방재장비
굴착기·중장비,차량·중장비,스키드로더,1,,울주군 도로과,지자체,경상권역,울산광역시,울주군,울산광역시 울주군 청량읍 군청로 1,052-204-2444,02 지자체 보유 방재장비(청·센터별)
굴착기·중장비,차량·중장비,굴착기,1,,구리시 자원순환과,지자체,수도권,경기도,구리시,경기 구리시 검배로 199,031-550-5460,01 지자체 보유 방재장비
굴착기·중장비,차량·중장비,스키드로더,1,,구리시 자원순환과,지자체,수도권,경기도,구리시,경기 구리시 왕숙천로 49,031-550-2252,01 지자체 보유 방재장비
굴착기·중장비,차량·중장비,굴착기,1,,동두천시 자원위생과,지자체,수도권,경기도,동두천시,경기 동두천시 방죽로 23,031-860-2251,01 지자체 보유 방재장비
굴착기·중장비,차량·중장비,스키드로더,1,,동두천시 자원위생과,지자체,수도권,경기도,동두천시,경기 동두천시 방죽로 23,031-860-2251,01 지자체 보유 방재장비
굴착기·중장비,차량·중장비,굴착기,1,,안산시 환경정책과,지자체,수도권,경기도,안산시,"경기 안산시 단원구 중앙대로 839(고잔동, 3층 환경정책과)",031-481-2243,01 지자체 보유 방재장비
굴착기·중장비,차량·중장비,굴착기,3,,양주시 환경정책과,지자체,수도권,경기도,양주시,경기 양주시 부흥로 1533,031-8082-6313,01 지자체 보유 방재장비
굴착기·중장비,차량·중장비,스키드로더,1,,양주시 환경정책과,지자체,수도권,경기도,양주시,경기 양주시 부흥로 1533,031-8082-6313,01 지자체 보유 방재장비
굴착기·중장비,차량·중장비,굴착기,1,,여주시 도로과,지자체,수도권,경기도,여주시,경기 여주시 세종로 1,031-887-2226,01 지자체 보유 방재장비
굴착기·중장비,차량·중장비,스키드로더,1,,여주시 도로과,지자체,수도권,경기도,여주시,경기 여주시 세종로 1,,01 지자체 보유 방재장비
굴착기·중장비,차량·중장비,굴착기,1,,여주시 자원순환과,지자체,수도권,경기도,여주시,경기 여주시 세종로 1,031-887-2783,01 지자체 보유 방재장비
굴착기·중장비,차량·중장비,스키드로더,2,,여주시 자원순환과,지자체,수도권,경기도,여주시,경기 여주시 세종로 1,031-887-2783,01 지자체 보유 방재장비
굴착기·중장비,차량·중장비,굴착기,1,,여주시 자원순환과,지자체,수도권,경기도,여주시,경기 여주시 세종로 1,031-887-2787,01 지자체 보유 방재장비
굴착기·중장비,차량·중장비,스키드로더,1,,여주시 자원순환과,지자체,수도권,경기도,여주시,경기 여주시 세종로 1,031-887-2787,01 지자체 보유 방재장비
굴착기·중장비,차량·중장비,굴착기,1,,여주시 자원순환과,지자체,수도권,경기도,여주시,경기 여주시 세종로 1,031-887-2453,01 지자체 보유 방재장비
굴착기·중장비,차량·중장비,굴착기,1,,용인시 기흥구 도로과,지자체,수도권,경기도,용인시,경기 용인시 기흥구 관곡로 95(구갈동),031-6193-6415,01 지자체 보유 방재장비
굴착기·중장비,차량·중장비,굴착기,1,,용인시 수지구 건설도로과,지자체,수도권,경기도,용인시,경기 용인시 수지구 포은대로 435(풍덕천동),031-6193-8433,01 지자체 보유 방재장비
굴착기·중장비,차량·중장비,굴착기,1,,용인시 처인구 도로과,지자체,수도권,경기도,용인시,경기 용인시 처인구 금령로 50(김량장동),031-6193-5431,01 지자체 보유 방재장비
굴착기·중장비,차량·중장비,굴착기,1,,이천시 도로관리과,지자체,수도권,경기도,이천시,경기 이천시 부악로 40,031-644-2159,01 지자체 보유 방재장비
굴착기·중장비,차량·중장비,스키드로더,2,,이천시 자원순환과,지자체,수도권,경기도,이천시,경기 이천시 모가면 공원로 89,031-644-2608,01 지자체 보유 방재장비
굴착기·중장비,차량·중장비,굴착기,1,,이천시 환경보호과,지자체,수도권,경기도,이천시,경기 이천시 부악로 40,031-644-2358,01 지자체 보유 방재장비
굴착기·중장비,차량·중장비,스키드로더,2,,하남시 자원순환과,지자체,수도권,경기도,하남시,경기 하남시 미사대로 710,031-790-5322,01 지자체 보유 방재장비
굴착기·중장비,차량·중장비,스키드로더,1,,하남시 자원순환과,지자체,수도권,경기도,하남시,경기 하남시 미사대로 710,031-790-5644,01 지자체 보유 방재장비
굴착기·중장비,차량·중장비,굴착기,2,,강북구 재난안전과,지자체,수도권,서울특별시,강북구,서울특별시 강북구 도봉로 323(용신빌딩) 10층,02-901-5878,01 지자체 보유 방재장비
굴착기·중장비,차량·중장비,굴착기,2,,광진구 청소과,지자체,수도권,서울특별시,광진구,서울특별시 광진구 천호대로 788,02-450-7604,01 지자체 보유 방재장비
굴착기·중장비,차량·중장비,스키드로더,2,,금천구 환경과,지자체,수도권,서울특별시,금천구,서울시 금천구 시흥대로73길 70,02-2627-1515,01 지자체 보유 방재장비
굴착기·중장비,차량·중장비,스키드로더,1,,노원구 녹색환경과,지자체,수도권,서울특별시,노원구,"서울 노원구 노해로 455, 9층",02-2116-3213,01 지자체 보유 방재장비
굴착기·중장비,차량·중장비,스키드로더,1,,마포구 깨끗한마포과,지자체,수도권,서울특별시,마포구,서울 마포구 월드컵로 212,02-3153-9232,01 지자체 보유 방재장비
굴착기·중장비,차량·중장비,스키드로더,1,,서울특별시 강서도로사업소 기전과,지자체,수도권,서울특별시,강서구,서울특별시 강서구 양천로 237,02-2657-7962,01 지자체 보유 방재장비
굴착기·중장비,차량·중장비,스키드로더,1,,서울특별시 남부도로사업소 기전과,지자체,수도권,서울특별시,영등포구,서울특별시 영등포구 도림로 145,02-3284-5434,01 지자체 보유 방재장비
굴착기·중장비,차량·중장비,스키드로더,1,,서울특별시 동부도로사업소 기전과,지자체,수도권,서울특별시,강남구,서울특별시 강남구 남부순환로 3142-33,02-2040-0330,01 지자체 보유 방재장비
굴착기·중장비,차량·중장비,스키드로더,2,,서울특별시 미래한강본부 녹지관리과,지자체,수도권,서울특별시,성동구,서울특별시 성동구 강변북로 257,02-3780-0845,01 지자체 보유 방재장비
굴착기·중장비,차량·중장비,스키드로더,1,,서울특별시 북부도로사업소 기전과,지자체,수도권,서울특별시,강북구,서울특별시 강북구 한천로 913,02-944-5474,01 지자체 보유 방재장비
굴착기·중장비,차량·중장비,스키드로더,1,,서울특별시 서부도로사업소 기전과,지자체,수도권,서울특별시,마포구,서울특별시 마포구 가양대로 203,02-300-8397,01 지자체 보유 방재장비
굴착기·중장비,차량·중장비,스키드로더,1,,서울특별시 서울대공원 운영과,지자체,수도권,서울특별시,과천시,경기도 과천시 대공원광장로 102,02-500-7342,01 지자체 보유 방재장비
굴착기·중장비,차량·중장비,스키드로더,1,,서울특별시 서울대공원 조경과,지자체,수도권,서울특별시,과천시,경기도 과천시 대공원광장로 102,02-500-7512,01 지자체 보유 방재장비
굴착기·중장비,차량·중장비,스키드로더,1,,서울특별시 성동도로사업소 기전과,지자체,수도권,서울특별시,성동구,서울특별시 성동구 자동차시장길 41,02-2210-1557,01 지자체 보유 방재장비
굴착기·중장비,차량·중장비,스키드로더,1,,서초구 안전도시과 기후환경과,지자체,수도권,서울특별시,서초구,서울 서초구 남부순환로 2584 서초구청,02-2155-7112,01 지자체 보유 방재장비
굴착기·중장비,차량·중장비,굴착기,1,,양천구 청소행정과,지자체,수도권,서울특별시,양천구,서울특별시 양천구 목동동로 105,02-2620-3431,01 지자체 보유 방재장비
굴착기·중장비,차량·중장비,굴착기,1,,부평구 도로과,지자체,수도권,인천광역시,부평구,인천광역시 부평구 부평대로 168,032-509-6817,01 지자체 보유 방재장비
굴착기·중장비,차량·중장비,굴착기,2,,서구 환경관리과,지자체,수도권,인천광역시,서구,인천광역시 서구 서곶로 307,032-560-4354,01 지자체 보유 방재장비
굴착기·중장비,차량·중장비,스키드로더,1,,연수구 환경보전과,지자체,수도권,인천광역시,연수구,인천광역시 연수구 원인재로 115,032-749-7942,01 지자체 보유 방재장비
굴착기·중장비,차량·중장비,굴착기,1,,중구(영종·용유) 기반시설과,지자체,수도권,인천광역시,중구(영종·용유),"인천 중구 운남서로 100, 국제도시관 3층",032-760-8855,01 지자체 보유 방재장비
굴착기·중장비,차량·중장비,스키드로더,2,,중구(영종·용유) 기반시설과,지자체,수도권,인천광역시,중구(영종·용유),"인천 중구 운남서로 100, 국제도시관 3층",032-760-8855,01 지자체 보유 방재장비
굴착기·중장비,차량·중장비,크레인,50,톤,공영크레인,판매업체,전라권역,광주광역시,광산구,광주광역시 광산구 우산동 1427-1,062-454-0404,15 전남·광주 방제약품 판매업체 (2017년 기준)
굴착기·중장비,차량·중장비,크레인 50톤,1,대,우림크레인,판매업체,전라권역,광주광역시,서구,광주광역시 서구 유촌동 369-2,062-956-3651,15 전남·광주 방제약품 판매업체 (2017년 기준)
굴착기·중장비,차량·중장비,크레인 10톤,1,대,우림크레인,판매업체,전라권역,광주광역시,서구,광주광역시 서구 유촌동 369-2,062-956-3651,15 전남·광주 방제약품 판매업체 (2017년 기준)
굴착기·중장비,차량·중장비,굴삭기,1,대,㈜와이엔텍,사업장,전라권역,전라남도,여수시,전라남도 여수시 여수산단로 1232,061-690-6910,05 사업장 보유 방제물품(화학안전공동체)
굴착기·중장비,차량·중장비,굴착기,1,,강진군 환경과,지자체,전라권역,전라남도,강진군,전라남도 강진군 강진읍 탐진로 111,061-430-3303,01 지자체 보유 방재장비
굴착기·중장비,차량·중장비,굴착기,1,,고흥군 환경정책과,지자체,전라권역,전라남도,고흥군,전라남도 고흥군 고흥읍 고흥군청로 1,061-830-5834,01 지자체 보유 방재장비
굴착기·중장비,차량·중장비,포크레인,6,대,남해화학㈜,사업장,전라권역,전라남도,여수시,전라남도 여수시 여수산돈로 1384,061-688-5752,05 사업장 보유 방제물품(화학안전공동체)
굴착기·중장비,차량·중장비,도우저,15,대,남해화학㈜,사업장,전라권역,전라남도,여수시,전라남도 여수시 여수산돈로 1384,061-688-5752,05 사업장 보유 방제물품(화학안전공동체)
굴착기·중장비,차량·중장비,굴착기,1,,담양군 환경과,지자체,전라권역,전라남도,담양군,전라남도 담양군 담양읍 추성로 1371,061-380-3068,01 지자체 보유 방재장비
굴착기·중장비,차량·중장비,크레인,50,톤,대광크레인,판매업체,전라권역,전라남도,영암군,전남 영암군 삼호읍 대불역로 219,061-464-2300,15 전남·광주 방제약품 판매업체 (2017년 기준)
굴착기·중장비,차량·중장비,굴착기,6,,순천시 환경관리과,지자체,전라권역,전라남도,순천시,전라남도 순천시 이수로 13 (장천동),061-749-5769,01 지자체 보유 방재장비
굴착기·중장비,차량·중장비,굴착기,6,,순천시 환경관리과,지자체,전라권역,전라남도,순천시,전라남도 순천시 이수로 13 (장천동),061-749-5770,02 지자체 보유 방재장비(청·센터별)
굴착기·중장비,차량·중장비,굴착기,1,,영암군 건설교통과,지자체,전라권역,전라남도,영암군,전라남도 영암군 군청로 1,061-470-2729,01 지자체 보유 방재장비
굴착기·중장비,차량·중장비,굴착기,1,,장성군 환경과,지자체,전라권역,전라남도,장성군,전라남동 장성군 장성읍 영천로 200,061-390-7337,01 지자체 보유 방재장비
굴착기·중장비,차량·중장비,굴착기,2,,장흥군 환경관리과,지자체,전라권역,전라남도,장흥군,전남 장흥군 부산면 덕정길 206,061-860-7834,01 지자체 보유 방재장비
굴착기·중장비,차량·중장비,카고크레인,1,대,재원산업㈜,사업장,전라권역,전라남도,여수시,전라남도 여수시 낙포단지길 79,061-690-9273,05 사업장 보유 방제물품(화학안전공동체)
굴착기·중장비,차량·중장비,굴착기,2,,진도군 환경수질과,지자체,전라권역,전라남도,진도군,전라남도 진도군 진도읍 철마길 25,061-540-3723,01 지자체 보유 방재장비
굴착기·중장비,차량·중장비,크레인 50톤,1,대,창성크레인,판매업체,전라권역,전라남도,목포시,전남 목포시 영산로 609번길 5,061-984-8733,15 전남·광주 방제약품 판매업체 (2017년 기준)
굴착기·중장비,차량·중장비,굴착기,1,,태안군 환경관리과,지자체,전라권역,전라남도,태안군,충청남도 태안군 군청길 1,041-670-2790,01 지자체 보유 방재장비
굴착기·중장비,차량·중장비,굴착기,1,,태안군 환경관리과,지자체,전라권역,전라남도,태안군,충청남도 태안군 군청길 1,041-670-2790,02 지자체 보유 방재장비(청·센터별)
굴착기·중장비,차량·중장비,굴착기,1,,해남군 환경과,지자체,전라권역,전라남도,해남군,전라남도 해남군 해남읍 군청길 4,061-530-5644,01 지자체 보유 방재장비
굴착기·중장비,차량·중장비,굴착기,1,,화순군 건설교통실,지자체,전라권역,전라남도,화순군,전라남도 화순군 화순읍 동헌길 23,061-379-3751,01 지자체 보유 방재장비
굴착기·중장비,차량·중장비,굴착기,1,,화순군 주민안전과,지자체,전라권역,전라남도,화순군,전라남도 화순군 화순읍 동헌길 23,061-379-3749,01 지자체 보유 방재장비
굴착기·중장비,차량·중장비,굴착기,1,,화순군 환경과,지자체,전라권역,전라남도,화순군,전라남도 화순군 화순읍 동헌길 23,061-379-3603,01 지자체 보유 방재장비
굴착기·중장비,차량·중장비,굴착기,2,,고창군 환경위생과,지자체,전라권역,전북특별자치도,고창군,전북 고창군 아산면 인천강변로 201-95,063-560-2881,01 지자체 보유 방재장비
굴착기·중장비,차량·중장비,스키드로더,1,,고창군 환경위생과,지자체,전라권역,전북특별자치도,고창군,전북 고창군 아산면 인천강변로 201-95,063-560-2881,01 지자체 보유 방재장비
굴착기·중장비,차량·중장비,굴착기,8,,군산시 기후환경과,지자체,전라권역,전북특별자치도,군산시,전북 군산시 시청로 17,063-454-3403,01 지자체 보유 방재장비
굴착기·중장비,차량·중장비,스키드로더,1,,군산시 기후환경과,지자체,전라권역,전북특별자치도,군산시,전북 군산시 시청로 17,063-454-3403,01 지자체 보유 방재장비
굴착기·중장비,차량·중장비,굴착기,8,,군산시 기후환경과,지자체,전라권역,전북특별자치도,군산시,전북특별자치도 군산시 시청로 17,063-454-3403,02 지자체 보유 방재장비(청·센터별)
굴착기·중장비,차량·중장비,스키드로더,1,,군산시 기후환경과,지자체,전라권역,전북특별자치도,군산시,전북특별자치도 군산시 시청로 17,063-454-3403,02 지자체 보유 방재장비(청·센터별)
굴착기·중장비,차량·중장비,굴착기,1,,김제시 건설과,지자체,전라권역,전북특별자치도,김제시,전북 김제시 중앙로 40,063-540-3434,01 지자체 보유 방재장비
굴착기·중장비,차량·중장비,스키드로더,1,,김제시 건설과,지자체,전라권역,전북특별자치도,김제시,전북 김제시 중앙로 40,063-540-3434,01 지자체 보유 방재장비
굴착기·중장비,차량·중장비,굴착기,1,,남원시 환경과,지자체,전라권역,전북특별자치도,남원시,전북 남원시 시청로 60,063-620-6913,01 지자체 보유 방재장비
굴착기·중장비,차량·중장비,스키드로더,2,,남원시 환경과,지자체,전라권역,전북특별자치도,남원시,전북 남원시 시청로 60,063-620-6913,01 지자체 보유 방재장비
굴착기·중장비,차량·중장비,굴착기,1,,무주군 환경과,지자체,전라권역,전북특별자치도,무주군,전북 무주군 무주읍 주계로 97,063-320-2388,01 지자체 보유 방재장비
굴착기·중장비,차량·중장비,굴착기,2,,부안군 환경사업소,지자체,전라권역,전북특별자치도,부안군,전북 부안군 줄포면 분탕골로 215-33,063-580-3152,01 지자체 보유 방재장비
굴착기·중장비,차량·중장비,굴착기,1,,완주군 환경위생과,지자체,전라권역,전북특별자치도,완주군,전북 완주군 용진읍 지암로 61,063-290-2692,01 지자체 보유 방재장비
굴착기·중장비,차량·중장비,스키드로더,1,,완주군 환경위생과,지자체,전라권역,전북특별자치도,완주군,전북 완주군 용진읍 지암로 61,063-290-2692,01 지자체 보유 방재장비
굴착기·중장비,차량·중장비,굴착기,1,,장수군 환경과,지자체,전라권역,전북특별자치도,장수군,전북자치도 장수군 장수읍 호비로 10,063-350-2531,01 지자체 보유 방재장비
굴착기·중장비,차량·중장비,스키드로더,1,,장수군 환경과,지자체,전라권역,전북특별자치도,장수군,전북자치도 장수군 장수읍 호비로 10,063-350-2531,01 지자체 보유 방재장비
굴착기·중장비,차량·중장비,굴착기,2,,전주시 환경위생과,지자체,전라권역,전북특별자치도,전주시,전라북도 전주시 노송광장로 10,063-281-2531,01 지자체 보유 방재장비
굴착기·중장비,차량·중장비,굴착기,6,,정읍시 환경정책과,지자체,전라권역,전북특별자치도,정읍시,전북 정읍시 충정로 234,063-539-5713,01 지자체 보유 방재장비
굴착기·중장비,차량·중장비,스키드로더,12,,정읍시 환경정책과,지자체,전라권역,전북특별자치도,정읍시,전북 정읍시 충정로 234,063-539-5713,01 지자체 보유 방재장비
굴착기·중장비,차량·중장비,스키드로더,1,,- 동물위생시험소,지자체,전라권역,제주특별자치도,-,제주시 조천읍 번영로 941,064-710-8572,01 지자체 보유 방재장비
굴착기·중장비,차량·중장비,굴착기,16,,- 동부농업기술센터(본소),지자체,전라권역,제주특별자치도,-,제주시 구좌읍 충렬로 166,064-760-7651,01 지자체 보유 방재장비
굴착기·중장비,차량·중장비,굴착기,11,,- 동부농업기술센터(분소),지자체,전라권역,제주특별자치도,-,서귀포시 표선면 서성일로 138,064-760-7681,01 지자체 보유 방재장비
굴착기·중장비,차량·중장비,굴착기,15,,- 서귀포농업기술센터(본소),지자체,전라권역,제주특별자치도,-,서귀포시 남원읍 중산간동로 7415,064-760-7851,01 지자체 보유 방재장비
굴착기·중장비,차량·중장비,스키드로더,1,,- 서귀포농업기술센터(본소),지자체,전라권역,제주특별자치도,-,서귀포시 남원읍 중산간동로 7415,064-760-7851,01 지자체 보유 방재장비
굴착기·중장비,차량·중장비,굴착기,5,,- 서귀포농업기술센터(분소),지자체,전라권역,제주특별자치도,-,서귀포시 중산간서로 207,064-760-7881,01 지자체 보유 방재장비
굴착기·중장비,차량·중장비,굴착기,26,,- 서부농업기술센터,지자체,전라권역,제주특별자치도,-,제주시 한림읍 월림7길 90,064-760-7951,01 지자체 보유 방재장비
굴착기·중장비,차량·중장비,스키드로더,1,,- 서부농업기술센터,지자체,전라권역,제주특별자치도,-,제주시 한림읍 월림7길 90,064-760-7951,01 지자체 보유 방재장비
굴착기·중장비,차량·중장비,굴착기,21,,- 제주농업기술센터,지자체,전라권역,제주특별자치도,-,제주시 애월읍 상귀길 173,064-760-7744,01 지자체 보유 방재장비
굴착기·중장비,차량·중장비,스키드로더,1,,- 제주농업기술센터,지자체,전라권역,제주특별자치도,-,제주시 애월읍 상귀길 173,064-760-7744,01 지자체 보유 방재장비
굴착기·중장비,차량·중장비,굴착기,3,,서귀포시 생활환경과,지자체,전라권역,제주특별자치도,서귀포시,"제주 서귀포시 산록남로1241번길 145(색달동, 서귀포쓰레기위생매립장)",064-760-3853,01 지자체 보유 방재장비
굴착기·중장비,차량·중장비,스키드로더,6,,서귀포시 생활환경과,지자체,전라권역,제주특별자치도,서귀포시,서귀포시 산록남로 1241번길 145,064-760-3782,01 지자체 보유 방재장비
굴착기·중장비,차량·중장비,굴착기,4,,제주시 기후환경과,지자체,전라권역,제주특별자치도,제주시,제주 제주시 송이길 226,064-728-8616,01 지자체 보유 방재장비
굴착기·중장비,차량·중장비,스키드로더,1,,제주시 기후환경과,지자체,전라권역,제주특별자치도,제주시,제주 제주시 송이길 226,064-728-8616,01 지자체 보유 방재장비
굴착기·중장비,차량·중장비,굴착기,1,,제주시 우도면,지자체,전라권역,제주특별자치도,제주시,제주 제주시 우도면 우도로 153,064-728-4343,01 지자체 보유 방재장비
굴착기·중장비,차량·중장비,스키드로더,1,,제주시 우도면,지자체,전라권역,제주특별자치도,제주시,제주 제주시 우도면 우도로 153,064-728-4343,01 지자체 보유 방재장비
굴착기·중장비,차량·중장비,굴착기,2,,- 건설관리본부 시설정비과,지자체,충청권역,대전광역시,-,대전광역시 서구 둔산로 100,042-270-8891,01 지자체 보유 방재장비
굴착기·중장비,차량·중장비,스키드로더,2,,- 건설관리본부 시설정비과,지자체,충청권역,대전광역시,-,대전광역시 서구 둔산로 100,042-270-8891,01 지자체 보유 방재장비
굴착기·중장비,차량·중장비,굴착기,2,,- 농업기술센터 지도개발과,지자체,충청권역,대전광역시,-,대전광역시 유성구 교촌대정로 97,042-270-6914,01 지자체 보유 방재장비
굴착기·중장비,차량·중장비,스키드로더,1,,- 농업기술센터 지도개발과,지자체,충청권역,대전광역시,-,대전광역시 유성구 교촌대정로 97,042-270-6914,01 지자체 보유 방재장비
굴착기·중장비,차량·중장비,스키드로더,1,,- 상수도사업본부 신탄진정수사업소,지자체,충청권역,대전광역시,-,대전광역시 대덕구 신탄진로756번안길 223,042-715-6512,01 지자체 보유 방재장비
굴착기·중장비,차량·중장비,굴착기,1,,대덕구 건설과,지자체,충청권역,대전광역시,대덕구,대전광역시 대덕구 대전로1033번길 20,042-608-5215,01 지자체 보유 방재장비
굴착기·중장비,차량·중장비,스키드로더,1,,대덕구 자원농생명과,지자체,충청권역,대전광역시,대덕구,대전광역시 대덕구 대전로1033번길 20,042-633-4303,01 지자체 보유 방재장비
굴착기·중장비,차량·중장비,스키드로더,24,,서구 건설과,지자체,충청권역,대전광역시,서구,대전광역시 서구 둔산서로100,042-288-3962,01 지자체 보유 방재장비
굴착기·중장비,차량·중장비,굴착기,1,,유성구 건설과,지자체,충청권역,대전광역시,유성구,대전광역시 유성구 대학로 211,042-611-2486,01 지자체 보유 방재장비
굴착기·중장비,차량·중장비,굴착기,2,,금산군 환경위생과,지자체,충청권역,충청남도,금산군,충청남도 금산군 금산읍 군청길 13,041-750-2512,01 지자체 보유 방재장비
굴착기·중장비,차량·중장비,굴착기,1,,논산시 환경과,지자체,충청권역,충청남도,논산시,충청남도 논산시 시민로210번길 9,041-746-5523,01 지자체 보유 방재장비
굴착기·중장비,차량·중장비,굴착기,2,,당진시 자원순환과,지자체,충청권역,충청남도,당진시,충청남도 당진시 시청1로 1,041-350-3306,01 지자체 보유 방재장비
굴착기·중장비,차량·중장비,굴착기,2,,당진시 자원순환과,지자체,충청권역,충청남도,당진시,충청남도 당진시 시청1로 1,041-350-3306,02 지자체 보유 방재장비(청·센터별)
굴착기·중장비,차량·중장비,굴착기,1,,보령시 기후환경과,지자체,충청권역,충청남도,보령시,충청남도 보령시 성주산로 77,041-930-3677,01 지자체 보유 방재장비
굴착기·중장비,차량·중장비,굴착기,1,,보령시 기후환경과,지자체,충청권역,충청남도,보령시,충청남도 보령시 성주산로 77,041-930-3677,02 지자체 보유 방재장비(청·센터별)
굴착기·중장비,차량·중장비,굴착기,3,,부여군 환경과,지자체,충청권역,충청남도,부여군,충청남도 부여군 부여읍 사비로 33,041-830-2299,01 지자체 보유 방재장비
굴착기·중장비,차량·중장비,굴착기,8,,서산시 기후환경대기과,지자체,충청권역,충청남도,서산시,충청남도 서산시 고운로 177,041-661-8278,01 지자체 보유 방재장비
굴착기·중장비,차량·중장비,스키드로더,1,,서산시 기후환경대기과,지자체,충청권역,충청남도,서산시,충청남도 서산시 고운로 177,041-661-8278,01 지자체 보유 방재장비
굴착기·중장비,차량·중장비,굴착기,8,,서산시 기후환경대기과,지자체,충청권역,충청남도,서산시,충청남도 서산시 고운로 177,041-661-8278,02 지자체 보유 방재장비(청·센터별)
굴착기·중장비,차량·중장비,스키드로더,1,,서산시 기후환경대기과,지자체,충청권역,충청남도,서산시,충청남도 서산시 고운로 177,041-661-8278,02 지자체 보유 방재장비(청·센터별)
굴착기·중장비,차량·중장비,굴착기,1,,서천군 환경보호과,지자체,충청권역,충청남도,서천군,충청남도 서천군 서천읍 서림로 19,041-950-4332,01 지자체 보유 방재장비
굴착기·중장비,차량·중장비,스키드로더,2,,서천군 환경보호과,지자체,충청권역,충청남도,서천군,충청남도 서천군 서천읍 서림로 19,041-950-4332,01 지자체 보유 방재장비
굴착기·중장비,차량·중장비,굴착기,1,,서천군 환경보호과,지자체,충청권역,충청남도,서천군,충청남도 서천군 서천읍 서림로 19,041-950-4332,02 지자체 보유 방재장비(청·센터별)
굴착기·중장비,차량·중장비,스키드로더,2,,서천군 환경보호과,지자체,충청권역,충청남도,서천군,충청남도 서천군 서천읍 서림로 19,041-950-4332,02 지자체 보유 방재장비(청·센터별)
굴착기·중장비,차량·중장비,굴착기,2,,청양군 건설정책과,지자체,충청권역,충청남도,청양군,충청남도 청양군 청양읍 문화예술로 222,041-940-2984,01 지자체 보유 방재장비
굴착기·중장비,차량·중장비,굴착기,2,,청양군 건설정책과,지자체,충청권역,충청남도,청양군,충청남도 청양군 청양읍 문화예술로 222,041-940-2984,02 지자체 보유 방재장비(청·센터별)
굴착기·중장비,차량·중장비,굴착기,2,,청양군 환경정책과,지자체,충청권역,충청남도,청양군,충청남도 청양군 청양읍 문화예술로 222,041-940-4825,01 지자체 보유 방재장비
굴착기·중장비,차량·중장비,굴착기,2,,청양군 환경정책과,지자체,충청권역,충청남도,청양군,충청남도 청양군 청양읍 문화예술로 222,041-940-4825,02 지자체 보유 방재장비(청·센터별)
굴착기·중장비,차량·중장비,굴착기,5,,괴산군 환경과,지자체,충청권역,충청북도,괴산군,충북 괴산군 괴산읍 임꺽정로90,043-830-3623,01 지자체 보유 방재장비
굴착기·중장비,차량·중장비,굴착기,5,,괴산군 환경과,지자체,충청권역,충청북도,괴산군,충청북도 괴산군 괴산읍 임꺽정로90,043-830-3623,02 지자체 보유 방재장비(청·센터별)
굴착기·중장비,차량·중장비,굴착기,2,,보은군 환경위생과,지자체,충청권역,충청북도,보은군,충북 보은군 보은읍 군청길 38,043-540-3532,01 지자체 보유 방재장비
굴착기·중장비,차량·중장비,스키드로더,2,,보은군 환경위생과,지자체,충청권역,충청북도,보은군,충북 보은군 보은읍 군청길 38,043-540-3532,01 지자체 보유 방재장비
굴착기·중장비,차량·중장비,굴착기,1,,음성군 감곡면,지자체,충청권역,충청북도,음성군,충북 음성군 감곡면 음성로 2652,043-871-2943,01 지자체 보유 방재장비
굴착기·중장비,차량·중장비,굴착기,1,,음성군 감곡면,지자체,충청권역,충청북도,음성군,음성군 감곡면 음성로 2652,043-871-2943,02 지자체 보유 방재장비(청·센터별)
굴착기·중장비,차량·중장비,굴착기,8,,음성군 금왕읍,지자체,충청권역,충청북도,음성군,충북 음성군 금왕읍 무극로 221,043-871-2597,01 지자체 보유 방재장비
굴착기·중장비,차량·중장비,굴착기,8,,음성군 금왕읍,지자체,충청권역,충청북도,음성군,음성군 금왕읍 무극로 221,043-871-2597,02 지자체 보유 방재장비(청·센터별)
굴착기·중장비,차량·중장비,굴착기,9,,음성군 농업지원과,지자체,충청권역,충청북도,음성군,충북 음성군 음성읍 용광로 81-5,043-871-1952,01 지자체 보유 방재장비
굴착기·중장비,차량·중장비,스키드로더,4,,음성군 농업지원과,지자체,충청권역,충청북도,음성군,충북 음성군 음성읍 용광로 81-5,043-871-1952,01 지자체 보유 방재장비
굴착기·중장비,차량·중장비,굴착기,9,,음성군 농업지원과,지자체,충청권역,충청북도,음성군,음성군 음성읍 용광로 81-5,043-871-1952,02 지자체 보유 방재장비(청·센터별)
굴착기·중장비,차량·중장비,스키드로더,4,,음성군 농업지원과,지자체,충청권역,충청북도,음성군,음성군 음성읍 용광로 81-5,043-871-1952,02 지자체 보유 방재장비(청·센터별)
굴착기·중장비,차량·중장비,굴착기,1,,충주시 자원순환과,지자체,충청권역,충청북도,충주시,"충북 충주시 낙수당1길 41, 대형폐기물처리센터(칠금동)",043-850-6989,01 지자체 보유 방재장비
굴착기·중장비,차량·중장비,스키드로더,1,,충주시 자원순환과,지자체,충청권역,충청북도,충주시,"충북 충주시 낙수당1길 41, 대형폐기물처리센터(칠금동)",043-850-6989,01 지자체 보유 방재장비
굴착기·중장비,차량·중장비,굴착기,1,,충주시 자원순환과,지자체,충청권역,충청북도,충주시,"충청북도 충주시 낙수당1길 41, 대형폐기물처리센터(칠금동)",043-850-6989,02 지자체 보유 방재장비(청·센터별)
굴착기·중장비,차량·중장비,스키드로더,1,,충주시 자원순환과,지자체,충청권역,충청북도,충주시,"충청북도 충주시 낙수당1길 41, 대형폐기물처리센터(칠금동)",043-850-6989,02 지자체 보유 방재장비(청·센터별)
방제차량·소방차,차량·중장비,기동방제차량,2,대,한국환경공단 수질오염방제센터 낙동강센터,국가기관 비축,경상권역,,,,,09 한국환경공단 수질오염방제센터
방제차량·소방차,차량·중장비,1톤 기동방제차량,1,대,한국환경공단 수질오염방제센터 낙동강센터,국가기관 비축,경상권역,,,,,09 한국환경공단 수질오염방제센터
방제차량·소방차,차량·중장비,화재진압차량,1,대,한국남동발전㈜ 하동발전본부,사업장,경상권역,경상남도,하동군,경상남도 하동군 금성면 경제산업로 509,070-7713-1294,05 사업장 보유 방제물품(화학안전공동체)
방제차량·소방차,차량·중장비,기동방제차량,1,대,한국환경공단 수질오염방제센터 한강센터,국가기관 비축,수도권,,,,,09 한국환경공단 수질오염방제센터
방제차량·소방차,차량·중장비,1톤 기동방제차량,1,대,한국환경공단 수질오염방제센터 한강센터,국가기관 비축,수도권,,,,,09 한국환경공단 수질오염방제센터
방제차량·소방차,차량·중장비,기동방제차량,1,대,한국환경공단 수질오염방제센터 영산강센터,국가기관 비축,전라권역,,,,,09 한국환경공단 수질오염방제센터
방제차량·소방차,차량·중장비,1톤 기동방제차량,1,대,한국환경공단 수질오염방제센터 영산강센터,국가기관 비축,전라권역,,,,,09 한국환경공단 수질오염방제센터
방제차량·소방차,차량·중장비,소방차,,2대,GS칼텍스㈜,사업장,전라권역,전라남도,여수시,전라남도 여수시 여수산단로 923-106,061-680-2387,05 사업장 보유 방제물품(화학안전공동체)
방제차량·소방차,차량·중장비,소방차,1,대,㈜동성코퍼레이션,사업장,전라권역,전라남도,여수시,전라남도 여수시 여수산단2로 223-40,061-690-4623,05 사업장 보유 방제물품(화학안전공동체)
방제차량·소방차,차량·중장비,소방차,1,대,㈜엘지화학(SM),사업장,전라권역,전라남도,여수시,전라남도 여수시 여수산단로 951,061-680-6524,05 사업장 보유 방제물품(화학안전공동체)
방제차량·소방차,차량·중장비,구급차,1,대,㈜엘지화학(SM),사업장,전라권역,전라남도,여수시,전라남도 여수시 여수산단로 952,061-680-6524,05 사업장 보유 방제물품(화학안전공동체)
방제차량·소방차,차량·중장비,소방차,1,대,㈜엘지화학(VCM),사업장,전라권역,전라남도,여수시,전라남도 여수시 여수산단로 1121,061-680-6524,05 사업장 보유 방제물품(화학안전공동체)
방제차량·소방차,차량·중장비,구급차,1,대,㈜엘지화학(VCM),사업장,전라권역,전라남도,여수시,전라남도 여수시 여수산단로 1121,061-680-6524,05 사업장 보유 방제물품(화학안전공동체)
방제차량·소방차,차량·중장비,소방차,3,대,㈜엘지화학(용성),사업장,전라권역,전라남도,여수시,전라남도 여수시 여수산단4로 58,061-689-3304,05 사업장 보유 방제물품(화학안전공동체)
방제차량·소방차,차량·중장비,방재차량,1,대,㈜엘지화학(용성),사업장,전라권역,전라남도,여수시,전라남도 여수시 여수산단4로 58,061-689-3304,05 사업장 보유 방제물품(화학안전공동체)
방제차량·소방차,차량·중장비,소방차,2,대,㈜엘지화학(화치),사업장,전라권역,전라남도,여수시,전라남도 여수시 여수산단2로 55,061-680-1068,05 사업장 보유 방제물품(화학안전공동체)
방제차량·소방차,차량·중장비,구급차,1,대,㈜엘지화학(화치),사업장,전라권역,전라남도,여수시,전라남도 여수시 여수산단2로 55,061-680-1068,05 사업장 보유 방제물품(화학안전공동체)
방제차량·소방차,차량·중장비,방재차,1,대,㈜엘지화학(화치),사업장,전라권역,전라남도,여수시,전라남도 여수시 여수산단2로 55,061-680-1068,05 사업장 보유 방제물품(화학안전공동체)
방제차량·소방차,차량·중장비,소방차,3,대,㈜포스코 광양제철소,사업장,전라권역,전라남도,광양시,전라남도 광양시 제철로1800,061-790-2542,05 사업장 보유 방제물품(화학안전공동체)
방제차량·소방차,차량·중장비,구급차,2,대,㈜포스코 광양제철소,사업장,전라권역,전라남도,광양시,전라남도 광양시 제철로1800,061-790-2542,05 사업장 보유 방제물품(화학안전공동체)
방제차량·소방차,차량·중장비,소방차,1,대,㈜한화여수사업장,사업장,전라권역,전라남도,여수시,전라남도 여수시 신월로 411,061-640-1232,05 사업장 보유 방제물품(화학안전공동체)
방제차량·소방차,차량·중장비,소방차,1,1대,금호미쓰이화학㈜,사업장,전라권역,전라남도,여수시,전라남도 여수시 여수산단2로 305,061-688-5090,05 사업장 보유 방제물품(화학안전공동체)
방제차량·소방차,차량·중장비,소방차,1,대,금호석유화학㈜ 여수고무제1공장,사업장,전라권역,전라남도,여수시,전라남도 여수시 여수산단 3로118,061-688-3135,05 사업장 보유 방제물품(화학안전공동체)
방제차량·소방차,차량·중장비,소방차,1,대,금호석유화학㈜ 여수고무제2공장,사업장,전라권역,전라남도,여수시,전라남도 여수시 산단중앙로33,061-688-7261,05 사업장 보유 방제물품(화학안전공동체)
방제차량·소방차,차량·중장비,화학차,2,대,남해화학㈜,사업장,전라권역,전라남도,여수시,전라남도 여수시 여수산돈로 1384,061-688-5752,05 사업장 보유 방제물품(화학안전공동체)
방제차량·소방차,차량·중장비,구급차,1,대,남해화학㈜,사업장,전라권역,전라남도,여수시,전라남도 여수시 여수산돈로 1384,061-688-5752,05 사업장 보유 방제물품(화학안전공동체)
방제차량·소방차,차량·중장비,소방차,1,대,롯데베르살리스 엘라스토머스㈜,사업장,전라권역,전라남도,여수시,전라남도 여수시 여수산단4로 53,061-690-2522,05 사업장 보유 방제물품(화학안전공동체)
방제차량·소방차,차량·중장비,소방차,1,대,롯데엠시시㈜ 여수2공장,사업장,전라권역,전라남도,여수시,전라남도 여수시 여수산단4로 129,061-680-8453,05 사업장 보유 방제물품(화학안전공동체)
방제차량·소방차,차량·중장비,소방차,1,대,롯데첨단소재㈜,사업장,전라권역,전라남도,여수시,전라남도 여수시 여수산단로 334-27,061-689-1301,05 사업장 보유 방제물품(화학안전공동체)
방제차량·소방차,차량·중장비,소방차,5,대,롯데케미칼㈜ 여수1공장,사업장,전라권역,전라남도,여수시,전라남도 여수시 여수산단4로 53,061-688-2156,05 사업장 보유 방제물품(화학안전공동체)
방제차량·소방차,차량·중장비,소방차,1,대,롯데케미칼㈜ 여수2공장,사업장,전라권역,전라남도,여수시,전라남도 여수시 여수산단2로 116-82,061-688-2156,05 사업장 보유 방제물품(화학안전공동체)
방제차량·소방차,차량·중장비,소방차,2,대,삼남석유화학㈜,사업장,전라권역,전라남도,여수시,전라남도 여수시 여수산단로 955,061-688-8283,05 사업장 보유 방제물품(화학안전공동체)
방제차량·소방차,차량·중장비,소방차,2,대,엘지엠엠에이㈜,사업장,전라권역,전라남도,여수시,전라남도 여수시 여수산단4로 58,061-805-3855,05 사업장 보유 방제물품(화학안전공동체)
방제차량·소방차,차량·중장비,방제차,1,대,엘지엠엠에이㈜,사업장,전라권역,전라남도,여수시,전라남도 여수시 여수산단4로 58,061-805-3855,05 사업장 보유 방제물품(화학안전공동체)
방제차량·소방차,차량·중장비,소방차,1,대,여천NCC㈜ C5분리공장,사업장,전라권역,전라남도,여수시,전라남도 여수시 화치동 1468,061-688-6065,05 사업장 보유 방제물품(화학안전공동체)
방제차량·소방차,차량·중장비,소방차,2,대,여천NCC㈜ 여수1공장,사업장,전라권역,전라남도,여수시,전라남도 여수시 여수산단3로 2,061-688-6065,05 사업장 보유 방제물품(화학안전공동체)
방제차량·소방차,차량·중장비,구급차,1,대,여천NCC㈜ 여수1공장,사업장,전라권역,전라남도,여수시,전라남도 여수시 여수산단3로 2,061-688-6065,05 사업장 보유 방제물품(화학안전공동체)
방제차량·소방차,차량·중장비,소방차,2,대,여천NCC㈜ 여수2공장,사업장,전라권역,전라남도,여수시,전라남도 여수시 여수산단2로 46-20,061-688-6065,05 사업장 보유 방제물품(화학안전공동체)
방제차량·소방차,차량·중장비,소방차,2,대,여천NCC㈜ 여수3공장,사업장,전라권역,전라남도,여수시,전라남도 여수시 여수산단2로 220-62,061-688-6065,05 사업장 보유 방제물품(화학안전공동체)
방제차량·소방차,차량·중장비,소방차,1,대,오리온엔지니어드카본즈㈜,사업장,전라권역,전라남도,여수시,전라남도 여수시 진달래길 310-88,061-690-5143,05 사업장 보유 방제물품(화학안전공동체)
방제차량·소방차,차량·중장비,화학소방차,1,대,코오롱인더스트리㈜ 여수공장,사업장,전라권역,전라남도,여수시,전라남도 여수시 산단중앙로 213,061-690-9842,05 사업장 보유 방제물품(화학안전공동체)
방제차량·소방차,차량·중장비,미니소방차,1,대,한국남동발전㈜ 여수발전본부,사업장,전라권역,전라남도,여수시,전라남도 여수시 여수산단로 727,070-8898-5622,05 사업장 보유 방제물품(화학안전공동체)
방제차량·소방차,차량·중장비,소방차,2,대,"한화케미칼㈜ 여수1공장, 한화케미칼㈜ 여수2공장, 한화케미칼㈜ 여수3공장",사업장,전라권역,전라남도,여수시,전라남도 여수시 여수산단3로 117,061-688-1165,05 사업장 보유 방제물품(화학안전공동체)
방제차량·소방차,차량·중장비,화학소방차,1,대,한화케미칼㈜ 티다아이,사업장,전라권역,전라남도,여수시,전라남도 여수시 여수산단2로 46-47,061-688-4920,05 사업장 보유 방제물품(화학안전공동체)
방제차량·소방차,차량·중장비,소방차,1,대,한화케미칼㈜ 폴리실리콘,사업장,전라권역,전라남도,여수시,전라남도 여수시 여수산단4로 255,061-690-5728,05 사업장 보유 방제물품(화학안전공동체)
방제차량·소방차,차량·중장비,소방차,1,대,휴켐스㈜ 여수공장,사업장,전라권역,전라남도,여수시,전라남도 여수시 상암로 963,061-680-4613,05 사업장 보유 방제물품(화학안전공동체)
방제차량·소방차,차량·중장비,기동방제차량,1,대,한국환경공단 수질오염방제센터 금강센터,국가기관 비축,충청권역,,,,,09 한국환경공단 수질오염방제센터
방제차량·소방차,차량·중장비,1톤 기동방제차량,1,대,한국환경공단 수질오염방제센터 금강센터,국가기관 비축,충청권역,,,,,09 한국환경공단 수질오염방제센터
선박·보트·무인기,차량·중장비,화학방제정 8호 (쌍동선·150톤),1,척,군산 해양경찰서,국가기관 비축,,,,군산항 해경전용부두,,08 해경 화학방제정
선박·보트·무인기,차량·중장비,화학방제정 3호 (단동선·150톤),1,척,동해 해양경찰서,국가기관 비축,,,,묵호항 해경전용부두,,08 해경 화학방제정
선박·보트·무인기,차량·중장비,화학방제정 20호 (단동선·300톤),1,척,목포 해양경찰서,국가기관 비축,,,,목포 북항 해경전용부두,,08 해경 화학방제정
선박·보트·무인기,차량·중장비,화학방제정 16호함 (단동선·800톤),1,척,목포 해양경찰서,국가기관 비축,,,,목포 북항 해경전용부두,,08 해경 화학방제정
선박·보트·무인기,차량·중장비,화학방제정 10호 (쌍동선·150톤),1,척,보령 해양경찰서,국가기관 비축,,,,대천항 해경전용부두,,08 해경 화학방제정
선박·보트·무인기,차량·중장비,화학방제정 7호 (쌍동선·150톤),1,척,부안 해양경찰서,국가기관 비축,,,,군산항 해경전용부두 ('부안서'-군산항에 정박),,08 해경 화학방제정
선박·보트·무인기,차량·중장비,화학방제정 5호 (단동선·150톤),1,척,서귀포 해양경찰서,국가기관 비축,,,,화순항 전용부두,,08 해경 화학방제정
선박·보트·무인기,차량·중장비,화학방제정 2호 (단동선·150톤),1,척,속초 해양경찰서,국가기관 비축,,,,속초항 해경전용부두,,08 해경 화학방제정
선박·보트·무인기,차량·중장비,화학방제정 15호함 (단동선·300톤),1,척,여수 해양경찰서,국가기관 비축,,,,신북항 해경전용부두,,08 해경 화학방제정
선박·보트·무인기,차량·중장비,화학방제정 화학2함 (단동선·500톤),1,척,여수 해양경찰서,국가기관 비축,,,,여수 봉산동 해경전용부두,,08 해경 화학방제정
선박·보트·무인기,차량·중장비,화학방제정 26호 (쌍동선·150톤),1,척,여수 해양경찰서,국가기관 비축,,,,여수 봉산동 해경전용부두,,08 해경 화학방제정
선박·보트·무인기,차량·중장비,화학방제정 1호 (단동선·150톤),1,척,완도 해양경찰서,국가기관 비축,,,,완도항 해경전용부두,,08 해경 화학방제정
선박·보트·무인기,차량·중장비,화학방제정 22호 (단동선·150톤),1,척,울진 해양경찰서,국가기관 비축,,,,후포항 해경전용부두,,08 해경 화학방제정
선박·보트·무인기,차량·중장비,화학방제정 25호 (쌍동선·150톤),1,척,창원 해양경찰서,국가기관 비축,,,,마산항 해경전용부두,,08 해경 화학방제정
선박·보트·무인기,차량·중장비,화학방제정 9호 (쌍동선·150톤),1,척,태안 해양경찰서,국가기관 비축,,,,신진항 해경전용부두,,08 해경 화학방제정
선박·보트·무인기,차량·중장비,화학방제정 11호 (쌍동선·150톤),1,척,통영 해양경찰서,국가기관 비축,,,,통영항 해경전용부두,,08 해경 화학방제정
선박·보트·무인기,차량·중장비,화학방제정 21호 (단동선·300톤),1,척,평택 해양경찰서,국가기관 비축,,,,평택항 해경전용부두,,08 해경 화학방제정
선박·보트·무인기,차량·중장비,화학방제정 23호 (쌍동선·150톤),1,척,평택 해양경찰서,국가기관 비축,,,,평택항 해경전용부두,,08 해경 화학방제정
선박·보트·무인기,차량·중장비,화학방제정 6호 (단동선·150톤),1,척,포항 해양경찰서,국가기관 비축,,,,포항구항 해경전용부두,,08 해경 화학방제정
선박·보트·무인기,차량·중장비,수질감시선,2,척,한국환경공단 수질오염방제센터 낙동강센터,국가기관 비축,경상권역,,,,,09 한국환경공단 수질오염방제센터
선박·보트·무인기,차량·중장비,기동방제선,2,척,한국환경공단 수질오염방제센터 낙동강센터,국가기관 비축,경상권역,,,,,09 한국환경공단 수질오염방제센터
선박·보트·무인기,차량·중장비,FRP선,1,척,한국환경공단 수질오염방제센터 낙동강센터,국가기관 비축,경상권역,,,,,09 한국환경공단 수질오염방제센터
선박·보트·무인기,차량·중장비,모터고무보트(6인),2,척,한국환경공단 수질오염방제센터 낙동강센터,국가기관 비축,경상권역,,,,,09 한국환경공단 수질오염방제센터
선박·보트·무인기,차량·중장비,모터고무보트(2인),1,척,한국환경공단 수질오염방제센터 낙동강센터,국가기관 비축,경상권역,,,,,09 한국환경공단 수질오염방제센터
선박·보트·무인기,차량·중장비,립보트,1,척,한국환경공단 수질오염방제센터 낙동강센터,국가기관 비축,경상권역,,,,,09 한국환경공단 수질오염방제센터
선박·보트·무인기,차량·중장비,자항식,2,대,한국환경공단 수질오염방제센터 낙동강센터,국가기관 비축,경상권역,,,,,09 한국환경공단 수질오염방제센터
선박·보트·무인기,차량·중장비,멀티콥터,2,대,한국환경공단 수질오염방제센터 낙동강센터,국가기관 비축,경상권역,,,,,09 한국환경공단 수질오염방제센터
선박·보트·무인기,차량·중장비,방제지원용 무인선,2,대,한국환경공단 수질오염방제센터 낙동강센터,국가기관 비축,경상권역,,,,,09 한국환경공단 수질오염방제센터
선박·보트·무인기,차량·중장비,화학방제정 18호 (단동선·300톤),1,척,부산 해양경찰서,국가기관 비축,경상권역,부산광역시,,부산항 해경전용부두,,08 해경 화학방제정
선박·보트·무인기,차량·중장비,화학방제정 12호함 (단동선·800톤),1,척,부산 해양경찰서,국가기관 비축,경상권역,부산광역시,,부산항 해경전용부두,,08 해경 화학방제정
선박·보트·무인기,차량·중장비,화학방제정 13호함 (단동선·800톤),1,척,울산 해양경찰서,국가기관 비축,경상권역,울산광역시,,울산항 일반부두,,08 해경 화학방제정
선박·보트·무인기,차량·중장비,화학방제정 화학1함 (단동선·500톤),1,척,울산 해양경찰서,국가기관 비축,경상권역,울산광역시,,울산항 해경전용부두,,08 해경 화학방제정
선박·보트·무인기,차량·중장비,FRP선,1,척,한국환경공단 수질오염방제센터 한강센터,국가기관 비축,수도권,,,,,09 한국환경공단 수질오염방제센터
선박·보트·무인기,차량·중장비,모터고무보트(6인),1,척,한국환경공단 수질오염방제센터 한강센터,국가기관 비축,수도권,,,,,09 한국환경공단 수질오염방제센터
선박·보트·무인기,차량·중장비,모터고무보트(2인),1,척,한국환경공단 수질오염방제센터 한강센터,국가기관 비축,수도권,,,,,09 한국환경공단 수질오염방제센터
선박·보트·무인기,차량·중장비,립보트,1,척,한국환경공단 수질오염방제센터 한강센터,국가기관 비축,수도권,,,,,09 한국환경공단 수질오염방제센터
선박·보트·무인기,차량·중장비,자항식,2,대,한국환경공단 수질오염방제센터 한강센터,국가기관 비축,수도권,,,,,09 한국환경공단 수질오염방제센터
선박·보트·무인기,차량·중장비,멀티콥터,1,대,한국환경공단 수질오염방제센터 한강센터,국가기관 비축,수도권,,,,,09 한국환경공단 수질오염방제센터
선박·보트·무인기,차량·중장비,방제지원용 무인선,1,대,한국환경공단 수질오염방제센터 한강센터,국가기관 비축,수도권,,,,,09 한국환경공단 수질오염방제센터
선박·보트·무인기,차량·중장비,화학방제정 19호 (단동선·300톤),1,척,인천 해양경찰서,국가기관 비축,수도권,인천광역시,,인천항 해경전용부두,,08 해경 화학방제정
선박·보트·무인기,차량·중장비,수질감시선,1,척,한국환경공단 수질오염방제센터 영산강센터,국가기관 비축,전라권역,,,,,09 한국환경공단 수질오염방제센터
선박·보트·무인기,차량·중장비,모터고무보트(2인),1,척,한국환경공단 수질오염방제센터 영산강센터,국가기관 비축,전라권역,,,,,09 한국환경공단 수질오염방제센터
선박·보트·무인기,차량·중장비,립보트,1,척,한국환경공단 수질오염방제센터 영산강센터,국가기관 비축,전라권역,,,,,09 한국환경공단 수질오염방제센터
선박·보트·무인기,차량·중장비,자항식,2,대,한국환경공단 수질오염방제센터 영산강센터,국가기관 비축,전라권역,,,,,09 한국환경공단 수질오염방제센터
선박·보트·무인기,차량·중장비,멀티콥터,2,대,한국환경공단 수질오염방제센터 영산강센터,국가기관 비축,전라권역,,,,,09 한국환경공단 수질오염방제센터
선박·보트·무인기,차량·중장비,방제지원용 무인선,1,대,한국환경공단 수질오염방제센터 영산강센터,국가기관 비축,전라권역,,,,,09 한국환경공단 수질오염방제센터
선박·보트·무인기,차량·중장비,화학방제정 17호 (단동선·150톤),1,척,제주 해양경찰서,국가기관 비축,전라권역,제주특별자치도,,제주항 전용부두,,08 해경 화학방제정
선박·보트·무인기,차량·중장비,수질감시선,1,척,한국환경공단 수질오염방제센터 금강센터,국가기관 비축,충청권역,,,,,09 한국환경공단 수질오염방제센터
선박·보트·무인기,차량·중장비,방제바지선,1,척,한국환경공단 수질오염방제센터 금강센터,국가기관 비축,충청권역,,,,,09 한국환경공단 수질오염방제센터
선박·보트·무인기,차량·중장비,FRP선,1,척,한국환경공단 수질오염방제센터 금강센터,국가기관 비축,충청권역,,,,,09 한국환경공단 수질오염방제센터
선박·보트·무인기,차량·중장비,모터고무보트(6인),1,척,한국환경공단 수질오염방제센터 금강센터,국가기관 비축,충청권역,,,,,09 한국환경공단 수질오염방제센터
선박·보트·무인기,차량·중장비,모터고무보트(2인),1,척,한국환경공단 수질오염방제센터 금강센터,국가기관 비축,충청권역,,,,,09 한국환경공단 수질오염방제센터
선박·보트·무인기,차량·중장비,립보트,1,척,한국환경공단 수질오염방제센터 금강센터,국가기관 비축,충청권역,,,,,09 한국환경공단 수질오염방제센터
선박·보트·무인기,차량·중장비,자항식,2,대,한국환경공단 수질오염방제센터 금강센터,국가기관 비축,충청권역,,,,,09 한국환경공단 수질오염방제센터
선박·보트·무인기,차량·중장비,멀티콥터,2,대,한국환경공단 수질오염방제센터 금강센터,국가기관 비축,충청권역,,,,,09 한국환경공단 수질오염방제센터
선박·보트·무인기,차량·중장비,방제지원용 무인선,1,대,한국환경공단 수질오염방제센터 금강센터,국가기관 비축,충청권역,,,,,09 한국환경공단 수질오염방제센터
운반·하역차량,차량·중장비,지게차,4,,고성군 환경과,지자체,강원권역,강원특별자치도,고성군,강원 고성군 죽왕면 짱고개길 253,033-680-3823,01 지자체 보유 방재장비
운반·하역차량,차량·중장비,암롤차,1,,고성군 환경과,지자체,강원권역,강원특별자치도,고성군,강원 고성군 간성읍 탑동길 59,033-680-3992,01 지자체 보유 방재장비
운반·하역차량,차량·중장비,지게차,13,,고성군 환경과,지자체,강원권역,강원특별자치도,고성군,강원 고성군 간성읍 고성중앙길9,033-680-3343,01 지자체 보유 방재장비
운반·하역차량,차량·중장비,암롤차,4,,동해시 환경과,지자체,강원권역,강원특별자치도,동해시,강원 동해시 천곡로 77,033-530-2366,01 지자체 보유 방재장비
운반·하역차량,차량·중장비,지게차,1,,동해시 환경과,지자체,강원권역,강원특별자치도,동해시,강원 동해시 천곡로 77,033-530-2366,01 지자체 보유 방재장비
운반·하역차량,차량·중장비,암롤차,1,,양양군 환경과,지자체,강원권역,강원특별자치도,양양군,강원 양양군 양양읍 군청길 1,033-670-2182,01 지자체 보유 방재장비
운반·하역차량,차량·중장비,암롤차,2,,인제군 환경보호과,지자체,강원권역,강원특별자치도,인제군,강원 인제군 인제읍 인제로187번길 8,033-460-4453,01 지자체 보유 방재장비
운반·하역차량,차량·중장비,지게차,3,,인제군 환경보호과,지자체,강원권역,강원특별자치도,인제군,강원 인제군 인제읍 인제로187번길 8,033-460-4453,01 지자체 보유 방재장비
운반·하역차량,차량·중장비,암롤차,4,,정선군 환경과,지자체,강원권역,강원특별자치도,정선군,강원 정선군 정선읍 봉양3길 21,033-560-2354,01 지자체 보유 방재장비
운반·하역차량,차량·중장비,지게차,2,,정선군 환경과,지자체,강원권역,강원특별자치도,정선군,강원 정선군 정선읍 봉양3길 21,033-560-2354,01 지자체 보유 방재장비
운반·하역차량,차량·중장비,암롤차,1,,춘천시 자원순환과,지자체,강원권역,강원특별자치도,춘천시,강원 춘천시 시청길11,033-250-3127,01 지자체 보유 방재장비
운반·하역차량,차량·중장비,암롤차,2,,태백시 환경과,지자체,강원권역,강원특별자치도,태백시,강원 태백시 태붐로 21,033-550-3974,01 지자체 보유 방재장비
운반·하역차량,차량·중장비,지게차,3,,태백시 환경과,지자체,강원권역,강원특별자치도,태백시,강원 태백시 태붐로 21,033-550-3974,01 지자체 보유 방재장비
운반·하역차량,차량·중장비,방제장비견인차량,2,대,한국환경공단 수질오염방제센터 낙동강센터,국가기관 비축,경상권역,,,,,09 한국환경공단 수질오염방제센터
운반·하역차량,차량·중장비,전동지게차(2.0톤),2,대,한국환경공단 수질오염방제센터 낙동강센터,국가기관 비축,경상권역,,,,,09 한국환경공단 수질오염방제센터
운반·하역차량,차량·중장비,4륜오토바이,1,대,한국환경공단 수질오염방제센터 낙동강센터,국가기관 비축,경상권역,,,,,09 한국환경공단 수질오염방제센터
운반·하역차량,차량·중장비,암롤차,1,,거제시 기후환경과,지자체,경상권역,경상남도,거제시,경상남도 거제시 계룡로 125(고현동) 거제시청,055-639-3933,01 지자체 보유 방재장비
운반·하역차량,차량·중장비,지게차,1,,거제시 기후환경과,지자체,경상권역,경상남도,거제시,경상남도 거제시 계룡로 125(고현동) 거제시청,055-639-3933,01 지자체 보유 방재장비
운반·하역차량,차량·중장비,암롤차,1,,김해시 자원순환과,지자체,경상권역,경상남도,김해시,경상남도 김해시 김해대로 2401,055-330-3384,01 지자체 보유 방재장비
운반·하역차량,차량·중장비,암롤차,1,,남해군 환경과,지자체,경상권역,경상남도,남해군,경상남도 남해군 남해읍 에코파크길 65-10,055-860-3273,01 지자체 보유 방재장비
운반·하역차량,차량·중장비,지게차,2,,남해군 환경과,지자체,경상권역,경상남도,남해군,경상남도 남해군 남해읍 에코파크길 65-10,055-860-3273,01 지자체 보유 방재장비
운반·하역차량,차량·중장비,암롤차,1,,남해군 환경과,지자체,경상권역,경상남도,남해군,경상남도 남해군 남해읍 에코파크길 65-10,055-860-3273,02 지자체 보유 방재장비(청·센터별)
운반·하역차량,차량·중장비,지게차,2,,남해군 환경과,지자체,경상권역,경상남도,남해군,경상남도 남해군 남해읍 에코파크길 65-10,055-860-3273,02 지자체 보유 방재장비(청·센터별)
운반·하역차량,차량·중장비,지게차,1,,사천시 환경보호과,지자체,경상권역,경상남도,사천시,사천시 용현면 시청로 77,055-831-2777,01 지자체 보유 방재장비
운반·하역차량,차량·중장비,암롤차,2,,산청군 환경위생과,지자체,경상권역,경상남도,산청군,경상남도 산청군 산청읍 산엔청로 1,055-970-7122,01 지자체 보유 방재장비
운반·하역차량,차량·중장비,지게차,2,,산청군 환경위생과,지자체,경상권역,경상남도,산청군,경상남도 산청군 산청읍 산엔청로 1,055-970-7122,01 지자체 보유 방재장비
운반·하역차량,차량·중장비,지게차,9,,진주시 기후환경과,지자체,경상권역,경상남도,진주시,경상남도 진주시 동진로 155,055-749-8655,01 지자체 보유 방재장비
운반·하역차량,차량·중장비,암롤차,2,,통영시 자원순환과,지자체,경상권역,경상남도,통영시,경상남도 통영시 통영해안로 515,055-650-1333,01 지자체 보유 방재장비
운반·하역차량,차량·중장비,지게차,1,,통영시 자원순환과,지자체,경상권역,경상남도,통영시,경상남도 통영시 통영해안로 515,055-650-1333,01 지자체 보유 방재장비
운반·하역차량,차량·중장비,지게차,1,대,한국남동발전㈜ 하동발전본부,사업장,경상권역,경상남도,하동군,경상남도 하동군 금성면 경제산업로 509,070-7713-1294,05 사업장 보유 방제물품(화학안전공동체)
운반·하역차량,차량·중장비,덤프,2,대,한국남동발전㈜ 하동발전본부,사업장,경상권역,경상남도,하동군,경상남도 하동군 금성면 경제산업로 509,070-7713-1294,05 사업장 보유 방제물품(화학안전공동체)
운반·하역차량,차량·중장비,암롤차,1,,함안군 환경과,지자체,경상권역,경상남도,함안군,경상남도 함안군 가야읍 말산로 1,055-580-2423,01 지자체 보유 방재장비
운반·하역차량,차량·중장비,지게차,2,,함안군 환경과,지자체,경상권역,경상남도,함안군,경상남도 함안군 가야읍 말산로 1,055-580-2423,01 지자체 보유 방재장비
운반·하역차량,차량·중장비,암롤차,2,,함양군 환경정책과,지자체,경상권역,경상남도,함양군,경상남도 함양군 함양읍 고운로 35,055-960-6116,01 지자체 보유 방재장비
운반·하역차량,차량·중장비,지게차,1,,함양군 환경정책과,지자체,경상권역,경상남도,함양군,경상남도 함양군 함양읍 고운로 35,055-960-6116,01 지자체 보유 방재장비
운반·하역차량,차량·중장비,지게차,1,,고령군 환경과,지자체,경상권역,경상북도,고령군,고령군 대가야읍 왕릉로 55,054-950-6523,01 지자체 보유 방재장비
운반·하역차량,차량·중장비,지게차,3,,구미시 자원순환과,지자체,경상권역,경상북도,구미시,경상북도 구미시 산동읍 송백로 497,054-480-5235,01 지자체 보유 방재장비
운반·하역차량,차량·중장비,지게차,3,,구미시 자원순환과,지자체,경상권역,경상북도,구미시,경상북도 구미시 산동읍 송백로 497,054-480-5235,02 지자체 보유 방재장비(청·센터별)
운반·하역차량,차량·중장비,암롤차,1,,김천시 환경위생과,지자체,경상권역,경상북도,김천시,김천시 시청1길 1,054-420-6681,01 지자체 보유 방재장비
운반·하역차량,차량·중장비,암롤차,1,,김천시 환경위생과,지자체,경상권역,경상북도,김천시,경상북도 김천시 시청1길 1,054-420-6681,02 지자체 보유 방재장비(청·센터별)
운반·하역차량,차량·중장비,지게차,8,,김천시 환경위생과,지자체,경상권역,경상북도,김천시,경상북도 김천시 시청1길 1,054-420-6681,02 지자체 보유 방재장비(청·센터별)
운반·하역차량,차량·중장비,암롤차,2,,문경시 환경보호과,지자체,경상권역,경상북도,문경시,경상북도 문경시 당교로 225,054-550-6501,02 지자체 보유 방재장비(청·센터별)
운반·하역차량,차량·중장비,지게차,4,,문경시 환경보호과,지자체,경상권역,경상북도,문경시,경상북도 문경시 당교로 225,054-550-6501,02 지자체 보유 방재장비(청·센터별)
운반·하역차량,차량·중장비,지게차,1,,문경시 환경보호과,지자체,경상권역,경상북도,문경시,경상북도 문경시 당교로 227,054-550-6503,02 지자체 보유 방재장비(청·센터별)
운반·하역차량,차량·중장비,암롤차,3,,봉화군 녹색환경과,지자체,경상권역,경상북도,봉화군,경북 봉화군 봉화읍 봉화로 1111,054-679-6403,01 지자체 보유 방재장비
운반·하역차량,차량·중장비,지게차,1,,성주군 자원순환사업소,지자체,경상권역,경상북도,성주군,경북 성주군 성주읍 삼산3길 73,054-930-6195,01 지자체 보유 방재장비
운반·하역차량,차량·중장비,지게차,1,,성주군 자원순환사업소,지자체,경상권역,경상북도,성주군,경북 성주군 성주읍 삼산3길 73,054-930-6195,02 지자체 보유 방재장비(청·센터별)
운반·하역차량,차량·중장비,지게차,1,,안동시 건설과,지자체,경상권역,경상북도,안동시,경상북도 안동시 퇴계로 115,054-840-6848,01 지자체 보유 방재장비
운반·하역차량,차량·중장비,지게차,1,,안동시 건설과,지자체,경상권역,경상북도,안동시,경상북도 안동시 퇴계로 115,054-840-6848,02 지자체 보유 방재장비(청·센터별)
운반·하역차량,차량·중장비,지게차,3,,안동시 영농지원과,지자체,경상권역,경상북도,안동시,경상북도 안동시 경동로 1484-10(송천동),054-840-5674,01 지자체 보유 방재장비
운반·하역차량,차량·중장비,지게차,3,,안동시 영농지원과,지자체,경상권역,경상북도,안동시,경상북도 안동시 경동로 1484-10(송천동),054-840-5674,02 지자체 보유 방재장비(청·센터별)
운반·하역차량,차량·중장비,암롤차,1,,안동시시설관리공단 안동환경팀,지자체,경상권역,경상북도,안동시시설관리공단,경상북도 안동시 앙실3길 21-20,054-850-4549,01 지자체 보유 방재장비
운반·하역차량,차량·중장비,지게차,2,,안동시시설관리공단 안동환경팀,지자체,경상권역,경상북도,안동시시설관리공단,경상북도 안동시 앙실3길 21-20,054-850-4549,01 지자체 보유 방재장비
운반·하역차량,차량·중장비,암롤차,3,,영덕군 환경위생과,지자체,경상권역,경상북도,영덕군,경상북도 영덕군 영덕읍 군청길 116,054-730-6582,01 지자체 보유 방재장비
운반·하역차량,차량·중장비,지게차,2,,영덕군 환경위생과,지자체,경상권역,경상북도,영덕군,경상북도 영덕군 영덕읍 군청길 116,054-730-6582,01 지자체 보유 방재장비
운반·하역차량,차량·중장비,지게차,3,,영양군 환경보전과,지자체,경상권역,경상북도,영양군,경북 영양군 영양읍 군청길37,054-680-6510,01 지자체 보유 방재장비
운반·하역차량,차량·중장비,지게차,1,,영주시 기술지원과,지자체,경상권역,경상북도,영주시,경상북도 영주시 시청로 1,054-639-7394,01 지자체 보유 방재장비
운반·하역차량,차량·중장비,지게차,1,,영주시 기술지원과,지자체,경상권역,경상북도,영주시,경상북도 영주시 시청로 1,054-639-3845,01 지자체 보유 방재장비
운반·하역차량,차량·중장비,지게차,2,,영주시 기술지원과,지자체,경상권역,경상북도,영주시,경상북도 영주시 시청로 1,054-639-7348,02 지자체 보유 방재장비(청·센터별)
운반·하역차량,차량·중장비,지게차,5,,영주시 농촌지도과,지자체,경상권역,경상북도,영주시,경상북도 영주시 시청로 1,054-639-7377,01 지자체 보유 방재장비
운반·하역차량,차량·중장비,지게차,3,,영주시 농촌지도과,지자체,경상권역,경상북도,영주시,경상북도 영주시 시청로 1,054-639-7362,02 지자체 보유 방재장비(청·센터별)
운반·하역차량,차량·중장비,지게차,9,,영주시 유통지원과,지자체,경상권역,경상북도,영주시,경상북도 영주시 시청로 1,054-639-3954,01 지자체 보유 방재장비
운반·하역차량,차량·중장비,지게차,2,,영주시 유통지원과,지자체,경상권역,경상북도,영주시,경상북도 영주시 시청로 1,054-639-3954,02 지자체 보유 방재장비(청·센터별)
운반·하역차량,차량·중장비,암롤차,1,,영주시 환경보호과,지자체,경상권역,경상북도,영주시,경상북도 영주시 시청로 1,054-639-6775,01 지자체 보유 방재장비
운반·하역차량,차량·중장비,지게차,1,,영주시 환경보호과,지자체,경상권역,경상북도,영주시,경상북도 영주시 시청로 1,054-639-6775,01 지자체 보유 방재장비
운반·하역차량,차량·중장비,지게차,1,,영주시 환경보호과,지자체,경상권역,경상북도,영주시,경상북도 영주시 시청로 1,054-639-6775,02 지자체 보유 방재장비(청·센터별)
운반·하역차량,차량·중장비,지게차,1,,영주시 환경사업소,지자체,경상권역,경상북도,영주시,경상북도 영주시 시청로 1,054-639-7787,01 지자체 보유 방재장비
운반·하역차량,차량·중장비,지게차,1,,영주시 환경사업소,지자체,경상권역,경상북도,영주시,경상북도 영주시 시청로 1,054-639-7774,02 지자체 보유 방재장비(청·센터별)
운반·하역차량,차량·중장비,암롤차,3,,예천군 환경관리과,지자체,경상권역,경상북도,예천군,경북 예천군 예천읍 충효로 111,054-650-6555,01 지자체 보유 방재장비
운반·하역차량,차량·중장비,지게차,1,,예천군 환경관리과,지자체,경상권역,경상북도,예천군,경북 예천군 예천읍 충효로 111,054-650-6555,01 지자체 보유 방재장비
운반·하역차량,차량·중장비,지게차,2,,의성군 환경축산과,지자체,경상권역,경상북도,의성군,경상북도 의성군 군청길 31,054-830-6179,01 지자체 보유 방재장비
운반·하역차량,차량·중장비,지게차,2,,의성군 환경축산과,지자체,경상권역,경상북도,의성군,경상북도 의성군 군청길 31,054-830-6179,02 지자체 보유 방재장비(청·센터별)
운반·하역차량,차량·중장비,암롤차,13,,청도군 환경산림과,지자체,경상권역,경상북도,청도군,경상북도 청도군 화양읍 청화로 70,054-370-2187,01 지자체 보유 방재장비
운반·하역차량,차량·중장비,지게차,1,,군위군 환경과,지자체,경상권역,대구광역시,군위군,대구광역시 군위군 군위읍 군청로 200,054-380-7992,01 지자체 보유 방재장비
운반·하역차량,차량·중장비,지게차,1,,군위군 환경과,지자체,경상권역,대구광역시,군위군,대구광역시 군위군 군위읍 군청로 200,054-380-7992,02 지자체 보유 방재장비(청·센터별)
운반·하역차량,차량·중장비,지게차,2,,남구 안전총괄과,지자체,경상권역,부산광역시,남구,부산광역시 남구 못골로 19,051-607-4646,01 지자체 보유 방재장비
운반·하역차량,차량·중장비,암롤차,1,,북구 자원순환과,지자체,경상권역,부산광역시,북구,부산광역시 북구 낙동대로 1570번길 33 (구포동),051-309-4455,01 지자체 보유 방재장비
운반·하역차량,차량·중장비,지게차,1,,서구 구민안전과,지자체,경상권역,부산광역시,서구,부산광역시 서구 구덕로 120,051-240-4646,01 지자체 보유 방재장비
운반·하역차량,차량·중장비,암롤차,5,,서구 청소행정과,지자체,경상권역,부산광역시,서구,부산광역시 서구 구덕로 120,051-240-4436,01 지자체 보유 방재장비
운반·하역차량,차량·중장비,지게차,2,,서구 청소행정과,지자체,경상권역,부산광역시,서구,부산광역시 서구 구덕로 120,051-240-4436,01 지자체 보유 방재장비
운반·하역차량,차량·중장비,암롤차,4,,연제구 환경위생과,지자체,경상권역,부산광역시,연제구,부산광역시 연제구 연제로 2,051-665-4395,01 지자체 보유 방재장비
운반·하역차량,차량·중장비,지게차,1,,영도구 청소행정과,지자체,경상권역,부산광역시,영도구,부산광역시 영도구 태종로 423,051-419-4435,01 지자체 보유 방재장비
운반·하역차량,차량·중장비,지게차,1,,영도구 청소행정과,지자체,경상권역,부산광역시,영도구,부산광역시 영도구 태종로 423,051-419-4461,01 지자체 보유 방재장비
운반·하역차량,차량·중장비,암롤차,2,,중구 자원순환과,지자체,경상권역,부산광역시,중구,중구 중구로 120,051-600-4821,01 지자체 보유 방재장비
운반·하역차량,차량·중장비,지게차,2,,중구 자원순환과,지자체,경상권역,부산광역시,중구,중구 중구로 120,051-600-4821,01 지자체 보유 방재장비
운반·하역차량,차량·중장비,암롤차,2,,남구 환경자원과,지자체,경상권역,울산광역시,남구,울산광역시 남구 돋질로 233,052-226-5774,01 지자체 보유 방재장비
운반·하역차량,차량·중장비,암롤차,2,,남구 환경자원과,지자체,경상권역,울산광역시,남구,울산광역시 남구 돋질로 233,052-226-5774,02 지자체 보유 방재장비(청·센터별)
운반·하역차량,차량·중장비,암롤차,1,,동구 환경위생과,지자체,경상권역,울산광역시,동구,울산광역시 동구 봉수로 155,052-209-3562,01 지자체 보유 방재장비
운반·하역차량,차량·중장비,암롤차,1,,동구 환경위생과,지자체,경상권역,울산광역시,동구,울산광역시 동구 봉수로 155,052-209-3562,02 지자체 보유 방재장비(청·센터별)
운반·하역차량,차량·중장비,암롤차,1,,북구 환경위생과,지자체,경상권역,울산광역시,북구,울산광역시 북구 산업로 1010,052-241-7773,01 지자체 보유 방재장비
운반·하역차량,차량·중장비,암롤차,1,,북구 환경위생과,지자체,경상권역,울산광역시,북구,울산광역시 북구 산업로 1010,052-241-7773,02 지자체 보유 방재장비(청·센터별)
운반·하역차량,차량·중장비,방제장비견인차량,2,대,한국환경공단 수질오염방제센터 한강센터,국가기관 비축,수도권,,,,,09 한국환경공단 수질오염방제센터
운반·하역차량,차량·중장비,방제물품트레일러,11,대,한국환경공단 수질오염방제센터 한강센터,국가기관 비축,수도권,,,,,09 한국환경공단 수질오염방제센터
운반·하역차량,차량·중장비,지게차,1,,구리시 자원순환과,지자체,수도권,경기도,구리시,경기 구리시 왕숙천로 49,031-550-2252,01 지자체 보유 방재장비
운반·하역차량,차량·중장비,암롤차,1,,동두천시 자원위생과,지자체,수도권,경기도,동두천시,경기 동두천시 방죽로 23,031-860-2251,01 지자체 보유 방재장비
운반·하역차량,차량·중장비,암롤차,8,,안산시 환경정책과,지자체,수도권,경기도,안산시,"경기 안산시 단원구 중앙대로 839(고잔동, 3층 환경정책과)",031-481-2243,01 지자체 보유 방재장비
운반·하역차량,차량·중장비,암롤차,5,,양주시 환경정책과,지자체,수도권,경기도,양주시,경기 양주시 부흥로 1533,031-8082-6313,01 지자체 보유 방재장비
운반·하역차량,차량·중장비,암롤차,1,,여주시 자원순환과,지자체,수도권,경기도,여주시,경기 여주시 세종로 1,031-887-2783,01 지자체 보유 방재장비
운반·하역차량,차량·중장비,지게차,4,,여주시 자원순환과,지자체,수도권,경기도,여주시,경기 여주시 세종로 1,031-887-2783,01 지자체 보유 방재장비
운반·하역차량,차량·중장비,암롤차,2,,여주시 자원순환과,지자체,수도권,경기도,여주시,경기 여주시 세종로 1,031-887-2787,01 지자체 보유 방재장비
운반·하역차량,차량·중장비,암롤차,1,,이천시 자원순환과,지자체,수도권,경기도,이천시,경기 이천시 모가면 공원로 89,031-644-2608,01 지자체 보유 방재장비
운반·하역차량,차량·중장비,암롤차,1,,하남시 자원순환과,지자체,수도권,경기도,하남시,경기 하남시 미사대로 710,031-790-5322,01 지자체 보유 방재장비
운반·하역차량,차량·중장비,지게차,5,,하남시 자원순환과,지자체,수도권,경기도,하남시,경기 하남시 미사대로 710,031-790-5322,01 지자체 보유 방재장비
운반·하역차량,차량·중장비,암롤차,1,,하남시 자원순환과,지자체,수도권,경기도,하남시,경기 하남시 미사대로 710,031-790-5644,01 지자체 보유 방재장비
운반·하역차량,차량·중장비,지게차,1,,하남시 자원순환과,지자체,수도권,경기도,하남시,경기 하남시 미사대로 710,031-790-5644,01 지자체 보유 방재장비
운반·하역차량,차량·중장비,지게차,2,,강북구 재난안전과,지자체,수도권,서울특별시,강북구,서울특별시 강북구 도봉로 323(용신빌딩) 10층,02-901-5878,01 지자체 보유 방재장비
운반·하역차량,차량·중장비,암롤차,5,,광진구 청소과,지자체,수도권,서울특별시,광진구,서울특별시 광진구 천호대로 788,02-450-7604,01 지자체 보유 방재장비
운반·하역차량,차량·중장비,지게차,2,,광진구 청소과,지자체,수도권,서울특별시,광진구,서울특별시 광진구 천호대로 788,02-450-7604,01 지자체 보유 방재장비
운반·하역차량,차량·중장비,지게차,1,,금천구 환경과,지자체,수도권,서울특별시,금천구,서울시 금천구 시흥대로73길 70,02-2627-1515,01 지자체 보유 방재장비
운반·하역차량,차량·중장비,암롤차,4,,노원구 녹색환경과,지자체,수도권,서울특별시,노원구,"서울 노원구 노해로 455, 9층",02-2116-3213,01 지자체 보유 방재장비
운반·하역차량,차량·중장비,암롤차,5,,동대문구 청소행정과,지자체,수도권,서울특별시,동대문구,서울특별시 동대문구 천호대로 145,02-2127-4378,01 지자체 보유 방재장비
운반·하역차량,차량·중장비,지게차,1,,동대문구 청소행정과,지자체,수도권,서울특별시,동대문구,서울특별시 동대문구 천호대로 145,02-2127-4378,01 지자체 보유 방재장비
운반·하역차량,차량·중장비,암롤차,4,,마포구 깨끗한마포과,지자체,수도권,서울특별시,마포구,서울 마포구 월드컵로 212,02-3153-9232,01 지자체 보유 방재장비
운반·하역차량,차량·중장비,지게차,1,,마포구 깨끗한마포과,지자체,수도권,서울특별시,마포구,서울 마포구 월드컵로 212,02-3153-9232,01 지자체 보유 방재장비
운반·하역차량,차량·중장비,지게차,1,,서초구 안전도시과 기후환경과,지자체,수도권,서울특별시,서초구,서울 서초구 남부순환로 2584 서초구청,02-2155-7112,01 지자체 보유 방재장비
운반·하역차량,차량·중장비,암롤차,1,,양천구 청소행정과,지자체,수도권,서울특별시,양천구,서울특별시 양천구 목동동로 105,02-2620-3431,01 지자체 보유 방재장비
운반·하역차량,차량·중장비,지게차,1,,양천구 청소행정과,지자체,수도권,서울특별시,양천구,서울특별시 양천구 목동동로 105,02-2620-3431,01 지자체 보유 방재장비
운반·하역차량,차량·중장비,암롤차,2,,중구 환경과,지자체,수도권,서울특별시,중구,서울특별시 중구 창경궁로 17,02-3396-5615,01 지자체 보유 방재장비
운반·하역차량,차량·중장비,지게차,1,,중구 환경과,지자체,수도권,서울특별시,중구,서울특별시 중구 창경궁로 17,02-3396-5615,01 지자체 보유 방재장비
운반·하역차량,차량·중장비,지게차,6,,연수구 환경보전과,지자체,수도권,인천광역시,연수구,인천광역시 연수구 원인재로 115,032-749-7942,01 지자체 보유 방재장비
운반·하역차량,차량·중장비,암롤차,20,,옹진군 환경위생과,지자체,수도권,인천광역시,옹진군,인천광역시 미추홀구 매소홀로 120,032-899-2615,01 지자체 보유 방재장비
운반·하역차량,차량·중장비,지게차,8,,옹진군 환경위생과,지자체,수도권,인천광역시,옹진군,인천광역시 미추홀구 매소홀로 120,032-899-2615,01 지자체 보유 방재장비
운반·하역차량,차량·중장비,지게차,1,,중구(원도심) 자원순환과,지자체,수도권,인천광역시,중구(원도심),"인천 중구 신포로27번길 80, 동별관 2층",032-760-7416,01 지자체 보유 방재장비
운반·하역차량,차량·중장비,방제장비견인차량,1,대,한국환경공단 수질오염방제센터 영산강센터,국가기관 비축,전라권역,,,,,09 한국환경공단 수질오염방제센터
운반·하역차량,차량·중장비,전동지게차(2.0톤),1,대,한국환경공단 수질오염방제센터 영산강센터,국가기관 비축,전라권역,,,,,09 한국환경공단 수질오염방제센터
운반·하역차량,차량·중장비,4륜오토바이,1,대,한국환경공단 수질오염방제센터 영산강센터,국가기관 비축,전라권역,,,,,09 한국환경공단 수질오염방제센터
운반·하역차량,차량·중장비,지게차,1,,북구 기후환경과,지자체,전라권역,광주광역시,북구,광주광역시 북구 우치로 77,062-410-6472,01 지자체 보유 방재장비
운반·하역차량,차량·중장비,집게,,50EA,GS칼텍스㈜,사업장,전라권역,전라남도,여수시,전라남도 여수시 여수산단로 923-106,061-680-2387,05 사업장 보유 방제물품(화학안전공동체)
운반·하역차량,차량·중장비,포터,1,대(1톤),㈜로비스,사업장,전라권역,전라남도,여수시,전라남도 여수시 여수산단로 274-9,061-805-9220,05 사업장 보유 방제물품(화학안전공동체)
운반·하역차량,차량·중장비,카고트럭,1,1대,㈜씨앤씨케미칼 광양공장,사업장,전라권역,전라남도,광양시,전라남도 광양시 광양읍 직동1길 50,061-762-9340,05 사업장 보유 방제물품(화학안전공동체)
운반·하역차량,차량·중장비,포터,1,대,㈜해담광양,사업장,전라권역,전라남도,광양시,전라남도 광양시 제철로 2148-543,061-797-9494,05 사업장 보유 방제물품(화학안전공동체)
운반·하역차량,차량·중장비,지게차,2,,강진군 환경과,지자체,전라권역,전라남도,강진군,전라남도 강진군 강진읍 탐진로 111,061-430-3303,01 지자체 보유 방재장비
운반·하역차량,차량·중장비,암롤차,1,,고흥군 환경정책과,지자체,전라권역,전라남도,고흥군,전라남도 고흥군 고흥읍 고흥군청로 1,061-830-5834,01 지자체 보유 방재장비
운반·하역차량,차량·중장비,지게차,1,,고흥군 환경정책과,지자체,전라권역,전라남도,고흥군,전라남도 고흥군 고흥읍 고흥군청로 1,061-830-5834,01 지자체 보유 방재장비
운반·하역차량,차량·중장비,포트레일러,1,대,남해화학㈜,사업장,전라권역,전라남도,여수시,전라남도 여수시 여수산돈로 1384,061-688-5752,05 사업장 보유 방제물품(화학안전공동체)
운반·하역차량,차량·중장비,지게차,20,대,남해화학㈜,사업장,전라권역,전라남도,여수시,전라남도 여수시 여수산돈로 1384,061-688-5752,05 사업장 보유 방제물품(화학안전공동체)
운반·하역차량,차량·중장비,암롤차,1,,담양군 환경과,지자체,전라권역,전라남도,담양군,전라남도 담양군 담양읍 추성로 1371,061-380-3068,01 지자체 보유 방재장비
운반·하역차량,차량·중장비,지게차,1,,담양군 환경과,지자체,전라권역,전라남도,담양군,전라남도 담양군 담양읍 추성로 1371,061-380-3068,01 지자체 보유 방재장비
운반·하역차량,차량·중장비,지게차,10,대,비를라카본코리아㈜,사업장,전라권역,전라남도,여수시,전라남도 여수시 여수산단2로 46-101,061-688-3331,05 사업장 보유 방제물품(화학안전공동체)
운반·하역차량,차량·중장비,암롤차,14,,순천시 환경관리과,지자체,전라권역,전라남도,순천시,전라남도 순천시 이수로 13 (장천동),061-749-5769,01 지자체 보유 방재장비
운반·하역차량,차량·중장비,지게차,1,,순천시 환경관리과,지자체,전라권역,전라남도,순천시,전라남도 순천시 이수로 13 (장천동),061-749-5769,01 지자체 보유 방재장비
운반·하역차량,차량·중장비,암롤차,14,,순천시 환경관리과,지자체,전라권역,전라남도,순천시,전라남도 순천시 이수로 13 (장천동),061-749-5770,02 지자체 보유 방재장비(청·센터별)
운반·하역차량,차량·중장비,지게차,1,,순천시 환경관리과,지자체,전라권역,전라남도,순천시,전라남도 순천시 이수로 13 (장천동),061-749-5770,02 지자체 보유 방재장비(청·센터별)
운반·하역차량,차량·중장비,암롤차,13,,신안군 세계유산과,지자체,전라권역,전라남도,신안군,전라남도 신안군 압해로 천사로 1004,061-240-8153,01 지자체 보유 방재장비
운반·하역차량,차량·중장비,지게차,2,,신안군 세계유산과,지자체,전라권역,전라남도,신안군,전라남도 신안군 압해로 천사로 1004,061-240-8153,01 지자체 보유 방재장비
운반·하역차량,차량·중장비,트럭,1,대,여천NCC㈜ 여수1공장,사업장,전라권역,전라남도,여수시,전라남도 여수시 여수산단3로 2,061-688-6065,05 사업장 보유 방제물품(화학안전공동체)
운반·하역차량,차량·중장비,1톤트럭,1,대,여천NCC㈜ 여수2공장,사업장,전라권역,전라남도,여수시,전라남도 여수시 여수산단2로 46-20,061-688-6065,05 사업장 보유 방제물품(화학안전공동체)
운반·하역차량,차량·중장비,1톤트럭,1,대,여천NCC㈜ 여수3공장,사업장,전라권역,전라남도,여수시,전라남도 여수시 여수산단2로 220-62,061-688-6065,05 사업장 보유 방제물품(화학안전공동체)
운반·하역차량,차량·중장비,지게차,2,대(3ton),일양화학㈜,사업장,전라권역,전라남도,여수시,전라남도 여수시 여수산단2로 14,061-683-2201,05 사업장 보유 방제물품(화학안전공동체)
운반·하역차량,차량·중장비,지게차,2,,장성군 환경과,지자체,전라권역,전라남도,장성군,전라남동 장성군 장성읍 영천로 200,061-390-7337,01 지자체 보유 방재장비
운반·하역차량,차량·중장비,암롤차,1,,장흥군 환경관리과,지자체,전라권역,전라남도,장흥군,전남 장흥군 부산면 덕정길 206,061-860-7834,01 지자체 보유 방재장비
운반·하역차량,차량·중장비,지게차,1,,장흥군 환경관리과,지자체,전라권역,전라남도,장흥군,전남 장흥군 부산면 덕정길 206,061-860-7834,01 지자체 보유 방재장비
운반·하역차량,차량·중장비,1톤 포터,2,대,재원산업㈜,사업장,전라권역,전라남도,여수시,전라남도 여수시 낙포단지길 79,061-690-9273,05 사업장 보유 방제물품(화학안전공동체)
운반·하역차량,차량·중장비,암롤차,1,,진도군 환경수질과,지자체,전라권역,전라남도,진도군,전라남도 진도군 진도읍 철마길 25,061-540-3723,01 지자체 보유 방재장비
운반·하역차량,차량·중장비,지게차,1,,진도군 환경수질과,지자체,전라권역,전라남도,진도군,전라남도 진도군 진도읍 철마길 25,061-540-3723,01 지자체 보유 방재장비
운반·하역차량,차량·중장비,폼트레일러,1,대,한국남동발전㈜ 여수발전본부,사업장,전라권역,전라남도,여수시,전라남도 여수시 여수산단로 727,070-8898-5622,05 사업장 보유 방제물품(화학안전공동체)
운반·하역차량,차량·중장비,운송차량(1.5톤),1,대,"한화케미칼㈜ 여수1공장, 한화케미칼㈜ 여수2공장, 한화케미칼㈜ 여수3공장",사업장,전라권역,전라남도,여수시,전라남도 여수시 여수산단3로 117,061-688-1165,05 사업장 보유 방제물품(화학안전공동체)
운반·하역차량,차량·중장비,폐기물 운반차량(2.5톤),1,대,"한화케미칼㈜ 여수1공장, 한화케미칼㈜ 여수2공장, 한화케미칼㈜ 여수3공장",사업장,전라권역,전라남도,여수시,전라남도 여수시 여수산단3로 117,061-688-1165,05 사업장 보유 방제물품(화학안전공동체)
운반·하역차량,차량·중장비,지게차,1,대,"한화케미칼㈜ 여수1공장, 한화케미칼㈜ 여수2공장, 한화케미칼㈜ 여수3공장",사업장,전라권역,전라남도,여수시,전라남도 여수시 여수산단3로 117,061-688-1165,05 사업장 보유 방제물품(화학안전공동체)
운반·하역차량,차량·중장비,지게차,1,,해남군 환경과,지자체,전라권역,전라남도,해남군,전라남도 해남군 해남읍 군청길 4,061-530-5644,01 지자체 보유 방재장비
운반·하역차량,차량·중장비,포터,1,대,해인기업㈜ 여수공장,사업장,전라권역,전라남도,여수시,전라남도 여수시 중흥동 750-19,061-692-6800,05 사업장 보유 방제물품(화학안전공동체)
운반·하역차량,차량·중장비,비상용차량,1,대,해인기업㈜ 화치공장,사업장,전라권역,전라남도,여수시,전라남도 여수시 산단중앙로 30,061-686-6801,05 사업장 보유 방제물품(화학안전공동체)
운반·하역차량,차량·중장비,암롤차,4,,화순군 화순읍,지자체,전라권역,전라남도,화순군,전라남도 화순군 화순읍 중앙로 20-4,061-379-5153,01 지자체 보유 방재장비
운반·하역차량,차량·중장비,암롤차,9,,화순군 환경과,지자체,전라권역,전라남도,화순군,전라남도 화순군 화순읍 동헌길 23,061-379-3603,01 지자체 보유 방재장비
운반·하역차량,차량·중장비,지게차,1,,화순군 환경과,지자체,전라권역,전라남도,화순군,전라남도 화순군 화순읍 동헌길 23,061-379-3603,01 지자체 보유 방재장비
운반·하역차량,차량·중장비,암롤차,19,,고창군 환경위생과,지자체,전라권역,전북특별자치도,고창군,전북 고창군 아산면 인천강변로 201-95,063-560-2881,01 지자체 보유 방재장비
운반·하역차량,차량·중장비,지게차,2,,고창군 환경위생과,지자체,전라권역,전북특별자치도,고창군,전북 고창군 아산면 인천강변로 201-95,063-560-2881,01 지자체 보유 방재장비
운반·하역차량,차량·중장비,암롤차,2,,김제시 자원순환과,지자체,전라권역,전북특별자치도,김제시,"전북 김제시 동서로 59, 3층",063-540-3776,01 지자체 보유 방재장비
운반·하역차량,차량·중장비,암롤차,3,,남원시 환경과,지자체,전라권역,전북특별자치도,남원시,전북 남원시 시청로 60,063-620-6913,01 지자체 보유 방재장비
운반·하역차량,차량·중장비,지게차,1,,남원시 환경과,지자체,전라권역,전북특별자치도,남원시,전북 남원시 시청로 60,063-620-6913,01 지자체 보유 방재장비
운반·하역차량,차량·중장비,지게차,1,,무주군 환경과,지자체,전라권역,전북특별자치도,무주군,전북 무주군 무주읍 주계로 97,063-320-2388,01 지자체 보유 방재장비
운반·하역차량,차량·중장비,지게차,2,,부안군 환경사업소,지자체,전라권역,전북특별자치도,부안군,전북 부안군 줄포면 분탕골로 215-33,063-580-3152,01 지자체 보유 방재장비
운반·하역차량,차량·중장비,암롤차,4,,부안군 환경사업소,지자체,전라권역,전북특별자치도,부안군,전북 부안군 줄포면 분탕골로 215-33,063-580-4125,01 지자체 보유 방재장비
운반·하역차량,차량·중장비,지게차,1,,부안군 환경사업소,지자체,전라권역,전북특별자치도,부안군,전북 부안군 줄포면 분탕골로 215-33,063-580-4125,01 지자체 보유 방재장비
운반·하역차량,차량·중장비,암롤차,8,,완주군 환경위생과,지자체,전라권역,전북특별자치도,완주군,전북 완주군 용진읍 지암로 61,063-290-2692,01 지자체 보유 방재장비
운반·하역차량,차량·중장비,암롤차,8,,전주시 환경위생과,지자체,전라권역,전북특별자치도,전주시,전라북도 전주시 노송광장로 10,063-281-2531,01 지자체 보유 방재장비
운반·하역차량,차량·중장비,암롤차,3,,정읍시 환경정책과,지자체,전라권역,전북특별자치도,정읍시,전북 정읍시 충정로 234,063-539-5713,01 지자체 보유 방재장비
운반·하역차량,차량·중장비,암롤차,15,,진안군 재무과,지자체,전라권역,전북특별자치도,진안군,전북 진안군 진안읍 중앙로 67,063-430-2275,01 지자체 보유 방재장비
운반·하역차량,차량·중장비,지게차,1,,- 동부농업기술센터(본소),지자체,전라권역,제주특별자치도,-,제주시 구좌읍 충렬로 166,064-760-7651,01 지자체 보유 방재장비
운반·하역차량,차량·중장비,지게차,1,,- 동부농업기술센터(분소),지자체,전라권역,제주특별자치도,-,서귀포시 표선면 서성일로 138,064-760-7681,01 지자체 보유 방재장비
운반·하역차량,차량·중장비,지게차,2,,- 서귀포농업기술센터(본소),지자체,전라권역,제주특별자치도,-,서귀포시 남원읍 중산간동로 7415,064-760-7851,01 지자체 보유 방재장비
운반·하역차량,차량·중장비,지게차,1,,- 서부농업기술센터,지자체,전라권역,제주특별자치도,-,제주시 한림읍 월림7길 90,064-760-7951,01 지자체 보유 방재장비
운반·하역차량,차량·중장비,지게차,1,,- 제주농업기술센터,지자체,전라권역,제주특별자치도,-,제주시 애월읍 상귀길 173,064-760-7744,01 지자체 보유 방재장비
운반·하역차량,차량·중장비,암롤차,1,,서귀포시 생활환경과,지자체,전라권역,제주특별자치도,서귀포시,"제주 서귀포시 산록남로1241번길 145(색달동, 서귀포쓰레기위생매립장)",064-760-3853,01 지자체 보유 방재장비
운반·하역차량,차량·중장비,지게차,2,,서귀포시 생활환경과,지자체,전라권역,제주특별자치도,서귀포시,"제주 서귀포시 산록남로1241번길 145(색달동, 서귀포쓰레기위생매립장)",064-760-3853,01 지자체 보유 방재장비
운반·하역차량,차량·중장비,암롤차,2,,서귀포시 생활환경과,지자체,전라권역,제주특별자치도,서귀포시,서귀포시 산록남로 1241번길 163,064-760-3783,01 지자체 보유 방재장비
운반·하역차량,차량·중장비,지게차,2,,서귀포시 생활환경과,지자체,전라권역,제주특별자치도,서귀포시,서귀포시 산록남로 1241번길 163,064-760-3783,01 지자체 보유 방재장비
운반·하역차량,차량·중장비,암롤차,1,,서귀포시 생활환경과,지자체,전라권역,제주특별자치도,서귀포시,서귀포시 산록남로 1241번길 145,064-760-3782,01 지자체 보유 방재장비
운반·하역차량,차량·중장비,지게차,2,,서귀포시 생활환경과,지자체,전라권역,제주특별자치도,서귀포시,서귀포시 산록남로 1241번길 145,064-760-3782,01 지자체 보유 방재장비
운반·하역차량,차량·중장비,암롤차,3,,제주시 기후환경과,지자체,전라권역,제주특별자치도,제주시,제주 제주시 송이길 226,064-728-8616,01 지자체 보유 방재장비
운반·하역차량,차량·중장비,지게차,2,,제주시 기후환경과,지자체,전라권역,제주특별자치도,제주시,제주 제주시 송이길 226,064-728-8616,01 지자체 보유 방재장비
운반·하역차량,차량·중장비,암롤차,1,,제주시 우도면,지자체,전라권역,제주특별자치도,제주시,제주 제주시 우도면 우도로 153,064-728-4343,01 지자체 보유 방재장비
운반·하역차량,차량·중장비,지게차,1,,제주시 우도면,지자체,전라권역,제주특별자치도,제주시,제주 제주시 우도면 우도로 153,064-728-4343,01 지자체 보유 방재장비
운반·하역차량,차량·중장비,방제장비견인차량,1,대,한국환경공단 수질오염방제센터 금강센터,국가기관 비축,충청권역,,,,,09 한국환경공단 수질오염방제센터
운반·하역차량,차량·중장비,궤도형운반차량,1,대,한국환경공단 수질오염방제센터 금강센터,국가기관 비축,충청권역,,,,,09 한국환경공단 수질오염방제센터
운반·하역차량,차량·중장비,컨베이어벨트,4,개,한국환경공단 수질오염방제센터 금강센터,국가기관 비축,충청권역,,,,,09 한국환경공단 수질오염방제센터
운반·하역차량,차량·중장비,지게차,1,,- 농업기술센터 지도개발과,지자체,충청권역,대전광역시,-,대전광역시 유성구 교촌대정로 97,042-270-6914,01 지자체 보유 방재장비
운반·하역차량,차량·중장비,지게차,1,,- 상수도사업본부 신탄진정수사업소,지자체,충청권역,대전광역시,-,대전광역시 대덕구 신탄진로756번안길 223,042-715-6512,01 지자체 보유 방재장비
운반·하역차량,차량·중장비,암롤차,1,,대덕구 자원농생명과,지자체,충청권역,대전광역시,대덕구,대전광역시 대덕구 대전로1033번길 20,042-633-4303,01 지자체 보유 방재장비
운반·하역차량,차량·중장비,암롤차,1,,동구 환경과,지자체,충청권역,대전광역시,동구,대전광역시 동구 가오동 425,042-251-4546,01 지자체 보유 방재장비
운반·하역차량,차량·중장비,지게차,1,,동구 환경과,지자체,충청권역,대전광역시,동구,대전광역시 동구 가오동 425,042-251-4546,01 지자체 보유 방재장비
운반·하역차량,차량·중장비,암롤차,2,,공주시 환경보호과,지자체,충청권역,충청남도,공주시,충청남도 공주시 봉황로 1,041-840-8549,01 지자체 보유 방재장비
운반·하역차량,차량·중장비,암롤차,16,,금산군 환경위생과,지자체,충청권역,충청남도,금산군,충청남도 금산군 금산읍 군청길 13,041-750-2512,01 지자체 보유 방재장비
운반·하역차량,차량·중장비,지게차,2,,금산군 환경위생과,지자체,충청권역,충청남도,금산군,충청남도 금산군 금산읍 군청길 13,041-750-2512,01 지자체 보유 방재장비
운반·하역차량,차량·중장비,암롤차,6,,당진시 도로과,지자체,충청권역,충청남도,당진시,충청남도 당진시 시청1로 1,041-350-3306,01 지자체 보유 방재장비
운반·하역차량,차량·중장비,암롤차,6,,당진시 도로과,지자체,충청권역,충청남도,당진시,충청남도 당진시 시청1로 1,041-350-3306,02 지자체 보유 방재장비(청·센터별)
운반·하역차량,차량·중장비,지게차,3,,서산시 기후환경대기과,지자체,충청권역,충청남도,서산시,충청남도 서산시 고운로 177,041-661-8278,01 지자체 보유 방재장비
운반·하역차량,차량·중장비,지게차,3,,서산시 기후환경대기과,지자체,충청권역,충청남도,서산시,충청남도 서산시 고운로 177,041-661-8278,02 지자체 보유 방재장비(청·센터별)
운반·하역차량,차량·중장비,지게차,1,,서천군 환경보호과,지자체,충청권역,충청남도,서천군,충청남도 서천군 서천읍 서림로 19,041-950-4332,01 지자체 보유 방재장비
운반·하역차량,차량·중장비,지게차,1,,서천군 환경보호과,지자체,충청권역,충청남도,서천군,충청남도 서천군 서천읍 서림로 19,041-950-4332,02 지자체 보유 방재장비(청·센터별)
운반·하역차량,차량·중장비,암롤차,3,,청양군 환경정책과,지자체,충청권역,충청남도,청양군,충청남도 청양군 청양읍 문화예술로 222,041-940-4825,01 지자체 보유 방재장비
운반·하역차량,차량·중장비,지게차,3,,청양군 환경정책과,지자체,충청권역,충청남도,청양군,충청남도 청양군 청양읍 문화예술로 222,041-940-4825,01 지자체 보유 방재장비
운반·하역차량,차량·중장비,암롤차,3,,청양군 환경정책과,지자체,충청권역,충청남도,청양군,충청남도 청양군 청양읍 문화예술로 222,041-940-4825,02 지자체 보유 방재장비(청·센터별)
운반·하역차량,차량·중장비,지게차,3,,청양군 환경정책과,지자체,충청권역,충청남도,청양군,충청남도 청양군 청양읍 문화예술로 222,041-940-4825,02 지자체 보유 방재장비(청·센터별)
운반·하역차량,차량·중장비,지게차,1,,충청남도 사회재난과,지자체,충청권역,충청남도,홍성군,충청남도 홍성군 홍북읍 충남대로 21,041-635-2373,01 지자체 보유 방재장비
운반·하역차량,차량·중장비,암롤차,9,,괴산군 환경과,지자체,충청권역,충청북도,괴산군,충북 괴산군 괴산읍 임꺽정로90,043-830-3623,01 지자체 보유 방재장비
운반·하역차량,차량·중장비,지게차,12,,괴산군 환경과,지자체,충청권역,충청북도,괴산군,충북 괴산군 괴산읍 임꺽정로90,043-830-3623,01 지자체 보유 방재장비
운반·하역차량,차량·중장비,암롤차,9,,괴산군 환경과,지자체,충청권역,충청북도,괴산군,충청북도 괴산군 괴산읍 임꺽정로90,043-830-3623,02 지자체 보유 방재장비(청·센터별)
운반·하역차량,차량·중장비,지게차,12,,괴산군 환경과,지자체,충청권역,충청북도,괴산군,충청북도 괴산군 괴산읍 임꺽정로90,043-830-3623,02 지자체 보유 방재장비(청·센터별)
운반·하역차량,차량·중장비,지게차,2,,보은군 환경위생과,지자체,충청권역,충청북도,보은군,충북 보은군 보은읍 군청길 38,043-540-3532,01 지자체 보유 방재장비
운반·하역차량,차량·중장비,암롤차,11,,영동군 환경과,지자체,충청권역,충청북도,영동군,충북 영동군 영동읍 동정로 1,043-740-3428,01 지자체 보유 방재장비
운반·하역차량,차량·중장비,지게차,1,,영동군 환경과,지자체,충청권역,충청북도,영동군,충북 영동군 영동읍 동정로 1,043-740-3428,01 지자체 보유 방재장비
운반·하역차량,차량·중장비,지게차,5,,음성군 농업지원과,지자체,충청권역,충청북도,음성군,충북 음성군 음성읍 용광로 81-5,043-871-1952,01 지자체 보유 방재장비
운반·하역차량,차량·중장비,지게차,5,,음성군 농업지원과,지자체,충청권역,충청북도,음성군,음성군 음성읍 용광로 81-5,043-871-1952,02 지자체 보유 방재장비(청·센터별)
운반·하역차량,차량·중장비,지게차,1,,음성군 청소위생과,지자체,충청권역,충청북도,음성군,충북 음성군 음성읍 문화1길 15,043-871-5493,01 지자체 보유 방재장비
운반·하역차량,차량·중장비,지게차,1,,음성군 청소위생과,지자체,충청권역,충청북도,음성군,충북 음성군 음성읍 문화1길 15,043-871-5493,01 지자체 보유 방재장비
운반·하역차량,차량·중장비,지게차,1,,음성군 청소위생과,지자체,충청권역,충청북도,음성군,음성군 음성읍 문화1길 15,043-871-5493,02 지자체 보유 방재장비(청·센터별)
운반·하역차량,차량·중장비,지게차,1,,음성군 청소위생과,지자체,충청권역,충청북도,음성군,음성군 음성읍 문화1길 15,043-871-5493,02 지자체 보유 방재장비(청·센터별)
운반·하역차량,차량·중장비,암롤차,1,,충주시 자원순환과,지자체,충청권역,충청북도,충주시,"충북 충주시 낙수당1길 41, 대형폐기물처리센터(칠금동)",043-850-6989,01 지자체 보유 방재장비
운반·하역차량,차량·중장비,지게차,1,,충주시 자원순환과,지자체,충청권역,충청북도,충주시,"충북 충주시 낙수당1길 41, 대형폐기물처리센터(칠금동)",043-850-6989,01 지자체 보유 방재장비
운반·하역차량,차량·중장비,암롤차,1,,충주시 자원순환과,지자체,충청권역,충청북도,충주시,"충청북도 충주시 낙수당1길 41, 대형폐기물처리센터(칠금동)",043-850-6989,02 지자체 보유 방재장비(청·센터별)
운반·하역차량,차량·중장비,지게차,1,,충주시 자원순환과,지자체,충청권역,충청북도,충주시,"충청북도 충주시 낙수당1길 41, 대형폐기물처리센터(칠금동)",043-850-6989,02 지자체 보유 방재장비(청·센터별)
진공흡입·청소차,차량·중장비,진공흡입차량,2,,고성군 환경과,지자체,강원권역,강원특별자치도,고성군,강원 고성군 죽왕면 짱고개길 253,033-680-3982,01 지자체 보유 방재장비
진공흡입·청소차,차량·중장비,진공흡입차량,1,,고성군 환경과,지자체,강원권역,강원특별자치도,고성군,강원 고성군 죽왕면 짱고개길 253,033-680-3823,01 지자체 보유 방재장비
진공흡입·청소차,차량·중장비,진공흡입차량,1,,동해시 환경과,지자체,강원권역,강원특별자치도,동해시,강원 동해시 천곡로 77,033-530-2366,01 지자체 보유 방재장비
진공흡입·청소차,차량·중장비,진공흡입차량,1,,인제군 환경보호과,지자체,강원권역,강원특별자치도,인제군,강원 인제군 인제읍 인제로187번길 8,033-460-4453,01 지자체 보유 방재장비
진공흡입·청소차,차량·중장비,진공흡입차량,5,,춘천시 자원순환과,지자체,강원권역,강원특별자치도,춘천시,강원 춘천시 시청길11,033-250-3127,01 지자체 보유 방재장비
진공흡입·청소차,차량·중장비,진공흡입차량,2,,태백시 환경과,지자체,강원권역,강원특별자치도,태백시,강원 태백시 태붐로 21,033-550-3974,01 지자체 보유 방재장비
진공흡입·청소차,차량·중장비,진공흡입기,1,대,한국환경공단 수질오염방제센터 낙동강센터,국가기관 비축,경상권역,,,,,09 한국환경공단 수질오염방제센터
진공흡입·청소차,차량·중장비,진공흡입차량,5,,김해시 자원순환과,지자체,경상권역,경상남도,김해시,경상남도 김해시 김해대로 2401,055-330-3384,01 지자체 보유 방재장비
진공흡입·청소차,차량·중장비,진공흡입차량,3,,사천시 환경보호과,지자체,경상권역,경상남도,사천시,사천시 용현면 시청로 77,055-831-2777,01 지자체 보유 방재장비
진공흡입·청소차,차량·중장비,진공흡입차량,1,,산청군 환경위생과,지자체,경상권역,경상남도,산청군,경상남도 산청군 산청읍 산엔청로 1,055-970-7122,01 지자체 보유 방재장비
진공흡입·청소차,차량·중장비,진공청소차,2,대,한국남동발전㈜ 하동발전본부,사업장,경상권역,경상남도,하동군,경상남도 하동군 금성면 경제산업로 509,070-7713-1294,05 사업장 보유 방제물품(화학안전공동체)
진공흡입·청소차,차량·중장비,진공흡입차량,2,,김천시 환경위생과,지자체,경상권역,경상북도,김천시,김천시 시청1길 1,054-420-6681,01 지자체 보유 방재장비
진공흡입·청소차,차량·중장비,진공흡입차량,2,,김천시 환경위생과,지자체,경상권역,경상북도,김천시,경상북도 김천시 시청1길 1,054-420-6681,02 지자체 보유 방재장비(청·센터별)
진공흡입·청소차,차량·중장비,진공흡입차량,2,,영덕군 환경위생과,지자체,경상권역,경상북도,영덕군,경상북도 영덕군 영덕읍 군청길 116,054-730-6582,01 지자체 보유 방재장비
진공흡입·청소차,차량·중장비,진공흡입차량,2,,영주시 건설과,지자체,경상권역,경상북도,영주시,경상북도 영주시 시청로 1,054-639-6717,01 지자체 보유 방재장비
진공흡입·청소차,차량·중장비,진공흡입차량,2,,영주시 건설과,지자체,경상권역,경상북도,영주시,경상북도 영주시 시청로 1,054-639-6717,02 지자체 보유 방재장비(청·센터별)
진공흡입·청소차,차량·중장비,진공흡입차량,4,,영주시 환경보호과,지자체,경상권역,경상북도,영주시,경상북도 영주시 시청로 1,054-639-6775,01 지자체 보유 방재장비
진공흡입·청소차,차량·중장비,진공흡입차량,4,,영주시 환경보호과,지자체,경상권역,경상북도,영주시,경상북도 영주시 시청로 1,054-639-6775,02 지자체 보유 방재장비(청·센터별)
진공흡입·청소차,차량·중장비,진공흡입차량,1,,예천군 환경관리과,지자체,경상권역,경상북도,예천군,경북 예천군 예천읍 충효로 111,054-650-6555,01 지자체 보유 방재장비
진공흡입·청소차,차량·중장비,진공흡입차량,3,,중구 환경과,지자체,경상권역,대구광역시,중구,대구광역시 국채보상로139길 1,053-661-2583,01 지자체 보유 방재장비
진공흡입·청소차,차량·중장비,진공흡입차량,2,,금정구 자원순환과,지자체,경상권역,부산광역시,금정구,"부산광역시 금정구 중앙대로 1777(부곡동, 금정구청)",051-519-4461,01 지자체 보유 방재장비
진공흡입·청소차,차량·중장비,진공흡입차량,9,,기장군 환경위생과,지자체,경상권역,부산광역시,기장군,부산광역시 기장군 기장대로 560,051-709-2725,01 지자체 보유 방재장비
진공흡입·청소차,차량·중장비,진공흡입차량,2,,북구 자원순환과,지자체,경상권역,부산광역시,북구,부산광역시 북구 낙동대로 1570번길 33 (구포동),051-309-4432,01 지자체 보유 방재장비
진공흡입·청소차,차량·중장비,진공흡입차량,2,,서구 청소행정과,지자체,경상권역,부산광역시,서구,부산광역시 서구 구덕로 120,051-240-4436,01 지자체 보유 방재장비
진공흡입·청소차,차량·중장비,진공흡입차량,2,,영도구 청소행정과,지자체,경상권역,부산광역시,영도구,부산광역시 영도구 태종로 423,051-419-4435,01 지자체 보유 방재장비
진공흡입·청소차,차량·중장비,진공흡입차량,7,,남구 환경자원과,지자체,경상권역,울산광역시,남구,울산광역시 남구 돋질로 233,052-226-5774,01 지자체 보유 방재장비
진공흡입·청소차,차량·중장비,진공흡입차량,7,,남구 환경자원과,지자체,경상권역,울산광역시,남구,울산광역시 남구 돋질로 233,052-226-5774,02 지자체 보유 방재장비(청·센터별)
진공흡입·청소차,차량·중장비,진공흡입기,1,대,한국환경공단 수질오염방제센터 한강센터,국가기관 비축,수도권,,,,,09 한국환경공단 수질오염방제센터
진공흡입·청소차,차량·중장비,진공흡입차량,5,,광명시 환경관리과,지자체,수도권,경기도,광명시,경기 광명시 시청로 20,02-2680-2297,01 지자체 보유 방재장비
진공흡입·청소차,차량·중장비,진공흡입차량,1,,구리시 자원순환과,지자체,수도권,경기도,구리시,경기 구리시 검배로 199,031-550-2251,01 지자체 보유 방재장비
진공흡입·청소차,차량·중장비,진공흡입차량,2,,여주시 도로과,지자체,수도권,경기도,여주시,경기 여주시 세종로 1,031-887-2225,01 지자체 보유 방재장비
진공흡입·청소차,차량·중장비,진공흡입차량,1,,연천군 환경보호과,지자체,수도권,경기도,연천군,경기 연천군 연천로 220,031-839-2241,01 지자체 보유 방재장비
진공흡입·청소차,차량·중장비,진공흡입차량,6,,강동구 기후환경과,지자체,수도권,서울특별시,강동구,서울시 강동구 성내로 25,02-3425-5922,01 지자체 보유 방재장비
진공흡입·청소차,차량·중장비,진공흡입차량,1,,강북구 재난안전과,지자체,수도권,서울특별시,강북구,서울특별시 강북구 도봉로 323(용신빌딩) 10층,02-901-5878,01 지자체 보유 방재장비
진공흡입·청소차,차량·중장비,진공흡입차량,7,,광진구 청소과,지자체,수도권,서울특별시,광진구,서울특별시 광진구 천호대로 788,02-450-7604,01 지자체 보유 방재장비
진공흡입·청소차,차량·중장비,진공흡입차량,6,,구로구 환경과,지자체,수도권,서울특별시,구로구,서울특별시 구로구 가마산로 245,02-860-2875,01 지자체 보유 방재장비
진공흡입·청소차,차량·중장비,진공흡입차량,4,,노원구 녹색환경과,지자체,수도권,서울특별시,노원구,"서울 노원구 노해로 455, 9층",02-2116-3213,01 지자체 보유 방재장비
진공흡입·청소차,차량·중장비,진공흡입차량,5,,양천구 청소행정과,지자체,수도권,서울특별시,양천구,서울특별시 양천구 목동동로 105,02-2620-3431,01 지자체 보유 방재장비
진공흡입·청소차,차량·중장비,진공흡입차량,3,,중구 환경과,지자체,수도권,서울특별시,중구,서울특별시 중구 창경궁로 17,02-3396-5615,01 지자체 보유 방재장비
진공흡입·청소차,차량·중장비,진공흡입차량,5,,연수구 환경보전과,지자체,수도권,인천광역시,연수구,인천광역시 연수구 원인재로 115,032-749-7942,01 지자체 보유 방재장비
진공흡입·청소차,차량·중장비,진공흡입차량,4,,옹진군 환경위생과,지자체,수도권,인천광역시,옹진군,인천광역시 미추홀구 매소홀로 120,032-899-2615,01 지자체 보유 방재장비
진공흡입·청소차,차량·중장비,진공흡입차량,8,,중구(원도심) 자원순환과,지자체,수도권,인천광역시,중구(원도심),"인천 중구 신포로27번길 80, 동별관 2층",032-760-7416,01 지자체 보유 방재장비
진공흡입·청소차,차량·중장비,진공흡입차량,6,,북구 기후환경과,지자체,전라권역,광주광역시,북구,광주광역시 북구 우치로 77,062-410-6472,01 지자체 보유 방재장비
진공흡입·청소차,차량·중장비,진공차,,1대,GS칼텍스㈜,사업장,전라권역,전라남도,여수시,전라남도 여수시 여수산단로 923-106,061-680-2387,05 사업장 보유 방제물품(화학안전공동체)
진공흡입·청소차,차량·중장비,진공차,2,대,㈜포스코 광양제철소,사업장,전라권역,전라남도,광양시,전라남도 광양시 제철로1800,061-790-2542,05 사업장 보유 방제물품(화학안전공동체)
진공흡입·청소차,차량·중장비,살수차,1,대,㈜한화여수사업장,사업장,전라권역,전라남도,여수시,전라남도 여수시 신월로 411,061-640-1232,05 사업장 보유 방제물품(화학안전공동체)
진공흡입·청소차,차량·중장비,진공차,2,대,롯데케미칼㈜ 여수1공장,사업장,전라권역,전라남도,여수시,전라남도 여수시 여수산단4로 53,061-688-2156,05 사업장 보유 방제물품(화학안전공동체)
진공흡입·청소차,차량·중장비,진공흡입차량,2,,순천시 환경관리과,지자체,전라권역,전라남도,순천시,전라남도 순천시 이수로 13 (장천동),061-749-5769,01 지자체 보유 방재장비
진공흡입·청소차,차량·중장비,진공흡입차량,2,,순천시 환경관리과,지자체,전라권역,전라남도,순천시,전라남도 순천시 이수로 13 (장천동),061-749-5770,02 지자체 보유 방재장비(청·센터별)
진공흡입·청소차,차량·중장비,진공흡입차량,3,,신안군 세계유산과,지자체,전라권역,전라남도,신안군,전라남도 신안군 압해로 천사로 1004,061-240-8153,01 지자체 보유 방재장비
진공흡입·청소차,차량·중장비,고압진공차,1,대,재원산업㈜,사업장,전라권역,전라남도,여수시,전라남도 여수시 낙포단지길 79,061-690-9273,05 사업장 보유 방제물품(화학안전공동체)
진공흡입·청소차,차량·중장비,진공차량,1,대,재원산업㈜,사업장,전라권역,전라남도,여수시,전라남도 여수시 낙포단지길 79,061-690-9273,05 사업장 보유 방제물품(화학안전공동체)
진공흡입·청소차,차량·중장비,진공차,1,대,한국남동발전㈜ 여수발전본부,사업장,전라권역,전라남도,여수시,전라남도 여수시 여수산단로 727,070-8898-5622,05 사업장 보유 방제물품(화학안전공동체)
진공흡입·청소차,차량·중장비,습식노면청소차,1,대,한화에너지㈜ 여수공장,사업장,전라권역,전라남도,여수시,전라남도 여수시 산단중앙로 1445,061-689-7678,05 사업장 보유 방제물품(화학안전공동체)
진공흡입·청소차,차량·중장비,진공흡수차량(4.5톤),1,대,"한화케미칼㈜ 여수1공장, 한화케미칼㈜ 여수2공장, 한화케미칼㈜ 여수3공장",사업장,전라권역,전라남도,여수시,전라남도 여수시 여수산단3로 117,061-688-1165,05 사업장 보유 방제물품(화학안전공동체)
진공흡입·청소차,차량·중장비,이동식 흡수차량,1,대,"한화케미칼㈜ 여수1공장, 한화케미칼㈜ 여수2공장, 한화케미칼㈜ 여수3공장",사업장,전라권역,전라남도,여수시,전라남도 여수시 여수산단3로 117,061-688-1165,05 사업장 보유 방제물품(화학안전공동체)
진공흡입·청소차,차량·중장비,살수차,1,대,현대제철㈜,사업장,전라권역,전라남도,순천시,전라남도 순천시 해룡면 인덕로 300,061-720-4665,05 사업장 보유 방제물품(화학안전공동체)
진공흡입·청소차,차량·중장비,진공흡입차량,1,,화순군 화순읍,지자체,전라권역,전라남도,화순군,전라남도 화순군 화순읍 중앙로 20-4,061-379-5153,01 지자체 보유 방재장비
진공흡입·청소차,차량·중장비,진공흡입차량,2,,고창군 환경위생과,지자체,전라권역,전북특별자치도,고창군,전북 고창군 아산면 인천강변로 201-95,063-560-2881,01 지자체 보유 방재장비
진공흡입·청소차,차량·중장비,진공흡입차량,2,,남원시 환경과,지자체,전라권역,전북특별자치도,남원시,전북 남원시 시청로 60,063-620-6913,01 지자체 보유 방재장비
진공흡입·청소차,차량·중장비,진공흡입차량,2,,부안군 환경사업소,지자체,전라권역,전북특별자치도,부안군,전북 부안군 줄포면 분탕골로 215-33,063-580-4125,01 지자체 보유 방재장비
진공흡입·청소차,차량·중장비,진공흡입차량,2,,완주군 환경위생과,지자체,전라권역,전북특별자치도,완주군,전북 완주군 용진읍 지암로 61,063-290-2692,01 지자체 보유 방재장비
진공흡입·청소차,차량·중장비,진공흡입차량,1,,제주시 우도면,지자체,전라권역,제주특별자치도,제주시,제주 제주시 우도면 우도로 153,064-728-4343,01 지자체 보유 방재장비
진공흡입·청소차,차량·중장비,진공흡입기,1,대,한국환경공단 수질오염방제센터 금강센터,국가기관 비축,충청권역,,,,,09 한국환경공단 수질오염방제센터
진공흡입·청소차,차량·중장비,진공흡입차량,3,,동구 환경과,지자체,충청권역,대전광역시,동구,대전광역시 동구 가오동 425,042-251-4546,01 지자체 보유 방재장비
진공흡입·청소차,차량·중장비,진공흡입차량,5,,서구 자원순환과,지자체,충청권역,대전광역시,서구,대전광역시 서구 둔산서로 100,042-288-3582,01 지자체 보유 방재장비
진공흡입·청소차,차량·중장비,진공흡입차량,1,,계룡시 환경위생과,지자체,충청권역,충청남도,계룡시,충청남도 계룡시 장안로 46,042-840-2472,01 지자체 보유 방재장비
진공흡입·청소차,차량·중장비,진공흡입차량,24,,공주시 환경보호과,지자체,충청권역,충청남도,공주시,충청남도 공주시 봉황로 1,041-840-8549,01 지자체 보유 방재장비
진공흡입·청소차,차량·중장비,진공흡입차량,1,,금산군 환경위생과,지자체,충청권역,충청남도,금산군,충청남도 금산군 금산읍 군청길 13,041-750-2512,01 지자체 보유 방재장비
진공흡입·청소차,차량·중장비,진공흡입차량,2,,서산시 기후환경대기과,지자체,충청권역,충청남도,서산시,충청남도 서산시 고운로 177,041-661-8278,01 지자체 보유 방재장비
진공흡입·청소차,차량·중장비,진공흡입차량,2,,서산시 기후환경대기과,지자체,충청권역,충청남도,서산시,충청남도 서산시 고운로 177,041-661-8278,02 지자체 보유 방재장비(청·센터별)
진공흡입·청소차,차량·중장비,진공흡입차량,1,,보은군 환경위생과,지자체,충청권역,충청북도,보은군,충북 보은군 보은읍 군청길 38,043-540-3532,01 지자체 보유 방재장비
탱크로리,차량·중장비,빈탱크로리,1,,고성군 환경과,지자체,강원권역,강원특별자치도,고성군,강원 고성군 죽왕면 짱고개길 253,033-680-3982,01 지자체 보유 방재장비
탱크로리,차량·중장비,빈탱크로리,2,,고성군 환경과,지자체,강원권역,강원특별자치도,고성군,강원 고성군 죽왕면 짱고개길 253,033-680-3823,01 지자체 보유 방재장비
탱크로리,차량·중장비,빈탱크로리,1,,인제군 환경보호과,지자체,강원권역,강원특별자치도,인제군,강원 인제군 인제읍 인제로187번길 8,033-460-4453,01 지자체 보유 방재장비
탱크로리,차량·중장비,빈탱크로리,1,,태백시 환경과,지자체,강원권역,강원특별자치도,태백시,강원 태백시 태붐로 21,033-550-3974,01 지자체 보유 방재장비
탱크로리,차량·중장비,빈탱크로리,2,,사천시 환경보호과,지자체,경상권역,경상남도,사천시,사천시 용현면 시청로 77,055-831-2777,01 지자체 보유 방재장비
탱크로리,차량·중장비,빈탱크로리,1,,고령군 환경과,지자체,경상권역,경상북도,고령군,고령군 대가야읍 왕릉로 55,054-950-6523,01 지자체 보유 방재장비
탱크로리,차량·중장비,빈탱크로리,1,,영주시 기술지원과,지자체,경상권역,경상북도,영주시,경상북도 영주시 시청로 1,054-639-7394,01 지자체 보유 방재장비
탱크로리,차량·중장비,빈탱크로리,1,,영주시 기술지원과,지자체,경상권역,경상북도,영주시,경상북도 영주시 시청로 1,054-639-7348,02 지자체 보유 방재장비(청·센터별)
탱크로리,차량·중장비,빈탱크로리,9,,영주시 산림과,지자체,경상권역,경상북도,영주시,경상북도 영주시 시청로 1,054-639-6883,01 지자체 보유 방재장비
탱크로리,차량·중장비,빈탱크로리,9,,영주시 삼림과,지자체,경상권역,경상북도,영주시,경상북도 영주시 시청로 1,054-639-6883,02 지자체 보유 방재장비(청·센터별)
탱크로리,차량·중장비,빈탱크로리,2,,영주시 축산과,지자체,경상권역,경상북도,영주시,경상북도 영주시 시청로 1,054-639-7353,01 지자체 보유 방재장비
탱크로리,차량·중장비,빈탱크로리,2,,영주시 축산과,지자체,경상권역,경상북도,영주시,경상북도 영주시 시청로 1,054-639-7353,02 지자체 보유 방재장비(청·센터별)
탱크로리,차량·중장비,빈탱크로리,1,,영주시 환경보호과,지자체,경상권역,경상북도,영주시,경상북도 영주시 시청로 1,054-639-6775,01 지자체 보유 방재장비
탱크로리,차량·중장비,빈탱크로리,1,,영주시 환경보호과,지자체,경상권역,경상북도,영주시,경상북도 영주시 시청로 1,054-639-6775,02 지자체 보유 방재장비(청·센터별)
탱크로리,차량·중장비,빈탱크로리,1,,의성군 환경축산과,지자체,경상권역,경상북도,의성군,경상북도 의성군 군청길 31,054-830-6179,01 지자체 보유 방재장비
탱크로리,차량·중장비,빈탱크로리,1,,의성군 환경축산과,지자체,경상권역,경상북도,의성군,경상북도 의성군 군청길 31,054-830-6179,02 지자체 보유 방재장비(청·센터별)
탱크로리,차량·중장비,빈탱크로리,1,,포항시 환경정책과,지자체,경상권역,경상북도,포항시,포항시 남구 시청로 1,054-270-3113,01 지자체 보유 방재장비
탱크로리,차량·중장비,빈탱크로리,1,,여주시 자원순환과,지자체,수도권,경기도,여주시,경기 여주시 세종로 1,031-887-2787,01 지자체 보유 방재장비
탱크로리,차량·중장비,탱크로리,1,1대,㈜씨앤씨케미칼 광양공장,사업장,전라권역,전라남도,광양시,전라남도 광양시 광양읍 직동1길 50,061-762-9340,05 사업장 보유 방제물품(화학안전공동체)
탱크로리,차량·중장비,빈탱크로리,1,,진도군 환경수질과,지자체,전라권역,전라남도,진도군,전라남도 진도군 진도읍 철마길 25,061-540-3723,01 지자체 보유 방재장비
탱크로리,차량·중장비,빈탱크로리,2,,군산시 기후환경과,지자체,전라권역,전북특별자치도,군산시,전북 군산시 시청로 17,063-454-3403,01 지자체 보유 방재장비
탱크로리,차량·중장비,빈탱크로리,2,,군산시 기후환경과,지자체,전라권역,전북특별자치도,군산시,전북특별자치도 군산시 시청로 17,063-454-3403,02 지자체 보유 방재장비(청·센터별)
탱크로리,차량·중장비,빈탱크로리,1,,남원시 환경과,지자체,전라권역,전북특별자치도,남원시,전북 남원시 시청로 60,063-620-6913,01 지자체 보유 방재장비
탱크로리,차량·중장비,빈탱크로리,1,,서귀포시 생활환경과,지자체,전라권역,제주특별자치도,서귀포시,"제주 서귀포시 산록남로1241번길 145(색달동, 서귀포쓰레기위생매립장)",064-760-3853,01 지자체 보유 방재장비
탱크로리,차량·중장비,빈탱크로리,1,,제주시 기후환경과,지자체,전라권역,제주특별자치도,제주시,제주 제주시 송이길 226,064-728-8616,01 지자체 보유 방재장비
탱크로리,차량·중장비,빈탱크로리,1,,음성군 축산식품과,지자체,충청권역,충청북도,음성군,충북 음성군 음성읍 용광로 81-5,043-871-3722,01 지자체 보유 방재장비
탱크로리,차량·중장비,빈탱크로리,1,,음성군 축산식품과,지자체,충청권역,충청북도,음성군,음성군 음성읍 용광로 81-5,043-871-3722,02 지자체 보유 방재장비(청·센터별)
펌프·양수기,차량·중장비,엔진펌프,4,대,한국남동발전㈜ 하동발전본부,사업장,경상권역,경상남도,하동군,경상남도 하동군 금성면 경제산업로 509,070-7713-1294,05 사업장 보유 방제물품(화학안전공동체)
펌프·양수기,차량·중장비,엔진펌프,4,대,한국남동발전㈜ 하동발전본부,사업장,경상권역,경상남도,하동군,경상남도 하동군 금성면 경제산업로 509,070-7713-1294,05 사업장 보유 방제물품(화학안전공동체)
펌프·양수기,차량·중장비,수중펌프,3,대,한국남동발전㈜ 하동발전본부,사업장,경상권역,경상남도,하동군,경상남도 하동군 금성면 경제산업로 509,070-7713-1294,05 사업장 보유 방제물품(화학안전공동체)
펌프·양수기,차량·중장비,수중펌프,1,EA,㈜엘지화학(용성2),사업장,전라권역,전라남도,여수시,전라남도 여수시 여수산단4로 58 확장단지,,05 사업장 보유 방제물품(화학안전공동체)
펌프·양수기,차량·중장비,수중펌프,1,대,㈜엠이시,사업장,전라권역,전라남도,광영시,전라남도 광영시 옥곡면 신금산단5길 30,061-772-8825,05 사업장 보유 방제물품(화학안전공동체)
펌프·양수기,차량·중장비,수중PUMP,1,EA,금호석유화학㈜ 여수고무제2공장,사업장,전라권역,전라남도,여수시,전라남도 여수시 산단중앙로33,061-688-7261,05 사업장 보유 방제물품(화학안전공동체)
펌프·양수기,차량·중장비,수중펌프,35,EA,롯데첨단소재㈜,사업장,전라권역,전라남도,여수시,전라남도 여수시 여수산단로 334-27,061-689-1301,05 사업장 보유 방제물품(화학안전공동체)
펌프·양수기,차량·중장비,다이아후렘펌프,1,대,백광산업,사업장,전라권역,전라남도,여수시,전라남도 여수시 여수산단2로 284,061-680-0600,05 사업장 보유 방제물품(화학안전공동체)
펌프·양수기,차량·중장비,양수기,2,EA,여천NCC㈜ 여수1공장,사업장,전라권역,전라남도,여수시,전라남도 여수시 여수산단3로 2,061-688-6065,05 사업장 보유 방제물품(화학안전공동체)
펌프·양수기,차량·중장비,양수기,1,EA,여천NCC㈜ 여수2공장,사업장,전라권역,전라남도,여수시,전라남도 여수시 여수산단2로 46-20,061-688-6065,05 사업장 보유 방제물품(화학안전공동체)
펌프·양수기,차량·중장비,펌프카,1,대,여천NCC㈜ 여수3공장,사업장,전라권역,전라남도,여수시,전라남도 여수시 여수산단2로 220-62,061-688-6065,05 사업장 보유 방제물품(화학안전공동체)
펌프·양수기,차량·중장비,양수기,1,EA,여천NCC㈜ 여수3공장,사업장,전라권역,전라남도,여수시,전라남도 여수시 여수산단2로 220-62,061-688-6065,05 사업장 보유 방제물품(화학안전공동체)
펌프·양수기,차량·중장비,이동형 소방펌프,1,대,한국남동발전㈜ 여수발전본부,사업장,전라권역,전라남도,여수시,전라남도 여수시 여수산단로 727,070-8898-5622,05 사업장 보유 방제물품(화학안전공동체)
펌프·양수기,차량·중장비,DIAPHRAGM펌프,11,EA,한국바스프㈜,사업장,전라권역,전라남도,여수시,전라남도 여수시 여수산단2로 284,061-680-7061,05 사업장 보유 방제물품(화학안전공동체)
펌프·양수기,차량·중장비,DRUM 펌프,22,EA,한국바스프㈜,사업장,전라권역,전라남도,여수시,전라남도 여수시 여수산단2로 284,061-680-7061,05 사업장 보유 방제물품(화학안전공동체)
펌프·양수기,차량·중장비,이동식 펌프,1,대,"한화케미칼㈜ 여수1공장, 한화케미칼㈜ 여수2공장, 한화케미칼㈜ 여수3공장",사업장,전라권역,전라남도,여수시,전라남도 여수시 여수산단3로 117,061-688-1165,05 사업장 보유 방제물품(화학안전공동체)
펌프·양수기,차량·중장비,방제 펌프,1,EA,한화케미칼㈜ 티다아이,사업장,전라권역,전라남도,여수시,전라남도 여수시 여수산단2로 46-47,061-688-4920,05 사업장 보유 방제물품(화학안전공동체)
펌프·양수기,차량·중장비,수중펌프,1,대,해인기업㈜ 화치공장,사업장,전라권역,전라남도,여수시,전라남도 여수시 산단중앙로 30,061-686-6801,05 사업장 보유 방제물품(화학안전공동체)
펌프·양수기,차량·중장비,수중펌프,3,EA,현대제철㈜,사업장,전라권역,전라남도,순천시,전라남도 순천시 해룡면 인덕로 300,061-720-4665,05 사업장 보유 방제물품(화학안전공동체)
펌프·양수기,차량·중장비,양수기,2,EA,휴켐스㈜ 여수공장,사업장,전라권역,전라남도,여수시,전라남도 여수시 상암로 963,061-680-4613,05 사업장 보유 방제물품(화학안전공동체)
펌프·양수기,차량·중장비,배수 펌프,1,개,삼양화인테크놀로지㈜(군산2국가산단) (군산시 관리),환경청·센터 장비함,전라권역,전북특별자치도,군산시,전북특별자치도 군산시 자유무역 1길 63,,04 환경청·센터 방제장비함
펌프·양수기,차량·중장비,배수 펌프,1,개,어린이교통공원(군산1국가산단) (군산시 관리),환경청·센터 장비함,전라권역,전북특별자치도,군산시,전북특별자치도 군산시 동장산로 135,,04 환경청·센터 방제장비함
펌프·양수기,차량·중장비,배수 펌프,1,개,이피캠텍㈜ 2공장(새만금산단) (군산시 관리),환경청·센터 장비함,전라권역,전북특별자치도,군산시,전북특별자치도 군산시 새만금산단 2로 358,,04 환경청·센터 방제장비함
누출 방지자재,작업도구,누출감용스프레이(산),2,EA,㈜세아엠엔에스,사업장,전라권역,전라남도,여수시,전라남도 여수시 산단중앙로 188,061-807-7114,05 사업장 보유 방제물품(화학안전공동체)
누출 방지자재,작업도구,누출감용스프레이(알칼리),2,EA,㈜세아엠엔에스,사업장,전라권역,전라남도,여수시,전라남도 여수시 산단중앙로 188,061-807-7114,05 사업장 보유 방제물품(화학안전공동체)
누출 방지자재,작업도구,누출감용센서테이프(산),2,EA,㈜세아엠엔에스,사업장,전라권역,전라남도,여수시,전라남도 여수시 산단중앙로 188,061-807-7114,05 사업장 보유 방제물품(화학안전공동체)
누출 방지자재,작업도구,누출감용센서테이프(알칼리),2,EA,㈜세아엠엔에스,사업장,전라권역,전라남도,여수시,전라남도 여수시 산단중앙로 188,061-807-7114,05 사업장 보유 방제물품(화학안전공동체)
누출 방지자재,작업도구,응급누설 방지기구,3,EA,㈜엘지화학(용성2),사업장,전라권역,전라남도,여수시,전라남도 여수시 여수산단4로 58 확장단지,,05 사업장 보유 방제물품(화학안전공동체)
누출 방지자재,작업도구,누출방지창,1,SET,㈜엘지화학(화치),사업장,전라권역,전라남도,여수시,전라남도 여수시 여수산단2로 55,061-680-1068,05 사업장 보유 방제물품(화학안전공동체)
누출 방지자재,작업도구,누출방지밴드,1,SET,㈜엘지화학(화치),사업장,전라권역,전라남도,여수시,전라남도 여수시 여수산단2로 55,061-680-1068,05 사업장 보유 방제물품(화학안전공동체)
누출 방지자재,작업도구,고무판,5,M,백광산업,사업장,전라권역,전라남도,여수시,전라남도 여수시 여수산단2로 284,061-680-0600,05 사업장 보유 방제물품(화학안전공동체)
누출 방지자재,작업도구,내화학테이프,2,EA,한화케미칼㈜ 폴리실리콘,사업장,전라권역,전라남도,여수시,전라남도 여수시 여수산단4로 255,061-690-5728,05 사업장 보유 방제물품(화학안전공동체)
누출 방지자재,작업도구,내산비닐,1600,EA,한화케미칼㈜ 폴리실리콘,사업장,전라권역,전라남도,여수시,전라남도 여수시 여수산단4로 255,061-690-5728,05 사업장 보유 방제물품(화학안전공동체)
누출 방지자재,작업도구,스크린,10,EA,해인기업㈜ 화치공장,사업장,전라권역,전라남도,여수시,전라남도 여수시 산단중앙로 30,061-686-6801,05 사업장 보유 방제물품(화학안전공동체)
누출 방지자재,작업도구,오수 차폐 블럭,1,개,어린이교통공원(군산1국가산단) (군산시 관리),환경청·센터 장비함,전라권역,전북특별자치도,군산시,전북특별자치도 군산시 동장산로 135,,04 환경청·센터 방제장비함
삽·빗자루·공구,작업도구,삽,2,EA,㈜삼엽,사업장,경상권역,경상남도,하동군,경상남도 하동군 금성면 금성로 31,055-4271-9220,05 사업장 보유 방제물품(화학안전공동체)
삽·빗자루·공구,작업도구,방제삽,,3EA,DSR제강㈜ 1공장,사업장,전라권역,전라남도,순천시,전라남도 순천시 서면 산단1길 15,061-729-3500,05 사업장 보유 방제물품(화학안전공동체)
삽·빗자루·공구,작업도구,방제삽,,3EA,DSR제강㈜ 2공장,사업장,전라권역,전라남도,순천시,전라남도 순천시 서면 산단4길 38,061-751-7121,05 사업장 보유 방제물품(화학안전공동체)
삽·빗자루·공구,작업도구,빗자루,,2EA,DSR제강㈜ 2공장,사업장,전라권역,전라남도,순천시,전라남도 순천시 서면 산단4길 38,061-751-7121,05 사업장 보유 방제물품(화학안전공동체)
삽·빗자루·공구,작업도구,방제삽,,14EA,DSR제강㈜ 율촌공장,사업장,전라권역,전라남도,순천시,전라남도 순천시 해룡면 율촌산단1로 80-21,061-729-3700,05 사업장 보유 방제물품(화학안전공동체)
삽·빗자루·공구,작업도구,뜰채,,10EA,GS칼텍스㈜,사업장,전라권역,전라남도,여수시,전라남도 여수시 여수산단로 923-106,061-680-2387,05 사업장 보유 방제물품(화학안전공동체)
삽·빗자루·공구,작업도구,삽,9,EA,KPX라이프 사이언스㈜,사업장,전라권역,전라남도,여수시,전라남도 여수시 여수산단로 201,061-688-4622,05 사업장 보유 방제물품(화학안전공동체)
삽·빗자루·공구,작업도구,삽,2,EA,㈜대진,사업장,전라권역,전라남도,여수시,전라남도 여수시 삼동로 101,061-685-5980,05 사업장 보유 방제물품(화학안전공동체)
삽·빗자루·공구,작업도구,삽,22,EA,㈜대평(냉동센터 위험물센터),사업장,전라권역,전라남도,광양시,전라남도 광양시 중마로 13,061-792-8147,05 사업장 보유 방제물품(화학안전공동체)
삽·빗자루·공구,작업도구,삽,5,EA,㈜로비스,사업장,전라권역,전라남도,여수시,전라남도 여수시 여수산단로 274-9,061-805-9220,05 사업장 보유 방제물품(화학안전공동체)
삽·빗자루·공구,작업도구,곡괭이,2,EA,㈜로비스,사업장,전라권역,전라남도,여수시,전라남도 여수시 여수산단로 274-9,061-805-9220,05 사업장 보유 방제물품(화학안전공동체)
삽·빗자루·공구,작업도구,방하삽,5,EA,㈜세아제강 순천공장 4블럭,사업장,전라권역,전라남도,순천시,전라남도 순천시 해룡면 신성리 908,061-760-2506,05 사업장 보유 방제물품(화학안전공동체)
삽·빗자루·공구,작업도구,방제삽,5,EA,㈜씨앤씨케미칼 광양공장,사업장,전라권역,전라남도,광양시,전라남도 광양시 광양읍 직동1길 50,061-762-9340,05 사업장 보유 방제물품(화학안전공동체)
삽·빗자루·공구,작업도구,삽,5,EA,㈜에스엔엔씨,사업장,전라권역,전라남도,광양시,전라남도 광양시 제철로 2148-139,061-797-9244,05 사업장 보유 방제물품(화학안전공동체)
삽·빗자루·공구,작업도구,공구함,1,EA,㈜엘지화학(용성2),사업장,전라권역,전라남도,여수시,전라남도 여수시 여수산단4로 58 확장단지,,05 사업장 보유 방제물품(화학안전공동체)
삽·빗자루·공구,작업도구,슬리브,2,BOX,㈜엘지화학(용성2),사업장,전라권역,전라남도,여수시,전라남도 여수시 여수산단4로 58 확장단지,,05 사업장 보유 방제물품(화학안전공동체)
삽·빗자루·공구,작업도구,삽,1,EA,㈜엘지화학(용성2),사업장,전라권역,전라남도,여수시,전라남도 여수시 여수산단4로 58 확장단지,,05 사업장 보유 방제물품(화학안전공동체)
삽·빗자루·공구,작업도구,곡괭이,2,EA,㈜엘지화학(용성2),사업장,전라권역,전라남도,여수시,전라남도 여수시 여수산단4로 58 확장단지,,05 사업장 보유 방제물품(화학안전공동체)
삽·빗자루·공구,작업도구,연장류,17,EA,㈜엘지화학(화치),사업장,전라권역,전라남도,여수시,전라남도 여수시 여수산단2로 55,061-680-1068,05 사업장 보유 방제물품(화학안전공동체)
삽·빗자루·공구,작업도구,밸브,1,대,㈜엠이시,사업장,전라권역,전라남도,광영시,전라남도 광영시 옥곡면 신금산단5길 30,061-772-8825,05 사업장 보유 방제물품(화학안전공동체)
삽·빗자루·공구,작업도구,삽,2,EA,㈜유니테크 여수지점,사업장,전라권역,전라남도,여수시,전라남도 여수시 진달래길 14,061-692-0461,05 사업장 보유 방제물품(화학안전공동체)
삽·빗자루·공구,작업도구,삽,10,EA,㈜한익스프레스,사업장,전라권역,전라남도,여수시,전라남도 여수시 여수산단로 611,061-685-5524,05 사업장 보유 방제물품(화학안전공동체)
삽·빗자루·공구,작업도구,빗자루,5,EA,㈜한익스프레스,사업장,전라권역,전라남도,여수시,전라남도 여수시 여수산단로 611,061-685-5524,05 사업장 보유 방제물품(화학안전공동체)
삽·빗자루·공구,작업도구,눈삽,1,EA,광양항 컨테이너 부두 인근 (여수센터 관리),환경청·센터 장비함,전라권역,전라남도,광양시,전남 광양시 도이동 782,,04 환경청·센터 방제장비함
삽·빗자루·공구,작업도구,빗자루,1,EA,광양항 컨테이너 부두 인근 (여수센터 관리),환경청·센터 장비함,전라권역,전라남도,광양시,전남 광양시 도이동 782,,04 환경청·센터 방제장비함
삽·빗자루·공구,작업도구,쓰레받이,1,EA,광양항 컨테이너 부두 인근 (여수센터 관리),환경청·센터 장비함,전라권역,전라남도,광양시,전남 광양시 도이동 782,,04 환경청·센터 방제장비함
삽·빗자루·공구,작업도구,삽,8,EA,롯데베르살리스 엘라스토머스㈜,사업장,전라권역,전라남도,여수시,전라남도 여수시 여수산단4로 53,061-690-2522,05 사업장 보유 방제물품(화학안전공동체)
삽·빗자루·공구,작업도구,곡괭이,5,EA,롯데베르살리스 엘라스토머스㈜,사업장,전라권역,전라남도,여수시,전라남도 여수시 여수산단4로 53,061-690-2522,05 사업장 보유 방제물품(화학안전공동체)
삽·빗자루·공구,작업도구,삽,21,EA,롯데엠시시㈜ 여수2공장,사업장,전라권역,전라남도,여수시,전라남도 여수시 여수산단4로 129,061-680-8453,05 사업장 보유 방제물품(화학안전공동체)
삽·빗자루·공구,작업도구,눈삽,1,EA,묘도 휴게소 인근 (여수센터 관리),환경청·센터 장비함,전라권역,전라남도,광양시,전남 광양시 묘도7길 110,,04 환경청·센터 방제장비함
삽·빗자루·공구,작업도구,빗자루,1,EA,묘도 휴게소 인근 (여수센터 관리),환경청·센터 장비함,전라권역,전라남도,광양시,전남 광양시 묘도7길 110,,04 환경청·센터 방제장비함
삽·빗자루·공구,작업도구,쓰레받이,1,EA,묘도 휴게소 인근 (여수센터 관리),환경청·센터 장비함,전라권역,전라남도,광양시,전남 광양시 묘도7길 110,,04 환경청·센터 방제장비함
삽·빗자루·공구,작업도구,공구함,1,SET,백광산업,사업장,전라권역,전라남도,여수시,전라남도 여수시 여수산단2로 284,061-680-0600,05 사업장 보유 방제물품(화학안전공동체)
삽·빗자루·공구,작업도구,삽,10,EA,백광산업,사업장,전라권역,전라남도,여수시,전라남도 여수시 여수산단2로 284,061-680-0600,05 사업장 보유 방제물품(화학안전공동체)
삽·빗자루·공구,작업도구,눈삽,1,EA,산곡-대포터널 인근 (여수센터 관리),환경청·센터 장비함,전라권역,전라남도,여수시,전남 여수시 율촌면 신풍리 산106-1,,04 환경청·센터 방제장비함
삽·빗자루·공구,작업도구,빗자루,1,EA,산곡-대포터널 인근 (여수센터 관리),환경청·센터 장비함,전라권역,전라남도,여수시,전남 여수시 율촌면 신풍리 산106-1,,04 환경청·센터 방제장비함
삽·빗자루·공구,작업도구,쓰레받이,1,EA,산곡-대포터널 인근 (여수센터 관리),환경청·센터 장비함,전라권역,전라남도,여수시,전남 여수시 율촌면 신풍리 산106-1,,04 환경청·센터 방제장비함
삽·빗자루·공구,작업도구,눈삽,1,EA,옥곡 톨게이트 인근 (여수센터 관리),환경청·센터 장비함,전라권역,전라남도,광양시,전남 광양시 옥곡면 강변로 434-37,,04 환경청·센터 방제장비함
삽·빗자루·공구,작업도구,빗자루,1,EA,옥곡 톨게이트 인근 (여수센터 관리),환경청·센터 장비함,전라권역,전라남도,광양시,전남 광양시 옥곡면 강변로 434-37,,04 환경청·센터 방제장비함
삽·빗자루·공구,작업도구,쓰레받이,1,EA,옥곡 톨게이트 인근 (여수센터 관리),환경청·센터 장비함,전라권역,전라남도,광양시,전남 광양시 옥곡면 강변로 434-37,,04 환경청·센터 방제장비함
삽·빗자루·공구,작업도구,전선릴,33,EA,한국바스프㈜,사업장,전라권역,전라남도,여수시,전라남도 여수시 여수산단2로 284,061-680-7061,05 사업장 보유 방제물품(화학안전공동체)
삽·빗자루·공구,작업도구,CUTTER,11,EA,한국바스프㈜,사업장,전라권역,전라남도,여수시,전라남도 여수시 여수산단2로 284,061-680-7061,05 사업장 보유 방제물품(화학안전공동체)
삽·빗자루·공구,작업도구,드릴,11,EA,한국바스프㈜,사업장,전라권역,전라남도,여수시,전라남도 여수시 여수산단2로 284,061-680-7061,05 사업장 보유 방제물품(화학안전공동체)
삽·빗자루·공구,작업도구,공구함,11,EA,한국바스프㈜,사업장,전라권역,전라남도,여수시,전라남도 여수시 여수산단2로 284,061-680-7061,05 사업장 보유 방제물품(화학안전공동체)
삽·빗자루·공구,작업도구,HAMMER,11,EA,한국바스프㈜,사업장,전라권역,전라남도,여수시,전라남도 여수시 여수산단2로 284,061-680-7061,05 사업장 보유 방제물품(화학안전공동체)
삽·빗자루·공구,작업도구,갈쿠리,22,EA,한국바스프㈜,사업장,전라권역,전라남도,여수시,전라남도 여수시 여수산단2로 284,061-680-7061,05 사업장 보유 방제물품(화학안전공동체)
삽·빗자루·공구,작업도구,천정파괴기,11,EA,한국바스프㈜,사업장,전라권역,전라남도,여수시,전라남도 여수시 여수산단2로 284,061-680-7061,05 사업장 보유 방제물품(화학안전공동체)
삽·빗자루·공구,작업도구,곡괭이,11,EA,한국바스프㈜,사업장,전라권역,전라남도,여수시,전라남도 여수시 여수산단2로 284,061-680-7061,05 사업장 보유 방제물품(화학안전공동체)
삽·빗자루·공구,작업도구,가래삽,32,EA,한국바스프㈜,사업장,전라권역,전라남도,여수시,전라남도 여수시 여수산단2로 284,061-680-7061,05 사업장 보유 방제물품(화학안전공동체)
삽·빗자루·공구,작업도구,일반삽,11,EA,한국바스프㈜,사업장,전라권역,전라남도,여수시,전라남도 여수시 여수산단2로 284,061-680-7061,05 사업장 보유 방제물품(화학안전공동체)
삽·빗자루·공구,작업도구,도끼,11,EA,한국바스프㈜,사업장,전라권역,전라남도,여수시,전라남도 여수시 여수산단2로 284,061-680-7061,05 사업장 보유 방제물품(화학안전공동체)
삽·빗자루·공구,작업도구,지렛대,11,EA,한국바스프㈜,사업장,전라권역,전라남도,여수시,전라남도 여수시 여수산단2로 284,061-680-7061,05 사업장 보유 방제물품(화학안전공동체)
삽·빗자루·공구,작업도구,호스렌치,22,EA,한국바스프㈜,사업장,전라권역,전라남도,여수시,전라남도 여수시 여수산단2로 284,061-680-7061,05 사업장 보유 방제물품(화학안전공동체)
삽·빗자루·공구,작업도구,소화전 렌치,11,EA,한국바스프㈜,사업장,전라권역,전라남도,여수시,전라남도 여수시 여수산단2로 284,061-680-7061,05 사업장 보유 방제물품(화학안전공동체)
삽·빗자루·공구,작업도구,퀵 커플링,44,EA,한국바스프㈜,사업장,전라권역,전라남도,여수시,전라남도 여수시 여수산단2로 284,061-680-7061,05 사업장 보유 방제물품(화학안전공동체)
삽·빗자루·공구,작업도구,송수신 잭,55,EA,한국바스프㈜,사업장,전라권역,전라남도,여수시,전라남도 여수시 여수산단2로 284,061-680-7061,05 사업장 보유 방제물품(화학안전공동체)
삽·빗자루·공구,작업도구,빗자루,8,EA,"한화케미칼㈜ 여수1공장, 한화케미칼㈜ 여수2공장, 한화케미칼㈜ 여수3공장",사업장,전라권역,전라남도,여수시,전라남도 여수시 여수산단3로 117,061-688-1165,05 사업장 보유 방제물품(화학안전공동체)
삽·빗자루·공구,작업도구,쓰레받이,4,EA,"한화케미칼㈜ 여수1공장, 한화케미칼㈜ 여수2공장, 한화케미칼㈜ 여수3공장",사업장,전라권역,전라남도,여수시,전라남도 여수시 여수산단3로 117,061-688-1165,05 사업장 보유 방제물품(화학안전공동체)
삽·빗자루·공구,작업도구,갈쿠리,2,EA,"한화케미칼㈜ 여수1공장, 한화케미칼㈜ 여수2공장, 한화케미칼㈜ 여수3공장",사업장,전라권역,전라남도,여수시,전라남도 여수시 여수산단3로 117,061-688-1165,05 사업장 보유 방제물품(화학안전공동체)
삽·빗자루·공구,작업도구,삽,21,EA,"한화케미칼㈜ 여수1공장, 한화케미칼㈜ 여수2공장, 한화케미칼㈜ 여수3공장",사업장,전라권역,전라남도,여수시,전라남도 여수시 여수산단3로 117,061-688-1165,05 사업장 보유 방제물품(화학안전공동체)
삽·빗자루·공구,작업도구,곡괭이,5,EA,"한화케미칼㈜ 여수1공장, 한화케미칼㈜ 여수2공장, 한화케미칼㈜ 여수3공장",사업장,전라권역,전라남도,여수시,전라남도 여수시 여수산단3로 117,061-688-1165,05 사업장 보유 방제물품(화학안전공동체)
삽·빗자루·공구,작업도구,뜰채,2,EA,"한화케미칼㈜ 여수1공장, 한화케미칼㈜ 여수2공장, 한화케미칼㈜ 여수3공장",사업장,전라권역,전라남도,여수시,전라남도 여수시 여수산단3로 117,061-688-1165,05 사업장 보유 방제물품(화학안전공동체)
삽·빗자루·공구,작업도구,눈삽,1,EA,해룡-율촌터널 인근 (여수센터 관리),환경청·센터 장비함,전라권역,전라남도,여수시,전남 여수시 율촌면 용전리 산207-12,,04 환경청·센터 방제장비함
삽·빗자루·공구,작업도구,빗자루,1,EA,해룡-율촌터널 인근 (여수센터 관리),환경청·센터 장비함,전라권역,전라남도,여수시,전남 여수시 율촌면 용전리 산207-12,,04 환경청·센터 방제장비함
삽·빗자루·공구,작업도구,쓰레받이,1,EA,해룡-율촌터널 인근 (여수센터 관리),환경청·센터 장비함,전라권역,전라남도,여수시,전남 여수시 율촌면 용전리 산207-12,,04 환경청·센터 방제장비함
삽·빗자루·공구,작업도구,방제삽,14,EA,해인기업㈜ 여수공장,사업장,전라권역,전라남도,여수시,전라남도 여수시 중흥동 750-19,061-692-6800,05 사업장 보유 방제물품(화학안전공동체)
삽·빗자루·공구,작업도구,곡괭이,4,EA,해인기업㈜ 여수공장,사업장,전라권역,전라남도,여수시,전라남도 여수시 중흥동 750-19,061-692-6800,05 사업장 보유 방제물품(화학안전공동체)
삽·빗자루·공구,작업도구,방제삽,10,EA,해인기업㈜ 화치공장,사업장,전라권역,전라남도,여수시,전라남도 여수시 산단중앙로 30,061-686-6801,05 사업장 보유 방제물품(화학안전공동체)
삽·빗자루·공구,작업도구,곡괭이,10,EA,해인기업㈜ 화치공장,사업장,전라권역,전라남도,여수시,전라남도 여수시 산단중앙로 30,061-686-6801,05 사업장 보유 방제물품(화학안전공동체)
삽·빗자루·공구,작업도구,삽,5,EA,현대제철㈜,사업장,전라권역,전라남도,순천시,전라남도 순천시 해룡면 인덕로 300,061-720-4665,05 사업장 보유 방제물품(화학안전공동체)
삽·빗자루·공구,작업도구,삽,55,EA,휴켐스㈜ 여수공장,사업장,전라권역,전라남도,여수시,전라남도 여수시 상암로 963,061-680-4613,05 사업장 보유 방제물품(화학안전공동체)
삽·빗자루·공구,작업도구,플라스틱 빗자루,4,개,도레이첨단소재㈜ 군산공장 주차장 (전북청 관리),환경청·센터 장비함,전라권역,전북특별자치도,군산시,전북특별자치도 군산시 새만금북로 90,,04 환경청·센터 방제장비함
삽·빗자루·공구,작업도구,제설용 삽,4,개,도레이첨단소재㈜ 군산공장 주차장 (전북청 관리),환경청·센터 장비함,전라권역,전북특별자치도,군산시,전북특별자치도 군산시 새만금북로 90,,04 환경청·센터 방제장비함
삽·빗자루·공구,작업도구,삽,4,개,도레이첨단소재㈜ 군산공장 주차장 (전북청 관리),환경청·센터 장비함,전라권역,전북특별자치도,군산시,전북특별자치도 군산시 새만금북로 90,,04 환경청·센터 방제장비함
삽·빗자루·공구,작업도구,플라스틱 빗자루,7,EA,동전주영업소 (전북청 관리),환경청·센터 장비함,전라권역,전북특별자치도,전주시,전북특별자치도 전주시 덕진구 수곡길 33-50,,04 환경청·센터 방제장비함
삽·빗자루·공구,작업도구,제설용 삽,7,EA,동전주영업소 (전북청 관리),환경청·센터 장비함,전라권역,전북특별자치도,전주시,전북특별자치도 전주시 덕진구 수곡길 33-50,,04 환경청·센터 방제장비함
삽·빗자루·공구,작업도구,삽,7,EA,동전주영업소 (전북청 관리),환경청·센터 장비함,전라권역,전북특별자치도,전주시,전북특별자치도 전주시 덕진구 수곡길 33-50,,04 환경청·센터 방제장비함
삽·빗자루·공구,작업도구,플라스틱 빗자루,7,EA,북남원영업소 (전북청 관리),환경청·센터 장비함,전라권역,전북특별자치도,남원시,전북특별자치도 남원시 대산면 순천완주고속도로 64,,04 환경청·센터 방제장비함
삽·빗자루·공구,작업도구,제설용 삽,7,EA,북남원영업소 (전북청 관리),환경청·센터 장비함,전라권역,전북특별자치도,남원시,전북특별자치도 남원시 대산면 순천완주고속도로 64,,04 환경청·센터 방제장비함
삽·빗자루·공구,작업도구,삽,7,EA,북남원영업소 (전북청 관리),환경청·센터 장비함,전라권역,전북특별자치도,남원시,전북특별자치도 남원시 대산면 순천완주고속도로 64,,04 환경청·센터 방제장비함
삽·빗자루·공구,작업도구,플라스틱 빗자루,5,개,삼양화인테크놀로지㈜(군산2국가산단) (군산시 관리),환경청·센터 장비함,전라권역,전북특별자치도,군산시,전북특별자치도 군산시 자유무역 1길 63,,04 환경청·센터 방제장비함
삽·빗자루·공구,작업도구,삽,5,개,삼양화인테크놀로지㈜(군산2국가산단) (군산시 관리),환경청·센터 장비함,전라권역,전북특별자치도,군산시,전북특별자치도 군산시 자유무역 1길 63,,04 환경청·센터 방제장비함
삽·빗자루·공구,작업도구,플라스틱 빗자루,5,개,어린이교통공원(군산1국가산단) (군산시 관리),환경청·센터 장비함,전라권역,전북특별자치도,군산시,전북특별자치도 군산시 동장산로 135,,04 환경청·센터 방제장비함
삽·빗자루·공구,작업도구,삽,5,개,어린이교통공원(군산1국가산단) (군산시 관리),환경청·센터 장비함,전라권역,전북특별자치도,군산시,전북특별자치도 군산시 동장산로 135,,04 환경청·센터 방제장비함
삽·빗자루·공구,작업도구,플라스틱 빗자루,7,EA,오수휴게소 완주방향(상) (전북청 관리),환경청·센터 장비함,전라권역,전북특별자치도,임실군,전북특별자치도 임실군 오수면 순천완주고속도로 74,,04 환경청·센터 방제장비함
삽·빗자루·공구,작업도구,제설용 삽,7,EA,오수휴게소 완주방향(상) (전북청 관리),환경청·센터 장비함,전라권역,전북특별자치도,임실군,전북특별자치도 임실군 오수면 순천완주고속도로 74,,04 환경청·센터 방제장비함
삽·빗자루·공구,작업도구,삽,7,EA,오수휴게소 완주방향(상) (전북청 관리),환경청·센터 장비함,전라권역,전북특별자치도,임실군,전북특별자치도 임실군 오수면 순천완주고속도로 74,,04 환경청·센터 방제장비함
삽·빗자루·공구,작업도구,플라스틱 빗자루,5,개,이피캠텍㈜ 2공장(새만금산단) (군산시 관리),환경청·센터 장비함,전라권역,전북특별자치도,군산시,전북특별자치도 군산시 새만금산단 2로 358,,04 환경청·센터 방제장비함
삽·빗자루·공구,작업도구,삽,5,개,이피캠텍㈜ 2공장(새만금산단) (군산시 관리),환경청·센터 장비함,전라권역,전북특별자치도,군산시,전북특별자치도 군산시 새만금산단 2로 358,,04 환경청·센터 방제장비함
삽·빗자루·공구,작업도구,플라스틱 빗자루,7,EA,진안 마이산휴게소 익산방향 (전북청 관리),환경청·센터 장비함,전라권역,전북특별자치도,진안군,전북특별자치도 진안군 진안읍 익산장수고속도로 41,,04 환경청·센터 방제장비함
삽·빗자루·공구,작업도구,제설용 삽,7,EA,진안 마이산휴게소 익산방향 (전북청 관리),환경청·센터 장비함,전라권역,전북특별자치도,진안군,전북특별자치도 진안군 진안읍 익산장수고속도로 41,,04 환경청·센터 방제장비함
삽·빗자루·공구,작업도구,삽,7,EA,진안 마이산휴게소 익산방향 (전북청 관리),환경청·센터 장비함,전라권역,전북특별자치도,진안군,전북특별자치도 진안군 진안읍 익산장수고속도로 41,,04 환경청·센터 방제장비함
삽·빗자루·공구,작업도구,플라스틱 빗자루,7,EA,진안 마이산휴게소 장수방향 (전북청 관리),환경청·센터 장비함,전라권역,전북특별자치도,진안군,전북특별자치도 진안군 진안읍 익산장수고속도로 42,,04 환경청·센터 방제장비함
삽·빗자루·공구,작업도구,제설용 삽,7,EA,진안 마이산휴게소 장수방향 (전북청 관리),환경청·센터 장비함,전라권역,전북특별자치도,진안군,전북특별자치도 진안군 진안읍 익산장수고속도로 42,,04 환경청·센터 방제장비함
삽·빗자루·공구,작업도구,삽,7,EA,진안 마이산휴게소 장수방향 (전북청 관리),환경청·센터 장비함,전라권역,전북특별자치도,진안군,전북특별자치도 진안군 진안읍 익산장수고속도로 42,,04 환경청·센터 방제장비함
삽·빗자루·공구,작업도구,플라스틱 빗자루,7,EA,춘향휴게소 순천방향(하) (전북청 관리),환경청·센터 장비함,전라권역,전북특별자치도,남원시,전북특별자치도 남원시 수지면 순천완주고속도로 50,,04 환경청·센터 방제장비함
삽·빗자루·공구,작업도구,제설용 삽,7,EA,춘향휴게소 순천방향(하) (전북청 관리),환경청·센터 장비함,전라권역,전북특별자치도,남원시,전북특별자치도 남원시 수지면 순천완주고속도로 50,,04 환경청·센터 방제장비함
삽·빗자루·공구,작업도구,삽,7,EA,춘향휴게소 순천방향(하) (전북청 관리),환경청·센터 장비함,전라권역,전북특별자치도,남원시,전북특별자치도 남원시 수지면 순천완주고속도로 50,,04 환경청·센터 방제장비함
삽·빗자루·공구,작업도구,플라스틱 빗자루,7,EA,한국도로공사 남원지사 (전북청 관리),환경청·센터 장비함,전라권역,전북특별자치도,남원시,전북특별자치도 남원시 충정로 265-19,,04 환경청·센터 방제장비함
삽·빗자루·공구,작업도구,제설용 삽,7,EA,한국도로공사 남원지사 (전북청 관리),환경청·센터 장비함,전라권역,전북특별자치도,남원시,전북특별자치도 남원시 충정로 265-19,,04 환경청·센터 방제장비함
삽·빗자루·공구,작업도구,삽,7,EA,한국도로공사 남원지사 (전북청 관리),환경청·센터 장비함,전라권역,전북특별자치도,남원시,전북특별자치도 남원시 충정로 265-19,,04 환경청·센터 방제장비함
삽·빗자루·공구,작업도구,빗자루,1,ea,남공주영업소 (금강청 관리),환경청·센터 장비함,충청권역,충청남도,공주시,충남 공주시 논산천안고속도로 40,,04 환경청·센터 방제장비함
삽·빗자루·공구,작업도구,쓰레받기(함석),1,ea,남공주영업소 (금강청 관리),환경청·센터 장비함,충청권역,충청남도,공주시,충남 공주시 논산천안고속도로 40,,04 환경청·센터 방제장비함
삽·빗자루·공구,작업도구,눈삽,1,ea,남공주영업소 (금강청 관리),환경청·센터 장비함,충청권역,충청남도,공주시,충남 공주시 논산천안고속도로 40,,04 환경청·센터 방제장비함
삽·빗자루·공구,작업도구,눈삽,1,ea,당진영업소 (금강청 관리),환경청·센터 장비함,충청권역,충청남도,당진시,충남 당진시 송압읍 반촌로 224,,04 환경청·센터 방제장비함
삽·빗자루·공구,작업도구,빗자루,1,ea,당진영업소 (금강청 관리),환경청·센터 장비함,충청권역,충청남도,당진시,충남 당진시 송압읍 반촌로 224,,04 환경청·센터 방제장비함
삽·빗자루·공구,작업도구,쓰레받기(함석),1,ea,당진영업소 (금강청 관리),환경청·센터 장비함,충청권역,충청남도,당진시,충남 당진시 송압읍 반촌로 224,,04 환경청·센터 방제장비함
삽·빗자루·공구,작업도구,빗자루,2,ea,부여 은산산단 (금강청 관리),환경청·센터 장비함,충청권역,충청남도,서천군,충남 서천군 장항읍 옥남리 1077,,04 환경청·센터 방제장비함
삽·빗자루·공구,작업도구,쓰레받기,2,ea,부여 은산산단 (금강청 관리),환경청·센터 장비함,충청권역,충청남도,서천군,충남 서천군 장항읍 옥남리 1077,,04 환경청·센터 방제장비함
삽·빗자루·공구,작업도구,삽,5,ea,부여 은산산단 (금강청 관리),환경청·센터 장비함,충청권역,충청남도,서천군,충남 서천군 장항읍 옥남리 1077,,04 환경청·센터 방제장비함
삽·빗자루·공구,작업도구,빗자루,1,ea,북천안영업소 (금강청 관리),환경청·센터 장비함,충청권역,충청남도,천안시,충남 천안시 서북구 성거읍 도토성길 146,,04 환경청·센터 방제장비함
삽·빗자루·공구,작업도구,쓰레받기,1,ea,북천안영업소 (금강청 관리),환경청·센터 장비함,충청권역,충청남도,천안시,충남 천안시 서북구 성거읍 도토성길 146,,04 환경청·센터 방제장비함
삽·빗자루·공구,작업도구,빗자루,2,ea,서천 장항산단 (금강청 관리),환경청·센터 장비함,충청권역,충청남도,서천군,충남 서천군 장항읍 옥남리 1077,,04 환경청·센터 방제장비함
삽·빗자루·공구,작업도구,쓰레받기,2,ea,서천 장항산단 (금강청 관리),환경청·센터 장비함,충청권역,충청남도,서천군,충남 서천군 장항읍 옥남리 1077,,04 환경청·센터 방제장비함
삽·빗자루·공구,작업도구,삽,5,ea,서천 장항산단 (금강청 관리),환경청·센터 장비함,충청권역,충청남도,서천군,충남 서천군 장항읍 옥남리 1077,,04 환경청·센터 방제장비함
삽·빗자루·공구,작업도구,빗자루,2,ea,천안 제5산단 (금강청 관리),환경청·센터 장비함,충청권역,충청남도,천안시,충남 천안시 동남구 성남면 대화리 377,,04 환경청·센터 방제장비함
삽·빗자루·공구,작업도구,쓰레받기,2,ea,천안 제5산단 (금강청 관리),환경청·센터 장비함,충청권역,충청남도,천안시,충남 천안시 동남구 성남면 대화리 377,,04 환경청·센터 방제장비함
삽·빗자루·공구,작업도구,삽,5,ea,천안 제5산단 (금강청 관리),환경청·센터 장비함,충청권역,충청남도,천안시,충남 천안시 동남구 성남면 대화리 377,,04 환경청·센터 방제장비함
삽·빗자루·공구,작업도구,빗자루,1,ea,서오창영업소 (금강청 관리),환경청·센터 장비함,충청권역,충청북도,청주시,충북 청주시 청원구 오창읍 두릉유리로 726-60,,04 환경청·센터 방제장비함
삽·빗자루·공구,작업도구,쓰레받기(함석),1,ea,서오창영업소 (금강청 관리),환경청·센터 장비함,충청권역,충청북도,청주시,충북 청주시 청원구 오창읍 두릉유리로 726-60,,04 환경청·센터 방제장비함
삽·빗자루·공구,작업도구,눈삽,1,ea,청주 ic (금강청 관리),환경청·센터 장비함,충청권역,충청북도,청주시,충북 청주시 흥덕구 비하동 492-1,,04 환경청·센터 방제장비함
삽·빗자루·공구,작업도구,빗자루,1,ea,청주 ic (금강청 관리),환경청·센터 장비함,충청권역,충청북도,청주시,충북 청주시 흥덕구 비하동 492-1,,04 환경청·센터 방제장비함
삽·빗자루·공구,작업도구,쓰레받기(함석),1,ea,청주 ic (금강청 관리),환경청·센터 장비함,충청권역,충청북도,청주시,충북 청주시 흥덕구 비하동 492-1,,04 환경청·센터 방제장비함
소화기·소방설비,작업도구,소화기,,2EA,DSR제강㈜ 1공장,사업장,전라권역,전라남도,순천시,전라남도 순천시 서면 산단1길 15,061-729-3500,05 사업장 보유 방제물품(화학안전공동체)
소화기·소방설비,작업도구,소화기,,6EA,DSR제강㈜ 2공장,사업장,전라권역,전라남도,순천시,전라남도 순천시 서면 산단4길 38,061-751-7121,05 사업장 보유 방제물품(화학안전공동체)
소화기·소방설비,작업도구,소화기,2,EA,㈜대진,사업장,전라권역,전라남도,여수시,전라남도 여수시 삼동로 101,061-685-5980,05 사업장 보유 방제물품(화학안전공동체)
소화기·소방설비,작업도구,소화기,2,EA,㈜두원,사업장,전라권역,전라남도,광양시,전라남도 광양시 광양읍 초남공단1길 10,061-763-1755,05 사업장 보유 방제물품(화학안전공동체)
소화기·소방설비,작업도구,소화기,3,EA,㈜리스텍비즈 광양공장,사업장,전라권역,전라남도,광양시,전라남도 광양시 제철로 2148-97,061-797-2011,05 사업장 보유 방제물품(화학안전공동체)
소화기·소방설비,작업도구,소화기,10,EA,㈜씨앤씨케미칼 광양공장,사업장,전라권역,전라남도,광양시,전라남도 광양시 광양읍 직동1길 50,061-762-9340,05 사업장 보유 방제물품(화학안전공동체)
소화기·소방설비,작업도구,소화기,5,EA,㈜에스엔엔씨,사업장,전라권역,전라남도,광양시,전라남도 광양시 제철로 2148-139,061-797-9244,05 사업장 보유 방제물품(화학안전공동체)
소화기·소방설비,작업도구,소화기,3,EA,㈜엘지화학(용성2),사업장,전라권역,전라남도,여수시,전라남도 여수시 여수산단4로 58 확장단지,,05 사업장 보유 방제물품(화학안전공동체)
소화기·소방설비,작업도구,CO2소화기,3,EA,㈜엘지화학(용성2),사업장,전라권역,전라남도,여수시,전라남도 여수시 여수산단4로 58 확장단지,,05 사업장 보유 방제물품(화학안전공동체)
소화기·소방설비,작업도구,자동화재탐지설비,1,대,㈜엠이시,사업장,전라권역,전라남도,광영시,전라남도 광영시 옥곡면 신금산단5길 30,061-772-8825,05 사업장 보유 방제물품(화학안전공동체)
소화기·소방설비,작업도구,분말소화기,10,EA,㈜피엠씨텍,사업장,전라권역,전라남도,광양시,전라남도 광양시 제철로2408,061-760-8976,05 사업장 보유 방제물품(화학안전공동체)
소화기·소방설비,작업도구,소화기,15,EA,㈜한익스프레스,사업장,전라권역,전라남도,여수시,전라남도 여수시 여수산단로 611,061-685-5524,05 사업장 보유 방제물품(화학안전공동체)
소화기·소방설비,작업도구,헬기착륙장,1,곳,㈜한화여수사업장,사업장,전라권역,전라남도,여수시,전라남도 여수시 신월로 411,061-640-1232,05 사업장 보유 방제물품(화학안전공동체)
소화기·소방설비,작업도구,분말소화기,849,EA,㈜한화여수사업장,사업장,전라권역,전라남도,여수시,전라남도 여수시 신월로 411,061-640-1232,05 사업장 보유 방제물품(화학안전공동체)
소화기·소방설비,작업도구,기타소화기,35,EA,㈜한화여수사업장,사업장,전라권역,전라남도,여수시,전라남도 여수시 신월로 411,061-640-1232,05 사업장 보유 방제물품(화학안전공동체)
소화기·소방설비,작업도구,소화설비,1,대,㈜해담광양,사업장,전라권역,전라남도,광양시,전라남도 광양시 제철로 2148-543,061-797-9494,05 사업장 보유 방제물품(화학안전공동체)
소화기·소방설비,작업도구,포소화설비(고정포),6,EA,남해화학㈜,사업장,전라권역,전라남도,여수시,전라남도 여수시 여수산돈로 1384,061-688-5752,05 사업장 보유 방제물품(화학안전공동체)
소화기·소방설비,작업도구,포소화설비(보조포),13,EA,남해화학㈜,사업장,전라권역,전라남도,여수시,전라남도 여수시 여수산돈로 1384,061-688-5752,05 사업장 보유 방제물품(화학안전공동체)
소화기·소방설비,작업도구,자동화재탐지설비,23,EA,남해화학㈜,사업장,전라권역,전라남도,여수시,전라남도 여수시 여수산돈로 1384,061-688-5752,05 사업장 보유 방제물품(화학안전공동체)
소화기·소방설비,작업도구,비상경보 설비/발신기,173,EA,남해화학㈜,사업장,전라권역,전라남도,여수시,전라남도 여수시 여수산돈로 1384,061-688-5752,05 사업장 보유 방제물품(화학안전공동체)
소화기·소방설비,작업도구,소화기(분말),800,EA,남해화학㈜,사업장,전라권역,전라남도,여수시,전라남도 여수시 여수산돈로 1384,061-688-5752,05 사업장 보유 방제물품(화학안전공동체)
소화기·소방설비,작업도구,소화기(CO2),125,EA,남해화학㈜,사업장,전라권역,전라남도,여수시,전라남도 여수시 여수산돈로 1384,061-688-5752,05 사업장 보유 방제물품(화학안전공동체)
소화기·소방설비,작업도구,소화기(할론),10,EA,남해화학㈜,사업장,전라권역,전라남도,여수시,전라남도 여수시 여수산돈로 1384,061-688-5752,05 사업장 보유 방제물품(화학안전공동체)
소화기·소방설비,작업도구,옥내소화전,80,EA,남해화학㈜,사업장,전라권역,전라남도,여수시,전라남도 여수시 여수산돈로 1384,061-688-5752,05 사업장 보유 방제물품(화학안전공동체)
소화기·소방설비,작업도구,옥외소화전,161,EA,남해화학㈜,사업장,전라권역,전라남도,여수시,전라남도 여수시 여수산돈로 1384,061-688-5752,05 사업장 보유 방제물품(화학안전공동체)
소화기·소방설비,작업도구,물분무소화설비,8,EA,남해화학㈜,사업장,전라권역,전라남도,여수시,전라남도 여수시 여수산돈로 1384,061-688-5752,05 사업장 보유 방제물품(화학안전공동체)
소화기·소방설비,작업도구,소화기,1,EA,대정티씨 여수공장,사업장,전라권역,전라남도,여수시,전라남도 여수시 여수산단1로 310-37,061-685-3021,05 사업장 보유 방제물품(화학안전공동체)
소화기·소방설비,작업도구,소화기,1,대,롯데미쓰이화학㈜,사업장,전라권역,전라남도,여수시,전라남도 여수시 여수산단4로 129,061-680-8411,05 사업장 보유 방제물품(화학안전공동체)
소화기·소방설비,작업도구,소화기,2,대,백광산업,사업장,전라권역,전라남도,여수시,전라남도 여수시 여수산단2로 284,061-680-0600,05 사업장 보유 방제물품(화학안전공동체)
소화기·소방설비,작업도구,소화수,800000,L,엘지엠엠에이㈜(PMMA공장),사업장,전라권역,전라남도,여수시,전라남도 여수시 여수산단2로 55,061-805-3855,05 사업장 보유 방제물품(화학안전공동체)
소화기·소방설비,작업도구,옥내소화전,8,EA,일양화학㈜,사업장,전라권역,전라남도,여수시,전라남도 여수시 여수산단2로 14,061-683-2201,05 사업장 보유 방제물품(화학안전공동체)
소화기·소방설비,작업도구,소화기,210,EA,한국남동발전㈜ 여수발전본부,사업장,전라권역,전라남도,여수시,전라남도 여수시 여수산단로 727,070-8898-5622,05 사업장 보유 방제물품(화학안전공동체)
소화기·소방설비,작업도구,질소 PURGING설비,11,EA,한국바스프㈜,사업장,전라권역,전라남도,여수시,전라남도 여수시 여수산단2로 284,061-680-7061,05 사업장 보유 방제물품(화학안전공동체)
소화기·소방설비,작업도구,접지설비,55,EA,한국바스프㈜,사업장,전라권역,전라남도,여수시,전라남도 여수시 여수산단2로 284,061-680-7061,05 사업장 보유 방제물품(화학안전공동체)
소화기·소방설비,작업도구,소화기,22,EA,한국바스프㈜,사업장,전라권역,전라남도,여수시,전라남도 여수시 여수산단2로 284,061-680-7061,05 사업장 보유 방제물품(화학안전공동체)
소화기·소방설비,작업도구,옥내소화전,27,EA,한국바스프㈜,사업장,전라권역,전라남도,여수시,전라남도 여수시 여수산단2로 284,061-680-7061,05 사업장 보유 방제물품(화학안전공동체)
소화기·소방설비,작업도구,옥외소화전,60,EA,한국바스프㈜,사업장,전라권역,전라남도,여수시,전라남도 여수시 여수산단2로 284,061-680-7061,05 사업장 보유 방제물품(화학안전공동체)
소화기·소방설비,작업도구,스프링쿨러,5,EA,한국바스프㈜,사업장,전라권역,전라남도,여수시,전라남도 여수시 여수산단2로 284,061-680-7061,05 사업장 보유 방제물품(화학안전공동체)
소화기·소방설비,작업도구,화재수신기,1,EA,한국바스프㈜,사업장,전라권역,전라남도,여수시,전라남도 여수시 여수산단2로 284,061-680-7061,05 사업장 보유 방제물품(화학안전공동체)
소화기·소방설비,작업도구,화재수신기,1,EA,한국바스프㈜,사업장,전라권역,전라남도,여수시,전라남도 여수시 여수산단2로 284,061-680-7061,05 사업장 보유 방제물품(화학안전공동체)
소화기·소방설비,작업도구,CO2소화설비,2,EA,한국바스프㈜,사업장,전라권역,전라남도,여수시,전라남도 여수시 여수산단2로 284,061-680-7061,05 사업장 보유 방제물품(화학안전공동체)
소화기·소방설비,작업도구,포소화설비,3,EA,한국바스프㈜,사업장,전라권역,전라남도,여수시,전라남도 여수시 여수산단2로 284,061-680-7061,05 사업장 보유 방제물품(화학안전공동체)
소화기·소방설비,작업도구,소화기(4.5KG),105,EA,한국바스프㈜,사업장,전라권역,전라남도,여수시,전라남도 여수시 여수산단2로 284,061-680-7061,05 사업장 보유 방제물품(화학안전공동체)
소화기·소방설비,작업도구,소화기(20KG),33,EA,한국바스프㈜,사업장,전라권역,전라남도,여수시,전라남도 여수시 여수산단2로 284,061-680-7061,05 사업장 보유 방제물품(화학안전공동체)
소화기·소방설비,작업도구,소화기(CO₂),34,EA,한국바스프㈜,사업장,전라권역,전라남도,여수시,전라남도 여수시 여수산단2로 284,061-680-7061,05 사업장 보유 방제물품(화학안전공동체)
소화기·소방설비,작업도구,물분무 포소화설비,1,EA,한화케미칼㈜ 티다아이,사업장,전라권역,전라남도,여수시,전라남도 여수시 여수산단2로 46-47,061-688-4920,05 사업장 보유 방제물품(화학안전공동체)
소화기·소방설비,작업도구,소화기,20,EA,해인기업㈜ 여천공장,사업장,전라권역,전라남도,여수시,전라남도 여수시 여수산단로 830,061-686-0917,05 사업장 보유 방제물품(화학안전공동체)
소화기·소방설비,작업도구,포소화전,2,EA,해인기업㈜ 화치공장,사업장,전라권역,전라남도,여수시,전라남도 여수시 산단중앙로 30,061-686-6801,05 사업장 보유 방제물품(화학안전공동체)
소화기·소방설비,작업도구,분말형 소화기,2,개,삼양화인테크놀로지㈜(군산2국가산단) (군산시 관리),환경청·센터 장비함,전라권역,전북특별자치도,군산시,전북특별자치도 군산시 자유무역 1길 63,,04 환경청·센터 방제장비함
소화기·소방설비,작업도구,투척용 소화기,2,개,삼양화인테크놀로지㈜(군산2국가산단) (군산시 관리),환경청·센터 장비함,전라권역,전북특별자치도,군산시,전북특별자치도 군산시 자유무역 1길 63,,04 환경청·센터 방제장비함
소화기·소방설비,작업도구,분말형 소화기,2,개,어린이교통공원(군산1국가산단) (군산시 관리),환경청·센터 장비함,전라권역,전북특별자치도,군산시,전북특별자치도 군산시 동장산로 135,,04 환경청·센터 방제장비함
소화기·소방설비,작업도구,투척용 소화기,2,개,어린이교통공원(군산1국가산단) (군산시 관리),환경청·센터 장비함,전라권역,전북특별자치도,군산시,전북특별자치도 군산시 동장산로 135,,04 환경청·센터 방제장비함
소화기·소방설비,작업도구,분말형 소화기,2,개,이피캠텍㈜ 2공장(새만금산단) (군산시 관리),환경청·센터 장비함,전라권역,전북특별자치도,군산시,전북특별자치도 군산시 새만금산단 2로 358,,04 환경청·센터 방제장비함
소화기·소방설비,작업도구,투척용 소화기,2,개,이피캠텍㈜ 2공장(새만금산단) (군산시 관리),환경청·센터 장비함,전라권역,전북특별자치도,군산시,전북특별자치도 군산시 새만금산단 2로 358,,04 환경청·센터 방제장비함
수거용기·포대,작업도구,수거포대,20448,장,광양광역방제지원센터(여수),국가기관 비축,,,,광양항,,07 해경 광역방제지원센터 비축물자
수거용기·포대,작업도구,저장용기,347,㎥,광양광역방제지원센터(여수),국가기관 비축,,,,광양항,,07 해경 광역방제지원센터 비축물자
수거용기·포대,작업도구,수거포대,20425,장,대산광역방제지원센터(태안),국가기관 비축,,,,대산항,,07 해경 광역방제지원센터 비축물자
수거용기·포대,작업도구,저장용기,352,㎥,대산광역방제지원센터(태안),국가기관 비축,,,,대산항,,07 해경 광역방제지원센터 비축물자
수거용기·포대,작업도구,회수유 저장용기,26,개,한국환경공단 수질오염방제센터 낙동강센터,국가기관 비축,경상권역,,,,,09 한국환경공단 수질오염방제센터
수거용기·포대,작업도구,긴급처리Bag,5,개,한국환경공단 수질오염방제센터 낙동강센터,국가기관 비축,경상권역,,,,,09 한국환경공단 수질오염방제센터
수거용기·포대,작업도구,폐기물봉투,8,팩,한국환경공단 수질오염방제센터 낙동강센터,국가기관 비축,경상권역,,,,,09 한국환경공단 수질오염방제센터
수거용기·포대,작업도구,수거포대,17064,장,울산광역방제지원센터(울산),국가기관 비축,경상권역,울산광역시,,온산항,,07 해경 광역방제지원센터 비축물자
수거용기·포대,작업도구,저장용기,239,㎥,울산광역방제지원센터(울산),국가기관 비축,경상권역,울산광역시,,온산항,,07 해경 광역방제지원센터 비축물자
수거용기·포대,작업도구,회수유 저장용기,12,개,한국환경공단 수질오염방제센터 한강센터,국가기관 비축,수도권,,,,,09 한국환경공단 수질오염방제센터
수거용기·포대,작업도구,긴급처리Bag,2,개,한국환경공단 수질오염방제센터 한강센터,국가기관 비축,수도권,,,,,09 한국환경공단 수질오염방제센터
수거용기·포대,작업도구,폐기물봉투,18,팩,한국환경공단 수질오염방제센터 한강센터,국가기관 비축,수도권,,,,,09 한국환경공단 수질오염방제센터
수거용기·포대,작업도구,회수유 저장용기,10,개,한국환경공단 수질오염방제센터 영산강센터,국가기관 비축,전라권역,,,,,09 한국환경공단 수질오염방제센터
수거용기·포대,작업도구,긴급처리Bag,4,개,한국환경공단 수질오염방제센터 영산강센터,국가기관 비축,전라권역,,,,,09 한국환경공단 수질오염방제센터
수거용기·포대,작업도구,폐기물봉투,4,팩,한국환경공단 수질오염방제센터 영산강센터,국가기관 비축,전라권역,,,,,09 한국환경공단 수질오염방제센터
수거용기·포대,작업도구,회수봉투,,100EA,DSR제강㈜ 2공장,사업장,전라권역,전라남도,순천시,전라남도 순천시 서면 산단4길 38,061-751-7121,05 사업장 보유 방제물품(화학안전공동체)
수거용기·포대,작업도구,방수백(40kg),,100EA,GS칼텍스㈜,사업장,전라권역,전라남도,여수시,전라남도 여수시 여수산단로 923-106,061-680-2387,05 사업장 보유 방제물품(화학안전공동체)
수거용기·포대,작업도구,폐기물봉투,200,EA,㈜세아엠엔에스,사업장,전라권역,전라남도,여수시,전라남도 여수시 산단중앙로 188,061-807-7114,05 사업장 보유 방제물품(화학안전공동체)
수거용기·포대,작업도구,마대,20,EA,㈜엘지화학(용성2),사업장,전라권역,전라남도,여수시,전라남도 여수시 여수산단4로 58 확장단지,,05 사업장 보유 방제물품(화학안전공동체)
수거용기·포대,작업도구,저장조,1,EA,㈜엘지화학(용성2),사업장,전라권역,전라남도,여수시,전라남도 여수시 여수산단4로 58 확장단지,,05 사업장 보유 방제물품(화학안전공동체)
수거용기·포대,작업도구,마대,20,EA,㈜클린메터,사업장,전라권역,전라남도,여수시,전라남도 여수시 여수산단1로 310-37,061-807-2244,05 사업장 보유 방제물품(화학안전공동체)
수거용기·포대,작업도구,마대,60,EA,㈜한익스프레스,사업장,전라권역,전라남도,여수시,전라남도 여수시 여수산단로 611,061-685-5524,05 사업장 보유 방제물품(화학안전공동체)
수거용기·포대,작업도구,양동이 또는 쓰레기통,1,EA,광양항 컨테이너 부두 인근 (여수센터 관리),환경청·센터 장비함,전라권역,전라남도,광양시,전남 광양시 도이동 782,,04 환경청·센터 방제장비함
수거용기·포대,작업도구,양동이 또는 쓰레기통,1,EA,묘도 휴게소 인근 (여수센터 관리),환경청·센터 장비함,전라권역,전라남도,광양시,전남 광양시 묘도7길 110,,04 환경청·센터 방제장비함
수거용기·포대,작업도구,양동이 또는 쓰레기통,1,EA,산곡-대포터널 인근 (여수센터 관리),환경청·센터 장비함,전라권역,전라남도,여수시,전남 여수시 율촌면 신풍리 산106-1,,04 환경청·센터 방제장비함
수거용기·포대,작업도구,양동이 또는 쓰레기통,1,EA,옥곡 톨게이트 인근 (여수센터 관리),환경청·센터 장비함,전라권역,전라남도,광양시,전남 광양시 옥곡면 강변로 434-37,,04 환경청·센터 방제장비함
수거용기·포대,작업도구,PE BAG,550,장,재원산업㈜,사업장,전라권역,전라남도,여수시,전라남도 여수시 낙포단지길 79,061-690-9273,05 사업장 보유 방제물품(화학안전공동체)
수거용기·포대,작업도구,화학물질BAG,1,EA,재원산업㈜,사업장,전라권역,전라남도,여수시,전라남도 여수시 낙포단지길 79,061-690-9273,05 사업장 보유 방제물품(화학안전공동체)
수거용기·포대,작업도구,PE BAG,50,장,재원산업㈜ 두암공장,사업장,전라권역,전라남도,여수시,전라남도 여수시 여수산단로 742,061-690-9273,05 사업장 보유 방제물품(화학안전공동체)
수거용기·포대,작업도구,폐기물통,33,EA,한국바스프㈜,사업장,전라권역,전라남도,여수시,전라남도 여수시 여수산단2로 284,061-680-7061,05 사업장 보유 방제물품(화학안전공동체)
수거용기·포대,작업도구,비닐백,140,EA,한국바스프㈜,사업장,전라권역,전라남도,여수시,전라남도 여수시 여수산단2로 284,061-680-7061,05 사업장 보유 방제물품(화학안전공동체)
수거용기·포대,작업도구,BASIN,33,EA,한국바스프㈜,사업장,전라권역,전라남도,여수시,전라남도 여수시 여수산단2로 284,061-680-7061,05 사업장 보유 방제물품(화학안전공동체)
수거용기·포대,작업도구,양동이,11,EA,한국바스프㈜,사업장,전라권역,전라남도,여수시,전라남도 여수시 여수산단2로 284,061-680-7061,05 사업장 보유 방제물품(화학안전공동체)
수거용기·포대,작업도구,공드럼,22,EA,한국바스프㈜,사업장,전라권역,전라남도,여수시,전라남도 여수시 여수산단2로 284,061-680-7061,05 사업장 보유 방제물품(화학안전공동체)
수거용기·포대,작업도구,비닐봉지,100,EA,"한화케미칼㈜ 여수1공장, 한화케미칼㈜ 여수2공장, 한화케미칼㈜ 여수3공장",사업장,전라권역,전라남도,여수시,전라남도 여수시 여수산단3로 117,061-688-1165,05 사업장 보유 방제물품(화학안전공동체)
수거용기·포대,작업도구,마대자루,3,EA,"한화케미칼㈜ 여수1공장, 한화케미칼㈜ 여수2공장, 한화케미칼㈜ 여수3공장",사업장,전라권역,전라남도,여수시,전라남도 여수시 여수산단3로 117,061-688-1165,05 사업장 보유 방제물품(화학안전공동체)
수거용기·포대,작업도구,양동이 또는 쓰레기통,1,EA,해룡-율촌터널 인근 (여수센터 관리),환경청·센터 장비함,전라권역,전라남도,여수시,전남 여수시 율촌면 용전리 산207-12,,04 환경청·센터 방제장비함
수거용기·포대,작업도구,폐기물 회수통,2,개,도레이첨단소재㈜ 군산공장 주차장 (전북청 관리),환경청·센터 장비함,전라권역,전북특별자치도,군산시,전북특별자치도 군산시 새만금북로 90,,04 환경청·센터 방제장비함
수거용기·포대,작업도구,폐기물 봉투,1,개,도레이첨단소재㈜ 군산공장 주차장 (전북청 관리),환경청·센터 장비함,전라권역,전북특별자치도,군산시,전북특별자치도 군산시 새만금북로 90,,04 환경청·센터 방제장비함
수거용기·포대,작업도구,쓰레기통(대형),5,EA,동전주영업소 (전북청 관리),환경청·센터 장비함,전라권역,전북특별자치도,전주시,전북특별자치도 전주시 덕진구 수곡길 33-50,,04 환경청·센터 방제장비함
수거용기·포대,작업도구,폐기물봉투,2,BOX,동전주영업소 (전북청 관리),환경청·센터 장비함,전라권역,전북특별자치도,전주시,전북특별자치도 전주시 덕진구 수곡길 33-50,,04 환경청·센터 방제장비함
수거용기·포대,작업도구,쓰레기통(대형),5,EA,북남원영업소 (전북청 관리),환경청·센터 장비함,전라권역,전북특별자치도,남원시,전북특별자치도 남원시 대산면 순천완주고속도로 64,,04 환경청·센터 방제장비함
수거용기·포대,작업도구,폐기물봉투,2,BOX,북남원영업소 (전북청 관리),환경청·센터 장비함,전라권역,전북특별자치도,남원시,전북특별자치도 남원시 대산면 순천완주고속도로 64,,04 환경청·센터 방제장비함
수거용기·포대,작업도구,폐기물봉투,2,개,삼양화인테크놀로지㈜(군산2국가산단) (군산시 관리),환경청·센터 장비함,전라권역,전북특별자치도,군산시,전북특별자치도 군산시 자유무역 1길 63,,04 환경청·센터 방제장비함
수거용기·포대,작업도구,폐기물봉투,2,개,어린이교통공원(군산1국가산단) (군산시 관리),환경청·센터 장비함,전라권역,전북특별자치도,군산시,전북특별자치도 군산시 동장산로 135,,04 환경청·센터 방제장비함
수거용기·포대,작업도구,쓰레기통(대형),5,EA,오수휴게소 완주방향(상) (전북청 관리),환경청·센터 장비함,전라권역,전북특별자치도,임실군,전북특별자치도 임실군 오수면 순천완주고속도로 74,,04 환경청·센터 방제장비함
수거용기·포대,작업도구,폐기물봉투,2,BOX,오수휴게소 완주방향(상) (전북청 관리),환경청·센터 장비함,전라권역,전북특별자치도,임실군,전북특별자치도 임실군 오수면 순천완주고속도로 74,,04 환경청·센터 방제장비함
수거용기·포대,작업도구,폐기물봉투,2,개,이피캠텍㈜ 2공장(새만금산단) (군산시 관리),환경청·센터 장비함,전라권역,전북특별자치도,군산시,전북특별자치도 군산시 새만금산단 2로 358,,04 환경청·센터 방제장비함
수거용기·포대,작업도구,쓰레기통(대형),5,EA,진안 마이산휴게소 익산방향 (전북청 관리),환경청·센터 장비함,전라권역,전북특별자치도,진안군,전북특별자치도 진안군 진안읍 익산장수고속도로 41,,04 환경청·센터 방제장비함
수거용기·포대,작업도구,폐기물봉투,2,BOX,진안 마이산휴게소 익산방향 (전북청 관리),환경청·센터 장비함,전라권역,전북특별자치도,진안군,전북특별자치도 진안군 진안읍 익산장수고속도로 41,,04 환경청·센터 방제장비함
수거용기·포대,작업도구,쓰레기통(대형),5,EA,진안 마이산휴게소 장수방향 (전북청 관리),환경청·센터 장비함,전라권역,전북특별자치도,진안군,전북특별자치도 진안군 진안읍 익산장수고속도로 42,,04 환경청·센터 방제장비함
수거용기·포대,작업도구,폐기물봉투,2,BOX,진안 마이산휴게소 장수방향 (전북청 관리),환경청·센터 장비함,전라권역,전북특별자치도,진안군,전북특별자치도 진안군 진안읍 익산장수고속도로 42,,04 환경청·센터 방제장비함
수거용기·포대,작업도구,쓰레기통(대형),5,EA,춘향휴게소 순천방향(하) (전북청 관리),환경청·센터 장비함,전라권역,전북특별자치도,남원시,전북특별자치도 남원시 수지면 순천완주고속도로 50,,04 환경청·센터 방제장비함
수거용기·포대,작업도구,폐기물봉투,2,BOX,춘향휴게소 순천방향(하) (전북청 관리),환경청·센터 장비함,전라권역,전북특별자치도,남원시,전북특별자치도 남원시 수지면 순천완주고속도로 50,,04 환경청·센터 방제장비함
수거용기·포대,작업도구,쓰레기통(대형),5,EA,한국도로공사 남원지사 (전북청 관리),환경청·센터 장비함,전라권역,전북특별자치도,남원시,전북특별자치도 남원시 충정로 265-19,,04 환경청·센터 방제장비함
수거용기·포대,작업도구,폐기물봉투,2,BOX,한국도로공사 남원지사 (전북청 관리),환경청·센터 장비함,전라권역,전북특별자치도,남원시,전북특별자치도 남원시 충정로 265-19,,04 환경청·센터 방제장비함
수거용기·포대,작업도구,회수유 저장용기,10,개,한국환경공단 수질오염방제센터 금강센터,국가기관 비축,충청권역,,,,,09 한국환경공단 수질오염방제센터
수거용기·포대,작업도구,긴급처리Bag,1,개,한국환경공단 수질오염방제센터 금강센터,국가기관 비축,충청권역,,,,,09 한국환경공단 수질오염방제센터
수거용기·포대,작업도구,폐기물봉투,8,팩,한국환경공단 수질오염방제센터 금강센터,국가기관 비축,충청권역,,,,,09 한국환경공단 수질오염방제센터
수거용기·포대,작업도구,양동이(20L),1,ea,남공주영업소 (금강청 관리),환경청·센터 장비함,충청권역,충청남도,공주시,충남 공주시 논산천안고속도로 40,,04 환경청·센터 방제장비함
수거용기·포대,작업도구,양동이(20L),1,ea,당진영업소 (금강청 관리),환경청·센터 장비함,충청권역,충청남도,당진시,충남 당진시 송압읍 반촌로 224,,04 환경청·센터 방제장비함
수거용기·포대,작업도구,폐기물봉투(25bag),1,box,부여 은산산단 (금강청 관리),환경청·센터 장비함,충청권역,충청남도,서천군,충남 서천군 장항읍 옥남리 1077,,04 환경청·센터 방제장비함
수거용기·포대,작업도구,양동이(20L),3,ea,부여 은산산단 (금강청 관리),환경청·센터 장비함,충청권역,충청남도,서천군,충남 서천군 장항읍 옥남리 1077,,04 환경청·센터 방제장비함
수거용기·포대,작업도구,폐기물봉투(25 bags),1,box,북천안영업소 (금강청 관리),환경청·센터 장비함,충청권역,충청남도,천안시,충남 천안시 서북구 성거읍 도토성길 146,,04 환경청·센터 방제장비함
수거용기·포대,작업도구,양동이(20L),1,ea,북천안영업소 (금강청 관리),환경청·센터 장비함,충청권역,충청남도,천안시,충남 천안시 서북구 성거읍 도토성길 146,,04 환경청·센터 방제장비함
수거용기·포대,작업도구,폐기물봉투(25bag),1,box,서천 장항산단 (금강청 관리),환경청·센터 장비함,충청권역,충청남도,서천군,충남 서천군 장항읍 옥남리 1077,,04 환경청·센터 방제장비함
수거용기·포대,작업도구,양동이(20L),3,ea,서천 장항산단 (금강청 관리),환경청·센터 장비함,충청권역,충청남도,서천군,충남 서천군 장항읍 옥남리 1077,,04 환경청·센터 방제장비함
수거용기·포대,작업도구,폐기물봉투(25bag),1,box,천안 제5산단 (금강청 관리),환경청·센터 장비함,충청권역,충청남도,천안시,충남 천안시 동남구 성남면 대화리 377,,04 환경청·센터 방제장비함
수거용기·포대,작업도구,양동이(20L),3,ea,천안 제5산단 (금강청 관리),환경청·센터 장비함,충청권역,충청남도,천안시,충남 천안시 동남구 성남면 대화리 377,,04 환경청·센터 방제장비함
수거용기·포대,작업도구,양동이(20L),1,ea,서오창영업소 (금강청 관리),환경청·센터 장비함,충청권역,충청북도,청주시,충북 청주시 청원구 오창읍 두릉유리로 726-60,,04 환경청·센터 방제장비함
수거용기·포대,작업도구,양동이(20L),1,ea,청주 ic (금강청 관리),환경청·센터 장비함,충청권역,충청북도,청주시,충북 청주시 흥덕구 비하동 492-1,,04 환경청·센터 방제장비함
조명·통신·응급,작업도구,멸균 생리식염수(20㎖),300,ea,한국도로공사 발안영업소 (한강청 관리),환경청·센터 장비함,수도권,경기도,화성시,경기 화성시 팔탄면 3.1만세로 879-40,031-790-2896,04 환경청·센터 방제장비함
조명·통신·응급,작업도구,식염수,,2EA,DSR제강㈜ 1공장,사업장,전라권역,전라남도,순천시,전라남도 순천시 서면 산단1길 15,061-729-3500,05 사업장 보유 방제물품(화학안전공동체)
조명·통신·응급,작업도구,식염수,,5EA,DSR제강㈜ 2공장,사업장,전라권역,전라남도,순천시,전라남도 순천시 서면 산단4길 38,061-751-7121,05 사업장 보유 방제물품(화학안전공동체)
조명·통신·응급,작업도구,구급함,5,EA,㈜세아엠엔에스,사업장,전라권역,전라남도,여수시,전라남도 여수시 산단중앙로 188,061-807-7114,05 사업장 보유 방제물품(화학안전공동체)
조명·통신·응급,작업도구,CCTV,1,EA,㈜엠이시,사업장,전라권역,전라남도,광영시,전라남도 광영시 옥곡면 신금산단5길 30,061-772-8825,05 사업장 보유 방제물품(화학안전공동체)
조명·통신·응급,작업도구,눈 세안기,1,EA,㈜한국환경사업단,사업장,전라권역,전라남도,여수시,전라남도 여수시 진달래길 346,061-686-7066,05 사업장 보유 방제물품(화학안전공동체)
조명·통신·응급,작업도구,손전등,6,EA,㈜한익스프레스,사업장,전라권역,전라남도,여수시,전라남도 여수시 여수산단로 611,061-685-5524,05 사업장 보유 방제물품(화학안전공동체)
조명·통신·응급,작업도구,전자신호봉,5,EA,㈜한익스프레스,사업장,전라권역,전라남도,여수시,전라남도 여수시 여수산단로 611,061-685-5524,05 사업장 보유 방제물품(화학안전공동체)
조명·통신·응급,작업도구,메가폰,2,EA,㈜한익스프레스,사업장,전라권역,전라남도,여수시,전라남도 여수시 여수산단로 611,061-685-5524,05 사업장 보유 방제물품(화학안전공동체)
조명·통신·응급,작업도구,비상방송기,1,EA,남해화학㈜,사업장,전라권역,전라남도,여수시,전라남도 여수시 여수산돈로 1384,061-688-5752,05 사업장 보유 방제물품(화학안전공동체)
조명·통신·응급,작업도구,AED,2,대,비를라카본코리아㈜,사업장,전라권역,전라남도,여수시,전라남도 여수시 여수산단2로 46-101,061-688-3331,05 사업장 보유 방제물품(화학안전공동체)
조명·통신·응급,작업도구,휴대용 발전기,11,EA,한국바스프㈜,사업장,전라권역,전라남도,여수시,전라남도 여수시 여수산단2로 284,061-680-7061,05 사업장 보유 방제물품(화학안전공동체)
조명·통신·응급,작업도구,위험표지판/테이프,21,EA,한국바스프㈜,사업장,전라권역,전라남도,여수시,전라남도 여수시 여수산단2로 284,061-680-7061,05 사업장 보유 방제물품(화학안전공동체)
조명·통신·응급,작업도구,휴대용렌턴,77,EA,한국바스프㈜,사업장,전라권역,전라남도,여수시,전라남도 여수시 여수산단2로 284,061-680-7061,05 사업장 보유 방제물품(화학안전공동체)
조명·통신·응급,작업도구,무전기,25,EA,한국바스프㈜,사업장,전라권역,전라남도,여수시,전라남도 여수시 여수산단2로 284,061-680-7061,05 사업장 보유 방제물품(화학안전공동체)
조명·통신·응급,작업도구,환자운반구,1,EA,한국바스프㈜,사업장,전라권역,전라남도,여수시,전라남도 여수시 여수산단2로 284,061-680-7061,05 사업장 보유 방제물품(화학안전공동체)
조명·통신·응급,작업도구,엔젠에어컴프레샤,1,EA,한화케미칼㈜ 티다아이,사업장,전라권역,전라남도,여수시,전라남도 여수시 여수산단2로 46-47,061-688-4920,05 사업장 보유 방제물품(화학안전공동체)
조명·통신·응급,작업도구,응급처치키트,2,SET,한화케미칼㈜ 폴리실리콘,사업장,전라권역,전라남도,여수시,전라남도 여수시 여수산단4로 255,061-690-5728,05 사업장 보유 방제물품(화학안전공동체)
조명·통신·응급,작업도구,확성기,1,EA,해인기업㈜ 여수공장,사업장,전라권역,전라남도,여수시,전라남도 여수시 중흥동 750-19,061-692-6800,05 사업장 보유 방제물품(화학안전공동체)
조명·통신·응급,작업도구,무전기,4,EA,해인기업㈜ 여수공장,사업장,전라권역,전라남도,여수시,전라남도 여수시 중흥동 750-19,061-692-6800,05 사업장 보유 방제물품(화학안전공동체)
조명·통신·응급,작업도구,경고 테이프(접근 제한),1,개,삼양화인테크놀로지㈜(군산2국가산단) (군산시 관리),환경청·센터 장비함,전라권역,전북특별자치도,군산시,전북특별자치도 군산시 자유무역 1길 63,,04 환경청·센터 방제장비함
조명·통신·응급,작업도구,경고 테이프(접근 제한),1,개,어린이교통공원(군산1국가산단) (군산시 관리),환경청·센터 장비함,전라권역,전북특별자치도,군산시,전북특별자치도 군산시 동장산로 135,,04 환경청·센터 방제장비함
조명·통신·응급,작업도구,경고 테이프(접근 제한),1,개,이피캠텍㈜ 2공장(새만금산단) (군산시 관리),환경청·센터 장비함,전라권역,전북특별자치도,군산시,전북특별자치도 군산시 새만금산단 2로 358,,04 환경청·센터 방제장비함
조명·통신·응급,작업도구,랜턴,2,ea,부여 은산산단 (금강청 관리),환경청·센터 장비함,충청권역,충청남도,서천군,충남 서천군 장항읍 옥남리 1077,,04 환경청·센터 방제장비함
조명·통신·응급,작업도구,렌턴,2,ea,북천안영업소 (금강청 관리),환경청·센터 장비함,충청권역,충청남도,천안시,충남 천안시 서북구 성거읍 도토성길 146,,04 환경청·센터 방제장비함
조명·통신·응급,작업도구,랜턴,2,ea,서천 장항산단 (금강청 관리),환경청·센터 장비함,충청권역,충청남도,서천군,충남 서천군 장항읍 옥남리 1077,,04 환경청·센터 방제장비함
조명·통신·응급,작업도구,랜턴,2,ea,천안 제5산단 (금강청 관리),환경청·센터 장비함,충청권역,충청남도,천안시,충남 천안시 동남구 성남면 대화리 377,,04 환경청·센터 방제장비함
측정·감지기,작업도구,측정기기 5종,13,개,한국환경공단 수질오염방제센터 낙동강센터,국가기관 비축,경상권역,,,,,09 한국환경공단 수질오염방제센터
측정·감지기,작업도구,측정기기 5종,8,개,한국환경공단 수질오염방제센터 한강센터,국가기관 비축,수도권,,,,,09 한국환경공단 수질오염방제센터
측정·감지기,작업도구,측정기기 5종,7,개,한국환경공단 수질오염방제센터 영산강센터,국가기관 비축,전라권역,,,,,09 한국환경공단 수질오염방제센터
측정·감지기,작업도구,누액감지기,3,EA,㈜엠이시,사업장,전라권역,전라남도,광영시,전라남도 광영시 옥곡면 신금산단5길 30,061-772-8825,05 사업장 보유 방제물품(화학안전공동체)
측정·감지기,작업도구,가스검지기,46,46대,금호미쓰이화학㈜,사업장,전라권역,전라남도,여수시,전라남도 여수시 여수산단2로 305,061-688-5090,05 사업장 보유 방제물품(화학안전공동체)
측정·감지기,작업도구,가스측정기,15,EA,금호석유화학㈜ 여수고무제1공장,사업장,전라권역,전라남도,여수시,전라남도 여수시 여수산단 3로118,061-688-3135,05 사업장 보유 방제물품(화학안전공동체)
측정·감지기,작업도구,풍향계,3,EA,금호석유화학㈜ 여수고무제1공장,사업장,전라권역,전라남도,여수시,전라남도 여수시 여수산단 3로118,061-688-3135,05 사업장 보유 방제물품(화학안전공동체)
측정·감지기,작업도구,가스측정기,1,EA,금호석유화학㈜ 여수고무제2공장,사업장,전라권역,전라남도,여수시,전라남도 여수시 산단중앙로33,061-688-7261,05 사업장 보유 방제물품(화학안전공동체)
측정·감지기,작업도구,가스측정기(독성),2,EA,남해화학㈜,사업장,전라권역,전라남도,여수시,전라남도 여수시 여수산돈로 1384,061-688-5752,05 사업장 보유 방제물품(화학안전공동체)
측정·감지기,작업도구,가스측정기(가연성),8,EA,남해화학㈜,사업장,전라권역,전라남도,여수시,전라남도 여수시 여수산돈로 1384,061-688-5752,05 사업장 보유 방제물품(화학안전공동체)
측정·감지기,작업도구,누전경보기,2,EA,남해화학㈜,사업장,전라권역,전라남도,여수시,전라남도 여수시 여수산돈로 1384,061-688-5752,05 사업장 보유 방제물품(화학안전공동체)
측정·감지기,작업도구,가스감지기,1,EA,여천NCC㈜ C5분리공장,사업장,전라권역,전라남도,여수시,전라남도 여수시 화치동 1468,061-688-6065,05 사업장 보유 방제물품(화학안전공동체)
측정·감지기,작업도구,가스감지기,8,EA,여천NCC㈜ 여수1공장,사업장,전라권역,전라남도,여수시,전라남도 여수시 여수산단3로 2,061-688-6065,05 사업장 보유 방제물품(화학안전공동체)
측정·감지기,작업도구,가스감지기,5,EA,여천NCC㈜ 여수2공장,사업장,전라권역,전라남도,여수시,전라남도 여수시 여수산단2로 46-20,061-688-6065,05 사업장 보유 방제물품(화학안전공동체)
측정·감지기,작업도구,가스감지기,4,EA,여천NCC㈜ 여수3공장,사업장,전라권역,전라남도,여수시,전라남도 여수시 여수산단2로 220-62,061-688-6065,05 사업장 보유 방제물품(화학안전공동체)
측정·감지기,작업도구,VOC농도측정기,2,EA,한국바스프㈜,사업장,전라권역,전라남도,여수시,전라남도 여수시 여수산단2로 284,061-680-7061,05 사업장 보유 방제물품(화학안전공동체)
측정·감지기,작업도구,산소측정기,2,EA,한국바스프㈜,사업장,전라권역,전라남도,여수시,전라남도 여수시 여수산단2로 284,061-680-7061,05 사업장 보유 방제물품(화학안전공동체)
측정·감지기,작업도구,휴대용가스감지기,18,EA,한국바스프㈜,사업장,전라권역,전라남도,여수시,전라남도 여수시 여수산단2로 284,061-680-7061,05 사업장 보유 방제물품(화학안전공동체)
측정·감지기,작업도구,불산 감지 페이퍼,2,EA,한화케미칼㈜ 폴리실리콘,사업장,전라권역,전라남도,여수시,전라남도 여수시 여수산단4로 255,061-690-5728,05 사업장 보유 방제물품(화학안전공동체)
측정·감지기,작업도구,가연성가스측정기,1,대,해인기업㈜ 여수공장,사업장,전라권역,전라남도,여수시,전라남도 여수시 중흥동 750-19,061-692-6800,05 사업장 보유 방제물품(화학안전공동체)
측정·감지기,작업도구,포르말린가스측정기,1,대,해인기업㈜ 여수공장,사업장,전라권역,전라남도,여수시,전라남도 여수시 중흥동 750-19,061-692-6800,05 사업장 보유 방제물품(화학안전공동체)
측정·감지기,작업도구,pH페이퍼,3,개,(주)휴비스전주공장 (전북도청 관리),환경청·센터 장비함,전라권역,전북특별자치도,전주시,전북특별자치도 전주시 덕진구 기린대로 787,,04 환경청·센터 방제장비함
측정·감지기,작업도구,pH페이퍼,3,개,119화학구조대(군산) (군산시 관리),환경청·센터 장비함,전라권역,전북특별자치도,군산시,전북특별자치도 군산시 외항7길 7,,04 환경청·센터 방제장비함
측정·감지기,작업도구,pH페이퍼,3,개,SK넥실리스㈜ 정읍공장 (전북도청 관리),환경청·센터 장비함,전라권역,전북특별자치도,정읍시,전북특별자치도 정읍시 북면 3산단2길 2,,04 환경청·센터 방제장비함
측정·감지기,작업도구,pH페이퍼,3,개,도레이첨단소재㈜ 군산공장 (전북도청 관리),환경청·센터 장비함,전라권역,전북특별자치도,군산시,전북특별자치도 군산시 새만금북로 90,,04 환경청·센터 방제장비함
측정·감지기,작업도구,pH페이퍼,3,개,미원상사㈜ 익산공장 (전북도청 관리),환경청·센터 장비함,전라권역,전북특별자치도,익산시,전북특별자치도 익산시 낭산면 미륵사지로 820-25,,04 환경청·센터 방제장비함
측정·감지기,작업도구,pH페이퍼,4,개,현대자동차㈜ (전북도청 관리),환경청·센터 장비함,전라권역,전북특별자치도,완주군,전북특별자치도 완주군 봉동읍 완주산단5로 174,,04 환경청·센터 방제장비함
측정·감지기,작업도구,측정기기 5종,7,개,한국환경공단 수질오염방제센터 금강센터,국가기관 비축,충청권역,,,,,09 한국환경공단 수질오염방제센터
호스·관창·살포기,작업도구,수동분무기,7,개,한국환경공단 수질오염방제센터 낙동강센터,국가기관 비축,경상권역,,,,,09 한국환경공단 수질오염방제센터
호스·관창·살포기,작업도구,전동분무기,3,개,한국환경공단 수질오염방제센터 낙동강센터,국가기관 비축,경상권역,,,,,09 한국환경공단 수질오염방제센터
호스·관창·살포기,작업도구,수동분무기,6,개,한국환경공단 수질오염방제센터 한강센터,국가기관 비축,수도권,,,,,09 한국환경공단 수질오염방제센터
호스·관창·살포기,작업도구,전동분무기,4,개,한국환경공단 수질오염방제센터 한강센터,국가기관 비축,수도권,,,,,09 한국환경공단 수질오염방제센터
호스·관창·살포기,작업도구,수동분무기,2,개,한국환경공단 수질오염방제센터 영산강센터,국가기관 비축,전라권역,,,,,09 한국환경공단 수질오염방제센터
호스·관창·살포기,작업도구,전동분무기,5,개,한국환경공단 수질오염방제센터 영산강센터,국가기관 비축,전라권역,,,,,09 한국환경공단 수질오염방제센터
호스·관창·살포기,작업도구,소방호스,1,EA,㈜엘지화학(용성2),사업장,전라권역,전라남도,여수시,전라남도 여수시 여수산단4로 58 확장단지,,05 사업장 보유 방제물품(화학안전공동체)
호스·관창·살포기,작업도구,소화전 모니터,2,EA,㈜엘지화학(용성2),사업장,전라권역,전라남도,여수시,전라남도 여수시 여수산단4로 58 확장단지,,05 사업장 보유 방제물품(화학안전공동체)
호스·관창·살포기,작업도구,송수고,1,대,㈜엠이시,사업장,전라권역,전라남도,광영시,전라남도 광영시 옥곡면 신금산단5길 30,061-772-8825,05 사업장 보유 방제물품(화학안전공동체)
호스·관창·살포기,작업도구,분말살포기,1,대,금호미쓰이화학㈜,사업장,전라권역,전라남도,여수시,전라남도 여수시 여수산단2로 305,061-688-5090,05 사업장 보유 방제물품(화학안전공동체)
호스·관창·살포기,작업도구,이송호스,40,M,백광산업,사업장,전라권역,전라남도,여수시,전라남도 여수시 여수산단2로 284,061-680-0600,05 사업장 보유 방제물품(화학안전공동체)
호스·관창·살포기,작업도구,살포기,,,일양화학㈜,사업장,전라권역,전라남도,여수시,전라남도 여수시 여수산단2로 14,061-683-2201,05 사업장 보유 방제물품(화학안전공동체)
호스·관창·살포기,작업도구,CHEMICAL 호스,66,EA,한국바스프㈜,사업장,전라권역,전라남도,여수시,전라남도 여수시 여수산단2로 284,061-680-7061,05 사업장 보유 방제물품(화학안전공동체)
호스·관창·살포기,작업도구,소방호스,33,EA,한국바스프㈜,사업장,전라권역,전라남도,여수시,전라남도 여수시 여수산단2로 284,061-680-7061,05 사업장 보유 방제물품(화학안전공동체)
호스·관창·살포기,작업도구,직·방사형 관창,22,EA,한국바스프㈜,사업장,전라권역,전라남도,여수시,전라남도 여수시 여수산단2로 284,061-680-7061,05 사업장 보유 방제물품(화학안전공동체)
호스·관창·살포기,작업도구,직사형관창,55,EA,한국바스프㈜,사업장,전라권역,전라남도,여수시,전라남도 여수시 여수산단2로 284,061-680-7061,05 사업장 보유 방제물품(화학안전공동체)
호스·관창·살포기,작업도구,관창 파이프,22,EA,한국바스프㈜,사업장,전라권역,전라남도,여수시,전라남도 여수시 여수산단2로 284,061-680-7061,05 사업장 보유 방제물품(화학안전공동체)
호스·관창·살포기,작업도구,흡입호스,44,EA,한국바스프㈜,사업장,전라권역,전라남도,여수시,전라남도 여수시 여수산단2로 284,061-680-7061,05 사업장 보유 방제물품(화학안전공동체)
호스·관창·살포기,작업도구,흡입호스 여과망,11,EA,한국바스프㈜,사업장,전라권역,전라남도,여수시,전라남도 여수시 여수산단2로 284,061-680-7061,05 사업장 보유 방제물품(화학안전공동체)
호스·관창·살포기,작업도구,중개호스,11,EA,한국바스프㈜,사업장,전라권역,전라남도,여수시,전라남도 여수시 여수산단2로 284,061-680-7061,05 사업장 보유 방제물품(화학안전공동체)
호스·관창·살포기,작업도구,휴대용 모니터건,11,EA,한국바스프㈜,사업장,전라권역,전라남도,여수시,전라남도 여수시 여수산단2로 284,061-680-7061,05 사업장 보유 방제물품(화학안전공동체)
호스·관창·살포기,작업도구,수동분무기,3,개,한국환경공단 수질오염방제센터 금강센터,국가기관 비축,충청권역,,,,,09 한국환경공단 수질오염방제센터
호스·관창·살포기,작업도구,전동분무기,3,개,한국환경공단 수질오염방제센터 금강센터,국가기관 비축,충청권역,,,,,09 한국환경공단 수질오염방제센터
호스·관창·살포기,작업도구,액상분말기,1,대,청주 ic (금강청 관리),환경청·센터 장비함,충청권역,충청북도,청주시,충북 청주시 흥덕구 비하동 492-1,,04 환경청·센터 방제장비함
방재인원,인력,방제사,0,㎥,㈜삼엽,사업장,경상권역,경상남도,하동군,경상남도 하동군 금성면 금성로 31,055-4271-9220,05 사업장 보유 방제물품(화학안전공동체)
방재인원,인력,방재인원,2,명,㈜삼엽,사업장,경상권역,경상남도,하동군,경상남도 하동군 금성면 금성로 31,055-4271-9220,05 사업장 보유 방제물품(화학안전공동체)
방재인원,인력,방제사,,"2,000KG",DSR제강㈜ 1공장,사업장,전라권역,전라남도,순천시,전라남도 순천시 서면 산단1길 15,061-729-3500,05 사업장 보유 방제물품(화학안전공동체)
방재인원,인력,방제사,,3톤,DSR제강㈜ 2공장,사업장,전라권역,전라남도,순천시,전라남도 순천시 서면 산단4길 38,061-751-7121,05 사업장 보유 방제물품(화학안전공동체)
방재인원,인력,방제인력,,8명,DSR제강㈜ 2공장,사업장,전라권역,전라남도,순천시,전라남도 순천시 서면 산단4길 38,061-751-7121,05 사업장 보유 방제물품(화학안전공동체)
방재인원,인력,방제사,,"5,000KG",DSR제강㈜ 율촌공장,사업장,전라권역,전라남도,순천시,전라남도 순천시 해룡면 율촌산단1로 80-21,061-729-3700,05 사업장 보유 방제물품(화학안전공동체)
방재인원,인력,방제인력,,6명,DSR제강㈜ 율촌공장,사업장,전라권역,전라남도,순천시,전라남도 순천시 해룡면 율촌산단1로 80-21,061-729-3700,05 사업장 보유 방제물품(화학안전공동체)
방재인원,인력,방재인력(명),,20명,GS바이오㈜,사업장,전라권역,전라남도,여수시,전라남도 여수시 여수산단로 923-106,061-680-5740,05 사업장 보유 방제물품(화학안전공동체)
방재인원,인력,방재인원,,27명,GS칼텍스㈜ 바이오부탄올,사업장,전라권역,전라남도,여수시,전라남도 여수시 여수산단로 923-106,061-660-6268,05 사업장 보유 방제물품(화학안전공동체)
방재인원,인력,방재인원,,36명,㈜E1,사업장,전라권역,전라남도,여수시,전라남도 여수시 낙포단지길 60,061-690-9373,05 사업장 보유 방제물품(화학안전공동체)
방재인원,인력,방재인원,31,명,㈜대진,사업장,전라권역,전라남도,여수시,전라남도 여수시 삼동로 101,061-685-5980,05 사업장 보유 방제물품(화학안전공동체)
방재인원,인력,방재인원,4,명,㈜대평(냉동센터 위험물센터),사업장,전라권역,전라남도,광양시,전라남도 광양시 중마로 13,061-792-8147,05 사업장 보유 방제물품(화학안전공동체)
방재인원,인력,방재인원,40,명,㈜동성코퍼레이션,사업장,전라권역,전라남도,여수시,전라남도 여수시 여수산단2로 223-40,061-690-4623,05 사업장 보유 방제물품(화학안전공동체)
방재인원,인력,방재인력(명),3,명,㈜동특,사업장,전라권역,전라남도,여수시,전라남도 여수시 여수산단 4로 96,061-685-2311,05 사업장 보유 방제물품(화학안전공동체)
방재인원,인력,방재인원,25,명,㈜두원,사업장,전라권역,전라남도,광양시,전라남도 광양시 광양읍 초남공단1길 10,061-763-1755,05 사업장 보유 방제물품(화학안전공동체)
방재인원,인력,방재인원,5,명,㈜로비스,사업장,전라권역,전라남도,여수시,전라남도 여수시 여수산단로 274-9,061-805-9220,05 사업장 보유 방제물품(화학안전공동체)
방재인원,인력,방제사,50,포,㈜리스텍비즈 광양공장,사업장,전라권역,전라남도,광양시,전라남도 광양시 제철로 2148-97,061-797-2011,05 사업장 보유 방제물품(화학안전공동체)
방재인원,인력,방재인원,1,명,㈜부림산업,사업장,전라권역,전라남도,순천시,전라남도 순천시 서면곰배미길 30,061-755-8724,05 사업장 보유 방제물품(화학안전공동체)
방재인원,인력,방재인원,27,명,㈜삼양냉장,사업장,전라권역,전라남도,여수시,전라남도 여수시 국동 97-21,061-641-8001,05 사업장 보유 방제물품(화학안전공동체)
방재인원,인력,방재인원,10,명,㈜세아엠엔에스,사업장,전라권역,전라남도,여수시,전라남도 여수시 산단중앙로 188,061-807-7114,05 사업장 보유 방제물품(화학안전공동체)
방재인원,인력,방제사,200,KG,㈜세아제강 순천공장 4블럭,사업장,전라권역,전라남도,순천시,전라남도 순천시 해룡면 신성리 908,061-760-2506,05 사업장 보유 방제물품(화학안전공동체)
방재인원,인력,방재인원,3,명,㈜세아제강 순천공장 4블럭,사업장,전라권역,전라남도,순천시,전라남도 순천시 해룡면 신성리 908,061-760-2506,05 사업장 보유 방제물품(화학안전공동체)
방재인원,인력,방제사,40,EA,㈜씨앤씨케미칼 광양공장,사업장,전라권역,전라남도,광양시,전라남도 광양시 광양읍 직동1길 50,061-762-9340,05 사업장 보유 방제물품(화학안전공동체)
방재인원,인력,방재인원,14,명,㈜엘지화학(SM),사업장,전라권역,전라남도,여수시,전라남도 여수시 여수산단로 960,061-680-6524,05 사업장 보유 방제물품(화학안전공동체)
방재인원,인력,방재인원,21,명,㈜엘지화학(VCM),사업장,전라권역,전라남도,여수시,전라남도 여수시 여수산단로 1121,061-680-6524,05 사업장 보유 방제물품(화학안전공동체)
방재인원,인력,방재인력(명),2,2명/1조,㈜엘지화학(용성),사업장,전라권역,전라남도,여수시,전라남도 여수시 여수산단4로 58,061-689-3304,05 사업장 보유 방제물품(화학안전공동체)
방재인원,인력,방재인원(자체소방대),48,명,㈜엘지화학(화치),사업장,전라권역,전라남도,여수시,전라남도 여수시 여수산단2로 55,061-680-1068,05 사업장 보유 방제물품(화학안전공동체)
방재인원,인력,방재인원(방재실),8,명,㈜엘지화학(화치),사업장,전라권역,전라남도,여수시,전라남도 여수시 여수산단2로 55,061-680-1068,05 사업장 보유 방제물품(화학안전공동체)
방재인원,인력,방재인원,10,명,㈜와이엔텍,사업장,전라권역,전라남도,여수시,전라남도 여수시 여수산단로 1232,061-690-6910,05 사업장 보유 방제물품(화학안전공동체)
방재인원,인력,방재인원,3,명,㈜위스컴여수공장,사업장,전라권역,전라남도,여수시,전라남도 여수시 중흥동 1449,061-685-8337,05 사업장 보유 방제물품(화학안전공동체)
방재인원,인력,방재인원,3,명,㈜이화산업,사업장,전라권역,전라남도,여수시,전라남도 여수시 여수산단로 597,061-686-4878,05 사업장 보유 방제물품(화학안전공동체)
방재인원,인력,방재인원,20,명,㈜케이씨씨 여천공장,사업장,전라권역,전라남도,여수시,전라남도 여수시 상암로 601,061-680-7820,05 사업장 보유 방제물품(화학안전공동체)
방재인원,인력,방재인원,3,명,㈜클린메터,사업장,전라권역,전라남도,여수시,전라남도 여수시 여수산단1로 310-37,061-807-2244,05 사업장 보유 방제물품(화학안전공동체)
방재인원,인력,방재인원,30,명,㈜포스코 광양제철소,사업장,전라권역,전라남도,광양시,전라남도 광양시 제철로1800,061-790-2542,05 사업장 보유 방제물품(화학안전공동체)
방재인원,인력,방재인원,92,명,㈜피엠씨텍,사업장,전라권역,전라남도,광양시,전라남도 광양시 제철로2408,061-760-8976,05 사업장 보유 방제물품(화학안전공동체)
방재인원,인력,방재인원,3,명,㈜한국환경사업단,사업장,전라권역,전라남도,여수시,전라남도 여수시 진달래길 346,061-686-7066,05 사업장 보유 방제물품(화학안전공동체)
방재인원,인력,방재인원,8,명,㈜해담광양,사업장,전라권역,전라남도,광양시,전라남도 광양시 제철로 2148-543,061-797-9494,05 사업장 보유 방제물품(화학안전공동체)
방재인원,인력,방재인원,24,명,구다우케미칼,사업장,전라권역,전라남도,여수시,전라남도 여수시 중흥동 751-1,061-690-7808,05 사업장 보유 방제물품(화학안전공동체)
방재인원,인력,방재인원,10,명,금호석유화학㈜ 여수고무제1공장,사업장,전라권역,전라남도,여수시,전라남도 여수시 여수산단 3로118,061-688-3135,05 사업장 보유 방제물품(화학안전공동체)
방재인원,인력,방재인원,5,명,금호석유화학㈜ 여수고무제2공장,사업장,전라권역,전라남도,여수시,전라남도 여수시 산단중앙로33,061-688-7261,05 사업장 보유 방제물품(화학안전공동체)
방재인원,인력,방재인원,122,명,금호석유화학㈜ 여수정밀화학공장,사업장,전라권역,전라남도,여수시,전라남도 여수시 여수산단2로 227,061-688-3943,05 사업장 보유 방제물품(화학안전공동체)
방재인원,인력,방재인원,52,명,금호석유화학㈜ 제1열병합발전소,사업장,전라권역,전라남도,여수시,전라남도 여수시 여수산단2로 46-51,061-688-3943,05 사업장 보유 방제물품(화학안전공동체)
방재인원,인력,방재인원,47,명,금호석유화학㈜ 제2열병합발전소,사업장,전라권역,전라남도,여수시,전라남도 여수시 여수산단2로 233-84,061-688-3943,05 사업장 보유 방제물품(화학안전공동체)
방재인원,인력,방재인원,31,명,닛소남해아그로㈜,사업장,전라권역,전라남도,여수시,전라남도 여수시 여수산단로 1384,061-900-3531,05 사업장 보유 방제물품(화학안전공동체)
방재인원,인력,방재인원,2,명,대림산업㈜ LHDPE공장,사업장,전라권역,전라남도,여수시,전라남도 여수시 여수산단중앙로 438,061-688-7548,05 사업장 보유 방제물품(화학안전공동체)
방재인원,인력,방재인원,7,명,대림산업㈜ 여수C4공장,사업장,전라권역,전라남도,여수시,전라남도 여수시 여수산단중앙로 275,061-688-6821,05 사업장 보유 방제물품(화학안전공동체)
방재인원,인력,방재인원,4,명,대림산업㈜ 여수C4공장,사업장,전라권역,전라남도,여수시,전라남도 여수시 여수산단중앙로 275,061-688-6821,05 사업장 보유 방제물품(화학안전공동체)
방재인원,인력,방재인원,2,명,대림산업㈜ 여수PB공장,사업장,전라권역,전라남도,여수시,전라남도 여수시 여수산단중앙로 276,061-688-6371,05 사업장 보유 방제물품(화학안전공동체)
방재인원,인력,방제사,100,KG,롯데미쓰이화학㈜,사업장,전라권역,전라남도,여수시,전라남도 여수시 여수산단4로 129,061-680-8411,05 사업장 보유 방제물품(화학안전공동체)
방재인원,인력,방재인원,4,명,롯데미쓰이화학㈜,사업장,전라권역,전라남도,여수시,전라남도 여수시 여수산단4로 129,061-680-8411,05 사업장 보유 방제물품(화학안전공동체)
방재인원,인력,방재인력,5,명,롯데베르살리스 엘라스토머스㈜,사업장,전라권역,전라남도,여수시,전라남도 여수시 여수산단4로 53,061-690-2522,05 사업장 보유 방제물품(화학안전공동체)
방재인원,인력,방재인원,5,명,롯데엠시시㈜ 여수1공장,사업장,전라권역,전라남도,여수시,전라남도 여수시 여수산단2로 116-82,061-680-8050,05 사업장 보유 방제물품(화학안전공동체)
방재인원,인력,방재인원,6,명,롯데엠시시㈜ 여수2공장,사업장,전라권역,전라남도,여수시,전라남도 여수시 여수산단4로 129,061-680-8453,05 사업장 보유 방제물품(화학안전공동체)
방재인원,인력,방재인원(비상),28,명,롯데첨단소재㈜,사업장,전라권역,전라남도,여수시,전라남도 여수시 여수산단로 334-27,061-689-1301,05 사업장 보유 방제물품(화학안전공동체)
방재인원,인력,방재인원(진압),132,명,롯데첨단소재㈜,사업장,전라권역,전라남도,여수시,전라남도 여수시 여수산단로 334-27,061-689-1301,05 사업장 보유 방제물품(화학안전공동체)
방재인원,인력,방재인원,5,명,백광산업,사업장,전라권역,전라남도,여수시,전라남도 여수시 여수산단2로 284,061-680-0600,05 사업장 보유 방제물품(화학안전공동체)
방재인원,인력,방재인원,93,명,삼남석유화학㈜,사업장,전라권역,전라남도,여수시,전라남도 여수시 여수산단로 955,061-688-8283,05 사업장 보유 방제물품(화학안전공동체)
방재인원,인력,방재인원,19,명,수자원공사 여수권지사 별량수령장,사업장,전라권역,전라남도,순천시,전라남도 순천시,061-759-4212,05 사업장 보유 방제물품(화학안전공동체)
방재인원,인력,방재사,50,KG,아이씨케미칼,사업장,전라권역,전라남도,여수시,전라남도 여수시 여수산단4로 80,061-685-6717,05 사업장 보유 방제물품(화학안전공동체)
방재인원,인력,방재인원(주간),68,명,엘지엠엠에이㈜(PMMA공장),사업장,전라권역,전라남도,여수시,전라남도 여수시 여수산단2로 55,061-805-3855,05 사업장 보유 방제물품(화학안전공동체)
방재인원,인력,방재인원(야간),25,명,엘지엠엠에이㈜(PMMA공장),사업장,전라권역,전라남도,여수시,전라남도 여수시 여수산단2로 55,061-805-3855,05 사업장 보유 방제물품(화학안전공동체)
방재인원,인력,방재인원(일근),5,명,여천NCC㈜ C5분리공장,사업장,전라권역,전라남도,여수시,전라남도 여수시 화치동 1468,061-688-6065,05 사업장 보유 방제물품(화학안전공동체)
방재인원,인력,방재인원(교대조),3,명,여천NCC㈜ C5분리공장,사업장,전라권역,전라남도,여수시,전라남도 여수시 화치동 1468,061-688-6065,05 사업장 보유 방제물품(화학안전공동체)
방재인원,인력,방재인원(일근),25,명,여천NCC㈜ 여수1공장,사업장,전라권역,전라남도,여수시,전라남도 여수시 여수산단3로 2,061-688-6065,05 사업장 보유 방제물품(화학안전공동체)
방재인원,인력,방재인원(교대조),14,명,여천NCC㈜ 여수1공장,사업장,전라권역,전라남도,여수시,전라남도 여수시 여수산단3로 2,061-688-6065,05 사업장 보유 방제물품(화학안전공동체)
방재인원,인력,방재인원(일근),15,명,여천NCC㈜ 여수2공장,사업장,전라권역,전라남도,여수시,전라남도 여수시 여수산단2로 46-20,061-688-6065,05 사업장 보유 방제물품(화학안전공동체)
방재인원,인력,방재인원(교대조),10,명,여천NCC㈜ 여수2공장,사업장,전라권역,전라남도,여수시,전라남도 여수시 여수산단2로 46-20,061-688-6065,05 사업장 보유 방제물품(화학안전공동체)
방재인원,인력,방재인원(일근),10,명,여천NCC㈜ 여수3공장,사업장,전라권역,전라남도,여수시,전라남도 여수시 여수산단2로 220-62,061-688-6065,05 사업장 보유 방제물품(화학안전공동체)
방재인원,인력,방재인원(교대조),8,명,여천NCC㈜ 여수3공장,사업장,전라권역,전라남도,여수시,전라남도 여수시 여수산단2로 220-62,061-688-6065,05 사업장 보유 방제물품(화학안전공동체)
방재인원,인력,방재인원,3,명,이맥솔루션㈜,사업장,전라권역,전라남도,순천시,전라남도 순천시 서면 곰배미길 63,061-755-7295,05 사업장 보유 방제물품(화학안전공동체)
방재인원,인력,방재인원,15,명,일양화학㈜,사업장,전라권역,전라남도,여수시,전라남도 여수시 여수산단2로 14,061-683-2201,05 사업장 보유 방제물품(화학안전공동체)
방재인원,인력,방재인원,25,명,재원산업㈜,사업장,전라권역,전라남도,여수시,전라남도 여수시 낙포단지길 79,061-690-9273,05 사업장 보유 방제물품(화학안전공동체)
방재인원,인력,방재인원,5,명,재원산업㈜ 두암공장,사업장,전라권역,전라남도,여수시,전라남도 여수시 여수산단로 742,061-690-9273,05 사업장 보유 방제물품(화학안전공동체)
방재인원,인력,방재인원,9,명,케미스타㈜,사업장,전라권역,전라남도,순천시,전라남도 순천시 해룡면 율촌산단1로 19-59,061-811-3033,05 사업장 보유 방제물품(화학안전공동체)
방재인원,인력,방제인력(주간),20,명,케이알코폴리머㈜,사업장,전라권역,전라남도,여수시,전라남도 여수시 여수산단4로 60,061-688-7710,05 사업장 보유 방제물품(화학안전공동체)
방재인원,인력,방제인력(야간),7,명,케이알코폴리머㈜,사업장,전라권역,전라남도,여수시,전라남도 여수시 여수산단4로 60,061-688-7710,05 사업장 보유 방제물품(화학안전공동체)
방재인원,인력,방재인원,25,명,코오롱인더스트리㈜ 여수공장,사업장,전라권역,전라남도,여수시,전라남도 여수시 산단중앙로 213,061-690-9842,05 사업장 보유 방제물품(화학안전공동체)
방재인원,인력,방재인원,70,명,한국남동발전㈜ 호남화력본부,사업장,전라권역,전라남도,여수시,"전라남도 여수시 여수산단로 1203, 1층",,05 사업장 보유 방제물품(화학안전공동체)
방재인원,인력,방재인원,6,명,한국바스프㈜,사업장,전라권역,전라남도,여수시,전라남도 여수시 여수산단2로 284,061-680-7061,05 사업장 보유 방제물품(화학안전공동체)
방재인원,인력,방재인원,5,명,한국신광마이크로 애랙트로닉스㈜,사업장,전라권역,전라남도,순천시,전라남도 순천시 서면산단1길 32,061-753-8801,05 사업장 보유 방제물품(화학안전공동체)
방재인원,인력,방재사,400,KG,한승케미칼㈜,사업장,전라권역,전라남도,광양시,전라남도 광양시 광양읍 초남2공단2길 66,061-795-1958,05 사업장 보유 방제물품(화학안전공동체)
방재인원,인력,방재인원,33,명,"한화케미칼㈜ 여수1공장, 한화케미칼㈜ 여수2공장, 한화케미칼㈜ 여수3공장",사업장,전라권역,전라남도,여수시,전라남도 여수시 여수산단3로 117,061-688-1165,05 사업장 보유 방제물품(화학안전공동체)
방재인원,인력,방재인원,4,명,한화케미칼㈜ 여수2,사업장,전라권역,전라남도,여수시,전라남도 여수시 여수산단4로 255,061-690-5728,05 사업장 보유 방제물품(화학안전공동체)
방재인원,인력,"자체 자위소방대, 방제인력",9,9명,한화케미칼㈜ 티다아이,사업장,전라권역,전라남도,여수시,전라남도 여수시 여수산단2로 46-47,061-688-4920,05 사업장 보유 방제물품(화학안전공동체)
방재인원,인력,방재인원,38,명,한화케미칼㈜ 폴리실리콘,사업장,전라권역,전라남도,여수시,전라남도 여수시 여수산단4로 255,061-690-5728,05 사업장 보유 방제물품(화학안전공동체)
방재인원,인력,방재인원,120,명,현대제철㈜,사업장,전라권역,전라남도,순천시,전라남도 순천시 해룡면 인덕로 300,061-720-4665,05 사업장 보유 방제물품(화학안전공동체)
방재인원,인력,방재인원,50,명,휴켐스㈜ 여수공장,사업장,전라권역,전라남도,여수시,전라남도 여수시 상암로 963,061-680-4613,05 사업장 보유 방제물품(화학안전공동체)
비상캡슐(ERaCV),특수,비상캡슐(ERaCV) DY-SC W125100 470/930L,1,대,LG디스플레이,사업장,경상권역,경상북도,구미시,경상북도 구미시 3공단2로 174,054-478-5223,10 ERaCV 비상캡슐 보유업체
비상캡슐(ERaCV),특수,비상캡슐(ERaCV) JSMT ERCV 125L,1,대,㈜후성,사업장,경상권역,울산광역시,남구,울산광역시 남구 장생포로 336,052-208-8223,10 ERaCV 비상캡슐 보유업체
비상캡슐(ERaCV),특수,비상캡슐(ERaCV) 더블유아이씨 SC-024 140L,1,대,DIG에어가스 반월공장,사업장,수도권,경기도,안산시,경기도 안산시 단원구 산단로 128,031-8099-7680,10 ERaCV 비상캡슐 보유업체
비상캡슐(ERaCV),특수,비상캡슐(ERaCV) TG168 168L,1,대,린데코리아㈜ 현곡공장,사업장,수도권,경기도,평택시,경기도 평택시 청북읍 현곡산단로94번길 48,031-337-8180,10 ERaCV 비상캡슐 보유업체
비상캡슐(ERaCV),특수,비상캡슐(ERaCV) 액염 100kg 톤용기 안전카트/안전BOX 84/460L,1,대,PKC㈜,사업장,전라권역,전북특별자치도,군산시,전북 군산시 임해로 494-16,063-450-1761,10 ERaCV 비상캡슐 보유업체
비상캡슐(ERaCV),특수,비상캡슐(ERaCV) DS-SS-0003 50L,1,대,디아이지에어가스 대전공장,사업장,충청권역,대전광역시,대덕구,대전광역시 대덕구 신일동로 45,031-8099-7680,10 ERaCV 비상캡슐 보유업체
비상캡슐(ERaCV),특수,비상캡슐(ERaCV) ECO HP 10 117L,1,대,에어리퀴드어드밴스드머티어리얼즈코리아(알람),사업장,충청권역,세종특별자치시,,세종시 전의면 산단길 21-171,041-856-5551,10 ERaCV 비상캡슐 보유업체
비상캡슐(ERaCV),특수,비상캡슐(ERaCV) SC-002 47L,1,대,원익머트리얼즈 전의 사업장,사업장,충청권역,세종특별자치시,,세종 전의면 산단길 21-125,043-210-4678,10 ERaCV 비상캡슐 보유업체
비상캡슐(ERaCV),특수,비상캡슐(ERaCV) 더블유아이씨 sc 47L,1,대,㈜엠에스머트리얼즈,사업장,충청권역,충청남도,공주시,충남 공주시 우성면 군량골길 25-52,041-856-5551,10 ERaCV 비상캡슐 보유업체
비상캡슐(ERaCV),특수,비상캡슐(ERaCV) 대영이엔지 DY-HPCV050-002 50L,1,대,에어리퀴드솔루션즈코리아 천안2공장,사업장,충청권역,충청남도,천안시,충남 천안시 동남구 성남면 대화리 328,041-599-9000,10 ERaCV 비상캡슐 보유업체
비상캡슐(ERaCV),특수,비상캡슐(ERaCV) 대영이엔지 DY-HPCV050-002 50L,1,대,에어리퀴드코리아 천안공장,사업장,충청권역,충청남도,천안시,충남 천안시 서북구 3공단1로 88,041-621-0102,10 ERaCV 비상캡슐 보유업체
비상캡슐(ERaCV),특수,비상캡슐(ERaCV) ECO-HP-46/SC-002 930/47L,1,대,(주)원익머트리얼즈,사업장,충청권역,충청북도,청주시,충청북도 청주시 청원구 오창읍 과학산업3로 112,043-210-4678,10 ERaCV 비상캡슐 보유업체
비상캡슐(ERaCV),특수,비상캡슐(ERaCV) 더블유아이씨 sc-017 47L,1,대,SK하이닉스㈜,사업장,충청권역,충청북도,청주시,충청북도 청주시 흥덕구 대신로 215,043-907-9999,10 ERaCV 비상캡슐 보유업체
비상캡슐(ERaCV),특수,비상캡슐(ERaCV) 더블유아이씨 sc-013 47L,1,대,TEMC 씨앤에스,사업장,충청권역,충청북도,보은군,충청북도 보은군 삼승면 우진리 592,031-8052-9065,10 ERaCV 비상캡슐 보유업체
비상캡슐(ERaCV),특수,비상캡슐(ERaCV) 더블유아이씨 안전실린더 130L,1,대,TEMC㈜,사업장,충청권역,충청북도,보은군,충청북도 보은군 삼승면 남부로 3750-148,043-298-3333,10 ERaCV 비상캡슐 보유업체
비상캡슐(ERaCV),특수,비상캡슐(ERaCV) 더블유아이씨 sc 47L,1,대,㈜엠에스가스 청주공장,사업장,충청권역,충청북도,청주시,충북 청주시 청원구 오창읍 호죽화산로 315,043-724-1215,10 ERaCV 비상캡슐 보유업체
비상캡슐(ERaCV),특수,비상캡슐(ERaCV) 더블유아이씨 sc 47L,1,대,㈜엠에스머트리얼즈,사업장,충청권역,충청북도,예산군,충북 예산군 고덕면 예당산단3길 39,041-856-5551,10 ERaCV 비상캡슐 보유업체
비상캡슐(ERaCV),특수,비상캡슐(ERaCV) SC-002 47L,1,대,원익머트리얼즈 양청 사업장,사업장,충청권역,충청북도,청주시,충북 청주시 청원구 오창읍 양청3길 30,043-210-4678,10 ERaCV 비상캡슐 보유업체
비상캡슐(ERaCV),특수,"비상캡슐(ERaCV) 대흥티엔씨 ERCV-고압용기 밀봉캡슐 / 대영엔지니어링 50L·100L 47L×2, 100L×1",1,대,한국가스안전공사 산업가스안전기술센터,사업장,충청권역,충청북도,진천군,충청북도 진천군 덕산읍 산수산단2로 76,043-750-1742,10 ERaCV 비상캡슐 보유업체
기타,기타,작업도구,597,set,광양광역방제지원센터(여수),국가기관 비축,,,,광양항,,07 해경 광역방제지원센터 비축물자
기타,기타,작업도구,462,set,대산광역방제지원센터(태안),국가기관 비축,,,,대산항,,07 해경 광역방제지원센터 비축물자
기타,기타,(대형) 경질유용,2,대,한국환경공단 수질오염방제센터 낙동강센터,국가기관 비축,경상권역,,,,,09 한국환경공단 수질오염방제센터
기타,기타,(대형) 중질유용,1,대,한국환경공단 수질오염방제센터 낙동강센터,국가기관 비축,경상권역,,,,,09 한국환경공단 수질오염방제센터
기타,기타,소형,1,대,한국환경공단 수질오염방제센터 낙동강센터,국가기관 비축,경상권역,,,,,09 한국환경공단 수질오염방제센터
기타,기타,기타 보조방제장비 5종,10,개,한국환경공단 수질오염방제센터 낙동강센터,국가기관 비축,경상권역,,,,,09 한국환경공단 수질오염방제센터
기타,기타,작업도구,380,set,울산광역방제지원센터(울산),국가기관 비축,경상권역,울산광역시,,온산항,,07 해경 광역방제지원센터 비축물자
기타,기타,(대형) 경질유용,1,대,한국환경공단 수질오염방제센터 한강센터,국가기관 비축,수도권,,,,,09 한국환경공단 수질오염방제센터
기타,기타,(대형) 중질유용,1,대,한국환경공단 수질오염방제센터 한강센터,국가기관 비축,수도권,,,,,09 한국환경공단 수질오염방제센터
기타,기타,소형,1,대,한국환경공단 수질오염방제센터 한강센터,국가기관 비축,수도권,,,,,09 한국환경공단 수질오염방제센터
기타,기타,기타 보조방제장비 5종,8,개,한국환경공단 수질오염방제센터 한강센터,국가기관 비축,수도권,,,,,09 한국환경공단 수질오염방제센터
기타,기타,(대형) 경질유용,1,대,한국환경공단 수질오염방제센터 영산강센터,국가기관 비축,전라권역,,,,,09 한국환경공단 수질오염방제센터
기타,기타,(대형) 중질유용,1,대,한국환경공단 수질오염방제센터 영산강센터,국가기관 비축,전라권역,,,,,09 한국환경공단 수질오염방제센터
기타,기타,소형,1,대,한국환경공단 수질오염방제센터 영산강센터,국가기관 비축,전라권역,,,,,09 한국환경공단 수질오염방제센터
기타,기타,기타 보조방제장비 5종,10,개,한국환경공단 수질오염방제센터 영산강센터,국가기관 비축,전라권역,,,,,09 한국환경공단 수질오염방제센터
기타,기타,160톤 각,1,대,공영크레인,판매업체,전라권역,광주광역시,광산구,광주광역시 광산구 우산동 1427-1,062-454-0404,15 전남·광주 방제약품 판매업체 (2017년 기준)
기타,기타,방제약품,,500KG,DSR제강㈜ 1공장,사업장,전라권역,전라남도,순천시,전라남도 순천시 서면 산단1길 15,061-729-3500,05 사업장 보유 방제물품(화학안전공동체)
기타,기타,방제약품,,"1,000KG",DSR제강㈜ 2공장,사업장,전라권역,전라남도,순천시,전라남도 순천시 서면 산단4길 38,061-751-7121,05 사업장 보유 방제물품(화학안전공동체)
기타,기타,처리능력,,12.5톤/hr,DSR제강㈜ 2공장,사업장,전라권역,전라남도,순천시,전라남도 순천시 서면 산단4길 38,061-751-7121,05 사업장 보유 방제물품(화학안전공동체)
기타,기타,유독물,,5BOX,GS칼텍스㈜,사업장,전라권역,전라남도,여수시,전라남도 여수시 여수산단로 923-106,061-680-2387,05 사업장 보유 방제물품(화학안전공동체)
기타,기타,Spill Kit,,4 Set,GS칼텍스㈜ 바이오부탄올,사업장,전라권역,전라남도,여수시,전라남도 여수시 여수산단로 923-106,061-660-6268,05 사업장 보유 방제물품(화학안전공동체)
기타,기타,차량,23,대,㈜대진,사업장,전라권역,전라남도,여수시,전라남도 여수시 삼동로 101,061-685-5980,05 사업장 보유 방제물품(화학안전공동체)
기타,기타,차량,1,대(11인승),㈜삼양냉장,사업장,전라권역,전라남도,여수시,전라남도 여수시 국동 97-21,061-641-8001,05 사업장 보유 방제물품(화학안전공동체)
기타,기타,방제장비,,"화학복,방독면",㈜삼양냉장,사업장,전라권역,전라남도,여수시,전라남도 여수시 국동 97-21,061-641-8001,05 사업장 보유 방제물품(화학안전공동체)
기타,기타,방제물품,,"흡착포, 모래, 폐기드럼",㈜삼양냉장,사업장,전라권역,전라남도,여수시,전라남도 여수시 국동 97-21,061-641-8001,05 사업장 보유 방제물품(화학안전공동체)
기타,기타,방제장비함,2,EA,㈜세아엠엔에스,사업장,전라권역,전라남도,여수시,전라남도 여수시 산단중앙로 188,061-807-7114,05 사업장 보유 방제물품(화학안전공동체)
기타,기타,차량,1,대,㈜엠이시,사업장,전라권역,전라남도,광영시,전라남도 광영시 옥곡면 신금산단5길 30,061-772-8825,05 사업장 보유 방제물품(화학안전공동체)
기타,기타,방제장비,,-,㈜위스컴여수공장,사업장,전라권역,전라남도,여수시,전라남도 여수시 중흥동 1449,061-685-8337,05 사업장 보유 방제물품(화학안전공동체)
기타,기타,제트워셔카,1,대,㈜포스코 광양제철소,사업장,전라권역,전라남도,광양시,전라남도 광양시 제철로1800,061-790-2542,05 사업장 보유 방제물품(화학안전공동체)
기타,기타,복합장비,1,대,㈜포스코 광양제철소,사업장,전라권역,전라남도,광양시,전라남도 광양시 제철로1800,061-790-2542,05 사업장 보유 방제물품(화학안전공동체)
기타,기타,이동식방제함,1,EA,㈜한익스프레스,사업장,전라권역,전라남도,여수시,전라남도 여수시 여수산단로 611,061-685-5524,05 사업장 보유 방제물품(화학안전공동체)
기타,기타,오실레이팅모티터,2,대,금호미쓰이화학㈜,사업장,전라권역,전라남도,여수시,전라남도 여수시 여수산단2로 305,061-688-5090,05 사업장 보유 방제물품(화학안전공동체)
기타,기타,250톤 각,1,대,대광크레인,판매업체,전라권역,전라남도,영암군,전남 영암군 삼호읍 대불역로 219,061-464-2300,15 전남·광주 방제약품 판매업체 (2017년 기준)
기타,기타,방제장비,,-,이맥솔루션㈜,사업장,전라권역,전라남도,순천시,전라남도 순천시 서면 곰배미길 63,061-755-7295,05 사업장 보유 방제물품(화학안전공동체)
기타,기타,방제물품,,-,이맥솔루션㈜,사업장,전라권역,전라남도,순천시,전라남도 순천시 서면 곰배미길 63,061-755-7295,05 사업장 보유 방제물품(화학안전공동체)
기타,기타,방제장비,,-,인제화학㈜,사업장,전라권역,전라남도,여수시,전라남도 여수시 화양면 화양로 1122-12,061-685-4300,05 사업장 보유 방제물품(화학안전공동체)
기타,기타,방제장비,,-,케미스타㈜,사업장,전라권역,전라남도,순천시,전라남도 순천시 해룡면 율촌산단1로 19-59,061-811-3033,05 사업장 보유 방제물품(화학안전공동체)
기타,기타,차량,24,대,한국바스프㈜,사업장,전라권역,전라남도,여수시,전라남도 여수시 여수산단2로 284,061-680-7061,05 사업장 보유 방제물품(화학안전공동체)
기타,기타,WHITE OIL,11,EA,한국바스프㈜,사업장,전라권역,전라남도,여수시,전라남도 여수시 여수산단2로 284,061-680-7061,05 사업장 보유 방제물품(화학안전공동체)
기타,기타,폼 적재량,1600,L,한국바스프㈜,사업장,전라권역,전라남도,여수시,전라남도 여수시 여수산단2로 284,061-680-7061,05 사업장 보유 방제물품(화학안전공동체)
기타,기타,물 적재량,2000,L,한국바스프㈜,사업장,전라권역,전라남도,여수시,전라남도 여수시 여수산단2로 284,061-680-7061,05 사업장 보유 방제물품(화학안전공동체)
기타,기타,빗,22,EA,한국바스프㈜,사업장,전라권역,전라남도,여수시,전라남도 여수시 여수산단2로 284,061-680-7061,05 사업장 보유 방제물품(화학안전공동체)
기타,기타,POST INCICATOR,42,EA,한국바스프㈜,사업장,전라권역,전라남도,여수시,전라남도 여수시 여수산단2로 284,061-680-7061,05 사업장 보유 방제물품(화학안전공동체)
기타,기타,방제물품,,-,한화에너지㈜ 여수공장,사업장,전라권역,전라남도,여수시,전라남도 여수시 산단중앙로 1445,061-689-7678,05 사업장 보유 방제물품(화학안전공동체)
기타,기타,알콜포,5,DRUM,해인기업㈜ 여수공장,사업장,전라권역,전라남도,여수시,전라남도 여수시 중흥동 750-19,061-692-6800,05 사업장 보유 방제물품(화학안전공동체)
기타,기타,알콜포,2,DRUM,해인기업㈜ 화치공장,사업장,전라권역,전라남도,여수시,전라남도 여수시 산단중앙로 30,061-686-6801,05 사업장 보유 방제물품(화학안전공동체)
기타,기타,처리능력,312,톤/hr,현대제철㈜,사업장,전라권역,전라남도,순천시,전라남도 순천시 해룡면 인덕로 300,061-720-4665,05 사업장 보유 방제물품(화학안전공동체)
기타,기타,(대형) 경질유용,1,대,한국환경공단 수질오염방제센터 금강센터,국가기관 비축,충청권역,,,,,09 한국환경공단 수질오염방제센터
기타,기타,(대형) 중질유용,1,대,한국환경공단 수질오염방제센터 금강센터,국가기관 비축,충청권역,,,,,09 한국환경공단 수질오염방제센터
기타,기타,소형,1,대,한국환경공단 수질오염방제센터 금강센터,국가기관 비축,충청권역,,,,,09 한국환경공단 수질오염방제센터
기타,기타,기타 보조방제장비 5종,5,개,한국환경공단 수질오염방제센터 금강센터,국가기관 비축,충청권역,,,,,09 한국환경공단 수질오염방제센터
