갈래,업체명,권역,시도,시군구,주소,대표전화,허가현황,처리가능폐기물,보유장비,자료출처
수집·운반,(주)남동에너지,강원권역,강원특별자치도,삼척시,강원 삼척시 우지1길 23(우지동),033-575-4585,수집·운반업 · 처리방법 수집·운반 · 원주지방환경청,,,14 폐기물처리업체 전국취합
수집·운반,(주)태봉산업,강원권역,강원특별자치도,태백시,강원 태백시 문곡동18-3,033-581-0082,수집·운반업 · 처리방법 수집·운반 · 원주지방환경청,,,14 폐기물처리업체 전국취합
수집·운반,(주)황소-운반,강원권역,강원특별자치도,강릉시,강원 강릉시 화부산로 8번길 4,033-655-7904,수집·운반업 · 처리방법 수집·운반 · 원주지방환경청,,,14 폐기물처리업체 전국취합
수집·운반,(합)부흥환경,강원권역,강원특별자치도,원주시,강원 원주시 지정면 보통로 561-4(보통리),033-734-6788,수집·운반업 · 처리방법 수집·운반 · 원주지방환경청,,,14 폐기물처리업체 전국취합
수집·운반,(합자)에스엠에코,강원권역,강원특별자치도,태백시,강원 태백시 싸리밭길 50(화전동),033-552-2931,수집·운반업 · 처리방법 수집·운반 · 원주지방환경청,,,14 폐기물처리업체 전국취합
수집·운반,니즈환경,강원권역,강원특별자치도,원주시,강원 원주시 문막읍 동화리 399-16,033-748-8273,수집·운반업 · 처리방법 수집·운반 · 원주지방환경청,,,14 폐기물처리업체 전국취합
수집·운반,명진산업주식회사,강원권역,강원특별자치도,삼척시,강원 삼척시 우지1길 31,033-575-3003,수집·운반업 · 처리방법 수집·운반 · 원주지방환경청,,,14 폐기물처리업체 전국취합
수집·운반,신광환경합자회사,강원권역,강원특별자치도,영월군,강원 영월군 영월읍 덕포리674-5,033-375-0104,수집·운반업 · 처리방법 수집·운반 · 원주지방환경청,,,14 폐기물처리업체 전국취합
수집·운반,중부신대한정유산업(주),강원권역,강원특별자치도,원주시,강원 원주시 소초면 흥양리1193,033-747-4255,수집·운반업 · 처리방법 수집·운반 · 원주지방환경청,,,14 폐기물처리업체 전국취합
수집·운반,지우건설(주),강원권역,강원특별자치도,강릉시,강원 강릉시 월대산로 85-36(입암동),033-655-3533,수집·운반업 · 처리방법 수집·운반 · 원주지방환경청,,,14 폐기물처리업체 전국취합
수집·운반,천지에너텍,강원권역,강원특별자치도,원주시,강원 원주시 문막읍 만디길 31(궁촌리) 천지에너텍,033-732-3328,수집·운반업 · 처리방법 수집·운반 · 원주지방환경청,,,14 폐기물처리업체 전국취합
수집·운반,하나그린(주),강원권역,강원특별자치도,원주시,강원 원주시 판부면 서곡길 177,033-761-0765,수집·운반업 · 처리방법 수집·운반 · 원주지방환경청,,,14 폐기물처리업체 전국취합
수집·운반,행운기업주식회사(지정운반),강원권역,강원특별자치도,영월군,강원 영월군 영월읍 봉래산로 169,033-375-4455,수집·운반업 · 처리방법 수집·운반 · 원주지방환경청,,,14 폐기물처리업체 전국취합
수집·운반,형제에너지(주),강원권역,강원특별자치도,강릉시,강원 강릉시 강변로692번길 16,033-655-5177,수집·운반업 · 처리방법 수집·운반 · 원주지방환경청,,,14 폐기물처리업체 전국취합
수집·운반,(주)강명산업사,경상권역,경상남도,김해시,경상남도 김해시 김해대로1685번길 13,055-339-9852,수집·운반업 · 처리방법 수집·운반 · 낙동강유역환경청 / 중간 재활용업 · 처리방법 재활용,,,14 폐기물처리업체 전국취합
수집·운반,(주)경남로지스,경상권역,경상남도,양산시,경남 양산시 산막공단로 56,055-387-2277,수집·운반업 · 처리방법 수집·운반 · 낙동강유역환경청 / 중간 재활용업 · 처리방법 재활용 / 지정폐기물 수집운반업체 (울산센터 관할),"액상, 고상, 액.고상",,03 지자체 관할 폐기물·중장비 업체 / 14 폐기물처리업체 전국취합
수집·운반,(주)광동산업,경상권역,경상남도,양산시,경남 양산시 상북면 율리길 47-22,055-375-5552,수집·운반업 · 처리방법 수집·운반 · 낙동강유역환경청 / 지정폐기물 수집운반업체 (울산센터 관할),고상,,03 지자체 관할 폐기물·중장비 업체 / 14 폐기물처리업체 전국취합
수집·운반,(주)그린에코텍,경상권역,경상남도,창원시,경남 창원시 성산구 정동로162번길 57 3층 3-3호,055-261-3363,수집·운반업 · 처리방법 수집·운반 · 낙동강유역환경청,,,14 폐기물처리업체 전국취합
수집·운반,(주)그린환경,경상권역,경상남도,고성군,경남 고성군 고성읍 이당리294-2,055-674-7766,수집·운반업 · 처리방법 수집·운반 · 낙동강유역환경청,,,14 폐기물처리업체 전국취합
수집·운반,(주)금화로지스,경상권역,경상남도,김해시,경상남도 김해시 함박로 51 2층,055-327-9867,수집·운반업 · 처리방법 수집·운반 · 낙동강유역환경청,,,14 폐기물처리업체 전국취합
수집·운반,(주)대원씨앤티,경상권역,경상남도,양산시,경남 양산시 북정공단1길 97,055-785-2002,수집·운반업 · 처리방법 수집·운반 · 낙동강유역환경청 / 지정폐기물 중간처분 (울산센터 관할),"폐산, 폐알칼리",,03 지자체 관할 폐기물·중장비 업체 / 14 폐기물처리업체 전국취합
수집·운반,(주)도원산업,경상권역,경상남도,양산시,경상남도 양산시 어실로 482-1,055-387-0026,수집·운반업 · 처리방법 수집·운반 · 낙동강유역환경청 / 중간 재활용업 · 처리방법 재활용 / 지정폐기물 수집운반업체 (울산센터 관할),"액상, 고상",,03 지자체 관할 폐기물·중장비 업체 / 14 폐기물처리업체 전국취합
수집·운반,(주)동남정유 제2공장,경상권역,경상남도,양산시,경남 양산시 산막공단북4길 30,055-335-3521,수집·운반업 · 처리방법 수집·운반 · 낙동강유역환경청 / 지정폐기물 수집운반업체 (울산센터 관할),액상,,03 지자체 관할 폐기물·중장비 업체 / 14 폐기물처리업체 전국취합
수집·운반,(주)동방금속,경상권역,경상남도,김해시,경남 양산시 상북면 소토2길 28(258-7),055-374-5501,수집·운반업 · 처리방법 수집·운반 · 낙동강유역환경청 / 지정폐기물 수집운반업체 (울산센터 관할),액상,,03 지자체 관할 폐기물·중장비 업체 / 14 폐기물처리업체 전국취합
수집·운반,(주)동우에코,경상권역,경상남도,양산시,경남 양산시 하북면 삼덕로 25,055-374-0007,수집·운반업 · 처리방법 수집·운반 · 낙동강유역환경청 / 지정폐기물 수집운반업체 (울산센터 관할),고상,,03 지자체 관할 폐기물·중장비 업체 / 14 폐기물처리업체 전국취합
수집·운반,(주)만수,경상권역,경상남도,창원시,경남 창원시 의창구 차상로 20,055-297-7171,수집·운반업 · 처리방법 수집·운반 · 낙동강유역환경청,,,14 폐기물처리업체 전국취합
수집·운반,(주)브이앤이,경상권역,경상남도,남해군,경상남도 남해군 남해읍 에코파크길 65-10,055-864-7575,폐기물 수집·운반업체 (여수센터 관할) / 폐기물 중간처리업체 (여수센터 관할),"하수처리오니, 음식물류폐기물, 폐수처리오니",덤프트럭 2대대,03 지자체 관할 폐기물·중장비 업체
수집·운반,(주)삼우오엔이,경상권역,경상남도,김해시,경남 김해시 한림면 김해대로916번길 219,055-326-6613,수집·운반업 · 처리방법 수집·운반 · 낙동강유역환경청,,,14 폐기물처리업체 전국취합
수집·운반,(주)삼일환경,경상권역,경상남도,김해시,경남 김해시 진례면 서부로 520,055-336-5131,수집·운반업 · 처리방법 수집·운반 · 낙동강유역환경청 / 폐기물 수집·운반업체 (여수센터 관할),"폐합성수지, 폐어망, 폐패각, 임목폐목재 등",기계식상차장치부착차량 3대대,03 지자체 관할 폐기물·중장비 업체 / 14 폐기물처리업체 전국취합
수집·운반,(주)새나라환경(운반),경상권역,경상남도,함안군,경남 함안군 칠원읍 동대이길 221,055-251-9898,수집·운반업 · 처리방법 수집·운반 · 낙동강유역환경청,,,14 폐기물처리업체 전국취합
수집·운반,(주)승현알엔티,경상권역,경상남도,함안군,경남 함안군 대산면 부목리205-8,0552514490,수집·운반업 · 처리방법 수집·운반 · 낙동강유역환경청,,,14 폐기물처리업체 전국취합
수집·운반,(주)아시아환경,경상권역,경상남도,창원시,경상남도 창원시 마산회원구 북성로 313 202-1호 (회성동),055-251-9993,수집·운반업 · 처리방법 수집·운반 · 낙동강유역환경청,,,14 폐기물처리업체 전국취합
수집·운반,(주)에스제이랜드,경상권역,경상남도,양산시,"경상남도 양산시 하북면 신평강변6길 12, 힐튼팰리스 103호",055-385-3830,수집·운반업 · 처리방법 수집·운반 · 낙동강유역환경청,,,14 폐기물처리업체 전국취합
수집·운반,(주)에코,경상권역,경상남도,남해군,경상남도 남해군 남해읍 에코파크길 81-23\_ 102호호,055-862-2414,폐기물 수집·운반업체 (여수센터 관할),"폐합성수지, 폐합성고무, 폐패각 등",암롤트럭 1대대,03 지자체 관할 폐기물·중장비 업체
수집·운반,(주)에코원,경상권역,경상남도,창원시,"경남 창원시 마산회원구 북성로 500-1 (두척동,2층2호)",055-231-5244,수집·운반업 · 처리방법 수집·운반 · 낙동강유역환경청,,,14 폐기물처리업체 전국취합
수집·운반,(주)엔엘티에스,경상권역,경상남도,양산시,경남 양산시 산막공단북4길 30,055-387-5235,수집·운반업 · 처리방법 수집·운반 · 낙동강유역환경청 / 지정폐기물 수집운반업체 (울산센터 관할),액상,,03 지자체 관할 폐기물·중장비 업체 / 14 폐기물처리업체 전국취합
수집·운반,(주)엔이텍크,경상권역,경상남도,양산시,"경남 양산시 물금읍 새실로159
E동 108-1(나래메트로시티)",051-362-1102,수집·운반업 · 처리방법 수집·운반 · 낙동강유역환경청 / 지정폐기물 수집운반업체 (울산센터 관할),액상,,03 지자체 관할 폐기물·중장비 업체 / 14 폐기물처리업체 전국취합
수집·운반,(주)엠에스,경상권역,경상남도,창원시,경남 창원시 의창구 북면 동전로256번길 3-43,055-297-7278,수집·운반업 · 처리방법 수집·운반 · 낙동강유역환경청,,,14 폐기물처리업체 전국취합
수집·운반,(주)오엔이(ONE),경상권역,경상남도,김해시,경남 김해시 한림면 안곡로 316-11,055-336-9720,수집·운반업 · 처리방법 수집·운반 · 낙동강유역환경청,,,14 폐기물처리업체 전국취합
수집·운반,(주)우리환경(창원),경상권역,경상남도,창원시,"경남 창원시 성산구 정동로162번길 57 (남산동, 한양상가 301호)",055-261-1110,수집·운반업 · 처리방법 수집·운반 · 낙동강유역환경청,,,14 폐기물처리업체 전국취합
수집·운반,(주)이알,경상권역,경상남도,김해시,경상남도 김해시 한림면 안하로116번길 42,055-321-2203,수집·운반업 · 처리방법 수집·운반 · 낙동강유역환경청 / 종합 재활용업 · 처리방법 재활용,,,14 폐기물처리업체 전국취합
수집·운반,(주)이지에너지,경상권역,경상남도,양산시,"경상남도 양산시 소노길 73-1, 2층",055-381-5460,수집·운반업 · 처리방법 수집·운반 · 낙동강유역환경청 / 지정폐기물 수집운반업체 (울산센터 관할),"액상(폐유, 폐유기용제, 폐페인트)",,03 지자체 관할 폐기물·중장비 업체 / 14 폐기물처리업체 전국취합
수집·운반,(주)장산환경,경상권역,경상남도,사천시,경남 사천시 송포공단길 72-36,055-835-1445,수집·운반업 · 처리방법 수집·운반 · 낙동강유역환경청,,,14 폐기물처리업체 전국취합
수집·운반,(주)재경산업,경상권역,경상남도,김해시,경남 김해시 안곡로 136,055-338-7762,수집·운반업 · 처리방법 수집·운반 · 낙동강유역환경청 / 종합 재활용업 · 처리방법 재활용,,,14 폐기물처리업체 전국취합
수집·운반,(주)조은에스앤씨,경상권역,경상남도,김해시,경남 김해시 진영읍 김해대로 245 206호,055-346-6884,수집·운반업 · 처리방법 수집·운반 · 낙동강유역환경청,,,14 폐기물처리업체 전국취합
수집·운반,(주)지구환경,경상권역,경상남도,창원시,"경남 창원시 마산회원구 봉암공단14길 23, 201호",055-264-6663,수집·운반업 · 처리방법 수집·운반 · 낙동강유역환경청,,,14 폐기물처리업체 전국취합
수집·운반,(주)지에스로직스,경상권역,경상남도,함안군,경상남도 함안군 법수면 장백로 485-7,055-582-6913,수집·운반업 · 처리방법 수집·운반 · 낙동강유역환경청,,,14 폐기물처리업체 전국취합
수집·운반,(주)카원,경상권역,경상남도,양산시,경남 양산시 상북면 공원로 403-19,055-381-0703,수집·운반업 · 처리방법 수집·운반 · 낙동강유역환경청 / 중간 재활용업 · 처리방법 재활용 / 지정폐기물 수집운반업체 (울산센터 관할),액상,,03 지자체 관할 폐기물·중장비 업체 / 14 폐기물처리업체 전국취합
수집·운반,(주)태경산업환경,경상권역,경상남도,창원시,경상남도 창원시 마산회원구 내서읍 함마대로 2484,055-232-4079,수집·운반업 · 처리방법 수집·운반 · 낙동강유역환경청,,,14 폐기물처리업체 전국취합
수집·운반,(주)태종기업,경상권역,경상남도,함안군,경남 함안군 군북면 삼봉로 142,055-584-0282,수집·운반업 · 처리방법 수집·운반 · 낙동강유역환경청,,,14 폐기물처리업체 전국취합
수집·운반,(주)태창크린텍,경상권역,경상남도,김해시,경상남도 김해시 진영읍 본산로219번길 10,055-322-3274,수집·운반업 · 처리방법 수집·운반 · 낙동강유역환경청,,,14 폐기물처리업체 전국취합
수집·운반,(주)한국환경정유산업,경상권역,경상남도,양산시,경남 양산시 호계동산막공단남14길 16,055-385-4171,수집·운반업 · 처리방법 수집·운반 · 낙동강유역환경청 / 중간 재활용업 · 처리방법 재활용 / 지정폐기물 수집운반업체 (울산센터 관할),"액상, 고상",,03 지자체 관할 폐기물·중장비 업체 / 14 폐기물처리업체 전국취합
수집·운반,(주)해암물류,경상권역,경상남도,김해시,경남 김해시 상동면 상동로 265-7,055-333-3286,수집·운반업 · 처리방법 수집·운반 · 낙동강유역환경청,,,14 폐기물처리업체 전국취합
수집·운반,(주)혁진,경상권역,경상남도,양산시,경남 양산시 산막공단북5길 23,055-385-6578,수집·운반업 · 처리방법 수집·운반 · 낙동강유역환경청 / 종합 재활용업 · 처리방법 재활용 / 지정폐기물 수집운반업체 (울산센터 관할) / 지정폐기물 재활용 (울산센터 관할),"(액상/고상) (폐산, 폐알칼리, 폐유, 폐유기용제, 폐페인트)",,03 지자체 관할 폐기물·중장비 업체 / 14 폐기물처리업체 전국취합
수집·운반,KC환경서비스(주)창원사업부,경상권역,경상남도,창원시,경상남도 창원시 마산회원구 자유무역6길 103,055-251-7272,수집·운반업 · 처리방법 수집·운반 · 낙동강유역환경청 / 중간처분업 · 처리방법 소각 · 낙동강유역환경청 / 중간 재활용업 · 처리방법 재활용,,,14 폐기물처리업체 전국취합
수집·운반,㈜한솔씨엔티,경상권역,경상남도,양산시,"경상남도 양산시 어실로 370, 2동 1층",070-8648-0902,지정폐기물 수집운반업체 (울산센터 관할),"액상(폐유기용제, 폐유)",,03 지자체 관할 폐기물·중장비 업체
수집·운반,가야이앤애스(가야E`S),경상권역,경상남도,김해시,경남 김해시 진영읍 진영리1591-2 성주빌 204호,055-343-1361,수집·운반업 · 처리방법 수집·운반 · 낙동강유역환경청,,,14 폐기물처리업체 전국취합
수집·운반,경상환경energy,경상권역,경상남도,함안군,경남 함안군 칠원면 운서리988-3,055-586-4016,수집·운반업 · 처리방법 수집·운반 · 낙동강유역환경청,,,14 폐기물처리업체 전국취합
수집·운반,그린나래,경상권역,경상남도,창원시,"경남 창원시 의창구 차상로72번길 5-3, 4층",0552960371,수집·운반업 · 처리방법 수집·운반 · 낙동강유역환경청,,,14 폐기물처리업체 전국취합
수집·운반,김해환경,경상권역,경상남도,김해시,"경상남도 김해시 김해대로 1705, 2층",055-331-1606,수집·운반업 · 처리방법 수집·운반 · 낙동강유역환경청,,,14 폐기물처리업체 전국취합
수집·운반,남도환경(주),경상권역,경상남도,김해시,경남 김해시 한림면 용덕리825,055-321-6782,수집·운반업 · 처리방법 수집·운반 · 낙동강유역환경청,,,14 폐기물처리업체 전국취합
수집·운반,남해자원,경상권역,경상남도,남해군,경상남도 남해군 남해읍 에코파크길 31,055-864-5859,폐기물 수집·운반업체 (여수센터 관할),"폐합성수지류, 폐패각, 폐목재류",기계식상차장치부착차량 2대대,03 지자체 관할 폐기물·중장비 업체
수집·운반,대동산업,경상권역,경상남도,김해시,경상남도 김해시 상동면 동북로1007번길 34,055-342-6757,수집·운반업 · 처리방법 수집·운반 · 낙동강유역환경청,,,14 폐기물처리업체 전국취합
수집·운반,대양이엔티,경상권역,경상남도,김해시,경상남도 김해시 한림면 가동로103번길 10,055-342-2377,수집·운반업 · 처리방법 수집·운반 · 낙동강유역환경청,,,14 폐기물처리업체 전국취합
수집·운반,대진기업(주),경상권역,경상남도,양산시,경상남도 양산시 상북면 상북중앙로 129,055-375-7888,수집·운반업 · 처리방법 수집·운반 · 낙동강유역환경청 / 중간 재활용업 · 처리방법 재활용 / 지정폐기물 재활용 (울산센터 관할),"\[폐유, 폐유기용제, 폐페인트 및 폐락카\](용기)",,03 지자체 관할 폐기물·중장비 업체 / 14 폐기물처리업체 전국취합
수집·운반,득원산업,경상권역,경상남도,양산시,경남 양산시 북정공단1길 97,055-366-0122,수집·운반업 · 처리방법 수집·운반 · 낙동강유역환경청 / 지정폐기물 수집운반업체 (울산센터 관할),"액상, 고상",,03 지자체 관할 폐기물·중장비 업체 / 14 폐기물처리업체 전국취합
수집·운반,디유환경,경상권역,경상남도,김해시,경상남도 김해시 안곡로 132,055-342-2797,수집·운반업 · 처리방법 수집·운반 · 낙동강유역환경청 / 중간 재활용업 · 처리방법 재활용,,,14 폐기물처리업체 전국취합
수집·운반,미래환경(김해),경상권역,경상남도,김해시,"경남 김해시 한림면 김해대로927번길 155-1, 2층",055-322-0772,수집·운반업 · 처리방법 수집·운반 · 낙동강유역환경청,,,14 폐기물처리업체 전국취합
수집·운반,보원에코,경상권역,경상남도,양산시,"경남 양산시 동면 금오4길 43-15, 202호",,수집·운반업 · 처리방법 수집·운반 · 낙동강유역환경청,,,14 폐기물처리업체 전국취합
수집·운반,부용환경물류(주),경상권역,경상남도,김해시,경남 김해시 생림면 장재로520번길 8-71,055-324-4906,수집·운반업 · 처리방법 수집·운반 · 낙동강유역환경청,,,14 폐기물처리업체 전국취합
수집·운반,세종환경,경상권역,경상남도,김해시,경남 김해시 진영읍 본산리1204-3,055-345-6217,수집·운반업 · 처리방법 수집·운반 · 낙동강유역환경청,,,14 폐기물처리업체 전국취합
수집·운반,수인환경,경상권역,경상남도,남해군,경상남도 남해군 고현면 남해대로 3047\_ 1동 1층 2호,055-864-2927,폐기물 수집·운반업체 (여수센터 관할),"폐합성수지, 폐합성섬유(고상) 등",카고트럭 4대대,03 지자체 관할 폐기물·중장비 업체
수집·운반,시온환경,경상권역,경상남도,창원시,"경남 창원시 성산구 중앙대로37, 512호",055-297-0736,수집·운반업 · 처리방법 수집·운반 · 낙동강유역환경청,,,14 폐기물처리업체 전국취합
수집·운반,신성환경,경상권역,경상남도,창원시,경남 마산시 진전면 오서리1711-27,055-271-0068,수집·운반업 · 처리방법 수집·운반 · 낙동강유역환경청,,,14 폐기물처리업체 전국취합
수집·운반,에이스환경,경상권역,경상남도,김해시,경상남도 김해시 번화1로44번길 31 508호,055-326-5188,수집·운반업 · 처리방법 수집·운반 · 낙동강유역환경청,,,14 폐기물처리업체 전국취합
수집·운반,오케이환경(주),경상권역,경상남도,사천시,경남 사천시 축동면 내축로 104,,수집·운반업 · 처리방법 수집·운반 · 낙동강유역환경청,,,14 폐기물처리업체 전국취합
수집·운반,용현산업,경상권역,경상남도,김해시,경상남도 김해시 칠산로413번길 6,055-323-5534,수집·운반업 · 처리방법 수집·운반 · 낙동강유역환경청,,,14 폐기물처리업체 전국취합
수집·운반,제이엠에너지,경상권역,경상남도,함안군,경남 함안군 칠서면용성리 418-4,055-586-5805,수집·운반업 · 처리방법 수집·운반 · 낙동강유역환경청,,,14 폐기물처리업체 전국취합
수집·운반,제일씨엔오,경상권역,경상남도,양산시,경남 양산시 상북면대석리1343-3,055-363-3212,수집·운반업 · 처리방법 수집·운반 · 낙동강유역환경청 / 지정폐기물 수집운반업체 (울산센터 관할),액상,,03 지자체 관할 폐기물·중장비 업체 / 14 폐기물처리업체 전국취합
수집·운반,주식회사 나라환경,경상권역,경상남도,창원시,경남 창원시 마산회원구 합포성지길 5,055-244-3222,수집·운반업 · 처리방법 수집·운반 · 낙동강유역환경청,,,14 폐기물처리업체 전국취합
수집·운반,주식회사 동남정유,경상권역,경상남도,양산시,경남 양산시 산막공단남6길 63,055-335-3521,수집·운반업 · 처리방법 수집·운반 · 낙동강유역환경청 / 중간 재활용업 · 처리방법 재활용 / 지정폐기물 수집운반업체 (울산센터 관할),"액상, 고상",,03 지자체 관할 폐기물·중장비 업체 / 14 폐기물처리업체 전국취합
수집·운반,주식회사 여주,경상권역,경상남도,양산시,경상남도 양산시 산막공단남11길 23-16,070-4896-5795,수집·운반업 · 처리방법 수집·운반 · 낙동강유역환경청 / 지정폐기물 수집운반업체 (울산센터 관할),"액상(폐유, 폐유기용제)",,03 지자체 관할 폐기물·중장비 업체 / 14 폐기물처리업체 전국취합
수집·운반,주식회사 이알엠,경상권역,경상남도,창원시,경남 창원시 팔용동39-5번지 (주)공단특수육운 203호,055-296-0866,수집·운반업 · 처리방법 수집·운반 · 낙동강유역환경청,,,14 폐기물처리업체 전국취합
수집·운반,주식회사 제일자원(운반),경상권역,경상남도,김해시,경상남도 김해시 진영읍 본산로269번길 28,055-342-3625,수집·운반업 · 처리방법 수집·운반 · 낙동강유역환경청,,,14 폐기물처리업체 전국취합
수집·운반,철당(주),경상권역,경상남도,양산시,경남 양산시 산막동 314-5,055-362-1704,수집·운반업 · 처리방법 수집·운반 · 낙동강유역환경청 / 종합 재활용업 · 처리방법 재활용 / 지정폐기물 수집운반업체 (울산센터 관할) / 지정폐기물 재활용 (울산센터 관할),액상,,03 지자체 관할 폐기물·중장비 업체 / 14 폐기물처리업체 전국취합
수집·운반,청해티엔에스,경상권역,경상남도,김해시,경남 김해시 화목동702-8,055-323-2833,수집·운반업 · 처리방법 수집·운반 · 낙동강유역환경청,,,14 폐기물처리업체 전국취합
수집·운반,청호이엔지,경상권역,경상남도,김해시,경상남도 김해시 상동면 동북로473번길 220,070-8633-0116,수집·운반업 · 처리방법 수집·운반 · 낙동강유역환경청,,,14 폐기물처리업체 전국취합
수집·운반,태경환경(함안),경상권역,경상남도,함안군,경남 함안군 칠서면 대부로 460-1,055-586-0433,수집·운반업 · 처리방법 수집·운반 · 낙동강유역환경청,,,14 폐기물처리업체 전국취합
수집·운반,하나환경 주식회사,경상권역,경상남도,진주시,"경남 진주시 판문로229번길 1, 3층",055-753-1801,수집·운반업 · 처리방법 수집·운반 · 낙동강유역환경청,,,14 폐기물처리업체 전국취합
수집·운반,한솔환경산업(주),경상권역,경상남도,사천시,경남 사천시 벌용길 118,0558338350,수집·운반업 · 처리방법 수집·운반 · 낙동강유역환경청,,,14 폐기물처리업체 전국취합
수집·운반,한스틸,경상권역,경상남도,김해시,경남 김해시 진례면 고모리고모로526번길 51-9,055-345-7057,수집·운반업 · 처리방법 수집·운반 · 낙동강유역환경청 / 중간 재활용업 · 처리방법 재활용,,,14 폐기물처리업체 전국취합
수집·운반,현대케미칼,경상권역,경상남도,창원시,경상남도 창원시 의창구 의창대로54번길 14-14,055-268-6267,수집·운반업 · 처리방법 수집·운반 · 낙동강유역환경청,,,14 폐기물처리업체 전국취합
수집·운반,(유)종운환경,경상권역,경상북도,포항시,경북 포항시 남구 정몽주로 823-10,054-291-1204,수집·운반업 · 처리방법 수집·운반 · 대구지방환경청 / 수집운반 (대구지방환경청),"분진, 폐유(고상), 소각재, 폐수처리오니, 폐페인트, 폐주물사, 폐석면, 광재, 폐사, 공정오니, 폐유기용제(고상)",,13 지정폐기물 처리업체(대구청) / 14 폐기물처리업체 전국취합
수집·운반,(주)가람환경산업,경상권역,경상북도,포항시,경북 포항시 남구 오천읍 문덕로64번길 33,054-293-0110,수집·운반업 · 처리방법 수집·운반 · 대구지방환경청 / 수집운반 (대구지방환경청) / 의료수집운반 (대구지방환경청),"지정폐기물(액,고상)",,13 지정폐기물 처리업체(대구청) / 14 폐기물처리업체 전국취합
수집·운반,(주)경주환경,경상권역,경상북도,경주시,경북 경주시 안강읍 사방검단길 156-2(사방리),054-774-1224,의료수집운반 (대구지방환경청),의료폐기물,,13 지정폐기물 처리업체(대구청)
수집·운반,(주)구미종합물류,경상권역,경상북도,구미시,"경상북도 구미시 3공단1로 271, 301호 (임수동)",054-474-0547,수집운반업 (구미센터 관할),배출시설계폐기물,수집운반차량 7대,03 지자체 관할 폐기물·중장비 업체
수집·운반,(주)구미환경,경상권역,경상북도,구미시,경상북도 구미시 산호대로32길 5 (옥계동),054-456-1617,수집운반업 (구미센터 관할),배출시설계폐기물,수집운반차량 13대,03 지자체 관할 폐기물·중장비 업체
수집·운반,(주)그린리싸이텍 (수집운반),경상권역,경상북도,김천시,경상북도 김천시 감천면 금감로 1222-11,,폐기물 수집·운반업체 (구미센터 관할),사업장배출시설계폐기물,기계식상차장치부착차량 1대,03 지자체 관할 폐기물·중장비 업체
수집·운반,(주)그린환경,경상권역,경상북도,구미시,경상북도 구미시 지산1길 40 (지산동),054-461-9896,수집운반업 (구미센터 관할),배출시설계폐기물,수집운반차량 2대,03 지자체 관할 폐기물·중장비 업체
수집·운반,(주)길물류,경상권역,경상북도,영주시,경상북도 영주시 적서로 277 (적서동),0546384321,폐기물 수집·운반업체 (구미센터 관할),"폐수처리오니, 사업장배출시설계폐기물, 폐합성섬유",덤프트럭 6대대,03 지자체 관할 폐기물·중장비 업체
수집·운반,(주)남부써비스,경상권역,경상북도,경산시,경북 경산시 압량면 신월리 73,053-817-3396,수집·운반업 · 처리방법 수집·운반 · 대구지방환경청 / 수집운반 (대구지방환경청),폐유(액상),,13 지정폐기물 처리업체(대구청) / 14 폐기물처리업체 전국취합
수집·운반,(주)녹색환경,경상권역,경상북도,경주시,경북 경주시 안강읍 두류길 208,054-762-6224,수집·운반업 · 처리방법 수집·운반 · 대구지방환경청 / 수집운반 (대구지방환경청) / 중간처분 (대구지방환경청),"지정폐기물(액,고상)",,13 지정폐기물 처리업체(대구청) / 14 폐기물처리업체 전국취합
수집·운반,(주)뉴리소스,경상권역,경상북도,경산시,경북 경산시 자인면 일연로 130,053-710-0714,수집·운반업 · 처리방법 수집·운반 · 대구지방환경청 / 종합 재활용업 · 처리방법 재활용 / 종합재활용 (대구지방환경청) / 수집운반 (대구지방환경청),"(04-02-00) 그 밖의 폐유기용제, (06-01-99) 그 밖의 폐광물유, (06-03-00) 그 밖의 폐유",,13 지정폐기물 처리업체(대구청) / 14 폐기물처리업체 전국취합
수집·운반,(주)대구경북환경공사,경상권역,경상북도,칠곡군,경북 칠곡군 가산면 학하리923-5,053-525-6813,수집·운반업 · 처리방법 수집·운반 · 대구지방환경청 / 수집운반 (대구지방환경청),"지정폐기물 [폐유(액상), 폐유, 폐페인트, 분진(고상)]",,13 지정폐기물 처리업체(대구청) / 14 폐기물처리업체 전국취합
수집·운반,(주)덕성,경상권역,경상북도,영천시,경북 영천시 채신1공단길 40-5,054-336-4341,수집·운반업 · 처리방법 수집·운반 · 대구지방환경청 / 종합 재활용업 · 처리방법 재활용 / 종합재활용 (대구지방환경청),"폐수처리오니, 금속성폐촉매, 분진, 그 밖의 광재, 그 밖의 공정오니",,13 지정폐기물 처리업체(대구청) / 14 폐기물처리업체 전국취합
수집·운반,(주)동진환경,경상권역,경상북도,경주시,경북 경주시 천북면 동산리861,054-742-8572,수집·운반업 · 처리방법 수집·운반 · 대구지방환경청 / 수집운반 (대구지방환경청),"폐유(고상), 폐페인트(고상), 분진, 폐주물사",,13 지정폐기물 처리업체(대구청) / 14 폐기물처리업체 전국취합
수집·운반,(주)동특,경상권역,경상북도,구미시,"경상북도 구미시 낙동강변로 61, 구미화물터미널 204 (오태동)",054-465-0764,수집운반업 (구미센터 관할),배출시설계폐기물,수집운반차량 2대,03 지자체 관할 폐기물·중장비 업체
수집·운반,(주)면강,경상권역,경상북도,포항시,경북 포항시 남구 오천읍 냉천로 540,0542781700,수집·운반업 · 처리방법 수집·운반 · 대구지방환경청 / 수집운반 (대구지방환경청),"지정폐기물(액,고상)",,13 지정폐기물 처리업체(대구청) / 14 폐기물처리업체 전국취합
수집·운반,(주)모드멘,경상권역,경상북도,구미시,경상북도 구미시 3공단3로 46-79 (시미동),054-473-1116,수집운반업 (구미센터 관할),배출시설계폐기물,수집운반차량 4대,03 지자체 관할 폐기물·중장비 업체
수집·운반,(주)민심산업,경상권역,경상북도,고령군,경북 고령군 다산면 나정리367,054-956-6879,수집·운반업 · 처리방법 수집·운반 · 대구지방환경청 / 수집운반 (대구지방환경청),"지정폐기물(액,고상) : 폐유,폐유기용제,폐페인트",,13 지정폐기물 처리업체(대구청) / 14 폐기물처리업체 전국취합
수집·운반,(주)보원에코,경상권역,경상북도,포항시,경북 포항시 남구 연일읍 철강로107번길 17-6,054-285-3088,수집·운반업 · 처리방법 수집·운반 · 대구지방환경청 / 수집운반 (대구지방환경청),"지정폐기물(액상, 고상)",,13 지정폐기물 처리업체(대구청) / 14 폐기물처리업체 전국취합
수집·운반,(주)비씨에너지,경상권역,경상북도,경주시,경북 경주시 외동읍 개곡공단길 128,054-748-5960,수집·운반업 · 처리방법 수집·운반 · 대구지방환경청 / 종합 재활용업 · 처리방법 재활용 / 종합재활용 (대구지방환경청) / 수집운반 (대구지방환경청),"폐유(액상, 60톤/일), 폐윤활유(액상, 20톤/일), 폐유기용제, 폐페인트 및 폐락카",,13 지정폐기물 처리업체(대구청) / 14 폐기물처리업체 전국취합
수집·운반,(주)삼한알엔텍,경상권역,경상북도,영천시,경북 영천시 채신1공단길 60-8,054-338-5584,수집·운반업 · 처리방법 수집·운반 · 대구지방환경청 / 종합 재활용업 · 처리방법 재활용 / 종합재활용 (대구지방환경청),"폐유기용제(할로겐족, 그 밖의 폐유기용제)",,13 지정폐기물 처리업체(대구청) / 14 폐기물처리업체 전국취합
수집·운반,(주)서원이엔티,경상권역,경상북도,경주시,경북 경주시 안강읍 두류길 178-12,054-763-7301,수집·운반업 · 처리방법 수집·운반 · 대구지방환경청,,,14 폐기물처리업체 전국취합
수집·운반,(주)서흥산업,경상권역,경상북도,구미시,경상북도 구미시 봉곡남로9길 5 (봉곡동),,수집운반업 (구미센터 관할),배출시설계폐기물,수집운반차량 2대,03 지자체 관할 폐기물·중장비 업체
수집·운반,(주)성은,경상권역,경상북도,칠곡군,경북 칠곡군 북삼읍 율리769-9,054-972-8147,수집·운반업 · 처리방법 수집·운반 · 대구지방환경청 / 종합 재활용업 · 처리방법 재활용 / 종합재활용 (대구지방환경청) / 수집운반 (대구지방환경청),"폐산(폐염산, 폐황산, 기타폐산), 폐알카리",,13 지정폐기물 처리업체(대구청) / 14 폐기물처리업체 전국취합
수집·운반,(주)성진티에스,경상권역,경상북도,포항시,경북 포항시 남구 효성로 70-20 201호,054-272-8190,수집·운반업 · 처리방법 수집·운반 · 대구지방환경청 / 수집운반 (대구지방환경청),"지정폐기물(고상) : 분진,소각재,폐주물사 및 샌드브라스트, 폐페인트",,13 지정폐기물 처리업체(대구청) / 14 폐기물처리업체 전국취합
수집·운반,(주)세화정유,경상권역,경상북도,영천시,경북 영천시 금호읍 칠백로 746,054-331-7403,수집·운반업 · 처리방법 수집·운반 · 대구지방환경청 / 종합 재활용업 · 처리방법 재활용 / 종합재활용 (대구지방환경청) / 수집운반 (대구지방환경청),폐유(액상),,13 지정폐기물 처리업체(대구청) / 14 폐기물처리업체 전국취합
수집·운반,(주)안석개발(운반자),경상권역,경상북도,상주시,경상북도 상주시 외서면 북상주로 783-7,054-541-9316,수집·운반업 · 처리방법 수집·운반 · 대구지방환경청,,,14 폐기물처리업체 전국취합
수집·운반,(주)에스에이치로지스-,경상권역,경상북도,구미시,"경북 구미시 인동25길 15, 202호",0544730208,수집·운반업 · 처리방법 수집·운반 · 대구지방환경청,,,14 폐기물처리업체 전국취합
수집·운반,(주)에스에이치산업,경상권역,경상북도,영천시,경상북도 영천시 채신1공단길 74-22,054-331-4997,수집·운반업 · 처리방법 수집·운반 · 대구지방환경청 / 수집운반 (대구지방환경청),액상(폐산),,13 지정폐기물 처리업체(대구청) / 14 폐기물처리업체 전국취합
수집·운반,(주)에스피켐텍,경상권역,경상북도,영천시,경북 영천시 금호읍 도남공단1길 5-35,054-332-1191,수집·운반업 · 처리방법 수집·운반 · 대구지방환경청 / 종합 재활용업 · 처리방법 재활용 / 종합재활용 (대구지방환경청) / 수집운반 (대구지방환경청),"폐산(폐염산, 폐황산, 기타폐산), 그 밖의 공정오니",,13 지정폐기물 처리업체(대구청) / 14 폐기물처리업체 전국취합
수집·운반,(주)에스피환경,경상권역,경상북도,영천시,경북 영천시 도남공단3길 25,054-336-0280,수집·운반업 · 처리방법 수집·운반 · 대구지방환경청 / 중간처분업 · 처리방법 소각 · 대구지방환경청 / 수집운반 (대구지방환경청),"고상-폐농약,분진,소각재,폐유,폐유기용제,폐사,폐내화물,광재,오니류,폐페인트,폐석면",,13 지정폐기물 처리업체(대구청) / 14 폐기물처리업체 전국취합
수집·운반,(주)유일,경상권역,경상북도,포항시,경북 포항시 남구 포스코대로 437,054-222-5204,수집·운반업 · 처리방법 수집·운반 · 대구지방환경청 / 수집운반 (대구지방환경청),"분진,소각재,폐페인트,폐주물사,폐유(단, 고상)",,13 지정폐기물 처리업체(대구청) / 14 폐기물처리업체 전국취합
수집·운반,(주)유진씨엔디,경상권역,경상북도,고령군,경북 고령군 다산면 사문나루길 94-2,053-624-5800,수집·운반업 · 처리방법 수집·운반 · 대구지방환경청,,,14 폐기물처리업체 전국취합
수집·운반,(주)자연환경,경상권역,경상북도,영천시,경북 영천시 도남공단3길 2,054-336-5200,수집·운반업 · 처리방법 수집·운반 · 대구지방환경청,,,14 폐기물처리업체 전국취합
수집·운반,(주)중앙환경산업,경상권역,경상북도,김천시,경북 김천시 덕곡동673-2(아포대로 56-39),054-430-4244,수집·운반업 · 처리방법 수집·운반 · 대구지방환경청,,,14 폐기물처리업체 전국취합
수집·운반,(주)중원,경상권역,경상북도,김천시,경상북도 김천시 양천동 114-5,054-810-8595,폐기물 수집·운반업체 (구미센터 관할),그 밖의 무기성오니 / 폐수처리오니,덤프트럭 4대,03 지자체 관할 폐기물·중장비 업체
수집·운반,(주)진영이앤아이,경상권역,경상북도,구미시,"경상북도 구미시 산동읍 첨단기업1로 17, 구미전자정보기술원 혁신관 203호",054-472-0085,수집운반업 (구미센터 관할),배출시설계폐기물,수집운반차량 2대,03 지자체 관할 폐기물·중장비 업체
수집·운반,(주)카이텍,경상권역,경상북도,구미시,경상북도 구미시 인동43길 21 (구평동),,수집운반업 (구미센터 관할),배출시설계폐기물,수집운반차량 2대,03 지자체 관할 폐기물·중장비 업체
수집·운반,(주)클린코리아안강공장,경상권역,경상북도,경주시,경북 경주시 안강읍 두류길 162,054-762-7672,수집·운반업 · 처리방법 수집·운반 · 대구지방환경청 / 종합 재활용업 · 처리방법 재활용 / 종합재활용 (대구지방환경청) / 수집운반 (대구지방환경청),"폐유(액상),폐유기용제(비할로겐족액상),폐페인트(액상)",,13 지정폐기물 처리업체(대구청) / 14 폐기물처리업체 전국취합
수집·운반,(주)태인산업,경상권역,경상북도,칠곡군,경북 칠곡군 기산면 남평로 120,054-974-5599,수집·운반업 · 처리방법 수집·운반 · 대구지방환경청 / 수집운반 (대구지방환경청),지정폐기물(고상),,13 지정폐기물 처리업체(대구청) / 14 폐기물처리업체 전국취합
수집·운반,(주)태흥환경개발,경상권역,경상북도,구미시,"경북 구미시 장천면 신장리 626-5, 1, 11",054-475-2288,수집운반 (대구지방환경청),"지정폐기물(액,고상)",,13 지정폐기물 처리업체(대구청)
수집·운반,"(주)태흥환경개발(운,처리자)",경상권역,경상북도,구미시,경북 구미시 장천면 신장리626-5,054-475-2288,수집·운반업 · 처리방법 수집·운반 · 대구지방환경청,,,14 폐기물처리업체 전국취합
수집·운반,(주)티케이케미칼수지공장,경상권역,경상북도,구미시,경북 구미시 1공단로6길 121,054-469-0204,수집·운반업 · 처리방법 수집·운반 · 대구지방환경청 / 중간처분업 · 처리방법 기타 · 대구지방환경청,,,14 폐기물처리업체 전국취합
수집·운반,(주)팔팔로지스,경상권역,경상북도,구미시,"경상북도 구미시 임은길 39, 2층 (임은동)",054-461-8805,수집운반업 (구미센터 관할),배출시설계폐기물,수집운반차량 11대,03 지자체 관할 폐기물·중장비 업체
수집·운반,(주)피앤비,경상권역,경상북도,포항시,경북 포항시 남구 오천읍 정몽주로 793,054-292-0095,수집·운반업 · 처리방법 수집·운반 · 대구지방환경청 / 수집운반 (대구지방환경청),분진,,13 지정폐기물 처리업체(대구청) / 14 폐기물처리업체 전국취합
수집·운반,(주)피제이산업,경상권역,경상북도,영천시,경북 영천시 청통면 장수로 430,054-292-2290,수집·운반업 · 처리방법 수집·운반 · 대구지방환경청 / 수집운반 (대구지방환경청),"액상(폐유, 폐유기용제, 폐페인트, 폐락카, 폐산, 폐알칼리, 폐농약, 폴리클로리네이티드비페닐 함유 폐기물)
고상(폐유, 폐유기용제, 폐페인트, 폐락카, 분진, 오니류, 폐농약, 광재, 폐주물사 및 폐사, 소각재, 폐촉매, 폐흡착제 및 폐흡수제), 폐유독물질",,13 지정폐기물 처리업체(대구청) / 14 폐기물처리업체 전국취합
수집·운반,(주)한국이앤티,경상권역,경상북도,구미시,경북 구미시 인동가산로 562,054-474-8087,수집·운반업 · 처리방법 수집·운반 · 대구지방환경청 / 수집운반 (대구지방환경청),지정폐기물(액상),,13 지정폐기물 처리업체(대구청) / 14 폐기물처리업체 전국취합
수집·운반,(주)한백에코개발,경상권역,경상북도,김천시,경북 김천시 구농고6길 6,054-435-4343,수집·운반업 · 처리방법 수집·운반 · 대구지방환경청 / 수집운반 (대구지방환경청),지정폐기물(고상),,13 지정폐기물 처리업체(대구청) / 14 폐기물처리업체 전국취합
수집·운반,(주)희망플라스틱,경상권역,경상북도,구미시,경상북도 구미시 고아읍 파산2길 19-1,054-482-7380,수집운반업 (구미센터 관할),배출시설계폐기물,수집운반차량 3대,03 지자체 관할 폐기물·중장비 업체
수집·운반,E-라이프산업사,경상권역,경상북도,구미시,"경북 구미시 송동로 162(도량동), 202호",054-475-1573,의료수집운반 (대구지방환경청),의료폐기물,,13 지정폐기물 처리업체(대구청)
수집·운반,㈜금광운수,경상권역,경상북도,구미시,경상북도 구미시 구미중앙로42길 5-66,,수집운반업 (구미센터 관할),배출시설계폐기물,수집운반차량 6대,03 지자체 관할 폐기물·중장비 업체
수집·운반,㈜다산특수,경상권역,경상북도,경산시,"경북 경산시 자인면 금박로 177, 2층",053-857-5192,수집운반 (대구지방환경청),지정폐기물(액상),,13 지정폐기물 처리업체(대구청)
수집·운반,㈜더뉴환경,경상권역,경상북도,포항시,경북 포항시 남구 연일읍 형산강남로436번길 27,054-253-0566,수집운반 (대구지방환경청),지정폐기물(액상),,13 지정폐기물 처리업체(대구청)
수집·운반,㈜더블에스,경상권역,경상북도,성주군,경북 성주군 월항면 죽관길 12-5,054-931-8872,폐기물 수집·운반업체 (구미센터 관할),폐합성수지 등,덤프트럭 2대,03 지자체 관할 폐기물·중장비 업체
수집·운반,㈜레온특수,경상권역,경상북도,고령군,경북 고령군 개진면 성산로 284,054-956-8841,수집운반 (대구지방환경청),지정폐기물(액상),,13 지정폐기물 처리업체(대구청)
수집·운반,㈜리더스로지스환경,경상권역,경상북도,포항시,"경북 포항시 남구 해동로 72번길 12, 비동",054-281-7738,의료수집운반 (대구지방환경청),의료폐기물,,13 지정폐기물 처리업체(대구청)
수집·운반,㈜세본환경,경상권역,경상북도,칠곡군,경북 칠곡군 동명면 금암동석 1길 3-1(금암리),054-972-8355,의료수집운반 (대구지방환경청),의료폐기물,,13 지정폐기물 처리업체(대구청)
수집·운반,㈜에스에이치로지스,경상권역,경상북도,구미시,"경북 구미시 인동25길 15, 202호(정우빌딩)",054-473-0208,수집운반 (대구지방환경청) / 수집운반업 (구미센터 관할),"지정폐기물[액상(폐산, 폐알칼리, 그 밖의 폐유독물질)]",수집운반차량 2대,03 지자체 관할 폐기물·중장비 업체 / 13 지정폐기물 처리업체(대구청)
수집·운반,㈜에코,경상권역,경상북도,경주시,경북 경주시 안강읍 두류길 178-1(두류리),054-763-4555,의료수집운반 (대구지방환경청),의료폐기물,,13 지정폐기물 처리업체(대구청)
수집·운반,㈜에코비트에너지경주(구.㈜이에스지경주),경상권역,경상북도,경주시,경북 경주시 안강읍 두류길 178-1(두류리),054-763-0341,의료수집운반 (대구지방환경청),의료폐기물,,13 지정폐기물 처리업체(대구청)
수집·운반,㈜영남실업,경상권역,경상북도,경산시,경북 경산시 경안로30길 19(삼북동),053-813-5524,의료수집운반 (대구지방환경청),의료폐기물,,13 지정폐기물 처리업체(대구청)
수집·운반,㈜오엔환경,경상권역,경상북도,영천시,경북 영천시 천문로 588,054-332-6180,수집운반 (대구지방환경청),지정폐기물(액고상),,13 지정폐기물 처리업체(대구청)
수집·운반,㈜우보,경상권역,경상북도,경산시,"경북 경산시 진량읍 금박로 488-20, 488-18",054-971-1040,수집운반 (대구지방환경청),"지정폐기물(고상), 지정폐기물(액상)[ 폐산, 폐알칼리, 폐유기용제, 폐페인트 및 폐락카, 폐광물유, 폐동식물유, 그 밖의 폐유]",,13 지정폐기물 처리업체(대구청)
수집·운반,㈜자연환경(구. ㈜자연과미래),경상권역,경상북도,영천시,경북 영천시 도남공단3길 2,054-336-5200,수집운반 (대구지방환경청),"지정폐기물(액,고상)",,13 지정폐기물 처리업체(대구청)
수집·운반,㈜중앙환경산업(구.(주)아스에이원),경상권역,경상북도,김천시,경북 김천시  아포대로 56-39,054-430-4244,수집운반 (대구지방환경청),"오니류, 광재, 분진, 폐주물사 및 샌드블라스트폐사, 폐내화물 및 재벌구이 전에 유약을 바른 도자기 조각, 폐페인트 및 폐래커, 폐유, 폐석면",,13 지정폐기물 처리업체(대구청)
수집·운반,㈜지엘(구. ㈜에스엘디산업),경상권역,경상북도,경산시,경북 경산시 자인면 공단로 110-24(계림리),053-719-2852,의료수집운반 (대구지방환경청),의료폐기물,,13 지정폐기물 처리업체(대구청)
수집·운반,㈜클린코리아 대구경북영업소,경상권역,경상북도,경산시,경북 경산시 자인면 공단로 144-11,053-818-8807,수집운반 (대구지방환경청),지정폐기물(액고상),,13 지정폐기물 처리업체(대구청)
수집·운반,㈜한결건설,경상권역,경상북도,김천시,경북 김천시 마잠4길 69-30,054-433-7227,수집운반 (대구지방환경청),"지정폐기물 고상[오니류, 광재, 분진, 폐주물사 및 샌드블라스트 폐사, 폐내화물 및 재벌구이 이전에 유약을 바른 도자기 조각, 소각재, 안정화 또는 고형화·고화처리물, 폐유성페인트, 폐수성페인트, 폐유, 폐석면]",,13 지정폐기물 처리업체(대구청)
수집·운반,㈜환경코리아 칠곡지점,경상권역,경상북도,칠곡군,경북 칠곡군 약목면 경호천동길 74,054-977-3091,수집운반 (대구지방환경청),지정폐기물(액상),,13 지정폐기물 처리업체(대구청)
수집·운반,거성환경,경상권역,경상북도,김천시,경상북도 김천시 하로길 96 (양천동),054-433-2221,폐기물 수집·운반업체 (구미센터 관할),사업장배출시설계폐기물,기계식상차장치부착차량 1대,03 지자체 관할 폐기물·중장비 업체
수집·운반,건화상사,경상권역,경상북도,구미시,경상북도 구미시 왕산로5길 14-7 (임은동),054-465-4151,수집운반업 (구미센터 관할),배출시설계폐기물,수집운반차량 3대,03 지자체 관할 폐기물·중장비 업체
수집·운반,경북환경에너지주식회사,경상권역,경상북도,구미시,경북 구미시 4공단로 44,054-475-4141,수집·운반업 · 처리방법 수집·운반 · 대구지방환경청 / 중간처분업 · 처리방법 소각 · 대구지방환경청,,,14 폐기물처리업체 전국취합
수집·운반,경안환경,경상권역,경상북도,구미시,경상북도 구미시 산동읍 임천인덕로 188,054-472-5260,수집운반업 (구미센터 관할),배출시설계폐기물,수집운반차량 2대,03 지자체 관할 폐기물·중장비 업체
수집·운반,금강물류(주) 상주영업소,경상권역,경상북도,상주시,경상북도 상주시 공검면 경상대로 4256-17,054-541-4412,폐기물 수집·운반업체 (구미센터 관할),"폐합성수지류, 사업장페기물 소각시설 바닥재 등",밀폐식차량 4대,03 지자체 관할 폐기물·중장비 업체
수집·운반,금강환경(주),경상권역,경상북도,포항시,경북 포항시 남구 연일읍 남성길1번길 66,054-285-9277,수집·운반업 · 처리방법 수집·운반 · 대구지방환경청 / 수집운반 (대구지방환경청),"지정폐기물(액,고상)",,13 지정폐기물 처리업체(대구청) / 14 폐기물처리업체 전국취합
수집·운반,금오 리싸이클,경상권역,경상북도,구미시,경북 구미시 도량동810-5,054-455-4414,수집·운반업 · 처리방법 수집·운반 · 대구지방환경청,,,14 폐기물처리업체 전국취합
수집·운반,금오환경,경상권역,경상북도,구미시,경상북도 구미시 고아읍 포아로 570,054-456-0090,수집운반업 (구미센터 관할),배출시설계폐기물,수집운반차량 3대,03 지자체 관할 폐기물·중장비 업체
수집·운반,금오환경개발,경상권역,경상북도,칠곡군,경북 칠곡군 약목면 관호리117번지,054-975-1456,수집·운반업 · 처리방법 수집·운반 · 대구지방환경청,,,14 폐기물처리업체 전국취합
수집·운반,남경자원,경상권역,경상북도,구미시,경상북도 구미시 고아읍 선산대로 736,,수집운반업 (구미센터 관할),배출시설계폐기물,수집운반차량 2대,03 지자체 관할 폐기물·중장비 업체
수집·운반,남문개발주식회사,경상권역,경상북도,고령군,경북 고령군 우곡면 사촌리491-1 (우곡로 1156),054-956-0214,수집·운반업 · 처리방법 수집·운반 · 대구지방환경청 / 수집운반 (대구지방환경청),지정폐기물(고상),,13 지정폐기물 처리업체(대구청) / 14 폐기물처리업체 전국취합
수집·운반,녹색자원,경상권역,경상북도,김천시,경상북도 김천시 신기3길 4-1 (신음동),,폐기물 수집·운반업체 (구미센터 관할),그 밖의 폐섬유,밀폐식차량 2대,03 지자체 관할 폐기물·중장비 업체
수집·운반,대가환경기술,경상권역,경상북도,성주군,경북 성주군 대가면 참별로 2152,053-588-2500,폐기물 수집·운반업체 (구미센터 관할),폐합성수지 등,밀폐형덮개설치차량 2대,03 지자체 관할 폐기물·중장비 업체
수집·운반,대경씨엔,경상권역,경상북도,경산시,경북 경산시 압량면 신월리330번지,053-817-0791,수집·운반업 · 처리방법 수집·운반 · 대구지방환경청 / 수집운반 (대구지방환경청),"액상(폐유, 폐유기용제, 폐페인트 및 폐락카, 폐농약, 폐산, 폐알칼리,PCBs 함유 폐기물정오니), 고상(폐유, 폐유기용제, 폐페인트 및 폐락카, 공정오니, 폐농약, 광재, 분진,폐주물사 및 폐사, 소각재, 폐촉매 폐흡착제 및 폐흡수제)",,13 지정폐기물 처리업체(대구청) / 14 폐기물처리업체 전국취합
수집·운반,대광(주),경상권역,경상북도,구미시,경상북도 구미시 고아읍 원대로 82,,수집운반업 (구미센터 관할),배출시설계폐기물,수집운반차량 2대,03 지자체 관할 폐기물·중장비 업체
수집·운반,대구의료공사,경상권역,경상북도,영천시,경북 영천시 대전강변길 55,054-338-0404,의료수집운반 (대구지방환경청),의료폐기물,,13 지정폐기물 처리업체(대구청)
수집·운반,대금환경,경상권역,경상북도,영천시,경북 영천시 금호읍 삼호리 82-4,054-335-1577,수집·운반업 · 처리방법 수집·운반 · 대구지방환경청,,,14 폐기물처리업체 전국취합
수집·운반,대산자원,경상권역,경상북도,구미시,경상북도 구미시 고아읍 이례로 24-1,,수집운반업 (구미센터 관할),배출시설계폐기물,수집운반차량 3대,03 지자체 관할 폐기물·중장비 업체
수집·운반,대신환경,경상권역,경상북도,구미시,"경상북도 구미시 인동48길 33-49, 문화빌 102호",054-474-1723,수집운반업 (구미센터 관할) / 폐기물 수집·운반업체 (구미센터 관할),배출시설계폐기물,수집운반차량 2대,03 지자체 관할 폐기물·중장비 업체
수집·운반,대영산업,경상권역,경상북도,구미시,경상북도 구미시 산동읍 성림길 35-8,,수집운반업 (구미센터 관할),배출시설계폐기물,수집운반차량 2대,03 지자체 관할 폐기물·중장비 업체
수집·운반,대영환경(주),경상권역,경상북도,포항시,경북 포항시 남구 오천읍 문덕서로 155,054-293-5515,수집·운반업 · 처리방법 수집·운반 · 대구지방환경청 / 수집운반 (대구지방환경청),"(고상)분진,소각재,폐수처리오니,폐페인트,폐주물사,폐유,폐석면,광재,폐사,공정오니,폐유기용제, 폐농약, 폐내화물, 폐유독물, 폐흡착제, 폐알칼리, 폴리클로리네이티드비페닐(PCBs)함유폐기물(PCBs 함유 폐변압기, 폐축전지, 폐안정기를 원형 그대로 배출할 경우), 폐촉매, 폐락카 / (액상)폐농약, 폐산, 폐알칼리, 폐유기용제. 폐페인트, 폐유독물, 폐유, 폐락카",,13 지정폐기물 처리업체(대구청) / 14 폐기물처리업체 전국취합
수집·운반,동방환경산업(주),경상권역,경상북도,안동시,경북 안동시 수하동 797-30,054-859-7979,수집·운반업 · 처리방법 수집·운반 · 대구지방환경청 / 수집운반 (대구지방환경청),폐석면,,13 지정폐기물 처리업체(대구청) / 14 폐기물처리업체 전국취합
수집·운반,동일환경(주),경상권역,경상북도,포항시,경북 포항시 남구 연일읍연일로 342-36,054-286-0079,수집·운반업 · 처리방법 수집·운반 · 대구지방환경청 / 수집운반 (대구지방환경청),"지정폐기물(고상, 액상)",,13 지정폐기물 처리업체(대구청) / 14 폐기물처리업체 전국취합
수집·운반,매일환경(주),경상권역,경상북도,포항시,경북 포항시 남구 오천읍 문덕리 585-5,054-292-5677,수집·운반업 · 처리방법 수집·운반 · 대구지방환경청 / 수집운반 (대구지방환경청),"액상(폐유기용제, 폐페인트 및 페락카, 폐유), 고상(폐수처리오니, 공정오니, 폐주물사 및 폐사, 폐흡착제 및 폐흡수제, 폐페인트  및 폐락카, 폐유, 폐석면)",,13 지정폐기물 처리업체(대구청) / 14 폐기물처리업체 전국취합
수집·운반,명품자원,경상권역,경상북도,김천시,경상북도 김천시 봉산면 봉산1로 213,054-439-0093,폐기물 수집·운반업체 (구미센터 관할),사업장배출시설계폐기물,집게차 1대,03 지자체 관할 폐기물·중장비 업체
수집·운반,모든자원,경상권역,경상북도,구미시,경상북도 구미시 해평면 강동로 1248-38,054-471-6994,수집운반업 (구미센터 관할),배출시설계폐기물,수집운반차량 2대,03 지자체 관할 폐기물·중장비 업체
수집·운반,모아모아환경,경상권역,경상북도,경주시,경북 경주시 천북면 신당소티고개길 54-16(신당리),054-777-7070,의료수집운반 (대구지방환경청),의료폐기물,,13 지정폐기물 처리업체(대구청)
수집·운반,무진종합상사,경상권역,경상북도,김천시,경상북도 김천시 아포읍 야리길 36-15,,폐기물 수집·운반업체 (구미센터 관할),사업장배출시설계폐기물,기계식상차장치부착차량 2대,03 지자체 관할 폐기물·중장비 업체
수집·운반,문성환경,경상권역,경상북도,구미시,경상북도 구미시 산동읍 임천인덕로 178-5,,수집운반업 (구미센터 관할),배출시설계폐기물,수집운반차량 2대,03 지자체 관할 폐기물·중장비 업체
수집·운반,범성환경,경상권역,경상북도,구미시,경상북도 구미시 구미중앙로42길 5-66 (송정동),,수집운반업 (구미센터 관할),배출시설계폐기물,수집운반차량 6대,03 지자체 관할 폐기물·중장비 업체
수집·운반,부자자원,경상권역,경상북도,구미시,경상북도 구미시 야은로7길 20-47 (부곡동),,수집운반업 (구미센터 관할),배출시설계폐기물,수집운반차량 2대,03 지자체 관할 폐기물·중장비 업체
수집·운반,사회복지법인 행복한사람들,경상권역,경상북도,칠곡군,경북 칠곡군 왜관읍 중앙로12길 19-1 3층,054-974-3030,수집·운반업 · 처리방법 수집·운반 · 대구지방환경청 / 종합 재활용업 · 처리방법 재활용 / 종합재활용 (대구지방환경청),"절연유 PCBs 농도가 2㎎/L 미만 함유된 폐변압기, 폐유가 5% 이상 함유된 폐베어링 및 폐용접기",,13 지정폐기물 처리업체(대구청) / 14 폐기물처리업체 전국취합
수집·운반,삼성석면환경(주),경상권역,경상북도,안동시,경북 안동시 서후면 풍산태사로 2671,054-859-1138,수집·운반업 · 처리방법 수집·운반 · 대구지방환경청 / 수집운반 (대구지방환경청),"지정폐기물 고상(오니류, 광재, 분진, 소각재. 폐유, 폐석면)",,13 지정폐기물 처리업체(대구청) / 14 폐기물처리업체 전국취합
수집·운반,삼성환경,경상권역,경상북도,구미시,경상북도 구미시 고아읍 선산대로 1059-3,,수집운반업 (구미센터 관할),배출시설계폐기물,수집운반차량 3대,03 지자체 관할 폐기물·중장비 업체
수집·운반,선일에코,경상권역,경상북도,구미시,"경상북도 구미시 박정희로9길 13-1, 202호",,수집운반업 (구미센터 관할),배출시설계폐기물,수집운반차량 2대,03 지자체 관할 폐기물·중장비 업체
수집·운반,성경환경,경상권역,경상북도,김천시,경상북도 김천시 농소면 농남로 412,054-436-7747,폐기물 수집·운반업체 (구미센터 관할),사업장배출시설계폐기물,기계식상차장치부착차량 4대,03 지자체 관할 폐기물·중장비 업체
수집·운반,성진환경,경상권역,경상북도,경산시,경북 경산시 자인면 자인공단4로 6,053-857-3305,수집운반 (대구지방환경청),지정폐기물(액상),,13 지정폐기물 처리업체(대구청)
수집·운반,성진환경(운반),경상권역,경상북도,경산시,경북 경산시 자인면 자인공단4로 6,053-857-3305,수집·운반업 · 처리방법 수집·운반 · 대구지방환경청,,,14 폐기물처리업체 전국취합
수집·운반,세일환경유통,경상권역,경상북도,칠곡군,경북 칠곡군 약목면 교8길 113-20,054-975-3100,수집·운반업 · 처리방법 수집·운반 · 대구지방환경청 / 종합재활용 (대구지방환경청) / 수집운반 (대구지방환경청),"폐유(폐오일휠터, 기름걸레, 장갑 등)",,13 지정폐기물 처리업체(대구청) / 14 폐기물처리업체 전국취합
수집·운반,세정하이테크(주),경상권역,경상북도,구미시,경상북도 구미시 고아읍 선산대로 556-32,054-476-6456,수집운반업 (구미센터 관할),배출시설계폐기물,수집운반차량 3대,03 지자체 관할 폐기물·중장비 업체
수집·운반,세화환경,경상권역,경상북도,영천시,경북 영천시 금호읍 칠백로 736,054-332-7403,수집운반 (대구지방환경청),"지정폐기물(고상)[오니류, 폐페인트 및 폐락카, 폐유], 지정폐기물(액상)[폐유기용제, 폐페인트 및 폐락카, 폐유]",,13 지정폐기물 처리업체(대구청)
수집·운반,숙기수지,경상권역,경상북도,김천시,경상북도 김천시 남면 농남로 912-3,,폐기물 수집·운반업체 (구미센터 관할),사업장배출시설계폐기물,기계식상차장치부착차량 1대,03 지자체 관할 폐기물·중장비 업체
수집·운반,시원환경(주),경상권역,경상북도,울진군,경북 울진군 북면 나곡리647-1,054-783-6441,수집·운반업 · 처리방법 수집·운반 · 대구지방환경청 / 수집운반 (대구지방환경청),"폐유, 폐페인트 및 폐래커, 분진, 소각재, 폐흡착제, 공정오니, 폐수오니, 폐촉매, 폐유기용제, 폐농약, 폐산, 폐알칼리, 광재, 안정화 또는 고형화처리물, 그밖의 폐기물",,13 지정폐기물 처리업체(대구청) / 14 폐기물처리업체 전국취합
수집·운반,신성유통,경상권역,경상북도,영천시,경북 영천시 금호읍 오계리65-2,054-332-3402,수집·운반업 · 처리방법 수집·운반 · 대구지방환경청 / 수집운반 (대구지방환경청),"지정폐기물(액,고상)",,13 지정폐기물 처리업체(대구청) / 14 폐기물처리업체 전국취합
수집·운반,신아물류(주),경상권역,경상북도,영천시,경북 영천시 대창면 금박로 776-10,053-965-6691,수집운반 (대구지방환경청),지정폐기물(고상),,13 지정폐기물 처리업체(대구청)
수집·운반,신영환경,경상권역,경상북도,김천시,경상북도 김천시 남면 주천로 1501-6,,폐기물 수집·운반업체 (구미센터 관할),사업장생활계폐기물,암롤트럭 1대,03 지자체 관할 폐기물·중장비 업체
수집·운반,신원환경(주),경상권역,경상북도,김천시,경상북도 김천시 평화12길 16\_ 1층 (평화동),,폐기물 수집·운반업체 (구미센터 관할),폐수처리오니 / 영농폐기물(농업활동 과정에서 배출된 농업용 폐플라스틱 필름ㆍ시트류에 한정한다) 폐수처리오니 등,암롤트럭 2대,03 지자체 관할 폐기물·중장비 업체
수집·운반,아성환경,경상권역,경상북도,구미시,경상북도 구미시 고아읍 선산대로 512,054-457-9689,수집운반업 (구미센터 관할),배출시설계폐기물,수집운반차량 2대,03 지자체 관할 폐기물·중장비 업체
수집·운반,에버그린,경상권역,경상북도,경산시,경북 경산시 자인면 남촌2길 9-1(교촌리),053-856-0633,의료수집운반 (대구지방환경청),의료폐기물,,13 지정폐기물 처리업체(대구청)
수집·운반,에버크린,경상권역,경상북도,구미시,"경상북도 구미시 3공단1로 302-7, 구미공구상가 4동 211호 (임수동)",054-471-1960,수집운반업 (구미센터 관할),배출시설계폐기물,수집운반차량 2대,03 지자체 관할 폐기물·중장비 업체
수집·운반,에이스환경산업,경상권역,경상북도,경산시,경북 경산시 자인면 서원천로 18(옥천리),053-851-6166,의료수집운반 (대구지방환경청),의료폐기물,,13 지정폐기물 처리업체(대구청)
수집·운반,에이치에스씨케미칼,경상권역,경상북도,구미시,경북 구미시 신동180-1,0544711006,수집·운반업 · 처리방법 수집·운반 · 대구지방환경청,,,14 폐기물처리업체 전국취합
수집·운반,에이치에스씨케미칼(구.HSC케미칼),경상권역,경상북도,칠곡군,경북 칠곡군 석적읍 동중리1길 79 (중리),054-471-1006,수집운반 (대구지방환경청),폐염산(액상),,13 지정폐기물 처리업체(대구청)
수집·운반,에코의료환경,경상권역,경상북도,포항시,"경북 포항시 북구 새마을로 71, 301호",054-253-8272,의료수집운반 (대구지방환경청),의료폐기물,,13 지정폐기물 처리업체(대구청)
수집·운반,에코탑,경상권역,경상북도,구미시,경북 구미시 4공단로 16길 18,054-472-5193,의료수집운반 (대구지방환경청),의료폐기물,,13 지정폐기물 처리업체(대구청)
수집·운반,영동위생,경상권역,경상북도,울진군,경북 울진군 울진읍 읍내8길 27,054-783-8345,의료수집운반 (대구지방환경청),의료폐기물,,13 지정폐기물 처리업체(대구청)
수집·운반,영포위생,경상권역,경상북도,포항시,"경북 포항시 남구 희망대로 751(상도동), 3층",054-281-0989,의료수집운반 (대구지방환경청),의료폐기물,,13 지정폐기물 처리업체(대구청)
수집·운반,일성산업,경상권역,경상북도,영천시,경상북도 영천시 대창면 금창로 451-140,054-334-1900,수집·운반업 · 처리방법 수집·운반 · 대구지방환경청 / 수집운반 (대구지방환경청),"(액상)폐유기용제, 폐페인트 및  폐락카, 폐유, 폐산, 폐알칼리, 폐광물유, 폐유독물질/ (고상)폐수처리오니, 공정오니, 폐주물사 및 폐사, 폐흡착제 및 폐흡수제, 폐페인트 및 폐락카, 폐유, 폐석면, 폐합성고분자화합물, 폐유기용제, 폐농약, 광재, 분진, 폐내화물 및 폐도자기 조각, 소각재, 안정화 또는 고형화·고화처리물, 폐촉매, 폐광물유, 폐유독물질",,13 지정폐기물 처리업체(대구청) / 14 폐기물처리업체 전국취합
수집·운반,전원환경 주식회사,경상권역,경상북도,구미시,"경상북도 구미시 수출대로 523, 301호 (황상동)",054-474-5001,수집운반업 (구미센터 관할),배출시설계폐기물,수집운반차량 2대,03 지자체 관할 폐기물·중장비 업체
수집·운반,제일클린,경상권역,경상북도,상주시,경북 상주시 함창읍 함창로 379,054-532-3112,의료수집운반 (대구지방환경청),의료폐기물,,13 지정폐기물 처리업체(대구청)
수집·운반,주식회사 건협,경상권역,경상북도,경산시,경북 경산시 진량읍 평사리120,053-856-0340,수집·운반업 · 처리방법 수집·운반 · 대구지방환경청 / 종합 재활용업 · 처리방법 재활용 / 수집운반 (대구지방환경청),"지정폐기물(액,고상)",,13 지정폐기물 처리업체(대구청) / 14 폐기물처리업체 전국취합
수집·운반,주식회사 그린다,경상권역,경상북도,경주시,경북 경주시 서면 갠버불길 98,054-0802-5464,수집운반 (대구지방환경청),"지정폐기물(고상)[지정폐기물 고상[폐합성고분자화합물, 오니류, 광재, 분진, 폐주물사 및 폐사, 폐내화물 및 폐도자기 조각, 폐페인트 및 폐락카, 폐유, 폐석면]]",,13 지정폐기물 처리업체(대구청)
수집·운반,주식회사 대금,경상권역,경상북도,영천시,경북 영천시 고경면 호국로 1516-81,,수집운반 (대구지방환경청),"지정폐기물[고상(오니류, 광재, 분진, 폐내화물, 소각재, 폐석면, 그 밖의 폐합성고분자화합물, 폐황산이 포함된 2차폐축전지, 폐유성 페인트, 폐수성페인트, 그 밖의 폐광물유, 그 밖의 폐유기용제, 폐흡착제)]",,13 지정폐기물 처리업체(대구청)
수집·운반,주식회사 지에스아이,경상권역,경상북도,경산시,경북 경산시 와촌면 금송로87길 44,054-336-7227,수집·운반업 · 처리방법 수집·운반 · 대구지방환경청 / 수집운반 (대구지방환경청),"지정폐기물 액상(폐유, 폐유기용제, 폐페인트, 폐락카, 폐산, 폐알칼리, 폐합성고분자화합물, 폐유독물, 폐농약, 광재)
고상(폐수처리오니, 폐유, 폐농약, 공정오니, 분진, 폐페인트, 폐락카, 폐석면, 폐주물사 및 폐사, 소각재, 폐촉매, 폐내화물 및 도자기조각, 폐흡착제 및 폐흡수제, 안정화 또는 고형화 처리물, 폐산, 폐알칼리, 폐유기용제, 폐유독물)",,13 지정폐기물 처리업체(대구청) / 14 폐기물처리업체 전국취합
수집·운반,주식회사 티앤에스(지점),경상권역,경상북도,구미시,"경상북도 구미시 1공단로10길 53-24, 2층 (공단동)",054-800-8070,수집운반업 (구미센터 관할),배출시설계폐기물,수집운반차량 29대,03 지자체 관할 폐기물·중장비 업체
수집·운반,주식회사 현대유앤아이,경상권역,경상북도,경산시,"경북 경산시 하양읍 하양로34, 2층 비-04호",053-781-7667,수집운반 (대구지방환경청),지정폐기물(액상),,13 지정폐기물 처리업체(대구청)
수집·운반,주식회사 화신,경상권역,경상북도,구미시,"경상북도 구미시 봉곡서로11길 19, 102호 (봉곡동)",054-476-6316,수집운반업 (구미센터 관할),배출시설계폐기물,수집운반차량 2대,03 지자체 관할 폐기물·중장비 업체
수집·운반,주은산업(주),경상권역,경상북도,구미시,경북 구미시 산동면 성수4길 15,054-474-5063,수집운반 (대구지방환경청),"지정폐기물(고상) : 폐합성고분자화합물,오니류,소각재,폐유,폐석면,폐유기용제,폐페인트,폐락카,분진",,13 지정폐기물 처리업체(대구청)
수집·운반,주은산업(주)-지정,경상권역,경상북도,구미시,경북 구미시 산동면성수4길 15,054-474-5063,수집·운반업 · 처리방법 수집·운반 · 대구지방환경청,,,14 폐기물처리업체 전국취합
수집·운반,초림환경(주),경상권역,경상북도,구미시,경상북도 구미시 송동로 42-53 (도량동),,폐기물 수집·운반업체 (구미센터 관할),폐합성수지류(폐염화비닐수지류는 제외한다) / 폐합성고무류 등,밀폐식차량 1대,03 지자체 관할 폐기물·중장비 업체
수집·운반,파란환경,경상권역,경상북도,경산시,경북 경산시 진량읍 평사3길 35-2,053-981-2733,의료수집운반 (대구지방환경청),의료폐기물,,13 지정폐기물 처리업체(대구청)
수집·운반,한빛에너지(주),경상권역,경상북도,경산시,경북 경산시 자인면 한장군로 480,053-854-4747,수집·운반업 · 처리방법 수집·운반 · 대구지방환경청 / 종합 재활용업 · 처리방법 재활용 / 종합재활용 (대구지방환경청) / 수집운반 (대구지방환경청),폐유(액상),,13 지정폐기물 처리업체(대구청) / 14 폐기물처리업체 전국취합
수집·운반,한일정유(주),경상권역,경상북도,경산시,경북 경산시 자인면 자인공단로 50 (북사리 1087-8),053-856-8672,종합 재활용업 · 처리방법 재활용 / 수집운반 (대구지방환경청),"지정폐기물(액상) : 오니류(폐수처리오니, 공정오니), 폐농약, 폐산, 폐알칼리, 폐유기용제(할로겐족, 그 밖의 폐유기용제), 폐페인트 및 폐래커, 폐유, 폴리클로리네이티드비페닐 함유 폐기물, 폐유독물
지정폐기물(고상) : 오니류(폐수처리오니, 공정오니), 폐농약, 폐산, 폐알칼리, 광재, 분진, 폐주물사 및 샌드블라스트폐사, 폐내화물 및 재벌구이 전에 유약을 바른 도자기 조각, 소각재, 안정화 또는 고형화·고화 처리물, 폐촉매, 폐흡착제 및 폐흡수제, 폐유기용제(할로겐족, 그 밖의 폐유기용제), 폐페인트 및 폐래커, 폐유, 폐석면, 폴리클로리네이티드비페닐 함유폐기물, 폐유독물",,13 지정폐기물 처리업체(대구청) / 14 폐기물처리업체 전국취합
수집·운반,한일정유(주)(운반),경상권역,경상북도,경산시,경상북도 경산시 자인면 자인 공단로 50,053-856-8672,수집·운반업 · 처리방법 수집·운반 · 대구지방환경청,,,14 폐기물처리업체 전국취합
수집·운반,해평농산,경상권역,경상북도,구미시,경상북도 구미시 장천면 심곡1길 92,,수집운반업 (구미센터 관할),배출시설계폐기물,수집운반차량 4대,03 지자체 관할 폐기물·중장비 업체
수집·운반,현대환경(주),경상권역,경상북도,영주시,경북 영주시 적서공단로 204,054-632-2626,수집·운반업 · 처리방법 수집·운반 · 대구지방환경청,,,14 폐기물처리업체 전국취합
수집·운반,혜원자원,경상권역,경상북도,구미시,경상북도 구미시 4공단로 172-8 (구포동),054-471-4009,수집운반업 (구미센터 관할),배출시설계폐기물,수집운반차량 4대,03 지자체 관할 폐기물·중장비 업체
수집·운반,호경산업,경상권역,경상북도,경산시,경북 경산시 진량읍 두인길 9,053-851-0731,수집·운반업 · 처리방법 수집·운반 · 대구지방환경청 / 종합 재활용업 · 처리방법 재활용 / 종합재활용 (대구지방환경청) / 수집운반 (대구지방환경청),"폐산(폐염산, 폐황산, 기타폐산)",,13 지정폐기물 처리업체(대구청) / 14 폐기물처리업체 전국취합
수집·운반,홍익산업,경상권역,경상북도,군위군,경북 군위군 중앙길 51,054-383-1992,수집·운반업 · 처리방법 수집·운반 · 대구지방환경청,,,14 폐기물처리업체 전국취합
수집·운반,(주)강동환경,경상권역,대구광역시,동구,대구 동구 괴전동159-2,053-965-3006,수집·운반업 · 처리방법 수집·운반 · 대구지방환경청 / 수집운반 (대구지방환경청),지정폐기물(고상) : 폐석면,,13 지정폐기물 처리업체(대구청) / 14 폐기물처리업체 전국취합
수집·운반,(주)녹색환경산업사,경상권역,대구광역시,동구,대구 동구 공항로31길 9-7,053-424-8271,수집·운반업 · 처리방법 수집·운반 · 대구지방환경청,,,14 폐기물처리업체 전국취합
수집·운반,(주)삼우환경,경상권역,대구광역시,동구,대구 동구 괴전동323-2,053-964-2504,수집·운반업 · 처리방법 수집·운반 · 대구지방환경청 / 수집운반 (대구지방환경청),폐석면,,13 지정폐기물 처리업체(대구청) / 14 폐기물처리업체 전국취합
수집·운반,(주)서광기업,경상권역,대구광역시,달서구,대구 달서구 장동15,053-584-9100,수집·운반업 · 처리방법 수집·운반 · 대구지방환경청 / 수집운반 (대구지방환경청),지정폐기물(고상),,13 지정폐기물 처리업체(대구청) / 14 폐기물처리업체 전국취합
수집·운반,(주)세명유니온,경상권역,대구광역시,달성군,대구시 달성군 논공읍 노이1길 26,053-616-1337,의료수집운반 (대구지방환경청),의료폐기물,,13 지정폐기물 처리업체(대구청)
수집·운반,(주)에버메디,경상권역,대구광역시,달서구,"대구 달서구 문화회관길 145(장기동), 2층",053-585-0873,의료수집운반 (대구지방환경청),의료폐기물,,13 지정폐기물 처리업체(대구청)
수집·운반,(주)태경환경,경상권역,대구광역시,북구,대구 북구 복현동366-4,053-958-9595,수집·운반업 · 처리방법 수집·운반 · 대구지방환경청 / 수집운반 (대구지방환경청),"폐석면,오니류,폐광재,분진,소각재,폐유,폐페인트,폐유기용제,폐내화물,폐흡착제",,13 지정폐기물 처리업체(대구청) / 14 폐기물처리업체 전국취합
수집·운반,(주)환경코리아,경상권역,대구광역시,서구,대구 서구 국채보상로7길 42-7,053-568-3060,수집·운반업 · 처리방법 수집·운반 · 대구지방환경청 / 중간처분업 · 처리방법 기타 · 대구지방환경청,,,14 폐기물처리업체 전국취합
수집·운반,㈜대경메디,경상권역,대구광역시,달성군,대구 달성군 논공읍 금포로 65(금포리),053-611-7464,의료수집운반 (대구지방환경청),의료폐기물,,13 지정폐기물 처리업체(대구청)
수집·운반,㈜소올환경,경상권역,대구광역시,중구,"대구 중구 중앙대로 440-2, 4층",053-762-1038,의료수집운반 (대구지방환경청),의료폐기물,,13 지정폐기물 처리업체(대구청)
수집·운반,㈜스트레이트,경상권역,대구광역시,수성구,대구시 수성구 달구벌대로489길 26(범어동),053-759-4142,의료수집운반 (대구지방환경청),의료폐기물,,13 지정폐기물 처리업체(대구청)
수집·운반,㈜에스엠환경개발,경상권역,대구광역시,달성군,대구 달성군 화원읍 성암로16-40,053-631-2995,수집운반 (대구지방환경청),지정폐기물(고상),,13 지정폐기물 처리업체(대구청)
수집·운반,㈜참별환경,경상권역,대구광역시,달성군,"대구 달성군 논공읍 상리 475-2 (우편주소 상이, 메모확인 요망)",053-267-9901,의료수집운반 (대구지방환경청),의료폐기물,,13 지정폐기물 처리업체(대구청)
수집·운반,광명그린텍(주),경상권역,대구광역시,북구,대구시 북구 검단로 199(검단동),053-381-7587,의료수집운반 (대구지방환경청),의료폐기물,,13 지정폐기물 처리업체(대구청)
수집·운반,대경환경,경상권역,대구광역시,동구,대구 동구 용계동 931,053-964-0437,수집·운반업 · 처리방법 수집·운반 · 대구지방환경청,,,14 폐기물처리업체 전국취합
수집·운반,대구환경,경상권역,대구광역시,달성군,대구광역시 달성군 다사읍 서재로14길 28,053-593-0030,수집·운반업 · 처리방법 수집·운반 · 대구지방환경청 / 수집운반 (대구지방환경청),"폐유, 폐유기용제, 폐산, 폐알칼리, 폐합성고분자화합물(액상)",,13 지정폐기물 처리업체(대구청) / 14 폐기물처리업체 전국취합
수집·운반,대신테크,경상권역,대구광역시,북구,대구 북구 팔달북로8길 82-11,053-359-0610,수집·운반업 · 처리방법 수집·운반 · 대구지방환경청 / 중간처분업 · 처리방법 기타 · 대구지방환경청 / 종합 재활용업 · 처리방법 재활용 / 중간재활용 (대구지방환경청),폐변압기(절연유 PCBs 농도가 2㎎/L 미만 함유),,13 지정폐기물 처리업체(대구청) / 14 폐기물처리업체 전국취합
수집·운반,디디에스메디크린,경상권역,대구광역시,북구,대구 북구 대불서길 56-3(산격동),,의료수집운반 (대구지방환경청),의료폐기물,,13 지정폐기물 처리업체(대구청)
수집·운반,성화㈜,경상권역,대구광역시,달서구,대구 달서구 장기로 374(장기동),053-611-4785,의료수집운반 (대구지방환경청),의료폐기물,,13 지정폐기물 처리업체(대구청)
수집·운반,신성비철산업,경상권역,대구광역시,동구,대구 동구 안심로65길 10,053-963-8877,수집·운반업 · 처리방법 수집·운반 · 대구지방환경청 / 중간처분업 · 처리방법 기타 · 대구지방환경청 / 종합 재활용업 · 처리방법 재활용 / 종합재활용 (대구지방환경청) / 수집운반 (대구지방환경청) / 중간처분 (대구지방환경청),"절연유의 PCBs 농도가 2㎎/L 미만 함유된 폐변압기, 폐유가 5% 이상 묻은 폐콘덴서
절연유의 PCBs 농도가 2㎎/ℓ 미만 함유된 OF케이블류",,13 지정폐기물 처리업체(대구청) / 14 폐기물처리업체 전국취합
수집·운반,신진산업,경상권역,대구광역시,군위군,"대구광역시 군위군 군위읍 경북대로 3389, 201호",,수집운반 (대구지방환경청),"폐합성고분자화합물, 폐수처리오니, 소각재, 폐내화물, 폐석면",,13 지정폐기물 처리업체(대구청)
수집·운반,엠에이치메디,경상권역,대구광역시,북구,대구광역시 북구 팔달동 222-1,053-761-5858,의료수집운반 (대구지방환경청),의료폐기물,,13 지정폐기물 처리업체(대구청)
수집·운반,열린환경(주),경상권역,대구광역시,달성군,대구광역시 달성군 현풍읍 현풍서로71길 7,053-639-8008,수집·운반업 · 처리방법 수집·운반 · 대구지방환경청 / 수집운반 (대구지방환경청),폐석면,,13 지정폐기물 처리업체(대구청) / 14 폐기물처리업체 전국취합
수집·운반,조영산업,경상권역,대구광역시,달성군,대구광역시 달성군 하빈면 하빈남로 374,053-592-1134,수집운반 (대구지방환경청),지정폐기물(고상),,13 지정폐기물 처리업체(대구청)
수집·운반,주식회사 금백테크,경상권역,대구광역시,달성군,대구 달성군 논공읍 비슬로264길 56,0536175002,수집·운반업 · 처리방법 수집·운반 · 대구지방환경청 / 수집운반 (대구지방환경청),"지정폐기물[폐유(PCBs 농도 2ppm 미만, 2ppm 이상 함유 폐변압기), 폐배터리, 폐합성고분자화합물, 오니류, 폐농약, 폐산, 폐알칼리, 광재, 분진, 폐주물사 및 폐사, 폐촉매, 폐유기용제, 폐페인트 및 폐락카, 폐유, 폴리클로리네이티드비페닐 함유 폐기물]",,13 지정폐기물 처리업체(대구청) / 14 폐기물처리업체 전국취합
수집·운반,주식회사 친환경,경상권역,대구광역시,달성군,대구광역시 달성군 하빈면 달구벌대로8길 62,053-573-5003,수집·운반업 · 처리방법 수집·운반 · 대구지방환경청 / 수집운반 (대구지방환경청),폐유(액상),,13 지정폐기물 처리업체(대구청) / 14 폐기물처리업체 전국취합
수집·운반,한국비철(주),경상권역,대구광역시,달성군,대구 달성군 논공읍 비슬로264길 23,053-617-6300,수집·운반업 · 처리방법 수집·운반 · 대구지방환경청 / 종합 재활용업 · 처리방법 재활용 / 종합재활용 (대구지방환경청),"폐황산이 포함된 2차폐축전지, 그 밖의 폐알칼리, 그 밖의 공정오니, 광재, 분진",,13 지정폐기물 처리업체(대구청) / 14 폐기물처리업체 전국취합
수집·운반,(주)동아유화,경상권역,부산광역시,사상구,부산 사상구 감전동146-8,051-323-4411,수집·운반업 · 처리방법 수집·운반 · 낙동강유역환경청,,,14 폐기물처리업체 전국취합
수집·운반,(주)매일환경,경상권역,부산광역시,동래구,부산 동래구 안락동 422-20,051-556-2259,수집·운반업 · 처리방법 수집·운반 · 낙동강유역환경청,,,14 폐기물처리업체 전국취합
수집·운반,(주)명진로지스,경상권역,부산광역시,금정구,부산 금정구 금정로 143-2 3층 (장전동),051-582-3978,수집·운반업 · 처리방법 수집·운반 · 낙동강유역환경청,,,14 폐기물처리업체 전국취합
수집·운반,(주)미천환경,경상권역,부산광역시,사상구,부산광역시 사상구 낙동대로916번길 17,051-323-6168,수집·운반업 · 처리방법 수집·운반 · 낙동강유역환경청,,,14 폐기물처리업체 전국취합
수집·운반,(주)세원씨오,경상권역,부산광역시,북구,"부산 북구 백양대로1172번길 12 (구포동,2층)",051-941-5176,수집·운반업 · 처리방법 수집·운반 · 낙동강유역환경청,,,14 폐기물처리업체 전국취합
수집·운반,(주)세환건영,경상권역,부산광역시,강서구,부산 강서구 낙동남로 1042,051-271-1462,수집·운반업 · 처리방법 수집·운반 · 낙동강유역환경청,,,14 폐기물처리업체 전국취합
수집·운반,(주)오션클린서비스,경상권역,부산광역시,중구,부산 중구 충장대로 9번길 31 굿어스빌딩 702호,051-996-9993,수집·운반업 · 처리방법 수집·운반 · 낙동강유역환경청,,,14 폐기물처리업체 전국취합
수집·운반,(주)용호환경,경상권역,부산광역시,연제구,"부산 연제구 중앙대로1043번길 34 (연산동,한창타운 303호)",051-868-1242,수집·운반업 · 처리방법 수집·운반 · 낙동강유역환경청,,,14 폐기물처리업체 전국취합
수집·운반,(주)은성이엔씨,경상권역,부산광역시,강서구,부산광역시 강서구 명지오션시티9로 55 207호,051-201-1412,수집·운반업 · 처리방법 수집·운반 · 낙동강유역환경청,,,14 폐기물처리업체 전국취합
수집·운반,(주)지오환경(강서구),경상권역,부산광역시,강서구,부산광역시 강서구 녹산산단165로14번길 11-13,051-831-1954,수집·운반업 · 처리방법 수집·운반 · 낙동강유역환경청 / 종합 재활용업 · 처리방법 재활용,,,14 폐기물처리업체 전국취합
수집·운반,(주)티아이맥,경상권역,부산광역시,기장군,부산 기장군 장안읍 고무로 288,051-758-8340,수집·운반업 · 처리방법 수집·운반 · 낙동강유역환경청,,,14 폐기물처리업체 전국취합
수집·운반,동건환경,경상권역,부산광역시,금정구,부산광역시 금정구 수원지로22번길 38,051-525-3205,수집·운반업 · 처리방법 수집·운반 · 낙동강유역환경청,,,14 폐기물처리업체 전국취합
수집·운반,명성통운(주),경상권역,부산광역시,연제구,부산 연제구 연산동588-3,051-853-3330,수집·운반업 · 처리방법 수집·운반 · 낙동강유역환경청,,,14 폐기물처리업체 전국취합
수집·운반,신세기기업(주),경상권역,부산광역시,중구,부산광역시 중구 충장대로9번길 18 2층 (중앙동4가),051-466-8181,수집·운반업 · 처리방법 수집·운반 · 낙동강유역환경청,,,14 폐기물처리업체 전국취합
수집·운반,우봉이엔티,경상권역,부산광역시,강서구,부산광역시 강서구 경전철로 211 3층,051-972-0953,수집·운반업 · 처리방법 수집·운반 · 낙동강유역환경청,,,14 폐기물처리업체 전국취합
수집·운반,유담환경,경상권역,부산광역시,강서구,부산광역시 강서구 낙동북로21번길 19,051-972-3510,수집·운반업 · 처리방법 수집·운반 · 낙동강유역환경청,,,14 폐기물처리업체 전국취합
수집·운반,육육로지스틱스(주),경상권역,부산광역시,기장군,부산 기장군 장안읍정관로 1148,051-526-6666,수집·운반업 · 처리방법 수집·운반 · 낙동강유역환경청,,,14 폐기물처리업체 전국취합
수집·운반,지테크환경주식회사,경상권역,부산광역시,강서구,부산 강서구 대저동2440-2,051-326-7070,수집·운반업 · 처리방법 수집·운반 · 낙동강유역환경청,,,14 폐기물처리업체 전국취합
수집·운반,태봉산업(주)(운반자),경상권역,부산광역시,사하구,부산 사하구 하단동901-1번지,055-323-7225,수집·운반업 · 처리방법 수집·운반 · 낙동강유역환경청,,,14 폐기물처리업체 전국취합
수집·운반,한국특수환경,경상권역,부산광역시,사상구,부산 사상구 삼락동398-12,051-302-6997,수집·운반업 · 처리방법 수집·운반 · 낙동강유역환경청,,,14 폐기물처리업체 전국취합
수집·운반,한성산업,경상권역,부산광역시,영도구,부산광역시 영도구 태종로50번길 35 1층,051-418-2272,수집·운반업 · 처리방법 수집·운반 · 낙동강유역환경청,,,14 폐기물처리업체 전국취합
수집·운반,한울로지스틱스,경상권역,부산광역시,해운대구,"부산 해운대구 좌동순환로 473 ,216호 (중동, 해운대로데오아울렛)",051-791-1166,수집·운반업 · 처리방법 수집·운반 · 낙동강유역환경청,,,14 폐기물처리업체 전국취합
수집·운반,현대실업,경상권역,부산광역시,금정구,부산광역시 금정구 공단로8번길 15,051-523-0007,수집·운반업 · 처리방법 수집·운반 · 낙동강유역환경청,,,14 폐기물처리업체 전국취합
수집·운반,흥한환경개발(주),경상권역,부산광역시,동래구,"부산광역시 동래구 미남로132번길 14 708호 (온천동, 효창오피스텔)",051-973-2504,수집·운반업 · 처리방법 수집·운반 · 낙동강유역환경청,,,14 폐기물처리업체 전국취합
수집·운반,(유)봉산물류,경상권역,울산광역시,울주군,"울산 울주군 청량면덕하로33, 비동7호",052-258-3004,수집·운반업 · 처리방법 수집·운반 · 낙동강유역환경청,,,14 폐기물처리업체 전국취합
수집·운반,(주)그린환경로직스,경상권역,울산광역시,울주군,울산광역시 울주군 청량읍 덕정로 66 212호,052-273-6138,수집·운반업 · 처리방법 수집·운반 · 낙동강유역환경청,,,14 폐기물처리업체 전국취합
수집·운반,(주)대동에너지,경상권역,울산광역시,울주군,울산 울주군 청량면덕정로 66,052-267-8322,수집·운반업 · 처리방법 수집·운반 · 낙동강유역환경청,,,14 폐기물처리업체 전국취합
수집·운반,(주)명신정유(운반자),경상권역,울산광역시,울주군,울산광역시 울주군 삼남읍 공암공단로 16-21,055-364-6605,수집·운반업 · 처리방법 수집·운반 · 낙동강유역환경청 / 중간 재활용업 · 처리방법 재활용,,,14 폐기물처리업체 전국취합
수집·운반,(주)블루엔텍,경상권역,울산광역시,남구,울산광역시 남구 장생포고래로 307 1층,052-716-1101,수집·운반업 · 처리방법 수집·운반 · 낙동강유역환경청,,,14 폐기물처리업체 전국취합
수집·운반,(주)삼경에너지,경상권역,울산광역시,남구,울산광역시 남구 용연로 295-150 4층,052-258-7670,수집·운반업 · 처리방법 수집·운반 · 낙동강유역환경청,,,14 폐기물처리업체 전국취합
수집·운반,(주)새길물류,경상권역,울산광역시,남구,울산 남구 두왕동411-1,052-268-6776,수집·운반업 · 처리방법 수집·운반 · 낙동강유역환경청 / 폐기물 수집·운반업체 (울산센터 관할),사업장배출시설계(고상),암롤트럭 2대대,03 지자체 관할 폐기물·중장비 업체 / 14 폐기물처리업체 전국취합
수집·운반,(주)에스지물류,경상권역,울산광역시,울주군,울산 울주군 온산읍 명봉거남로 199,052-257-7650,수집·운반업 · 처리방법 수집·운반 · 낙동강유역환경청,,,14 폐기물처리업체 전국취합
수집·운반,(주)에코앤리소스,경상권역,울산광역시,울주군,울산 울주군 삼동면 삼동로 63,052-913-3625,수집·운반업 · 처리방법 수집·운반 · 낙동강유역환경청 / 종합 재활용업 · 처리방법 재활용,,,14 폐기물처리업체 전국취합
수집·운반,(주)에코티엔엘,경상권역,울산광역시,울주군,"울산광역시 울주군 청량면 덕정로66, 110호",052-277-4321,수집·운반업 · 처리방법 수집·운반 · 낙동강유역환경청,,,14 폐기물처리업체 전국취합
수집·운반,(주)영진화학,경상권역,울산광역시,남구,울산광역시 남구 용잠로 328,052-256-1597,수집·운반업 · 처리방법 수집·운반 · 낙동강유역환경청,,,14 폐기물처리업체 전국취합
수집·운반,(주)우영엔텍,경상권역,울산광역시,남구,울산 남구 상개동50번지 402호,052-260-2641,수집·운반업 · 처리방법 수집·운반 · 낙동강유역환경청,,,14 폐기물처리업체 전국취합
수집·운반,(주)정도이엔이,경상권역,울산광역시,울주군,울산광역시 울주군 웅촌면 은현공단2길 12,052-716-4001,수집·운반업 · 처리방법 수집·운반 · 낙동강유역환경청,,,14 폐기물처리업체 전국취합
수집·운반,(주)케이지엑스,경상권역,울산광역시,울주군,울산 울주군 온산읍 화산리1040,052-231-6418,수집·운반업 · 처리방법 수집·운반 · 낙동강유역환경청,,,14 폐기물처리업체 전국취합
수집·운반,(주)한창환경,경상권역,울산광역시,울주군,울산 울주군 온양읍 망양리275-1,052-260-0049,수집·운반업 · 처리방법 수집·운반 · 낙동강유역환경청,,,14 폐기물처리업체 전국취합
수집·운반,NC울산(주)-운반자,경상권역,울산광역시,남구,"울산 남구 용잠로 339 (용잠동,NCC(주))",052-256-0111,수집·운반업 · 처리방법 수집·운반 · 낙동강유역환경청,,,14 폐기물처리업체 전국취합
수집·운반,NC울산㈜,경상권역,울산광역시,남구,울산광역시 남구 용잠로 339(용잠동),052-256-0111,폐기물 수집·운반업체 (울산센터 관할),사업장배출시설계(고상),크레인 1대대,03 지자체 관할 폐기물·중장비 업체
수집·운반,SB그린산업,경상권역,울산광역시,북구,울산광역시 북구 매곡동 731,052-269-8224,폐기물 수집·운반업체 (울산센터 관할),사업장배출시설계폐기물(고상),밀폐형덮개설치차량 2대대,03 지자체 관할 폐기물·중장비 업체
수집·운반,㈜부천이엔티,경상권역,울산광역시,남구,"울산광역시 남구 정동로104번길 12, 1층 (삼산동)",052-258-8599,폐기물 수집·운반업체 (울산센터 관할),사업장배출시설계(고상),암롤트럭 5대대,03 지자체 관할 폐기물·중장비 업체
수집·운반,㈜삼영이엔지,경상권역,울산광역시,남구,울산광역시 남구 처용로487번길 32(성암동),052-271-0732,폐기물 수집·운반업체 (울산센터 관할),사업장배출시설계(고상),카고트럭 2대대,03 지자체 관할 폐기물·중장비 업체
수집·운반,㈜송양,경상권역,울산광역시,남구,울산광역시 남구 장생포고래로155번길 4(장생포동),052-257-4477,폐기물 수집·운반업체 (울산센터 관할),사업장배출시설계(액상),탱크로리 6대대,03 지자체 관할 폐기물·중장비 업체
수집·운반,㈜에너지파크,경상권역,울산광역시,남구,울산광역시 남구 처용로 695(황성동),052-278-6832,폐기물 수집·운반업체 (울산센터 관할),사업장배출시설계(고상),카고트럭 2대대,03 지자체 관할 폐기물·중장비 업체
수집·운반,㈜영진에코,경상권역,울산광역시,남구,울산광역시 남구 용잠로 328 (용잠동),052-256-1597,폐기물 수집·운반업체 (울산센터 관할),"사업장배출시설계(고상, 액상)",암롤트럭 5대대,03 지자체 관할 폐기물·중장비 업체
수집·운반,㈜와이제이물류,경상권역,울산광역시,남구,"울산광역시 남구 돋질로76번길 11, 2층(달동)",052-227-9166,폐기물 수집·운반업체 (울산센터 관할),사업장배출시설계(고상),트레일러 4대대,03 지자체 관할 폐기물·중장비 업체
수집·운반,㈜청화,경상권역,울산광역시,동구,울산광역시 동구 방어진순환도로 1000(전하동),052-234-5919,폐기물 수집·운반업체 (울산센터 관할),사업장배출시설계폐기물,암롤트럭 5대대,03 지자체 관할 폐기물·중장비 업체
수집·운반,대신에너지,경상권역,울산광역시,울주군,울산광역시 울주군 온산읍 종동길 57,052-237-8838,수집·운반업 · 처리방법 수집·운반 · 낙동강유역환경청,,,14 폐기물처리업체 전국취합
수집·운반,대웅상사,경상권역,울산광역시,남구,울산광역시 남구 화합로 86-34 (여천동),052-265-3799,폐기물 수집·운반업체 (울산센터 관할),사업장배출시설계(고상),하이카 2대대,03 지자체 관할 폐기물·중장비 업체
수집·운반,덕진엔지니어링(주),경상권역,울산광역시,북구,울산광역시 북구 진장24길 3 302호,052-243-8101,수집·운반업 · 처리방법 수집·운반 · 낙동강유역환경청,,,14 폐기물처리업체 전국취합
수집·운반,동광엘앤이(주),경상권역,울산광역시,남구,울산광역시 남구 산업로 100 (상개동)내트럭(주) 울산사업소 408호,052-260-7472,수집·운반업 · 처리방법 수집·운반 · 낙동강유역환경청,,,14 폐기물처리업체 전국취합
수집·운반,삼양통운(주),경상권역,울산광역시,울주군,울산광역시 울주군 청량면 화창6길 16,0522583630,수집·운반업 · 처리방법 수집·운반 · 낙동강유역환경청,,,14 폐기물처리업체 전국취합
수집·운반,삼진공사,경상권역,울산광역시,남구,울산 남구 야음동219-6,052-265-3020,수집·운반업 · 처리방법 수집·운반 · 낙동강유역환경청,,,14 폐기물처리업체 전국취합
수집·운반,세아산업(주),경상권역,울산광역시,남구,울산광역시 남구 산업로 92,052-261-8555,수집·운반업 · 처리방법 수집·운반 · 낙동강유역환경청 / 폐기물 수집·운반업체 (울산센터 관할),사업장배출시설계(고상),암롤트럭 5대대,03 지자체 관할 폐기물·중장비 업체 / 14 폐기물처리업체 전국취합
수집·운반,신영산업(주),경상권역,울산광역시,남구,울산광역시 남구 산업로 100 301호(상개동),052-256-0755,수집·운반업 · 처리방법 수집·운반 · 낙동강유역환경청,,,14 폐기물처리업체 전국취합
수집·운반,신흥에너텍(주),경상권역,울산광역시,울주군,울산 울주군 온산읍 화산로화산로 19,052-237-5155,수집·운반업 · 처리방법 수집·운반 · 낙동강유역환경청 / 종합 재활용업 · 처리방법 재활용,,,14 폐기물처리업체 전국취합
수집·운반,씨제이대한통운㈜,경상권역,울산광역시,남구,울산광역시 남구 장생포고래로 292 (매암동),052-226-3356,폐기물 수집·운반업체 (울산센터 관할),사업장배출시설계(고상),덤프트럭 5대대,03 지자체 관할 폐기물·중장비 업체
수집·운반,용암환경,경상권역,울산광역시,동구,울산광역시 동구 방어진순환도로 100(방어동),052-250-6942,폐기물 수집·운반업체 (울산센터 관할),사업장배출시설계폐기물,암롤트럭 3대대,03 지자체 관할 폐기물·중장비 업체
수집·운반,울산환경폐기물,경상권역,울산광역시,북구,울산광역시 북구 동대10길 6 (호계동),052-282-7267,폐기물 수집·운반업체 (울산센터 관할),"사업장 배출시설계 폐기물(폐합성수지류(51-03-01), 폐합성고무류(51-03-02), 폐종이류(51-28-02), 폐가구류폐도장목폐목재포장재폐전선드럼(51-20-06))",밀폐형덮개설치차량 3대대,03 지자체 관할 폐기물·중장비 업체
수집·운반,원에코,경상권역,울산광역시,남구,"울산광역시 남구 달삼로 76, 311호(달동)",,폐기물 수집·운반업체 (울산센터 관할),사업장배출시설계(고상),기계식상차장치 1대대,03 지자체 관할 폐기물·중장비 업체
수집·운반,임창산업,경상권역,울산광역시,남구,"울산광역시 남구 두왕로 190 (선암동, 한라전원맨션), 상가 2호",052-257-0399,폐기물 수집·운반업체 (울산센터 관할),사업장배출시설계(고상),덤프트럭 1대대,03 지자체 관할 폐기물·중장비 업체
수집·운반,재호상사,경상권역,울산광역시,남구,울산광역시 남구 산업로382번길 8 (여천동),052-272-2379,폐기물 수집·운반업체 (울산센터 관할),사업장배출시설계(고상),집게트럭 2대대,03 지자체 관할 폐기물·중장비 업체
수집·운반,좋은환경,경상권역,울산광역시,남구,"울산광역시 남구 삼산로 157, 406호(달동)",,폐기물 수집·운반업체 (울산센터 관할),사업장배출시설계(고상),카고트럭 2대대,03 지자체 관할 폐기물·중장비 업체
수집·운반,주식회사 케이에이치물류,경상권역,울산광역시,울주군,"울산광역시 울주군 청량읍 상남2길 31-20, 401호(화이트하우스)",052-256-8857,수집·운반업 · 처리방법 수집·운반 · 낙동강유역환경청,,,14 폐기물처리업체 전국취합
수집·운반,지에코시스(주),경상권역,울산광역시,울주군,울산광역시 울주군 청량읍 덕하로 33 B동 12호 (울주종함화물터미널(주)),052-267-8944,수집·운반업 · 처리방법 수집·운반 · 낙동강유역환경청,,,14 폐기물처리업체 전국취합
수집·운반,청록환경(주),경상권역,울산광역시,울주군,울산 울주군 웅촌면 웅촌로 496,052-221-6333,수집·운반업 · 처리방법 수집·운반 · 낙동강유역환경청,,,14 폐기물처리업체 전국취합
수집·운반,태영이앤엘 주식회사,경상권역,울산광역시,울주군,울산 울주군 온산읍 덕신로 326,052-237-0912,수집·운반업 · 처리방법 수집·운반 · 낙동강유역환경청,,,14 폐기물처리업체 전국취합
수집·운반,한창개발㈜,경상권역,울산광역시,중구,울산광역시 중구 번영로 413,052-293-3290,폐기물 수집·운반업체 (울산센터 관할),생활폐기물,탱크로리 4대대,03 지자체 관할 폐기물·중장비 업체
수집·운반,(주)HB에너지,수도권,경기도,화성시,경기 화성시 정남면 괘랑보통길 119,031-353-8628,수집·운반업 · 처리방법 수집·운반 · 한강유역환경청,,,14 폐기물처리업체 전국취합
수집·운반,(주)경인환경,수도권,경기도,평택시,경기도 평택시 진위면 진위로 181-55,031-668-7956,수집·운반업 · 처리방법 수집·운반 · 한강유역환경청,,,14 폐기물처리업체 전국취합
수집·운반,(주)그린써비스,수도권,경기도,부천시,경기 부천시 오정구 삼정동 205-1,032-673-8700,수집·운반업 · 처리방법 수집·운반 · 한강유역환경청,,,14 폐기물처리업체 전국취합
수집·운반,(주)남양에너지,수도권,경기도,시흥시,"경기도 시흥시 옥구천서로81번길 73, 시화공단 1마 702,703",031-433-7011,수집·운반업 · 처리방법 수집·운반 · 한강유역환경청 / 종합 재활용업 · 처리방법 재활용 / 폐기물 수집·운반업체 (시흥센터 관할),"폐유, 폐유기용제 등",탱크로리 7대,03 지자체 관할 폐기물·중장비 업체 / 14 폐기물처리업체 전국취합
수집·운반,(주)네이처산업,수도권,경기도,하남시,경기도 하남시 하남대로776번길 61-5 (신장동 394-3 한울빌딩4층),031-794-6886,수집·운반업 · 처리방법 수집·운반 · 한강유역환경청,,,14 폐기물처리업체 전국취합
수집·운반,(주)뉴그린,수도권,경기도,평택시,경기도 평택시 포승읍 포승공단순환로 602,031-682-2700,수집·운반업 · 처리방법 수집·운반 · 한강유역환경청 / 중간처분업 · 처리방법 소각 · 한강유역환경청 / 중간처분업 · 처리방법 기타 · 한강유역환경청,,,14 폐기물처리업체 전국취합
수집·운반,(주)뉴대성,수도권,경기도,안산시,경기도 안산시 상록구 석호로 348 (본오동 2층),031-407-6464,수집·운반업 · 처리방법 수집·운반 · 한강유역환경청,,,14 폐기물처리업체 전국취합
수집·운반,(주)대경이엔지,수도권,경기도,평택시,경기 평택시 내천길 142-22,031-662-5130,수집·운반업 · 처리방법 수집·운반 · 한강유역환경청 / 종합 재활용업 · 처리방법 재활용,,,14 폐기물처리업체 전국취합
수집·운반,(주)대청환경,수도권,경기도,화성시,"경기 화성시 팔탄면 구장리33-3(원골길 7), 제B동 2층",031-353-0601,수집·운반업 · 처리방법 수집·운반 · 한강유역환경청,,,14 폐기물처리업체 전국취합
수집·운반,(주)덕양,수도권,경기도,동두천시,경기도 동두천시 송내로71번길 7-14,031-868-5205,수집·운반업 · 처리방법 수집·운반 · 한강유역환경청,,,14 폐기물처리업체 전국취합
수집·운반,(주)동우개발-지정,수도권,경기도,안산시,경기 안산시 단원구 고잔동518번지 자유센타 506~508호,0314116815,수집·운반업 · 처리방법 수집·운반 · 한강유역환경청,,,14 폐기물처리업체 전국취합
수집·운반,(주)동현자원,수도권,경기도,화성시,경기도 화성시 팔탄면 율암길95번길 43,031-311-5883,수집·운반업 · 처리방법 수집·운반 · 한강유역환경청,,,14 폐기물처리업체 전국취합
수집·운반,(주)드림에코,수도권,경기도,시흥시,경기도 시흥시 역전로 33 4층 402호,031-431-3778,수집·운반업 · 처리방법 수집·운반 · 한강유역환경청,,,14 폐기물처리업체 전국취합
수집·운반,(주)매디이엔지,수도권,경기도,고양시,경기 고양시 덕양구 토당로 168번길 7-4,031-979-9297,수집·운반업 · 처리방법 수집·운반 · 한강유역환경청,,,14 폐기물처리업체 전국취합
수집·운반,(주)매일환경개발(지정),수도권,경기도,안양시,"경기도 안양시 동안구 안양판교로 20 (관양동, 신한데뷰오피스텔) 405호",031-473-7878,수집·운반업 · 처리방법 수집·운반 · 한강유역환경청,,,14 폐기물처리업체 전국취합
수집·운반,(주)범진환경,수도권,경기도,시흥시,경기도 시흥시 봉우재로175번길 36-4 2층,031-499-6322,수집·운반업 · 처리방법 수집·운반 · 한강유역환경청 / 폐기물 수집·운반업체 (시흥센터 관할),"폐유, 폐유기용제 등",암롤트럭 3대,03 지자체 관할 폐기물·중장비 업체 / 14 폐기물처리업체 전국취합
수집·운반,(주)복천,수도권,경기도,안산시,경기 안산시 단원구 고잔동775 폴리타운 711,031-493-6432,수집·운반업 · 처리방법 수집·운반 · 한강유역환경청,,,14 폐기물처리업체 전국취합
수집·운반,(주)삼동그린,수도권,경기도,화성시,경기 화성시 양감면 용소금각로 121-25,031-357-3664,수집·운반업 · 처리방법 수집·운반 · 한강유역환경청,,,14 폐기물처리업체 전국취합
수집·운반,(주)삼백건설.,수도권,경기도,동두천시,경기 동두천시 생연동440-3 신궁전맨션상가동 106호,0318652300,수집·운반업 · 처리방법 수집·운반 · 한강유역환경청,,,14 폐기물처리업체 전국취합
수집·운반,(주)상우환경,수도권,경기도,시흥시,경기 시흥시 정왕동1728-17 금성플라자304호,031-431-0619,수집·운반업 · 처리방법 수집·운반 · 한강유역환경청 / 폐기물 수집·운반업체 (시흥센터 관할),"폐유, 폐유기용제 등",암롤트럭 1대,03 지자체 관할 폐기물·중장비 업체 / 14 폐기물처리업체 전국취합
수집·운반,(주)서해석유,수도권,경기도,평택시,경기 평택시 포승읍 포승향남로 194-75 1층 (도곡리 141-14),031-683-0549,수집·운반업 · 처리방법 수집·운반 · 한강유역환경청,,,14 폐기물처리업체 전국취합
수집·운반,(주)성림E.T,수도권,경기도,시흥시,경기 시흥시 정왕동1398-2 206호,031-319-4105,수집·운반업 · 처리방법 수집·운반 · 한강유역환경청,,,14 폐기물처리업체 전국취합
수집·운반,(주)성림에너지(지정),수도권,경기도,고양시,경기 고양시 일산서구 구산동5-10번지,031-923-5700,수집·운반업 · 처리방법 수집·운반 · 한강유역환경청,,,14 폐기물처리업체 전국취합
수집·운반,(주)수연산업개발,수도권,경기도,화성시,경기 화성시 양감면 용소금각로 111(용소리),031-664-8582,수집·운반업 · 처리방법 수집·운반 · 한강유역환경청,,,14 폐기물처리업체 전국취합
수집·운반,(주)시온산업,수도권,경기도,시흥시,"경기도 시흥시 공단1대로 244, 27동 220호 (정왕동,시화유통상가)",031-430-7899,수집·운반업 · 처리방법 수집·운반 · 한강유역환경청,,,14 폐기물처리업체 전국취합
수집·운반,(주)시온산업[구.(주)성일산업(주).방주환경]],수도권,경기도,안산시,"경기 안산시 선부동 1028, 제일종합시장 3030호",031-480-4114,수집·운반업 · 처리방법 수집·운반 · 한강유역환경청,,,14 폐기물처리업체 전국취합
수집·운반,(주)신호정유(오산),수도권,경기도,오산시,경기도 오산시 황새로149번길 56,031-375-5871,수집·운반업 · 처리방법 수집·운반 · 한강유역환경청 / 종합 재활용업 · 처리방법 재활용,,,14 폐기물처리업체 전국취합
수집·운반,(주)씨에스그린,수도권,경기도,시흥시,"경기도 시흥시 배곧3로 86 409호 (정왕동,센터프라자Ⅱ)",031-433-3911,수집·운반업 · 처리방법 수집·운반 · 한강유역환경청,,,14 폐기물처리업체 전국취합
수집·운반,(주)씨에스에코,수도권,경기도,화성시,경기도 화성시 장안면 매바위로366번길 68-13,0313546527,수집·운반업 · 처리방법 수집·운반 · 한강유역환경청 / 중간처분업 · 처리방법 기타 · 한강유역환경청,,,14 폐기물처리업체 전국취합
수집·운반,(주)아주환경연구소(운반),수도권,경기도,이천시,경기도 이천시 대월면 진상미로1588번길 125,031-634-0494,수집·운반업 · 처리방법 수집·운반 · 한강유역환경청,,,14 폐기물처리업체 전국취합
수집·운반,(주)에이에스엠,수도권,경기도,이천시,경기 이천시 대월면 사동리 3-5,031-636-2918,수집·운반업 · 처리방법 수집·운반 · 한강유역환경청,,,14 폐기물처리업체 전국취합
수집·운반,(주)에이엠,수도권,경기도,평택시,경기도 평택시 오성면 오성산단1로 112-104 B동2층,031-8059-1372,수집·운반업 · 처리방법 수집·운반 · 한강유역환경청,,,14 폐기물처리업체 전국취합
수집·운반,(주)에코존,수도권,경기도,의정부시,경기 의정부시 신곡동 522-1 대영프라자 2층 203-2호,031-865-1444,수집·운반업 · 처리방법 수집·운반 · 한강유역환경청,,,14 폐기물처리업체 전국취합
수집·운반,(주)엠케이그린에너지산업,수도권,경기도,화성시,경기도 화성시 향남읍 발안로464번길 14-9,031-8059-1280,수집·운반업 · 처리방법 수집·운반 · 한강유역환경청,,,14 폐기물처리업체 전국취합
수집·운반,(주)용마환경,수도권,경기도,화성시,경기 화성시 송산동 192-236,031-223-4696,수집·운반업 · 처리방법 수집·운반 · 한강유역환경청,,,14 폐기물처리업체 전국취합
수집·운반,(주)원엔원,수도권,경기도,평택시,경기도 평택시 비전2로 216 308호,031-658-2229,수집·운반업 · 처리방법 수집·운반 · 한강유역환경청,,,14 폐기물처리업체 전국취합
수집·운반,(주)이솔루션,수도권,경기도,의정부시,경기 의정부시 금오동 471-2 해피플러스 506호,031-853-8787,수집·운반업 · 처리방법 수집·운반 · 한강유역환경청,,,14 폐기물처리업체 전국취합
수집·운반,(주)일광자원,수도권,경기도,김포시,경기 김포시 하성면 하사리87-17,031-998-8932,수집·운반업 · 처리방법 수집·운반 · 한강유역환경청,,,14 폐기물처리업체 전국취합
수집·운반,(주)일진환경자원,수도권,경기도,시흥시,경기 시흥시 대야동541-1 유호오피스텔 203호,031-314-8905,수집·운반업 · 처리방법 수집·운반 · 한강유역환경청,,,14 폐기물처리업체 전국취합
수집·운반,(주)자산이에스,수도권,경기도,부천시,경기도 부천시 옥산로251번길 20,032-677-5922,수집·운반업 · 처리방법 수집·운반 · 한강유역환경청,,,14 폐기물처리업체 전국취합
수집·운반,(주)자연산업,수도권,경기도,남양주시,경기도 남양주시 미금로 10 송라빌딩 402호,031-566-4477,수집·운반업 · 처리방법 수집·운반 · 한강유역환경청,,,14 폐기물처리업체 전국취합
수집·운반,(주)재운환경산업,수도권,경기도,평택시,경기 평택시 서탄면 내천리206-4,031-665-0451,수집·운반업 · 처리방법 수집·운반 · 한강유역환경청,,,14 폐기물처리업체 전국취합
수집·운반,(주)정인산업개발,수도권,경기도,연천군,경기 연천군 청산면순욱길 25-60,031-832-1918,수집·운반업 · 처리방법 수집·운반 · 한강유역환경청,,,14 폐기물처리업체 전국취합
수집·운반,(주)지엔티,수도권,경기도,화성시,경기도 화성시 동탄반석로 160 B동 504호,031-372-2191,수집·운반업 · 처리방법 수집·운반 · 한강유역환경청,,,14 폐기물처리업체 전국취합
수집·운반,(주)지인테크,수도권,경기도,평택시,경기 평택시 포승읍 서동대로 1147,031-684-4562,수집·운반업 · 처리방법 수집·운반 · 한강유역환경청,,,14 폐기물처리업체 전국취합
수집·운반,(주)진성건설에너지,수도권,경기도,동두천시,경기도 동두천시 삼육사로659번길 42-14,031-866-2114,수집·운반업 · 처리방법 수집·운반 · 한강유역환경청 / 중간처분업 · 처리방법 기타 · 한강유역환경청 / 중간 재활용업 · 처리방법 재활용,,,14 폐기물처리업체 전국취합
수집·운반,(주)초심,수도권,경기도,시흥시,"경기 시흥시 연성로 13번길 5-4, 402호 403호",031-319-9030,수집·운반업 · 처리방법 수집·운반 · 한강유역환경청 / 폐기물 수집·운반업체 (시흥센터 관할),"폐유, 폐유기용제 등",탑차 8대,03 지자체 관할 폐기물·중장비 업체 / 14 폐기물처리업체 전국취합
수집·운반,(주)케이비에스산업,수도권,경기도,시흥시,경기 시흥시 정왕동2321-1번지 블랙이글빌딩 5층,031-488-9371,수집·운반업 · 처리방법 수집·운반 · 한강유역환경청 / 폐기물 수집·운반업체 (시흥센터 관할),"(액상) 폐유, 폐유기용제, 폐산",탱크로리 1대,03 지자체 관할 폐기물·중장비 업체 / 14 폐기물처리업체 전국취합
수집·운반,(주)케이에스에너지(운반),수도권,경기도,화성시,경기 화성시 정남면 내향로 240-55,031-317-1674,수집·운반업 · 처리방법 수집·운반 · 한강유역환경청,,,14 폐기물처리업체 전국취합
수집·운반,(주)케이투제이개발,수도권,경기도,수원시,경기도 수원시 장안구 장안로 296 (정자동) 2층,031-268-7270,수집·운반업 · 처리방법 수집·운반 · 한강유역환경청,,,14 폐기물처리업체 전국취합
수집·운반,(주)케이환경(지정),수도권,경기도,화성시,경기 화성시 팔탄면 서해로 851-5,031-353-3554,수집·운반업 · 처리방법 수집·운반 · 한강유역환경청,,,14 폐기물처리업체 전국취합
수집·운반,(주)클린코리아,수도권,경기도,평택시,경기도 평택시 진위면 서탄로 43-6,031-668-0211,수집·운반업 · 처리방법 수집·운반 · 한강유역환경청 / 종합 재활용업 · 처리방법 재활용,,,14 폐기물처리업체 전국취합
수집·운반,(주)클린코리아 경기사업소,수도권,경기도,평택시,경기 평택시 삼봉로 77-8,031-663-3179,수집·운반업 · 처리방법 수집·운반 · 한강유역환경청,,,14 폐기물처리업체 전국취합
수집·운반,(주)클린환경,수도권,경기도,김포시,경기도 김포시 대곶면 수남로 55,031-996-4455,수집·운반업 · 처리방법 수집·운반 · 한강유역환경청,,,14 폐기물처리업체 전국취합
수집·운반,(주)탑에코,수도권,경기도,화성시,경기도 화성시 향남읍 장안로 662-107,031-8047-0407,수집·운반업 · 처리방법 수집·운반 · 한강유역환경청 / 종합 재활용업 · 처리방법 재활용,,,14 폐기물처리업체 전국취합
수집·운반,(주)하나이앤에스(운반),수도권,경기도,화성시,경기 화성시 장안면 노진리16-11,031-351-8873,수집·운반업 · 처리방법 수집·운반 · 한강유역환경청,,,14 폐기물처리업체 전국취합
수집·운반,(주)하이테크,수도권,경기도,부천시,"경기도 부천시 석천로 397 (삼정동, 부천테크노파크쌍용3차)101동 1209호 3호",0326242425,수집·운반업 · 처리방법 수집·운반 · 한강유역환경청,,,14 폐기물처리업체 전국취합
수집·운반,(주)하이텍코리아,수도권,경기도,양주시,경기 양주시 백석읍 가업리 570,031-855-7788,수집·운반업 · 처리방법 수집·운반 · 한강유역환경청,,,14 폐기물처리업체 전국취합
수집·운반,(주)화성에너텍,수도권,경기도,화성시,경기 화성시 비봉면 양노리760,031-355-7433,수집·운반업 · 처리방법 수집·운반 · 한강유역환경청,,,14 폐기물처리업체 전국취합
수집·운반,㈜케이엘에코,수도권,경기도,시흥시,"경기도 시흥시 오이도로 21, 에이랜드 에쓰비센타 617호",031-365-3947,폐기물 수집·운반업체 (시흥센터 관할),"폐유, 폐유기용제, 폐유독물 등",윙바디 2대,03 지자체 관할 폐기물·중장비 업체
수집·운반,거해지엔씨(주),수도권,경기도,평택시,"경기 평택시 진위면 동천리 613-1, 202호",031-668-1220,수집·운반업 · 처리방법 수집·운반 · 한강유역환경청,,,14 폐기물처리업체 전국취합
수집·운반,경기환경,수도권,경기도,화성시,경기 화성시 팔탄면 서해로987번길 11,031-227-5982,수집·운반업 · 처리방법 수집·운반 · 한강유역환경청,,,14 폐기물처리업체 전국취합
수집·운반,고려상사,수도권,경기도,남양주시,경기 남양주시 진건읍 용정리 237,031-574-5978,수집·운반업 · 처리방법 수집·운반 · 한강유역환경청,,,14 폐기물처리업체 전국취합
수집·운반,고성피앤피,수도권,경기도,용인시,경기 용인시 기흥구 언남동 2-1,,수집·운반업 · 처리방법 수집·운반 · 한강유역환경청,,,14 폐기물처리업체 전국취합
수집·운반,광진데코(주),수도권,경기도,화성시,경기 화성시 비봉면 양노남길 131,031-366-9565,수집·운반업 · 처리방법 수집·운반 · 한강유역환경청,,,14 폐기물처리업체 전국취합
수집·운반,기민이엔지(주),수도권,경기도,안산시,"경기도 안산시 상록구 안산천동로4길 10-1, 102호(월피동)",031-484-5953,수집·운반업 · 처리방법 수집·운반 · 한강유역환경청,,,14 폐기물처리업체 전국취합
수집·운반,기성산업환경(주),수도권,경기도,안산시,"경기 안산시 단원구 신길동1423-1, 5층",031-493-9679,수집·운반업 · 처리방법 수집·운반 · 한강유역환경청,,,14 폐기물처리업체 전국취합
수집·운반,까치환경(주)(운반),수도권,경기도,김포시,경기 김포시 통진읍 가현리616-1,031-997-9437,수집·운반업 · 처리방법 수집·운반 · 한강유역환경청,,,14 폐기물처리업체 전국취합
수집·운반,꿈에그린(주),수도권,경기도,화성시,경기 화성시 정남면서봉로851번길 16-8,031-354-2808,수집·운반업 · 처리방법 수집·운반 · 한강유역환경청,,,14 폐기물처리업체 전국취합
수집·운반,나로환경,수도권,경기도,평택시,경기도 평택시 청북읍 어연길 108-10,0316116661,수집·운반업 · 처리방법 수집·운반 · 한강유역환경청,,,14 폐기물처리업체 전국취합
수집·운반,남양그린(주),수도권,경기도,남양주시,"경기도 남양주시 경춘로1256번길 6 405호 (평내동,다모아프라자)",031-511-9831,수집·운반업 · 처리방법 수집·운반 · 한강유역환경청,,,14 폐기물처리업체 전국취합
수집·운반,대성리사이클,수도권,경기도,오산시,경기도 오산시 경기대로636번길 25,031-375-9225,수집·운반업 · 처리방법 수집·운반 · 한강유역환경청,,,14 폐기물처리업체 전국취합
수집·운반,대성자원 (수집운반),수도권,경기도,김포시,경기 김포시 대곶면 송마리210,032-563-3220,수집·운반업 · 처리방법 수집·운반 · 한강유역환경청,,,14 폐기물처리업체 전국취합
수집·운반,대양그린산업,수도권,경기도,화성시,경기 화성시 비봉면 자안리725,031-355-4423,수집·운반업 · 처리방법 수집·운반 · 한강유역환경청,,,14 폐기물처리업체 전국취합
수집·운반,대일개발(주),수도권,경기도,안산시,경기도 안산시 단원구 지원로 7 시화공단 5바 514,031-498-1451,수집·운반업 · 처리방법 수집·운반 · 한강유역환경청 / 중간처분업 · 처리방법 소각 · 한강유역환경청 / 중간처분업 · 처리방법 기타 · 한강유역환경청,,,14 폐기물처리업체 전국취합
수집·운반,대진개발(주),수도권,경기도,평택시,경기도 평택시 청북읍 청북산단로 40 302호,031-682-5604,수집·운반업 · 처리방법 수집·운반 · 한강유역환경청,,,14 폐기물처리업체 전국취합
수집·운반,덕산실업(주),수도권,경기도,안성시,경기도 안성시 미양면 미양로 269-130,031-671-1241,수집·운반업 · 처리방법 수집·운반 · 한강유역환경청 / 종합 재활용업 · 처리방법 재활용,,,14 폐기물처리업체 전국취합
수집·운반,덕은인터라인정유(주),수도권,경기도,화성시,경기 화성시 마도면 쌍송리268-3,031-357-5151,수집·운반업 · 처리방법 수집·운반 · 한강유역환경청 / 종합 재활용업 · 처리방법 재활용,,,14 폐기물처리업체 전국취합
수집·운반,동일특운(주),수도권,경기도,이천시,경기 이천시 율면 고당리140-1,031-641-0280,수집·운반업 · 처리방법 수집·운반 · 한강유역환경청,,,14 폐기물처리업체 전국취합
수집·운반,디에이치산업(주),수도권,경기도,화성시,경기도 화성시 마도면 해운로630번길 58 A동 1층,031-356-5976,수집·운반업 · 처리방법 수집·운반 · 한강유역환경청,,,14 폐기물처리업체 전국취합
수집·운반,디에이치환경(주),수도권,경기도,화성시,"경기 화성시 마도면 청원로 155번길 96
(쌍송리 405)",031-357-5930,수집·운반업 · 처리방법 수집·운반 · 한강유역환경청,,,14 폐기물처리업체 전국취합
수집·운반,미래폴,수도권,경기도,포천시,경기 포천시 창수면 추동리 570,031-531-7131,수집·운반업 · 처리방법 수집·운반 · 한강유역환경청,,,14 폐기물처리업체 전국취합
수집·운반,미래환경(지정),수도권,경기도,화성시,경기 화성시 팔탄면 가재리279-3(201호),031-202-5959,수집·운반업 · 처리방법 수집·운반 · 한강유역환경청,,,14 폐기물처리업체 전국취합
수집·운반,부경산업(주),수도권,경기도,안산시,경기도 안산시 단원구 신원로91번길 16 반월공단 608B-14L,031-491-3971,수집·운반업 · 처리방법 수집·운반 · 한강유역환경청 / 중간처분업 · 처리방법 소각 · 한강유역환경청,,,14 폐기물처리업체 전국취합
수집·운반,비노텍(주),수도권,경기도,안산시,경기 안산시 원시동836-9,031-491-5000,수집·운반업 · 처리방법 수집·운반 · 한강유역환경청 / 중간처분업 · 처리방법 소각 · 한강유역환경청,,,14 폐기물처리업체 전국취합
수집·운반,서원환경,수도권,경기도,고양시,경기도 고양시 덕양구 대장길 56-5 가동 (대장동),031-967-6623,수집·운반업 · 처리방법 수집·운반 · 한강유역환경청,,,14 폐기물처리업체 전국취합
수집·운반,성림유화(주),수도권,경기도,안산시,경기도 안산시 단원구 첨단로 215(성곡동),031-499-3813,수집·운반업 · 처리방법 수집·운반 · 한강유역환경청 / 중간처분업 · 처리방법 소각 · 한강유역환경청 / 중간처분업 · 처리방법 기타 · 한강유역환경청,,,14 폐기물처리업체 전국취합
수집·운반,세방정유(주),수도권,경기도,김포시,경기 김포시 대곶면 송마리209,031-989-5100,수집·운반업 · 처리방법 수집·운반 · 한강유역환경청 / 종합 재활용업 · 처리방법 재활용,,,14 폐기물처리업체 전국취합
수집·운반,세방환경(주),수도권,경기도,양주시,경기 양주시 남면운하로 88(상수리 5-5),031-866-0606,수집·운반업 · 처리방법 수집·운반 · 한강유역환경청,,,14 폐기물처리업체 전국취합
수집·운반,수정환경,수도권,경기도,시흥시,"경기도 시흥시 오이도로 21, 3층 315호 (정왕동, STEELLAND)",0314955257,수집·운반업 · 처리방법 수집·운반 · 한강유역환경청 / 폐기물 수집·운반업체 (시흥센터 관할),"폐유, 폐유기용제 등",탱크로리 1대,03 지자체 관할 폐기물·중장비 업체 / 14 폐기물처리업체 전국취합
수집·운반,신대한정유산업(주),수도권,경기도,화성시,"경기 화성시 정남면 고지리28-1,4번지(가장로 334-10)",031-352-3831,수집·운반업 · 처리방법 수집·운반 · 한강유역환경청 / 중간처분업 · 처리방법 소각 · 한강유역환경청 / 중간처분업 · 처리방법 기타 · 한강유역환경청 / 종합 재활용업 · 처리방법 재활용,,,14 폐기물처리업체 전국취합
수집·운반,신성화학,수도권,경기도,양주시,경기도 양주시 화합로1325번길 439,031-863-6177,수집·운반업 · 처리방법 수집·운반 · 한강유역환경청,,,14 폐기물처리업체 전국취합
수집·운반,신일정유,수도권,경기도,시흥시,경기도 시흥시 옥구천서로81번길 34 (정왕동 1355-9 시화공단 1마 317),031-498-8338,수집·운반업 · 처리방법 수집·운반 · 한강유역환경청 / 종합 재활용업 · 처리방법 재활용 / 폐기물 수집·운반업체 (시흥센터 관할),"폐유, 폐유기용제 등",탱크로리 10대,03 지자체 관할 폐기물·중장비 업체 / 14 폐기물처리업체 전국취합
수집·운반,아이엔지환경개발(주),수도권,경기도,고양시,경기 고양시 덕양구 내유동3번지,031-972-3084,수집·운반업 · 처리방법 수집·운반 · 한강유역환경청,,,14 폐기물처리업체 전국취합
수집·운반,에코프라임 주식회사,수도권,경기도,시흥시,"경기도 시흥시 오이도로 21, 725호",031-8042-5122,폐기물 수집·운반업체 (시흥센터 관할),"폐유, 폐유기용제 등",윙바디 5대,03 지자체 관할 폐기물·중장비 업체
수집·운반,에코환경,수도권,경기도,화성시,경기 화성시 양감면 신왕리 11-3,031-351-8827,수집·운반업 · 처리방법 수집·운반 · 한강유역환경청,,,14 폐기물처리업체 전국취합
수집·운반,예름사(주),수도권,경기도,부천시,경기도 부천시 오정로134번길 5,032-684-3743,수집·운반업 · 처리방법 수집·운반 · 한강유역환경청 / 종합 재활용업 · 처리방법 재활용,,,14 폐기물처리업체 전국취합
수집·운반,오복환경,수도권,경기도,평택시,경기 평택시 서탄면 수월암길 15-8 (수월암리 380-1),031-212-1083,수집·운반업 · 처리방법 수집·운반 · 한강유역환경청,,,14 폐기물처리업체 전국취합
수집·운반,용문산업(주),수도권,경기도,용인시,경기 용인시 처인구 백암면 가창로 29(가창리),031-338-8787,수집·운반업 · 처리방법 수집·운반 · 한강유역환경청,,,14 폐기물처리업체 전국취합
수집·운반,유진에너지(주),수도권,경기도,안산시,경기 안산시 상록구 본오동877-5 우남센스빌 535호,031-419-9480,수집·운반업 · 처리방법 수집·운반 · 한강유역환경청,,,14 폐기물처리업체 전국취합
수집·운반,이엔래비스(주),수도권,경기도,화성시,경기 화성시 우정읍 호곡리230-192,031-416-3515,수집·운반업 · 처리방법 수집·운반 · 한강유역환경청,,,14 폐기물처리업체 전국취합
수집·운반,인바이오텍(주) 화성지점,수도권,경기도,화성시,경기 화성시 팔탄면 율암리112-2,031-354-1990,수집·운반업 · 처리방법 수집·운반 · 한강유역환경청 / 중간처분업 · 처리방법 기타 · 한강유역환경청,,,14 폐기물처리업체 전국취합
수집·운반,인영리싸이클링(주),수도권,경기도,화성시,경기 화성시 장안면 수촌리745-10(방축말길35번길 60-13),0313543767,수집·운반업 · 처리방법 수집·운반 · 한강유역환경청 / 종합 재활용업 · 처리방법 재활용,,,14 폐기물처리업체 전국취합
수집·운반,일진환경(주),수도권,경기도,고양시,경기도 고양시 일산동구 고풍로43번길 36-14 201호 (풍동),031-907-7696,수집·운반업 · 처리방법 수집·운반 · 한강유역환경청,,,14 폐기물처리업체 전국취합
수집·운반,주식회사 그린이앤씨,수도권,경기도,평택시,경기도 평택시 포승읍 평택항만길 86-54,031-686-6796,수집·운반업 · 처리방법 수집·운반 · 한강유역환경청,,,14 폐기물처리업체 전국취합
수집·운반,주식회사 세진,수도권,경기도,화성시,경기도 화성시 양감면 초록로693번길 20-10,031-354-8266,수집·운반업 · 처리방법 수집·운반 · 한강유역환경청,,,14 폐기물처리업체 전국취합
수집·운반,주식회사 에스케이와이서비스,수도권,경기도,시흥시,경기도 시흥시 서해안로736번길 220,031-432-4646,수집·운반업 · 처리방법 수집·운반 · 한강유역환경청 / 폐기물 수집·운반업체 (시흥센터 관할),"폐유, 폐유기용제 등",탱크로리 1대,03 지자체 관할 폐기물·중장비 업체 / 14 폐기물처리업체 전국취합
수집·운반,주식회사 위캔두,수도권,경기도,시흥시,경기도 시흥시 하중로 193 2층 202호(하중동),031-431-9973,수집·운반업 · 처리방법 수집·운반 · 한강유역환경청 / 폐기물 수집·운반업체 (시흥센터 관할),"폐유, 폐유기용제 등",탱크로리 2대,03 지자체 관할 폐기물·중장비 업체 / 14 폐기물처리업체 전국취합
수집·운반,주식회사 화인에코,수도권,경기도,평택시,경기도 평택시 청북읍 현곡길 168-11,031-684-6667,수집·운반업 · 처리방법 수집·운반 · 한강유역환경청 / 종합 재활용업 · 처리방법 재활용,,,14 폐기물처리업체 전국취합
수집·운반,주식회사금왕산업개발,수도권,경기도,양평군,경기 양평군 지평면 무왕리337-2,031-774-1335,수집·운반업 · 처리방법 수집·운반 · 한강유역환경청,,,14 폐기물처리업체 전국취합
수집·운반,지알에스환경(주),수도권,경기도,안산시,"경기 안산시  상록구 양지편로 36, 201호",031-475-8056,수집·운반업 · 처리방법 수집·운반 · 한강유역환경청,,,14 폐기물처리업체 전국취합
수집·운반,천지에너지(주),수도권,경기도,시흥시,"경기도 시흥시 옥구천서로81번길 13, (정왕동 1697-2 시화공단 1마 503,천지에너지(주))",031-498-3251,수집·운반업 · 처리방법 수집·운반 · 한강유역환경청 / 종합 재활용업 · 처리방법 재활용 / 폐기물 수집·운반업체 (시흥센터 관할),"폐유, 폐유기용제 등",탱크로리 20대,03 지자체 관할 폐기물·중장비 업체 / 14 폐기물처리업체 전국취합
수집·운반,케이지이티에스(주),수도권,경기도,시흥시,경기 시흥시 소망공원로 5 (정왕동 1235-7),031-488-1192,수집·운반업 · 처리방법 수집·운반 · 한강유역환경청 / 중간처분업 · 처리방법 소각 · 한강유역환경청 / 중간처분업 · 처리방법 기타 · 한강유역환경청 / 종합 재활용업 · 처리방법 재활용 / 폐기물 중간처리업체 (시흥센터 관할),"폐유, 폐유기용제, 폐유독물 등",탱크로리 3대,03 지자체 관할 폐기물·중장비 업체 / 14 폐기물처리업체 전국취합
수집·운반,코어엔텍,수도권,경기도,시흥시,경기도 시흥시 소망공원로 5(정왕동 1235-7),031-499-2525,폐기물 수집·운반업체 (시흥센터 관할),"폐합성수지, 폐합성섬유(고상) 등",탱크로리 3대,03 지자체 관할 폐기물·중장비 업체
수집·운반,태양환경 주식회사,수도권,경기도,시흥시,"경기도 시흥시 평안상가4길 17(정왕동, 삼성프라자) 4층 8호",0314315244,수집·운반업 · 처리방법 수집·운반 · 한강유역환경청,,,14 폐기물처리업체 전국취합
수집·운반,하나케이주식회사,수도권,경기도,이천시,경기도 이천시 대월면 양녕로 57,031-632-8888,수집·운반업 · 처리방법 수집·운반 · 한강유역환경청,,,14 폐기물처리업체 전국취합
수집·운반,한국석유공업(주),수도권,경기도,화성시,경기 화성시 향남읍 구문천리657-6,031-354-2650,수집·운반업 · 처리방법 수집·운반 · 한강유역환경청,,,14 폐기물처리업체 전국취합
수집·운반,한국위험물환경기도술(주),수도권,경기도,군포시,경기 군포시 금정동 718-1(4층)(임대),031-457-1194,수집·운반업 · 처리방법 수집·운반 · 한강유역환경청,,,14 폐기물처리업체 전국취합
수집·운반,한국환경개발(주),수도권,경기도,안산시,경기도 안산시 단원구 첨단로207번길 5,031-498-6644,수집·운반업 · 처리방법 수집·운반 · 한강유역환경청 / 중간처분업 · 처리방법 소각 · 한강유역환경청 / 중간처분업 · 처리방법 기타 · 한강유역환경청,,,14 폐기물처리업체 전국취합
수집·운반,합자회사 서진,수도권,경기도,안산시,경기 안산시 상록구 사동1402-1번지(장화1길 50),031-408-8272,수집·운반업 · 처리방법 수집·운반 · 한강유역환경청,,,14 폐기물처리업체 전국취합
수집·운반,해성상사,수도권,경기도,김포시,경기도 김포시 양촌읍 삼도공단로11번길 31-1,0319844620,수집·운반업 · 처리방법 수집·운반 · 한강유역환경청,,,14 폐기물처리업체 전국취합
수집·운반,효원환경(주) 용인지점,수도권,경기도,용인시,경기도 용인시 처인구 이동읍 문화로 118,031-675-2350,수집·운반업 · 처리방법 수집·운반 · 한강유역환경청,,,14 폐기물처리업체 전국취합
수집·운반,(주)경기개발에너지,수도권,서울특별시,강동구,"서울 강동구 올림픽로 834(암사동,한강시티라이프 610호)",02-482-4782,수집·운반업 · 처리방법 수집·운반 · 한강유역환경청,,,14 폐기물처리업체 전국취합
수집·운반,(주)경희,수도권,서울특별시,서초구,서울 서초구 서초동 1714-16 원동빌딩 403호,,수집·운반업 · 처리방법 수집·운반 · 한강유역환경청,,,14 폐기물처리업체 전국취합
수집·운반,(주)녹색사람들,수도권,서울특별시,관악구,서울 관악구 봉천동1592-9 동산빌딩3층 2,02-857-5100,수집·운반업 · 처리방법 수집·운반 · 한강유역환경청,,,14 폐기물처리업체 전국취합
수집·운반,(주)동명엔터프라이즈,수도권,서울특별시,강남구,서울 강남구 역삼동839-11 동명빌딩,02-566-8359,수집·운반업 · 처리방법 수집·운반 · 한강유역환경청,,,14 폐기물처리업체 전국취합
수집·운반,(주)동부티엔에스,수도권,서울특별시,양천구,서울특별시 양천구 신정로 167 서부트럭터미널C동 1125호,02-2613-4500,수집·운반업 · 처리방법 수집·운반 · 한강유역환경청,,,14 폐기물처리업체 전국취합
수집·운반,(주)마이누리,수도권,서울특별시,서대문구,"서울 서대문구 응암로 94, 2층",,수집·운반업 · 처리방법 수집·운반 · 한강유역환경청,,,14 폐기물처리업체 전국취합
수집·운반,(주)삼표,수도권,서울특별시,송파구,"서울 송파구 올림픽로 493, N빌딩 8층(풍납동)",02-6270-0514,수집·운반업 · 처리방법 수집·운반 · 한강유역환경청,,,14 폐기물처리업체 전국취합
수집·운반,(주)서울산업컨설팅,수도권,서울특별시,구로구,"서울 구로구 오리로 1290, 4층",02-2683-2386,수집·운반업 · 처리방법 수집·운반 · 한강유역환경청,,,14 폐기물처리업체 전국취합
수집·운반,덕양엔지니어링(주),수도권,서울특별시,영등포구,서울 영등포구 양평동5가 122,02-2636-0997,수집·운반업 · 처리방법 수집·운반 · 한강유역환경청,,,14 폐기물처리업체 전국취합
수집·운반,삼희환경,수도권,서울특별시,은평구,서울 은평구 응암동 91-5(2층),02-356-6037,수집·운반업 · 처리방법 수집·운반 · 한강유역환경청,,,14 폐기물처리업체 전국취합
수집·운반,주식회사 에스티모빅,수도권,서울특별시,강동구,"서울특별시 강동구 천중로 201 3층 (길동,코튼빌딩)",02-472-5517,수집·운반업 · 처리방법 수집·운반 · 한강유역환경청,,,14 폐기물처리업체 전국취합
수집·운반,(주)가달이엔티,수도권,인천광역시,서구,인천광역시 서구 두루물로96번길 18 1층 (오류동),032-582-8855,수집·운반업 · 처리방법 수집·운반 · 한강유역환경청,,,14 폐기물처리업체 전국취합
수집·운반,(주)남동이엔지,수도권,인천광역시,남동구,"인천광역시 남동구 논현로46번길 51 (논현동, 유승테라폴리스) 1318호",070-7543-8764,수집·운반업 · 처리방법 수집·운반 · 한강유역환경청,,,14 폐기물처리업체 전국취합
수집·운반,(주)드림월드개발,수도권,인천광역시,남동구,인천 남동구 고잔동150번지,032-467-0070,수집·운반업 · 처리방법 수집·운반 · 한강유역환경청,,,14 폐기물처리업체 전국취합
수집·운반,(주)북부환경,수도권,인천광역시,미추홀구,인천 남구 학익동 251-39,032-583-0151,수집·운반업 · 처리방법 수집·운반 · 한강유역환경청,,,14 폐기물처리업체 전국취합
수집·운반,(주)삼화정유,수도권,인천광역시,서구,인천 서구 석남동223-259,032-578-8490,수집·운반업 · 처리방법 수집·운반 · 한강유역환경청 / 중간 재활용업 · 처리방법 재활용,,,14 폐기물처리업체 전국취합
수집·운반,(주)삼화정유(운반)경유시,수도권,인천광역시,서구,인천 서구 석남동223-259,032-578-8490,수집·운반업 · 처리방법 수집·운반 · 한강유역환경청,,,14 폐기물처리업체 전국취합
수집·운반,(주)새움,수도권,인천광역시,서구,인천광역시 서구 원당대로480번길 10 (왕길동 112-1),032-561-4221,수집·운반업 · 처리방법 수집·운반 · 한강유역환경청,,,14 폐기물처리업체 전국취합
수집·운반,(주)선방,수도권,인천광역시,중구,인천광역시 중구 연안부두로21번길 13 유한빌딩 301-B,032-888-3151,수집·운반업 · 처리방법 수집·운반 · 한강유역환경청,,,14 폐기물처리업체 전국취합
수집·운반,(주)세명이앤지,수도권,인천광역시,남동구,인천 남동구 고잔동631(산업용품상가 제B동 254호(임대)),032-817-0361,수집·운반업 · 처리방법 수집·운반 · 한강유역환경청,,,14 폐기물처리업체 전국취합
수집·운반,(주)신대한환경,수도권,인천광역시,동구,인천 동구 송림동296-15,032-578-1355,수집·운반업 · 처리방법 수집·운반 · 한강유역환경청,,,14 폐기물처리업체 전국취합
수집·운반,(주)유니환경,수도권,인천광역시,동구,"인천광역시 동구 보세로 29(만석동,유니환경)",032-579-4408,수집·운반업 · 처리방법 수집·운반 · 한강유역환경청,,,14 폐기물처리업체 전국취합
수집·운반,(주)유성엔텍[구.유성엔텍],수도권,인천광역시,서구,"인천 서구 북항로31번길 24, 2층",032-582-6811,수집·운반업 · 처리방법 수집·운반 · 한강유역환경청,,,14 폐기물처리업체 전국취합
수집·운반,(주)이지엔텍,수도권,인천광역시,남동구,인천 남동구 구월동 1148-4 3층,0328151881,수집·운반업 · 처리방법 수집·운반 · 한강유역환경청,,,14 폐기물처리업체 전국취합
수집·운반,(주)이피코리아,수도권,인천광역시,미추홀구,인천 남구 학익동587-58 114호,032-831-1180,수집·운반업 · 처리방법 수집·운반 · 한강유역환경청,,,14 폐기물처리업체 전국취합
수집·운반,(주)정인로지스,수도권,인천광역시,미추홀구,인천 남구 미추로 61 (숭의동 159-1) 광해리드빌 101동 203호,031-356-2188,수집·운반업 · 처리방법 수집·운반 · 한강유역환경청,,,14 폐기물처리업체 전국취합
수집·운반,(주)정화,수도권,인천광역시,남동구,인천광역시 남동구 서창남순환로215번길 48,032-466-7972,수집·운반업 · 처리방법 수집·운반 · 한강유역환경청,,,14 폐기물처리업체 전국취합
수집·운반,(주)지앤에스환경,수도권,인천광역시,남동구,인천 남동구 고잔동630 비동 240호,032-815-3187,수집·운반업 · 처리방법 수집·운반 · 한강유역환경청,,,14 폐기물처리업체 전국취합
수집·운반,(주)한강건설환경,수도권,인천광역시,강화군,인천 강화군 불은면 신현리1-4,032-937-4117,수집·운반업 · 처리방법 수집·운반 · 한강유역환경청,,,14 폐기물처리업체 전국취합
수집·운반,(주)한정특수,수도권,인천광역시,동구,인천 동구 송림동295번지 (산업용품유통센타 17동 234호),032-817-8787,수집·운반업 · 처리방법 수집·운반 · 한강유역환경청,,,14 폐기물처리업체 전국취합
수집·운반,(주)향우,수도권,인천광역시,남동구,"인천광역시 남동구 논고개로123번길 35, 713-2호 (논현동,칼리오페)",032-812-7101,수집·운반업 · 처리방법 수집·운반 · 한강유역환경청,,,14 폐기물처리업체 전국취합
수집·운반,(주)현성환경개발,수도권,인천광역시,동구,"인천 동구 방축로 37번길 30, 인천산업용품유통단지 8동 313호",032-571-6767,수집·운반업 · 처리방법 수집·운반 · 한강유역환경청,,,14 폐기물처리업체 전국취합
수집·운반,경인환경에너지(주),수도권,인천광역시,서구,인천광역시 서구 사렴로65번길 24 (경서동 678-1),032-567-2929,수집·운반업 · 처리방법 수집·운반 · 한강유역환경청 / 중간처분업 · 처리방법 소각 · 한강유역환경청,,,14 폐기물처리업체 전국취합
수집·운반,광성환경(주),수도권,인천광역시,동구,인천 동구 송림동 297-44,032-578-4800,수집·운반업 · 처리방법 수집·운반 · 한강유역환경청,,,14 폐기물처리업체 전국취합
수집·운반,그린텍(Green Tec),수도권,인천광역시,동구,"인천광역시 동구 방축로83번길 23 (송현동,인천산업용품유통단지)",032-589-6166,수집·운반업 · 처리방법 수집·운반 · 한강유역환경청,,,14 폐기물처리업체 전국취합
수집·운반,나우엔텍,수도권,인천광역시,서구,인천 서구 석남동223-716,0325759705,수집·운반업 · 처리방법 수집·운반 · 한강유역환경청,,,14 폐기물처리업체 전국취합
수집·운반,남동에너지(주),수도권,인천광역시,남동구,인천 남동구 고잔동728-7 (남동공단 157-9LT),032-812-0871,수집·운반업 · 처리방법 수집·운반 · 한강유역환경청 / 종합 재활용업 · 처리방법 재활용,,,14 폐기물처리업체 전국취합
수집·운반,대성자원(검단점),수도권,인천광역시,서구,인천광역시 서구 봉수대로1581번길 5-7,032-568-3224,수집·운반업 · 처리방법 수집·운반 · 한강유역환경청,,,14 폐기물처리업체 전국취합
수집·운반,대한민국상이군경회 인천광역시지부 지정폐기물사업소,수도권,인천광역시,남동구,"인천 남동구 경인로 734, 2층(간석동, 인천보훈회관)",032-507-7641,수집·운반업 · 처리방법 수집·운반 · 한강유역환경청,,,14 폐기물처리업체 전국취합
수집·운반,도명특송 주식회사,수도권,인천광역시,서구,인천광역시 서구 중봉대로393번길 36,032-583-6111,수집·운반업 · 처리방법 수집·운반 · 한강유역환경청,,,14 폐기물처리업체 전국취합
수집·운반,동국종합상사,수도권,인천광역시,부평구,인천 부평구 부평동 457-9 이레빌딩 201호,032-514-9777,수집·운반업 · 처리방법 수집·운반 · 한강유역환경청,,,14 폐기물처리업체 전국취합
수집·운반,동양탱크산업,수도권,인천광역시,중구,"인천광역시 중구 서해대로210번길 33 (A동 204호, 신흥동3가)",032-888-7781,수집·운반업 · 처리방법 수집·운반 · 한강유역환경청,,,14 폐기물처리업체 전국취합
수집·운반,삼호환경(주),수도권,인천광역시,남동구,"인천광역시 남동구 인주대로 793 302호 (구월동,진흥빌딩)",032-467-0142,수집·운반업 · 처리방법 수집·운반 · 한강유역환경청,,,14 폐기물처리업체 전국취합
수집·운반,신오케미칼(주),수도권,인천광역시,서구,인천 서구 석남동223-468,032-584-3901,수집·운반업 · 처리방법 수집·운반 · 한강유역환경청 / 종합 재활용업 · 처리방법 재활용,,,14 폐기물처리업체 전국취합
수집·운반,에스지개발(주)(남동구),수도권,인천광역시,남동구,인천 남동구 논현고잔로 56,032-421-0497,수집·운반업 · 처리방법 수집·운반 · 한강유역환경청 / 종합 재활용업 · 처리방법 재활용,,,14 폐기물처리업체 전국취합
수집·운반,에이치환경,수도권,인천광역시,남동구,인천광역시 남동구 소래역남로16번길 8-7 소래시티 602호 (논현동),07041150801,수집·운반업 · 처리방법 수집·운반 · 한강유역환경청,,,14 폐기물처리업체 전국취합
수집·운반,예담환경(주),수도권,인천광역시,남동구,"인천광역시 남동구 남동서로236번길 40 (논현동,예성빌딩)",032-822-9068,수집·운반업 · 처리방법 수집·운반 · 한강유역환경청,,,14 폐기물처리업체 전국취합
수집·운반,욱성산업(주),수도권,인천광역시,남동구,인천 남동구 장수동778-4 장환빌딩 2층,032-463-3155,수집·운반업 · 처리방법 수집·운반 · 한강유역환경청,,,14 폐기물처리업체 전국취합
수집·운반,유성이엔텍,수도권,인천광역시,동구,인천 동구 송림동294  산업용품유통센터 15동 306호,032-588-3830,수집·운반업 · 처리방법 수집·운반 · 한강유역환경청,,,14 폐기물처리업체 전국취합
수집·운반,이가환경,수도권,인천광역시,남동구,"인천 남동구 구월로 129, 504호",032-818-7260,수집·운반업 · 처리방법 수집·운반 · 한강유역환경청,,,14 폐기물처리업체 전국취합
수집·운반,이경화학주식회사,수도권,인천광역시,서구,"인천광역시 서구 검단천로 155 (오류동,이알에스켐)",032-573-9200,수집·운반업 · 처리방법 수집·운반 · 한강유역환경청 / 종합 재활용업 · 처리방법 재활용,,,14 폐기물처리업체 전국취합
수집·운반,인성코퍼레이션(주),수도권,인천광역시,계양구,인천 계양구 서운동서운산업로 47번길8,032-555-7971,수집·운반업 · 처리방법 수집·운반 · 한강유역환경청,,,14 폐기물처리업체 전국취합
수집·운반,인하환경,수도권,인천광역시,연수구,"인천 연수구 청능대로 113번길 11(연수동, 연수그린타워 403호)",032-814-8778,수집·운반업 · 처리방법 수집·운반 · 한강유역환경청,,,14 폐기물처리업체 전국취합
수집·운반,주식회사 동원환경,수도권,인천광역시,연수구,인천 연수구 함박뫼로4번길 17,032-812-1614,수집·운반업 · 처리방법 수집·운반 · 한강유역환경청,,,14 폐기물처리업체 전국취합
수집·운반,주식회사 베르데산업,수도권,인천광역시,남동구,인천광역시 남동구 석산로 125,0324296777,수집·운반업 · 처리방법 수집·운반 · 한강유역환경청,,,14 폐기물처리업체 전국취합
수집·운반,진성산업개발(주),수도권,인천광역시,미추홀구,인천광역시 미추홀구 소성로 153 503호,032-467-1376,수집·운반업 · 처리방법 수집·운반 · 한강유역환경청,,,14 폐기물처리업체 전국취합
수집·운반,(주)근영케미칼,전라권역,광주광역시,광산구,광주 광산구 도천동도천북길 59,062-974-3445,수집·운반업 · 처리방법 수집·운반 · 영산강유역환경청,,,14 폐기물처리업체 전국취합
수집·운반,(주)대림정유,전라권역,광주광역시,광산구,광주 광산구 하남산단7번로 42-3,062-952-3855,수집·운반업 · 처리방법 수집·운반 · 영산강유역환경청,,,14 폐기물처리업체 전국취합
수집·운반,(주)무등환경,전라권역,광주광역시,광산구,"광주 광산구 금봉로 18, 107호",062-946-0100,수집·운반업 · 처리방법 수집·운반 · 영산강유역환경청,,,14 폐기물처리업체 전국취합
수집·운반,(주)빛고을환경,전라권역,광주광역시,광산구,광주광역시 광산구 도천남길 41-27,062-954-7600,수집·운반업 · 처리방법 수집·운반 · 영산강유역환경청,,,14 폐기물처리업체 전국취합
수집·운반,(주)아이온,전라권역,광주광역시,광산구,광주광역시 광산구 하남산단1번로 23,062-531-6117,수집·운반업 · 처리방법 수집·운반 · 영산강유역환경청,,,14 폐기물처리업체 전국취합
수집·운반,(주)전남클린코리아,전라권역,광주광역시,광산구,"광주 광산구 체암로 1612, 나동",0629732431,수집·운반업 · 처리방법 수집·운반 · 영산강유역환경청,,,14 폐기물처리업체 전국취합
수집·운반,(주)중경,전라권역,광주광역시,남구,광주 남구 서문대로 834,062-953-8902,수집·운반업 · 처리방법 수집·운반 · 영산강유역환경청,,,14 폐기물처리업체 전국취합
수집·운반,(주)지구환경서비스,전라권역,광주광역시,광산구,광주 광산구 소촌로152번길 53-24 에이동호,062-675-1215,수집·운반업 · 처리방법 수집·운반 · 영산강유역환경청,,,14 폐기물처리업체 전국취합
수집·운반,DS스틸,전라권역,광주광역시,북구,광주 북구 동운로32번길 30(동림동),062-522-3410,수집·운반업 · 처리방법 수집·운반 · 영산강유역환경청,,,14 폐기물처리업체 전국취합
수집·운반,자연환경(유),전라권역,광주광역시,광산구,광주 광산구 우산천변길 67-30,062-674-2060,수집·운반업 · 처리방법 수집·운반 · 영산강유역환경청,,,14 폐기물처리업체 전국취합
수집·운반,(유)대한환경,전라권역,전라남도,,여수시 연등1길 175,061-666-2220,폐기물 수집·운반업체 (여수센터 관할),사업장 배출시설계 폐기물,밀폐형덮개차량 3대,03 지자체 관할 폐기물·중장비 업체
수집·운반,(유)동부환경,전라권역,전라남도,여수시,전남 여수시 상암로 325,061-653-7666,수집·운반업 · 처리방법 수집·운반 · 영산강유역환경청 / 폐기물 수집·운반업체 (여수센터 관할),사업장 배출시설계 폐기물,밀폐식차량 4대,03 지자체 관할 폐기물·중장비 업체 / 14 폐기물처리업체 전국취합
수집·운반,(유)마로현로지스,전라권역,전라남도,광양시,전라남도 광양시 태인4길 33\_ ㈜대한통운 (태인동),,폐기물수집운반업 (여수센터 관할),사업장폐기물 등,덤프트럭 2대,03 지자체 관할 폐기물·중장비 업체
수집·운반,(유)미림산업,전라권역,전라남도,순천시,전남 순천시 서면 구랑실재길 103,0617410015,수집·운반업 · 처리방법 수집·운반 · 영산강유역환경청,,,14 폐기물처리업체 전국취합
수집·운반,(유)세림상운,전라권역,전라남도,광양시,전남 광양시 마동421-2,061-792-5709,수집·운반업 · 처리방법 수집·운반 · 영산강유역환경청 / 폐기물수집운반업 (여수센터 관할),사업장폐기물 등,기타차량 12대,03 지자체 관할 폐기물·중장비 업체 / 14 폐기물처리업체 전국취합
수집·운반,(유)신성물류산업,전라권역,전라남도,광양시,전라남도 광양시 중마로 35\_ 2층 (중동),,폐기물수집운반업 (여수센터 관할),사업장폐기물 등,밀폐식차량 1대,03 지자체 관할 폐기물·중장비 업체
수집·운반,(유)신한성,전라권역,전라남도,광양시,전라남도 광양시 광양읍 초남공단1길 23,061-762-7080,폐기물수집운반업 (여수센터 관할),사업장폐기물 등,콘테이너트럭 5대,03 지자체 관할 폐기물·중장비 업체
수집·운반,(유)우성통운,전라권역,전라남도,광양시,전라남도 광양시 삼봉산로 29 (태인동),061-791-4410,폐기물수집운반업 (여수센터 관할),사업장폐기물 등,기타차량 2대,03 지자체 관할 폐기물·중장비 업체
수집·운반,(유)제후기업,전라권역,전라남도,광양시,전라남도 광양시 사동로 5 (중동),,폐기물수집운반업 (여수센터 관할),사업장폐기물 등,덤프트럭 2대,03 지자체 관할 폐기물·중장비 업체
수집·운반,(유)중앙환경건설,전라권역,전라남도,,여수시 둔덕2길 46,061-654-5301,폐기물 수집·운반업체 (여수센터 관할),사업장 배출시설계 폐기물,트럭 2대,03 지자체 관할 폐기물·중장비 업체
수집·운반,(유)천하환경,전라권역,전라남도,영암군,전남 영암군 삼호읍 백야길 29-215,061-464-3000,수집·운반업 · 처리방법 수집·운반 · 영산강유역환경청,,,14 폐기물처리업체 전국취합
수집·운반,(유)청아특수,전라권역,전라남도,광양시,전라남도 광양시 옥곡면 신금산단5길 61\_ 3층,061-772-5135,폐기물수집운반업 (여수센터 관할),사업장폐기물 등,기타차량 8대,03 지자체 관할 폐기물·중장비 업체
수집·운반,(유)한신특수,전라권역,전라남도,광양시,전라남도 광양시 진월면 백운1로 477\_ 2층,,폐기물수집운반업 (여수센터 관할),사업장폐기물 등,기타차량 14대,03 지자체 관할 폐기물·중장비 업체
수집·운반,(주)HR-PORT,전라권역,전라남도,광양시,전라남도 광양시 제철로 1655-251\_ 포스코해운센터 D동 3호 (금호동),061-792-3437,폐기물수집운반업 (여수센터 관할),사업장폐기물 등,운반용압착차량 1대,03 지자체 관할 폐기물·중장비 업체
수집·운반,(주)가나환경,전라권역,전라남도,광양시,전남 광양시 성황동 184-1,061-791-5566,수집·운반업 · 처리방법 수집·운반 · 영산강유역환경청,,,14 폐기물처리업체 전국취합
수집·운반,(주)거우,전라권역,전라남도,광양시,전라남도 광양시 광포3길 3 (광영동),061-794-2334,폐기물수집운반업 (여수센터 관할),사업장폐기물 등,덤프트럭 2대,03 지자체 관할 폐기물·중장비 업체
수집·운반,(주)경진물류,전라권역,전라남도,광양시,전라남도 광양시 중마로 15\_ 내트럭하우스 210호 (도이동),061-791-2041,폐기물수집운반업 (여수센터 관할),사업장폐기물 등,덤프트럭 4대,03 지자체 관할 폐기물·중장비 업체
수집·운반,(주)광양기업,전라권역,전라남도,광양시,전라남도 광양시 삼봉산로 10 (태인동),061-798-4001,폐기물수집운반업 (여수센터 관할),사업장폐기물 등,기타차량 13대,03 지자체 관할 폐기물·중장비 업체
수집·운반,(주)광양환경공사,전라권역,전라남도,광양시,전라남도 광양시 광양읍 유당로 35,061-761-0067,폐기물수집운반업 (여수센터 관할),사업장폐기물 등,운반용압착차량 15대,03 지자체 관할 폐기물·중장비 업체
수집·운반,(주)그린(여수),전라권역,전라남도,여수시,전남 여수시 봉계3길 19,061-691-4161,수집·운반업 · 처리방법 수집·운반 · 영산강유역환경청,,,14 폐기물처리업체 전국취합
수집·운반,(주)그린이엔지,전라권역,전라남도,광양시,전라남도 광양시 광양읍 인덕4길 17,061-762-8869,폐기물수집운반업 (여수센터 관할),사업장폐기물 등,기타차량 1대,03 지자체 관할 폐기물·중장비 업체
수집·운반,(주)그린포트(여수),전라권역,전라남도,여수시,전라남도 여수시 웅천남4로 17 비동 903호 (웅천동),061-685-9411,수집·운반업 · 처리방법 수집·운반 · 영산강유역환경청,,,14 폐기물처리업체 전국취합
수집·운반,(주)금호,전라권역,전라남도,광양시,전라남도 광양시 중마청룡길 6 (중동),061-792-8234,폐기물수집운반업 (여수센터 관할),사업장폐기물 등,밀폐식차량 1대,03 지자체 관할 폐기물·중장비 업체
수집·운반,(주)남진환경,전라권역,전라남도,광양시,전라남도 광양시 제철로 637 (황금동),061-794-3400,폐기물수집운반업 (여수센터 관할),사업장폐기물 등,암롤트럭 3대,03 지자체 관할 폐기물·중장비 업체
수집·운반,(주)녹색환경산업,전라권역,전라남도,,여수시 소라면 봉두로 61,061-685-3300,폐기물 수집·운반업체 (여수센터 관할),사업장 배출시설계 폐기물,밀폐식 운반차량 3대,03 지자체 관할 폐기물·중장비 업체
수집·운반,(주)녹색환경산업(여수),전라권역,전라남도,여수시,전남 여수시 소라면 봉두로 61,061-685-3300,수집·운반업 · 처리방법 수집·운반 · 영산강유역환경청,,,14 폐기물처리업체 전국취합
수집·운반,(주)대광,전라권역,전라남도,광양시,전라남도 광양시 태인5길 7 (태인동),061-792-7000,폐기물수집운반업 (여수센터 관할),사업장폐기물 등,덤프트럭 6대,03 지자체 관할 폐기물·중장비 업체
수집·운반,(주)대신환경(전남여수),전라권역,전라남도,여수시,전남 여수시 소라면 봉두리922,061-685-3696,수집·운반업 · 처리방법 수집·운반 · 영산강유역환경청,,,14 폐기물처리업체 전국취합
수집·운반,(주)대영기업,전라권역,전라남도,광양시,전라남도 광양시 진월면 백운1로 526,061-772-7901,폐기물수집운반업 (여수센터 관할),사업장폐기물 등,덤프트럭 2대,03 지자체 관할 폐기물·중장비 업체
수집·운반,(주)대웅,전라권역,전라남도,광양시,전라남도 광양시 태인길 18 (태인동),061-792-0209,폐기물수집운반업 (여수센터 관할),사업장폐기물 등,기타차량 1대,03 지자체 관할 폐기물·중장비 업체
수집·운반,(주)대원이엔티,전라권역,전라남도,광양시,전라남도 광양시 광양읍 직동1길 24,061-772-8700,폐기물수집운반업 (여수센터 관할),사업장폐기물 등,암롤트럭 6대,03 지자체 관할 폐기물·중장비 업체
수집·운반,(주)대원특수,전라권역,전라남도,광양시,전라남도 광양시 진월면 백운1로 532,061-794-8458,폐기물수집운반업 (여수센터 관할),사업장폐기물 등,기타차량 14대,03 지자체 관할 폐기물·중장비 업체
수집·운반,(주)대한물류,전라권역,전라남도,광양시,전라남도 광양시 항만9로 148\_ 2층 (중동),061-772-9005,폐기물수집운반업 (여수센터 관할),사업장폐기물 등,덤프트럭 2대,03 지자체 관할 폐기물·중장비 업체
수집·운반,(주)대한산업,전라권역,전라남도,광양시,전라남도 광양시 길호5길 14\_ 102호 (중동),,폐기물수집운반업 (여수센터 관할),사업장폐기물 등,덤프트럭 7대,03 지자체 관할 폐기물·중장비 업체
수집·운반,(주)동후,전라권역,전라남도,광양시,전라남도 광양시 폭포사랑길 20-26 (금호동),061-760-8565,폐기물수집운반업 (여수센터 관할),사업장폐기물 등,기타차량 2대,03 지자체 관할 폐기물·중장비 업체
수집·운반,(주)디에이치운송,전라권역,전라남도,광양시,전라남도 광양시 김시식지1길 57-63\_ 2층 (태인동),,폐기물수집운반업 (여수센터 관할),사업장폐기물 등,덤프트럭 2대,03 지자체 관할 폐기물·중장비 업체
수집·운반,(주)마래이엔티,전라권역,전라남도,광양시,전라남도 광양시 광양읍 제철로 395-2,061-761-7783,폐기물수집운반업 (여수센터 관할),사업장폐기물 등,덤프트럭 6대,03 지자체 관할 폐기물·중장비 업체
수집·운반,(주)마루기업,전라권역,전라남도,광양시,전라남도 광양시 제철로 1134 (황길동),061-792-8111,폐기물수집운반업 (여수센터 관할),사업장폐기물 등,덤프트럭 6대,03 지자체 관할 폐기물·중장비 업체
수집·운반,(주)매니지환경,전라권역,전라남도,광양시,전라남도 광양시 광양읍 직동1길 229,061-762-2227,폐기물수집운반업 (여수센터 관할),사업장폐기물 등,암롤트럭 4대,03 지자체 관할 폐기물·중장비 업체
수집·운반,(주)명진,전라권역,전라남도,장성군,전남 장성군 황룡면 신호리84-1,061-392-5780,수집·운반업 · 처리방법 수집·운반 · 영산강유역환경청,,,14 폐기물처리업체 전국취합
수집·운반,(주)목포청결사,전라권역,전라남도,목포시,전남 목포시 연산동둔재머리길 53,061-283-2816,수집·운반업 · 처리방법 수집·운반 · 영산강유역환경청,,,14 폐기물처리업체 전국취합
수집·운반,(주)바렉코퍼레이션,전라권역,전라남도,광양시,전라남도 광양시 옥정로 93-44 (성황동),,폐기물수집운반업 (여수센터 관할),사업장폐기물 등,덤프트럭 2대,03 지자체 관할 폐기물·중장비 업체
수집·운반,(주)백운환경,전라권역,전라남도,광양시,전라남도 광양시 봉강면 매천로 633-5,061-762-9220,폐기물수집운반업 (여수센터 관할),사업장폐기물 등,암롤트럭 6대,03 지자체 관할 폐기물·중장비 업체
수집·운반,(주)벽진,전라권역,전라남도,광양시,전라남도 광양시 옥곡면 옥정로 347,061-772-9646,폐기물수집운반업 (여수센터 관할),사업장폐기물 등,기타차량 10대,03 지자체 관할 폐기물·중장비 업체
수집·운반,(주)삼도물류,전라권역,전라남도,광양시,전라남도 광양시 광양읍 희양현로 87,061-761-1467,폐기물수집운반업 (여수센터 관할),사업장폐기물 등,기타차량 8대,03 지자체 관할 폐기물·중장비 업체
수집·운반,(주)상록,전라권역,전라남도,광양시,전남 광양시 옥곡면 신금산단5길 61,061-772-3500,수집·운반업 · 처리방법 수집·운반 · 영산강유역환경청,,,14 폐기물처리업체 전국취합
수집·운반,(주)서진기업,전라권역,전라남도,광양시,전라남도 광양시 백운1로 57 (태인동),061-795-0228,폐기물수집운반업 (여수센터 관할),사업장폐기물 등,기타차량 4대,03 지자체 관할 폐기물·중장비 업체
수집·운반,(주)성광기업,전라권역,전라남도,광양시,전라남도 광양시 도촌길 13-3 (광영동),061-792-9971,폐기물수집운반업 (여수센터 관할),사업장폐기물 등,덤프트럭 2대,03 지자체 관할 폐기물·중장비 업체
수집·운반,(주)성윤,전라권역,전라남도,광양시,전라남도 광양시 제철로 1706 (금호동),061-795-8005,폐기물수집운반업 (여수센터 관할),사업장폐기물 등,카고트럭 6대,03 지자체 관할 폐기물·중장비 업체
수집·운반,(주)성주기업,전라권역,전라남도,광양시,전라남도 광양시 옥곡면 강변로 251 (대륙주유소),061-772-9956,폐기물수집운반업 (여수센터 관할),사업장폐기물 등,덤프트럭 10대,03 지자체 관할 폐기물·중장비 업체
수집·운반,(주)세운,전라권역,전라남도,광양시,전라남도 광양시 광양읍 읍성길 174,061-763-3033,폐기물수집운반업 (여수센터 관할),사업장폐기물 등,밀폐식차량 2대,03 지자체 관할 폐기물·중장비 업체
수집·운반,(주)세윤,전라권역,전라남도,순천시,전남 순천시 서면 압곡리572,061-755-1119,수집·운반업 · 처리방법 수집·운반 · 영산강유역환경청,,,14 폐기물처리업체 전국취합
수집·운반,(주)세인,전라권역,전라남도,광양시,전라남도 광양시 항만13로 23-7\_ 201호 (중동),061-793-5005,폐기물수집운반업 (여수센터 관할),사업장폐기물 등,덤프트럭 3대,03 지자체 관할 폐기물·중장비 업체
수집·운반,(주)세인물류,전라권역,전라남도,광양시,전라남도 광양시 용지길 10 (태인동),061-793-8004,폐기물수집운반업 (여수센터 관할),사업장폐기물 등,덤프트럭 6대,03 지자체 관할 폐기물·중장비 업체
수집·운반,(주)세종로지스,전라권역,전라남도,광양시,전라남도 광양시 용지길 10 (태인동),061-791-8526,폐기물수집운반업 (여수센터 관할),사업장폐기물 등,덤프트럭 5대,03 지자체 관할 폐기물·중장비 업체
수집·운반,(주)세풍자연환경,전라권역,전라남도,광양시,전라남도 광양시 광양읍 인서6길 9,061-761-0022,폐기물수집운반업 (여수센터 관할),사업장폐기물 등,암롤트럭 2대,03 지자체 관할 폐기물·중장비 업체
수집·운반,(주)솔로지스틱스,전라권역,전라남도,광양시,전라남도 광양시 항만7로 6 (도이동),061-763-8387,폐기물수집운반업 (여수센터 관할),사업장폐기물 등,기타차량 3대,03 지자체 관할 폐기물·중장비 업체
수집·운반,(주)순천에코환경,전라권역,전라남도,순천시,전남 순천시 해룡면 해룡로 496,061-723-2442,수집·운반업 · 처리방법 수집·운반 · 영산강유역환경청,,,14 폐기물처리업체 전국취합
수집·운반,(주)신광이엔씨,전라권역,전라남도,광양시,전라남도 광양시 백운로 996 (성황동),061-795-2990,폐기물수집운반업 (여수센터 관할),사업장폐기물 등,기타차량 2대,03 지자체 관할 폐기물·중장비 업체
수집·운반,(주)신정개발,전라권역,전라남도,여수시,전남 여수시 봉계2길 27,061-682-5537,수집·운반업 · 처리방법 수집·운반 · 영산강유역환경청,,,14 폐기물처리업체 전국취합
수집·운반,(주)신한로지스,전라권역,전라남도,광양시,전라남도 광양시 광영로 57 (광영동),061-795-6361,폐기물수집운반업 (여수센터 관할),사업장폐기물 등,덤프트럭 4대,03 지자체 관할 폐기물·중장비 업체
수집·운반,(주)에버그린,전라권역,전라남도,광양시,"전남 광양시 백운로 1027, 2층(성황동)",061-763-2810,수집·운반업 · 처리방법 수집·운반 · 영산강유역환경청,,,14 폐기물처리업체 전국취합
수집·운반,(주)에스비코리아,전라권역,전라남도,광양시,전라남도 광양시 광양읍 덕산5길 45,061-791-7701,폐기물수집운반업 (여수센터 관할),사업장폐기물 등,덤프트럭 1대,03 지자체 관할 폐기물·중장비 업체
수집·운반,(주)에코로지스틱스,전라권역,전라남도,광양시,전라남도 광양시 태인2길 69\_ 주식회사에코쉘 (태인동),061-795-7655,폐기물수집운반업 (여수센터 관할),사업장폐기물 등,덤프트럭 2대,03 지자체 관할 폐기물·중장비 업체
수집·운반,(주)온유,전라권역,전라남도,광양시,전라남도 광양시 광영로 32\_ 203호 (광영동\_ 대아상가연립주택),,폐기물수집운반업 (여수센터 관할),사업장폐기물 등,덤프트럭 2대,03 지자체 관할 폐기물·중장비 업체
수집·운반,(주)우성로지스틱,전라권역,전라남도,여수시,전남 여수시 무선5길 1,061-686-3851,수집·운반업 · 처리방법 수집·운반 · 영산강유역환경청,,,14 폐기물처리업체 전국취합
수집·운반,(주)유빛,전라권역,전라남도,광양시,전라남도 광양시 옥곡면 신금산단4길 21,061-772-7211,폐기물수집운반업 (여수센터 관할),사업장폐기물 등,덤프트럭 4대,03 지자체 관할 폐기물·중장비 업체
수집·운반,(주)은혜,전라권역,전라남도,광양시,전라남도 광양시 광양읍 초남2공단2길 21,061-762-8252,폐기물수집운반업 (여수센터 관할),사업장폐기물 등,집게차 3대,03 지자체 관할 폐기물·중장비 업체
수집·운반,(주)이엔산업,전라권역,전라남도,광양시,전라남도 광양시 옥정로 76 (성황동),061-792-5960,폐기물수집운반업 (여수센터 관할),사업장폐기물 등,암롤트럭 6대,03 지자체 관할 폐기물·중장비 업체
수집·운반,(주)제이스,전라권역,전라남도,광양시,전라남도 광양시 광양읍 인덕로 1193,061-762-6755,폐기물수집운반업 (여수센터 관할),사업장폐기물 등,기계식상차장치부착차량 1대,03 지자체 관할 폐기물·중장비 업체
수집·운반,(주)제일이앤씨,전라권역,전라남도,여수시,전남 여수시 여수산단로 285-11,061-686-5720,수집·운반업 · 처리방법 수집·운반 · 영산강유역환경청,,,14 폐기물처리업체 전국취합
수집·운반,(주)조은환경,전라권역,전라남도,광양시,전라남도 광양시 광양읍 초남2공단길 19,061-762-1114,폐기물수집운반업 (여수센터 관할),사업장폐기물 등,암롤트럭 2대,03 지자체 관할 폐기물·중장비 업체
수집·운반,(주)중원로지스,전라권역,전라남도,광양시,전라남도 광양시 용지길 8 (태인동),061-795-4300,폐기물수집운반업 (여수센터 관할),사업장폐기물 등,카고트럭 3대,03 지자체 관할 폐기물·중장비 업체
수집·운반,(주)지유,전라권역,전라남도,광양시,전라남도 광양시 항만11로 32\_ 3층 1호 (중동),061-795-9971,폐기물수집운반업 (여수센터 관할),사업장폐기물 등,덤프트럭 2대,03 지자체 관할 폐기물·중장비 업체
수집·운반,(주)지제이산업,전라권역,전라남도,광양시,전라남도 광양시 아미2길 38 (중동),061-795-5556,폐기물수집운반업 (여수센터 관할),사업장폐기물 등,덤프트럭 2대,03 지자체 관할 폐기물·중장비 업체
수집·운반,(주)청해이엔티,전라권역,전라남도,여수시,전남 여수시 소라면 운암길 5,061-654-2673,수집·운반업 · 처리방법 수집·운반 · 영산강유역환경청,,,14 폐기물처리업체 전국취합
수집·운반,(주)케이알로지스,전라권역,전라남도,광양시,전라남도 광양시 항만11로 32\_ 3층 2호 (중동),061-792-4791,폐기물수집운반업 (여수센터 관할),사업장폐기물 등,기타차량 14대,03 지자체 관할 폐기물·중장비 업체
수집·운반,(주)태광산업개발,전라권역,전라남도,광양시,전라남도 광양시 중마로 560\_ 3층 (중동),061-792-0062,폐기물수집운반업 (여수센터 관할),사업장폐기물 등,덤프트럭 10대,03 지자체 관할 폐기물·중장비 업체
수집·운반,(주)태성산업,전라권역,전라남도,광양시,전라남도 광양시 진월면 백운1로 576,061-792-3070,폐기물수집운반업 (여수센터 관할),사업장폐기물 등,기타차량 4대,03 지자체 관할 폐기물·중장비 업체
수집·운반,(주)태운,전라권역,전라남도,광양시,전라남도 광양시 제철로 2148-97 (금호동),061-794-8197,폐기물수집운반업 (여수센터 관할),사업장폐기물 등,밀폐식차량 1대,03 지자체 관할 폐기물·중장비 업체
수집·운반,(주)퍼스트환경,전라권역,전라남도,여수시,"(사무실)전남 여수시 어항로 7, 2층
(주차장)전남 여수시 여수산단2로 241",061-685-9537,수집·운반업 · 처리방법 수집·운반 · 영산강유역환경청,,,14 폐기물처리업체 전국취합
수집·운반,(주)포운,전라권역,전라남도,광양시,전라남도 광양시 명당6길 6 (태인동),061-760-8347,폐기물수집운반업 (여수센터 관할),사업장폐기물 등,덤프트럭 21대,03 지자체 관할 폐기물·중장비 업체
수집·운반,(주)푸른세상,전라권역,전라남도,광양시,전라남도 광양시 광양읍 인덕4길 9-8,,폐기물수집운반업 (여수센터 관할),사업장폐기물 등,밀폐식차량 2대,03 지자체 관할 폐기물·중장비 업체
수집·운반,(주)푸른환경,전라권역,전라남도,여수시,전남 여수시 여수산단2로 341,061-684-8844,수집·운반업 · 처리방법 수집·운반 · 영산강유역환경청,,,14 폐기물처리업체 전국취합
수집·운반,(주)한빛테크,전라권역,전라남도,광양시,"(사무실) 전남 광양시 옥룡면 사곡로 608
(주차장) 전남 광양시 백운로 955-8",061-763-7533,수집·운반업 · 처리방법 수집·운반 · 영산강유역환경청,,,14 폐기물처리업체 전국취합
수집·운반,(주)혜성티앤시,전라권역,전라남도,광양시,전라남도 광양시 명당3길 5 (태인동),061-792-1500,폐기물수집운반업 (여수센터 관할),사업장폐기물 등,기타차량 4대,03 지자체 관할 폐기물·중장비 업체
수집·운반,(주)효원산업,전라권역,전라남도,광양시,전라남도 광양시 옥곡면 옥진로 197,061-772-5500,폐기물수집운반업 (여수센터 관할),사업장폐기물 등,암롤트럭 4대,03 지자체 관할 폐기물·중장비 업체
수집·운반,㈜광양환경,전라권역,전라남도,광양시,전라남도 광양시 광양읍 직동1길 13,061-762-8259,폐기물중간재활용업 (여수센터 관할) / 폐기물수집운반업 (여수센터 관할),사업장폐기물 등,암롤트럭 3대,03 지자체 관할 폐기물·중장비 업체
수집·운반,㈜동남환경,전라권역,전라남도,,여수시 여수산단1로 306,061-685-1525,폐기물 수집·운반업체 (여수센터 관할),사업장 배출시설계 폐기물,기계식상차장치부착차량 2대,03 지자체 관할 폐기물·중장비 업체
수집·운반,㈜유진환경산업,전라권역,전라남도,,여수시 상암로 648,061-686-9293,폐기물 수집·운반업체 (여수센터 관할),사업장 배출시설계 폐기물,덤프트럭 11대,03 지자체 관할 폐기물·중장비 업체
수집·운반,가야이엔티,전라권역,전라남도,광양시,전라남도 광양시 군장길 314-9 (중군동),,폐기물수집운반업 (여수센터 관할),사업장폐기물 등,암롤트럭 1대,03 지자체 관할 폐기물·중장비 업체
수집·운반,가야환경,전라권역,전라남도,광양시,전라남도 광양시 옥정로 93-34 (성황동),061-791-7949,폐기물수집운반업 (여수센터 관할),사업장폐기물 등,카고트럭 1대,03 지자체 관할 폐기물·중장비 업체
수집·운반,건평개발(주),전라권역,전라남도,광양시,전라남도 광양시 광양읍 백운로 378,061-762-6976,폐기물수집운반업 (여수센터 관할),사업장폐기물 등,덤프트럭 10대,03 지자체 관할 폐기물·중장비 업체
수집·운반,공성특수화물(주),전라권역,전라남도,광양시,전라남도 광양시 항만2로 166 (황길동),061-762-4700,폐기물수집운반업 (여수센터 관할),사업장폐기물 등,기타차량 16대,03 지자체 관할 폐기물·중장비 업체
수집·운반,광일종합물류(주),전라권역,전라남도,광양시,전라남도 광양시 백운1로 107 (태인동),061-792-3500,폐기물수집운반업 (여수센터 관할),사업장폐기물 등,기타차량 4대,03 지자체 관할 폐기물·중장비 업체
수집·운반,광진환경,전라권역,전라남도,광양시,전라남도 광양시 광양읍 예구7길 25-5,061-794-0052,폐기물수집운반업 (여수센터 관할),사업장폐기물 등,암롤트럭 2대,03 지자체 관할 폐기물·중장비 업체
수집·운반,달선화물(주),전라권역,전라남도,광양시,전라남도 광양시 광양읍 인덕로 905,061-762-7702,폐기물수집운반업 (여수센터 관할),사업장폐기물 등,덤프트럭 6대,03 지자체 관할 폐기물·중장비 업체
수집·운반,대경에코서비스(주),전라권역,전라남도,장성군,전남 장성군 장성읍 유탕리1385-1,061-393-0433,수집·운반업 · 처리방법 수집·운반 · 영산강유역환경청,,,14 폐기물처리업체 전국취합
수집·운반,대성기업,전라권역,전라남도,광양시,전라남도 광양시 광양읍 읍내중앙길 39\_ 1층,061-763-0994,폐기물수집운반업 (여수센터 관할),사업장폐기물 등,암롤트럭 2대,03 지자체 관할 폐기물·중장비 업체
수집·운반,대영특수(주),전라권역,전라남도,광양시,전라남도 광양시 진월면 백운1로 526,061-772-7901,폐기물수집운반업 (여수센터 관할),사업장폐기물 등,덤프트럭 2대,03 지자체 관할 폐기물·중장비 업체
수집·운반,"대한민국특수임무유공자회 
광주광역시지부",전라권역,전라남도,영광군,전남 영광군 군서면 군서로 364-16,061-352-5212,수집·운반업 · 처리방법 수집·운반 · 영산강유역환경청,,,14 폐기물처리업체 전국취합
수집·운반,동부로지택(주),전라권역,전라남도,광양시,전라남도 광양시 중마로 55 (중동),061-795-1100,폐기물수집운반업 (여수센터 관할),사업장폐기물 등,기타차량 6대,03 지자체 관할 폐기물·중장비 업체
수집·운반,동부타이어,전라권역,전라남도,광양시,전라남도 광양시 광양읍 인덕로 959-1,,폐기물수집운반업 (여수센터 관할),사업장폐기물 등,기타차량 1대,03 지자체 관할 폐기물·중장비 업체
수집·운반,명신기업,전라권역,전라남도,광양시,전라남도 광양시 용지길 20 (태인동),061-792-0400,폐기물수집운반업 (여수센터 관할),사업장폐기물 등,덤프트럭 3대,03 지자체 관할 폐기물·중장비 업체
수집·운반,바다환경(주)-목포,전라권역,전라남도,목포시,전남 목포시 고하대로719번길 40-1,0612857223,수집·운반업 · 처리방법 수집·운반 · 영산강유역환경청,,,14 폐기물처리업체 전국취합
수집·운반,"백진환경(자)-운반,중간처리",전라권역,전라남도,순천시,전남 순천시 대룡길 10,061-742-6701,수집·운반업 · 처리방법 수집·운반 · 영산강유역환경청,,,14 폐기물처리업체 전국취합
수집·운반,백진환경합자회사,전라권역,전라남도,순천시,전라남도 순천시 대룡길 10 (대룡동),061-742-6701,생활폐기물 수집운반업 (여수센터 관할),폐합성수지 등,암롤트럭 1대대,03 지자체 관할 폐기물·중장비 업체
수집·운반,범창에너지,전라권역,전라남도,광양시,전남 광양시 옥정로 78,061-792-5960,수집·운반업 · 처리방법 수집·운반 · 영산강유역환경청,,,14 폐기물처리업체 전국취합
수집·운반,부일환경㈜,전라권역,전라남도,순천시,전라남도 순천시 해촌길 14(조례동),061-723-4000,사업장비배출시설계 폐기물 수집운반업 (여수센터 관할),사업장폐기물,암롤트럭 1대대,03 지자체 관할 폐기물·중장비 업체
수집·운반,삼진기업(주),전라권역,전라남도,광양시,전라남도 광양시 금호동 639,061-790-3338,폐기물수집운반업 (여수센터 관할),사업장폐기물 등,기타차량 2대,03 지자체 관할 폐기물·중장비 업체
수집·운반,서강기업(주),전라권역,전라남도,광양시,전라남도 광양시 백운1로 89 (태인동),061-798-0600,폐기물수집운반업 (여수센터 관할),사업장폐기물 등,기타차량 1대,03 지자체 관할 폐기물·중장비 업체
수집·운반,서기산업(주),전라권역,전라남도,광양시,전남 광양시 성황동34-1,061-791-8383,수집·운반업 · 처리방법 수집·운반 · 영산강유역환경청 / 폐기물수집운반업 (여수센터 관할),사업장폐기물 등,운반용압착차량 2대,03 지자체 관할 폐기물·중장비 업체 / 14 폐기물처리업체 전국취합
수집·운반,선샤인테크(주),전라권역,전라남도,광양시,전라남도 광양시 중마로 319 (마동),061-791-0844,폐기물수집운반업 (여수센터 관할),사업장폐기물 등,밀폐식차량 2대,03 지자체 관할 폐기물·중장비 업체
수집·운반,선영상운(주),전라권역,전라남도,광양시,전라남도 광양시 구마7길 44 (중동),061-793-9300,폐기물수집운반업 (여수센터 관할),사업장폐기물 등,덤프트럭 1대,03 지자체 관할 폐기물·중장비 업체
수집·운반,성암산업(주),전라권역,전라남도,광양시,전남 광양시 산업로 1(태인동),061-798-8887,수집·운반업 · 처리방법 수집·운반 · 영산강유역환경청,,,14 폐기물처리업체 전국취합
수집·운반,세강산업(주),전라권역,전라남도,광양시,전라남도 광양시 백운1로 48 (태인동),061-791-0355,폐기물수집운반업 (여수센터 관할),사업장폐기물 등,덤프트럭 4대,03 지자체 관할 폐기물·중장비 업체
수집·운반,승우산업개발(주),전라권역,전라남도,광양시,전남 광양시 금호동863-1,061-797-1500,수집·운반업 · 처리방법 수집·운반 · 영산강유역환경청 / 중간처분업 · 처리방법 기타 · 영산강유역환경청,,,14 폐기물처리업체 전국취합
수집·운반,신양개발(주),전라권역,전라남도,광양시,전라남도 광양시 사동로 1\_ 3층 301호 (중동),061-792-3457,폐기물수집운반업 (여수센터 관할),사업장폐기물 등,덤프트럭 20대,03 지자체 관할 폐기물·중장비 업체
수집·운반,씨앤에스(주),전라권역,전라남도,여수시,전남 여수시 여수산단1로 69(해산동),061-691-9300,수집·운반업 · 처리방법 수집·운반 · 영산강유역환경청,,,14 폐기물처리업체 전국취합
수집·운반,에코그린환경,전라권역,전라남도,순천시,전남 순천시 서면 구만리221-1 (구만길 9),061-755-9766,수집·운반업 · 처리방법 수집·운반 · 영산강유역환경청,,,14 폐기물처리업체 전국취합
수집·운반,우리환경,전라권역,전라남도,광양시,전라남도 광양시 광양읍 금너길 14,061-761-3700,폐기물수집운반업 (여수센터 관할),사업장폐기물 등,카고트럭 1대,03 지자체 관할 폐기물·중장비 업체
수집·운반,유성리텍,전라권역,전라남도,장성군,전남 장성군 황룡면 황룡로 221,070-4112-0161,수집·운반업 · 처리방법 수집·운반 · 영산강유역환경청,,,14 폐기물처리업체 전국취합
수집·운반,유신골재(주),전라권역,전라남도,광양시,전라남도 광양시 광양읍 석정길 35,,폐기물수집운반업 (여수센터 관할),사업장폐기물 등,덤프트럭 2대,03 지자체 관할 폐기물·중장비 업체
수집·운반,유창타이어,전라권역,전라남도,광양시,전라남도 광양시 하포길 128 (황길동),,폐기물수집운반업 (여수센터 관할),사업장폐기물 등,기타차량 1대,03 지자체 관할 폐기물·중장비 업체
수집·운반,유한회사 대명에너지,전라권역,전라남도,광양시,전라남도 광양시 광양읍 서북로 46\_ 금룡빌딩 3층,061-795-8081,폐기물수집운반업 (여수센터 관할),사업장폐기물 등,기타차량 19대,03 지자체 관할 폐기물·중장비 업체
수집·운반,일진기업(주),전라권역,전라남도,광양시,전라남도 광양시 옥곡면 신금로 236,061-772-8075,폐기물수집운반업 (여수센터 관할),사업장폐기물 등,기타차량 7대,03 지자체 관할 폐기물·중장비 업체
수집·운반,재원산업(주),전라권역,전라남도,여수시,전남 여수시 낙포단지길 79,061-690-9272,수집·운반업 · 처리방법 수집·운반 · 영산강유역환경청 / 종합 재활용업 · 처리방법 재활용,,,14 폐기물처리업체 전국취합
수집·운반,전남기업(주),전라권역,전라남도,광양시,전라남도 광양시 담안길 120 (태인동),061-792-0031,폐기물수집운반업 (여수센터 관할),사업장폐기물 등,기타차량 3대,03 지자체 관할 폐기물·중장비 업체
수집·운반,지구환경(주),전라권역,전라남도,여수시,전남 여수시 대평길 32,061-686-8258,수집·운반업 · 처리방법 수집·운반 · 영산강유역환경청,,,14 폐기물처리업체 전국취합
수집·운반,지산스틸,전라권역,전라남도,광양시,전라남도 광양시 김시식지1길 57-63 (태인동),061-772-6678,폐기물수집운반업 (여수센터 관할),사업장폐기물 등,덤프트럭 1대,03 지자체 관할 폐기물·중장비 업체
수집·운반,청암산업(주),전라권역,전라남도,광양시,전라남도 광양시 진상면 백운3로 131,061-772-5553,폐기물수집운반업 (여수센터 관할),사업장폐기물 등,덤프트럭 7대,03 지자체 관할 폐기물·중장비 업체
수집·운반,초록환경산업㈜,전라권역,전라남도,,여수시 소라면 사곡로 190-6,061-642-6113,폐기물 수집·운반업체 (여수센터 관할),사업장 배출시설계 폐기물,카고트럭 1대,03 지자체 관할 폐기물·중장비 업체
수집·운반,케이씨환경서비스(주)(소각)-월내,전라권역,전라남도,여수시,전남 여수시 진달래길 310-73,061-685-4149,수집·운반업 · 처리방법 수집·운반 · 영산강유역환경청 / 중간처분업 · 처리방법 소각 · 영산강유역환경청,,,14 폐기물처리업체 전국취합
수집·운반,태흥기업(주),전라권역,전라남도,광양시,전라남도 광양시 백운1로 153 (태인동),061-792-5500,폐기물수집운반업 (여수센터 관할),사업장폐기물 등,암롤트럭 1대,03 지자체 관할 폐기물·중장비 업체
수집·운반,퍼스텍(주),전라권역,전라남도,여수시,전남 여수시 상암로 644-23,061-661-5000,수집·운반업 · 처리방법 수집·운반 · 영산강유역환경청,,,14 폐기물처리업체 전국취합
수집·운반,해동이앤티(주),전라권역,전라남도,여수시,전남 여수시 여수산단1로 306,061-685-1525,수집·운반업 · 처리방법 수집·운반 · 영산강유역환경청 / 최종 재활용업 · 처리방법 재활용 / 중간 재활용업 · 처리방법 재활용,,,14 폐기물처리업체 전국취합
수집·운반,해아래환경자원(주),전라권역,전라남도,광양시,전라남도 광양시 봉강면 매천로 518,061-763-8090,폐기물수집운반업 (여수센터 관할),사업장폐기물 등,카고트럭 2대대,03 지자체 관할 폐기물·중장비 업체
수집·운반,해아산업(주),전라권역,전라남도,광양시,전라남도 광양시 광양읍 유당로 214-7,061-761-1268,폐기물수집운반업 (여수센터 관할),사업장폐기물 등,암롤트럭 2대대,03 지자체 관할 폐기물·중장비 업체
수집·운반,(유)계룡환경산업,전라권역,전북특별자치도,익산시,전북특별자치도 익산시 함열읍 흘산로 522,,폐기물 수집·운반업체 (익산센터 관할),사업장배출시설계,암롤트럭 2대대,03 지자체 관할 폐기물·중장비 업체
수집·운반,(유)금솔,전라권역,전북특별자치도,전주시,전북 전주시 덕진구 기린대로 1012,063-211-6900,수집·운반업 · 처리방법 수집·운반 · 전북지방환경청,,,14 폐기물처리업체 전국취합
수집·운반,(유)대한이앤이(군산),전라권역,전북특별자치도,군산시,전북 군산시 옥서북길 276-27,063-451-7111,수집·운반업 · 처리방법 수집·운반 · 전북지방환경청,,,14 폐기물처리업체 전국취합
수집·운반,(유)레오텍해운,전라권역,전북특별자치도,군산시,전북 군산시 외항안길 145,063-442-5189,수집·운반업 · 처리방법 수집·운반 · 전북지방환경청,,,14 폐기물처리업체 전국취합
수집·운반,(유)삼우환경개발,전라권역,전북특별자치도,전주시,전북 전주시 완산구 견훤로 155,063-291-8385,수집·운반업 · 처리방법 수집·운반 · 전북지방환경청,,,14 폐기물처리업체 전국취합
수집·운반,(유)세강알엔씨,전라권역,전북특별자치도,정읍시,전북 정읍시 고부면 고신길 37-11,063-538-0047,수집·운반업 · 처리방법 수집·운반 · 전북지방환경청,,,14 폐기물처리업체 전국취합
수집·운반,(유)세기환경,전라권역,전북특별자치도,익산시,전북특별자치도 익산시 석암로 202 (석암동),,폐기물 수집·운반업체 (익산센터 관할),사업장배출시설계,암롤트럭 3대대,03 지자체 관할 폐기물·중장비 업체
수집·운반,(유)승미,전라권역,전북특별자치도,김제시,전북 김제시 신풍동138-9,063-543-1718,수집·운반업 · 처리방법 수집·운반 · 전북지방환경청,,,14 폐기물처리업체 전국취합
수집·운반,(유)아톤산업,전라권역,전북특별자치도,익산시,"전북특별자치도 익산시 석암로13길 25 (석암동, M)",,폐기물 수집·운반업체 (익산센터 관할),사업장배출시설계,암롤트럭 2대대,03 지자체 관할 폐기물·중장비 업체
수집·운반,(유)에스앤피,전라권역,전북특별자치도,전주시,전북 전주시 덕진구 팔복로 252-8,063-212-7700,수집·운반업 · 처리방법 수집·운반 · 전북지방환경청 / 중간처분업 · 처리방법 기타 · 전북지방환경청,,,14 폐기물처리업체 전국취합
수집·운반,(유)우주산업,전라권역,전북특별자치도,군산시,전북 군산시 외항로 293-1,063-466-6693,수집·운반업 · 처리방법 수집·운반 · 전북지방환경청 / 폐기물 처리업체 (익산센터 관할),폐유 등 18종,,03 지자체 관할 폐기물·중장비 업체 / 14 폐기물처리업체 전국취합
수집·운반,(유)원산업,전라권역,전북특별자치도,군산시,전북 군산시 미원동184,063-445-4251,수집·운반업 · 처리방법 수집·운반 · 전북지방환경청 / 폐기물 처리업체 (익산센터 관할),폐유 등 17종,,03 지자체 관할 폐기물·중장비 업체 / 14 폐기물처리업체 전국취합
수집·운반,(유)이문산업,전라권역,전북특별자치도,군산시,전북 군산시 공항로 480,0634658384,수집·운반업 · 처리방법 수집·운반 · 전북지방환경청,,,14 폐기물처리업체 전국취합
수집·운반,(유)정열환경자원,전라권역,전북특별자치도,익산시,전북특별자치도 익산시 목천로2길 55 (인화동1가),,폐기물 수집·운반업체 (익산센터 관할),사업장배출시설계,암롤트럭 1대대,03 지자체 관할 폐기물·중장비 업체
수집·운반,(유)제이와이산업,전라권역,전북특별자치도,익산시,전북 익산시 덕기1길 116,063-831-1130,수집·운반업 · 처리방법 수집·운반 · 전북지방환경청 / 폐기물 수집·운반업체 (익산센터 관할),폐합성수지류(배출시설계) 등,암롤트럭 14대대,03 지자체 관할 폐기물·중장비 업체 / 14 폐기물처리업체 전국취합
수집·운반,(유)창대환경,전라권역,전북특별자치도,익산시,"전북특별자치도 익산시 약촌로 174, 1동 607호 (영등동)",,폐기물 수집·운반업체 (익산센터 관할),사업장배출시설계,암롤트럭 7대대,03 지자체 관할 폐기물·중장비 업체
수집·운반,(유)청진환경,전라권역,전북특별자치도,익산시,전북특별자치도 익산시 배산로 44 (송학동),,폐기물 수집·운반업체 (익산센터 관할),사업장배출시설계,암롤트럭 2대대,03 지자체 관할 폐기물·중장비 업체
수집·운반,(유)초원석면환경,전라권역,전북특별자치도,전주시,전북 전주시 덕진구 팔달로 310-7,063-275-1007,수집·운반업 · 처리방법 수집·운반 · 전북지방환경청,,,14 폐기물처리업체 전국취합
수집·운반,(유)클린환경산업,전라권역,전북특별자치도,익산시,전북 익산시 왕궁면 온수리52-7,063-291-3244,수집·운반업 · 처리방법 수집·운반 · 전북지방환경청,,,14 폐기물처리업체 전국취합
수집·운반,(유)태한산업,전라권역,전북특별자치도,군산시,전북 군산시 성산면 군장대길 3,063-451-1799,수집·운반업 · 처리방법 수집·운반 · 전북지방환경청 / 폐기물 처리업체 (익산센터 관할),폐유등 19종,,03 지자체 관할 폐기물·중장비 업체 / 14 폐기물처리업체 전국취합
수집·운반,(유)해머,전라권역,전북특별자치도,익산시,전북특별자치도 익산시 왕궁면 우주로 75,,폐기물 수집·운반업체 (익산센터 관할),사업장배출시설계,암롤트럭 1대대,03 지자체 관할 폐기물·중장비 업체
수집·운반,(주)대림(임시보관장 경유),전라권역,전북특별자치도,군산시,전북 군산시 소룡동1647-2,063-468-5455,수집·운반업 · 처리방법 수집·운반 · 전북지방환경청,,,14 폐기물처리업체 전국취합
수집·운반,(주)대림-군산,전라권역,전북특별자치도,군산시,전북 군산시 외항로 816,063-468-5455,수집·운반업 · 처리방법 수집·운반 · 전북지방환경청 / 종합 재활용업 · 처리방법 재활용,,,14 폐기물처리업체 전국취합
수집·운반,(주)엔아이티,전라권역,전북특별자치도,군산시,전북 군산시 서해로 259,063-467-4142,수집·운반업 · 처리방법 수집·운반 · 전북지방환경청 / 중간처분업 · 처리방법 소각 · 전북지방환경청 / 중간처분업 · 처리방법 기타 · 전북지방환경청 / 폐기물 처리업체 (익산센터 관할),"폐합성수지, 폐합성섬유(고상) 등",암롤트럭 1대대,03 지자체 관할 폐기물·중장비 업체 / 14 폐기물처리업체 전국취합
수집·운반,(주)이리위생공사,전라권역,전북특별자치도,익산시,전북특별자치도 익산시 석암로11길 294 (팔봉동),,폐기물 수집·운반업체 (익산센터 관할),사업장배출시설계,암롤트럭 1대대,03 지자체 관할 폐기물·중장비 업체
수집·운반,(주)이엠케이승경,전라권역,전북특별자치도,익산시,전북특별자치도 익산시 춘포면 궁성로 188-14,,폐기물 수집·운반업체 (익산센터 관할) / 폐기물 중간처리업체 (익산센터 관할),사업장배출시설계,암롤트럭 1대대,03 지자체 관할 폐기물·중장비 업체
수집·운반,(주)일진도시환경,전라권역,전북특별자치도,익산시,전북 익산시 낭산면 낭산리99-2,063-856-1111,수집·운반업 · 처리방법 수집·운반 · 전북지방환경청,,,14 폐기물처리업체 전국취합
수집·운반,(주)한결그린,전라권역,전북특별자치도,익산시,전북특별자치도 익산시 웅포면 칠목재로 316,,폐기물 수집·운반업체 (익산센터 관할),사업장배출시설계,암롤트럭 4대대,03 지자체 관할 폐기물·중장비 업체
수집·운반,대신산업,전라권역,전북특별자치도,익산시,전북특별자치도 익산시 석암로11길 248(팔봉동),,폐기물 수집·운반업체 (익산센터 관할),폐합성고분자화합물 등,밀폐식차량 3대대,03 지자체 관할 폐기물·중장비 업체
수집·운반,범유산업(주),전라권역,전북특별자치도,정읍시,전북 정읍시 정우면 정우길 79-13,063-538-8686,수집·운반업 · 처리방법 수집·운반 · 전북지방환경청,,,14 폐기물처리업체 전국취합
수집·운반,온누리환경,전라권역,전북특별자치도,익산시,"전북특별자치도 익산시 오산면 선화2로 1-28, 4-1호",,폐기물 수집·운반업체 (익산센터 관할),폐합성수지류(사업장배출시설계) 등,암롤트럭 1대대,03 지자체 관할 폐기물·중장비 업체
수집·운반,유한회사 디에스알,전라권역,전북특별자치도,익산시,전북특별자치도 익산시 왕궁면 흥암길 181-19,,폐기물 수집·운반업체 (익산센터 관할),폐합성수지류(사업장배출시설계) 등,암롤트럭 2대대,03 지자체 관할 폐기물·중장비 업체
수집·운반,이공산업,전라권역,전북특별자치도,익산시,전북특별자치도 익산시 춘포면 궁성로 429,,폐기물 수집·운반업체 (익산센터 관할),사업장배출시설계,카고트럭 1대대,03 지자체 관할 폐기물·중장비 업체
수집·운반,자연환경,전라권역,전북특별자치도,익산시,전북특별자치도 익산시 쌍능길 118-13 (덕기동),,폐기물 수집·운반업체 (익산센터 관할),사업장배출시설계,카고트럭 1대대,03 지자체 관할 폐기물·중장비 업체
수집·운반,케이씨환경서비스(주)전주사업부,전라권역,전북특별자치도,전주시,전주시 덕진구 서귀로 211-6,063-212-5261,수집·운반업 · 처리방법 수집·운반 · 전북지방환경청 / 중간처분업 · 처리방법 소각 · 전북지방환경청,,,14 폐기물처리업체 전국취합
수집·운반,크린테크(주),전라권역,전북특별자치도,익산시,전북특별자치도 익산시 왕궁면 쌍제1길 65,,폐기물 수집·운반업체 (익산센터 관할),사업장배출시설계,암롤트럭 1대대,03 지자체 관할 폐기물·중장비 업체
수집·운반,하나환경,전라권역,전북특별자치도,익산시,전북특별자치도 익산시 황등면 율동1길 43,,폐기물 수집·운반업체 (익산센터 관할),사업장배출시설계,암롤트럭 2대대,03 지자체 관할 폐기물·중장비 업체
수집·운반,한국자원,전라권역,전북특별자치도,익산시,전북특별자치도 익산시 석암로11길 12 (석암동),,폐기물 수집·운반업체 (익산센터 관할),사업장배출시설계,밀폐식차량 3대대,03 지자체 관할 폐기물·중장비 업체
수집·운반,햇빛자원,전라권역,전북특별자치도,익산시,전북특별자치도 익산시 석교1길 1 (은기동),,폐기물 수집·운반업체 (익산센터 관할),사업장배출시설계,밀폐식차량 2대대,03 지자체 관할 폐기물·중장비 업체
수집·운반,형제상사,전라권역,전북특별자치도,익산시,전북특별자치도 익산시 황등면 황등로 170-1,,폐기물 수집·운반업체 (익산센터 관할),사업장배출시설계,카고트럭 3대대,03 지자체 관할 폐기물·중장비 업체
수집·운반,삼성환경자원,전라권역,제주특별자치도,제주시,제주특별자치도 제주시 선반로2길 24,064-759-8828,수집·운반업 · 처리방법 수집·운반 · 제주특별자치도,,,14 폐기물처리업체 전국취합
수집·운반,유성화학(주),전라권역,제주특별자치도,제주시,제주 제주시 조천읍 와산리1488-8,064-782-8936,수집·운반업 · 처리방법 수집·운반 · 제주특별자치도,,,14 폐기물처리업체 전국취합
수집·운반,주식회사 서부자원,전라권역,제주특별자치도,제주시,제주특별자치도 제주시 월산북길 13-1,064-713-4161,수집·운반업 · 처리방법 수집·운반 · 제주특별자치도,,,14 폐기물처리업체 전국취합
수집·운반,(유)세광,충청권역,대전광역시,대덕구,대전 대덕구 아리랑로 55번길 52,042-625-9211,수집·운반업 · 처리방법 수집·운반 · 금강유역환경청,,,14 폐기물처리업체 전국취합
수집·운반,(주)동양환경,충청권역,대전광역시,대덕구,대전 대덕구 문평동로48번길 125,042-933-0450,수집·운반업 · 처리방법 수집·운반 · 금강유역환경청 / 중간처분업 · 처리방법 소각 · 금강유역환경청 / 중간처분업 · 처리방법 기타 · 금강유역환경청,,,14 폐기물처리업체 전국취합
수집·운반,(주)성창환경산업,충청권역,대전광역시,동구,대전광역시 동구 대전로340번길 20 상가2동 101호,070-8625-2700,수집·운반업 · 처리방법 수집·운반 · 금강유역환경청,,,14 폐기물처리업체 전국취합
수집·운반,(주)스마트환경건설,충청권역,대전광역시,유성구,대전광역시 중구 계백로 1578,042-528-3844,수집·운반업 · 처리방법 수집·운반 · 금강유역환경청,,,14 폐기물처리업체 전국취합
수집·운반,(주)청정함,충청권역,대전광역시,유성구,대전 유성구 복용로40번길 9 1층,042-546-8881,수집·운반업 · 처리방법 수집·운반 · 금강유역환경청 / 중간처분업 · 처리방법 기타 · 금강유역환경청,,,14 폐기물처리업체 전국취합
수집·운반,(주)한사랑산업보건연구소,충청권역,대전광역시,대덕구,"대전 대덕구 덕암로182번길 9, 2층",042-936-0125,수집·운반업 · 처리방법 수집·운반 · 금강유역환경청,,,14 폐기물처리업체 전국취합
수집·운반,대룡환경산업(주),충청권역,대전광역시,대덕구,대전 대덕구 평촌동61-2,042-625-7136,수집·운반업 · 처리방법 수집·운반 · 금강유역환경청,,,14 폐기물처리업체 전국취합
수집·운반,대신산업개발(주),충청권역,대전광역시,서구,대전 서구 유등로 509-4,042-521-9300,수집·운반업 · 처리방법 수집·운반 · 금강유역환경청,,,14 폐기물처리업체 전국취합
수집·운반,대전환경산업(주),충청권역,대전광역시,서구,"대전 서구 월평동월드컵대로484번길 187-27, 202호",042-223-2255,수집·운반업 · 처리방법 수집·운반 · 금강유역환경청,,,14 폐기물처리업체 전국취합
수집·운반,대한환경산업(주),충청권역,대전광역시,유성구,"대전 유성구 문화원로 131, 204호 (봉명동, 투유2)",042-531-8500,수집·운반업 · 처리방법 수집·운반 · 금강유역환경청,,,14 폐기물처리업체 전국취합
수집·운반,디에스산업,충청권역,대전광역시,중구,대전 중구 안영동642-5,042-583-6600,수집·운반업 · 처리방법 수집·운반 · 금강유역환경청,,,14 폐기물처리업체 전국취합
수집·운반,성진환경(주),충청권역,대전광역시,대덕구,"대전광역시 대덕구 신일동로17번길 5, 704-1호",042-934-9687,수집·운반업 · 처리방법 수집·운반 · 금강유역환경청,,,14 폐기물처리업체 전국취합
수집·운반,아프로(주),충청권역,대전광역시,대덕구,대전 대덕구 평촌동274-1,042-933-8903,수집·운반업 · 처리방법 수집·운반 · 금강유역환경청,,,14 폐기물처리업체 전국취합
수집·운반,유영산업(주),충청권역,대전광역시,유성구,대전 유성구 관평동테크노중앙로 72 대덕신대륙프라자 504호,042-934-6653,수집·운반업 · 처리방법 수집·운반 · 금강유역환경청,,,14 폐기물처리업체 전국취합
수집·운반,유정석면환경(주),충청권역,대전광역시,대덕구,대전광역시 대덕구 덕암로154번길 13 1층,042-936-6577,수집·운반업 · 처리방법 수집·운반 · 금강유역환경청,,,14 폐기물처리업체 전국취합
수집·운반,주식회사 여강산업,충청권역,대전광역시,중구,대전광역시 중구 보문산로227번안길 26,042-863-5112,수집·운반업 · 처리방법 수집·운반 · 금강유역환경청,,,14 폐기물처리업체 전국취합
수집·운반,태전환경(주),충청권역,대전광역시,대덕구,"대전 대덕구 신일동로17번길 5, 701호 (신일동, 테크노시티빌딩)",042-626-7640,수집·운반업 · 처리방법 수집·운반 · 금강유역환경청,,,14 폐기물처리업체 전국취합
수집·운반,(주)강우이앤이,충청권역,세종특별자치시,,세종특별자치시 조치원읍 내창3길 19 202호,044-415-1888,수집·운반업 · 처리방법 수집·운반 · 금강유역환경청,,,14 폐기물처리업체 전국취합
수집·운반,(주)대청이앤지(지정),충청권역,세종특별자치시,연기군,충남 연기군 조치원읍 침산리89 욱일아파트상가동 304-2호,044-868-6666,수집·운반업 · 처리방법 수집·운반 · 금강유역환경청,,,14 폐기물처리업체 전국취합
수집·운반,유림환경(합),충청권역,세종특별자치시,,세종특별자치시 부강면 연청로 745-46 중부복합물류 관리동 202호,044-863-8095,수집·운반업 · 처리방법 수집·운반 · 금강유역환경청,,,14 폐기물처리업체 전국취합
수집·운반,한국석유관리원,충청권역,세종특별자치시,,"(사무실)경기 성남시 분당구 안양판교로 1207(백현동)
(주차장)세종 조치원읍 세종로 2178",031-789-0376,수집·운반업 · 처리방법 수집·운반 · 금강유역환경청,,,14 폐기물처리업체 전국취합
수집·운반,(유)대한청정환경,충청권역,충청남도,당진시,충남 당진시 송악읍 조비실길 131-4,041-357-7431,수집·운반업 · 처리방법 수집·운반 · 금강유역환경청 / 폐기물 수집·운반업체 (서산센터 관할),,암롤트럭 2대,03 지자체 관할 폐기물·중장비 업체 / 14 폐기물처리업체 전국취합
수집·운반,(유)정인이엔씨,충청권역,충청남도,공주시,충청남도 공주시 우성면 목천2길 26,041-960-8383,수집·운반업 · 처리방법 수집·운반 · 금강유역환경청,,,14 폐기물처리업체 전국취합
수집·운반,(유)지원환경건설,충청권역,충청남도,서산시,"충청남도 서산시 해미면 성지1로 76-10, 1층",070-8845-1875,폐기물 수집·운반업체 (서산센터 관할),하수준설토,밀폐식차량 2대대,03 지자체 관할 폐기물·중장비 업체
수집·운반,(주)건영종합환경,충청권역,충청남도,예산군,충남 예산군 예산읍 향천사로 3,041-335-1677,수집·운반업 · 처리방법 수집·운반 · 금강유역환경청 / 폐기물 수집·운반업체 (서산센터 관할),사업장폐기물,트럭 1대대,03 지자체 관할 폐기물·중장비 업체 / 14 폐기물처리업체 전국취합
수집·운반,(주)계양산업,충청권역,충청남도,아산시,충청남도 아산시 영인면 토정로476번길 34-28,041-543-0100,폐기물 수집·운반업체 (서산센터 관할),"가축분뇨처리오니 및 오니류, 폐합성수지류 등",암롤트럭 2대대,03 지자체 관할 폐기물·중장비 업체
수집·운반,(주)그린토피아,충청권역,충청남도,아산시,충남 아산시 장존동순천향로 830,041-547-2801,수집·운반업 · 처리방법 수집·운반 · 금강유역환경청,,,14 폐기물처리업체 전국취합
수집·운반,(주)대경산업,충청권역,충청남도,서산시,충청남도 서산시 음암면 안치중곡길 50,041-667-5158,폐기물 수집·운반업체 (서산센터 관할),사업장폐기물,기계식상차장치부착차량 1대대,03 지자체 관할 폐기물·중장비 업체
수집·운반,(주)대영환경,충청권역,충청남도,예산군,충남 예산군 신암면 탄중리148-2,041-332-4774,수집·운반업 · 처리방법 수집·운반 · 금강유역환경청,,,14 폐기물처리업체 전국취합
수집·운반,(주)동아자원,충청권역,충청남도,서산시,충청남도 서산시 장동2길 32 (장동),041-668-7743,폐기물 수집·운반업체 (서산센터 관할),사업장배출시설계폐기물,기계식상차장치부착차량 2대대,03 지자체 관할 폐기물·중장비 업체
수집·운반,(주)동우,충청권역,충청남도,천안시,충남 천안시 서북구 업성동174-3 201호,041-583-4456,수집·운반업 · 처리방법 수집·운반 · 금강유역환경청,,,14 폐기물처리업체 전국취합
수집·운반,(주)드림개발,충청권역,충청남도,당진시,충남 당진시 순성면 남부로 1088,070-4773-4423,수집·운반업 · 처리방법 수집·운반 · 금강유역환경청 / 폐기물 수집·운반업체 (서산센터 관할),,암롤트럭 1대,03 지자체 관할 폐기물·중장비 업체 / 14 폐기물처리업체 전국취합
수집·운반,(주)명진종합환경,충청권역,충청남도,서산시,"충남 서산시 안견로 277 (읍내동, 3층)",041-669-4001,수집·운반업 · 처리방법 수집·운반 · 금강유역환경청,,,14 폐기물처리업체 전국취합
수집·운반,(주)보경,충청권역,충청남도,천안시,충남 천안시 서북구 직산읍 군수1길 101,041-583-2933,수집·운반업 · 처리방법 수집·운반 · 금강유역환경청,,,14 폐기물처리업체 전국취합
수집·운반,(주)서광하이테크,충청권역,충청남도,서산시,충남 서산시 대산읍죽엽로 388,041-663-7053,수집·운반업 · 처리방법 수집·운반 · 금강유역환경청 / 중간처분업 · 처리방법 소각 · 금강유역환경청 / 종합 재활용업 · 처리방법 재활용,,,14 폐기물처리업체 전국취합
수집·운반,(주)성림이엔티,충청권역,충청남도,당진시,충남 당진시 신평면 부수리362-14,041-356-5271,수집·운반업 · 처리방법 수집·운반 · 금강유역환경청,,,14 폐기물처리업체 전국취합
수집·운반,(주)성화환경,충청권역,충청남도,당진시,충남 당진시 신평면 독암길 34-18,041-363-2123,수집·운반업 · 처리방법 수집·운반 · 금강유역환경청 / 폐기물 수집·운반업체 (서산센터 관할),,암롤트럭 5대,03 지자체 관할 폐기물·중장비 업체 / 14 폐기물처리업체 전국취합
수집·운반,(주)수목환경,충청권역,충청남도,당진시,충남 당진시 석문면산단7로 62,041-430-8575,수집·운반업 · 처리방법 수집·운반 · 금강유역환경청 / 폐기물 수집·운반업체 (서산센터 관할),,암롤트럭 2대,03 지자체 관할 폐기물·중장비 업체 / 14 폐기물처리업체 전국취합
수집·운반,(주)신성진철강,충청권역,충청남도,서산시,충청남도 서산시 음암면 칠거리로 8-22,041-662-7485,폐기물 수집·운반업체 (서산센터 관할),폐합성수지류 등 17종,카고트럭 1대대,03 지자체 관할 폐기물·중장비 업체
수집·운반,(주)신우(운반),충청권역,충청남도,홍성군,충남 홍성군 홍성읍 내포로156번길 16-7,0416313800,수집·운반업 · 처리방법 수집·운반 · 금강유역환경청,,,14 폐기물처리업체 전국취합
수집·운반,(주)아진환경,충청권역,충청남도,서산시,충남 서산시 오산7길 34,0416698456,수집·운반업 · 처리방법 수집·운반 · 금강유역환경청 / 폐기물 수집·운반업체 (서산센터 관할),폐합성수지류 등 33종,카고트럭 1대대,03 지자체 관할 폐기물·중장비 업체 / 14 폐기물처리업체 전국취합
수집·운반,(주)알엔씨,충청권역,충청남도,당진시,충남 당진시 석문면 산단7로 62,041-430-8575,수집·운반업 · 처리방법 수집·운반 · 금강유역환경청 / 종합 재활용업 · 처리방법 재활용,,,14 폐기물처리업체 전국취합
수집·운반,(주)에스엠유화 천안지점,충청권역,충청남도,천안시,충청남도 천안시 서북구 직산읍 군수1길 81,041-588-5703,수집·운반업 · 처리방법 수집·운반 · 금강유역환경청,,,14 폐기물처리업체 전국취합
수집·운반,(주)에코윈,충청권역,충청남도,당진시,충남 당진시 송산면 가곡리무수들길 300,032-433-4165,수집·운반업 · 처리방법 수집·운반 · 금강유역환경청,,,14 폐기물처리업체 전국취합
수집·운반,(주)에코트랜스,충청권역,충청남도,천안시,충남 천안시 동남구 수신면 신풍리564 (충남 천안시 동남구 수신면 5산단4로 150-5),041-568-1357,수집·운반업 · 처리방법 수집·운반 · 금강유역환경청,,,14 폐기물처리업체 전국취합
수집·운반,(주)우림환경,충청권역,충청남도,아산시,충청남도 아산시 둔포면 둔포중앙로 169\_ 2층,,폐기물 수집·운반업체 (서산센터 관할),"오니류, 폐내화물, 폐금속류 등",운반용압축차량 1대대,03 지자체 관할 폐기물·중장비 업체
수집·운반,(주)유진환경,충청권역,충청남도,아산시,충남 아산시 삼동로70번길 12 1층 102호,041-532-8787,수집·운반업 · 처리방법 수집·운반 · 금강유역환경청,,,14 폐기물처리업체 전국취합
수집·운반,(주)제이앤에스산업,충청권역,충청남도,아산시,충남 아산시 설화산길 79-11,041-545-6792,수집·운반업 · 처리방법 수집·운반 · 금강유역환경청,,,14 폐기물처리업체 전국취합
수집·운반,(주)지티비스,충청권역,충청남도,서산시,충청남도 서산시 대산읍 화곡리 850,041-688-9114,폐기물 수집·운반업체 (서산센터 관할),사업장배출시설계폐기물,덤프트럭 1대대,03 지자체 관할 폐기물·중장비 업체
수집·운반,(주)청록환경,충청권역,충청남도,아산시,충청남도 아산시 도고면 아산만로35번길 21-5,041-547-1455,폐기물 수집·운반업체 (서산센터 관할),"그 밖의 유기성오니, 폐수처리오니 등, 폐합성수지류 등",암롤트럭 9대대,03 지자체 관할 폐기물·중장비 업체
수집·운반,(주)통인환경물류,충청권역,충청남도,서산시,충남 서산시 지곡면 대요리386-20(충의로 1442),041-662-3113,수집·운반업 · 처리방법 수집·운반 · 금강유역환경청 / 폐기물 수집·운반업체 (서산센터 관할),"사업장생활계폐기물, 사업장폐기물",탱크로리 2대대,03 지자체 관할 폐기물·중장비 업체 / 14 폐기물처리업체 전국취합
수집·운반,(주)평송기업,충청권역,충청남도,아산시,충남 아산시 영인면 고룡산로 301,0415337749,수집·운반업 · 처리방법 수집·운반 · 금강유역환경청,,,14 폐기물처리업체 전국취합
수집·운반,(주)푸른환경,충청권역,충청남도,당진시,충청남도 당진시 면천면 면천로 393,070-8613-6699,폐기물 수집·운반업체 (서산센터 관할),,암롤트럭 1대,03 지자체 관할 폐기물·중장비 업체
수집·운반,(주)하이그린,충청권역,충청남도,아산시,충남 아산시 둔포면 아산밸리중앙로 80-13 403호,041-532-7538,수집·운반업 · 처리방법 수집·운반 · 금강유역환경청,,,14 폐기물처리업체 전국취합
수집·운반,(주)현진스틸,충청권역,충청남도,서산시,충청남도 서산시 장동옥동미길 33 (장동),041-668-5113,폐기물 수집·운반업체 (서산센터 관할),폐합성수지류 등 12종,집게차 1대대,03 지자체 관할 폐기물·중장비 업체
수집·운반,㈜대산산업,충청권역,충청남도,예산군,충청남도 예산군 신암면 조곡예림안길 34-32,041-332-8123,폐기물 수집·운반업체 (서산센터 관할),"폐합성수지, 폐합성섬유(고상) 등",암롤트럭 7대대,03 지자체 관할 폐기물·중장비 업체
수집·운반,㈜대생이엔티,충청권역,충청남도,당진시,"충청남도 당진시 서해로 6271-14, 엠동 101호",041-358-2551,폐기물 수집·운반업체 (서산센터 관할),,암롤트럭 2대,03 지자체 관할 폐기물·중장비 업체
수집·운반,㈜디제이환경산업,충청권역,충청남도,당진시,충청남도 당진시 송산면 송산로 488,041-357-7605,폐기물 수집·운반업체 (서산센터 관할),,암롤트럭 3대,03 지자체 관할 폐기물·중장비 업체
수집·운반,㈜보민환경,충청권역,충청남도,청양군,충청남도 청양군 비봉면 록평용당로 656-32,041-943-7436,폐기물 수집·운반업체 (서산센터 관할),"사업장 생활폐기물 (폐합성수지류, 폐합성고무류, 폐토사, 폐목재류, 폐보온재)",압롤트럭 3대대,03 지자체 관할 폐기물·중장비 업체
수집·운반,㈜스마트환경개발,충청권역,충청남도,당진시,"충청남도 당진시 송산면 서정 11길 6-1, 101호",,폐기물 수집·운반업체 (서산센터 관할),,암롤트럭 2대,03 지자체 관할 폐기물·중장비 업체
수집·운반,㈜이노블루,충청권역,충청남도,당진시,"충청남도 당진시 시곡로 344, 207호",041-358-0303,폐기물 수집·운반업체 (서산센터 관할),,암롤트럭 2대,03 지자체 관할 폐기물·중장비 업체
수집·운반,㈜태건환경건설,충청권역,충청남도,당진시,충청남도 당진시 합덕읍 면천로 1361-46,041-354-7764,폐기물 수집·운반업체 (서산센터 관할),,암롤트럭 1대,03 지자체 관할 폐기물·중장비 업체
수집·운반,㈜태한산업,충청권역,충청남도,홍성군,충청남도 홍성군 은하면 백야로 68번길 16,041-642-3358,폐기물 수집·운반업체 (서산센터 관할),"폐합성수지, 광재, 폐주물사 및 폐사 소각잔재물 등",암롤트럭 4대대,03 지자체 관할 폐기물·중장비 업체
수집·운반,건양개발㈜,충청권역,충청남도,보령시,충청남도 보령시 웅천읍 수부리 산6-2,041-931-0924,폐기물 수집·운반업체 (서산센터 관할),"무기성오니류, 폐토사",덤프트럭 3대대,03 지자체 관할 폐기물·중장비 업체
수집·운반,구항산업,충청권역,충청남도,홍성군,충청남도 홍성군 구항면 구항서길 306-54,041-633-6227,폐기물 수집·운반업체 (서산센터 관할),"폐합성고분자화합물, 광재류, 분진류 폐주물사 및 폐사 등",암롤트럭 2대대,03 지자체 관할 폐기물·중장비 업체
수집·운반,그린엔특장(주),충청권역,충청남도,청양군,충남 청양군 청양읍 충절로 1194,041-942-2588,수집·운반업 · 처리방법 수집·운반 · 금강유역환경청,,,14 폐기물처리업체 전국취합
수집·운반,금성환경,충청권역,충청남도,홍성군,충청남도 홍성군 결성면 홍남서로 751-2,,폐기물 수집·운반업체 (서산센터 관할),"폐합성수지, 퍠합성고무류, 폐폴리우레탄폼류, 폐발포합성수지 등",암롤트럭 5대대,03 지자체 관할 폐기물·중장비 업체
수집·운반,나은환경산업㈜,충청권역,충청남도,당진시,충청남도 당진시 신평면 서해로 6893,041-362-3337,폐기물 수집·운반업체 (서산센터 관할),,암롤트럭 2대,03 지자체 관할 폐기물·중장비 업체
수집·운반,내포환경,충청권역,충청남도,홍성군,"충청남도 홍성군 홍북읍 도청대로 171, 202호",,폐기물 수집·운반업체 (서산센터 관할),"폐합성수지, 폐합성고무류, 폐폴리우레탄폼류, 폐발포합성수지 등",암롤트럭 3대대,03 지자체 관할 폐기물·중장비 업체
수집·운반,녹색자원,충청권역,충청남도,서산시,충청남도 서산시 고북면 내포로 2316-9,,폐기물 수집·운반업체 (서산센터 관할),폐합성수지류 등 33종,카고트럭 1대대,03 지자체 관할 폐기물·중장비 업체
수집·운반,대산에코주식회사,충청권역,충청남도,서산시,충남 서산시 성연면 선창길 114-11,0416656675,수집·운반업 · 처리방법 수집·운반 · 금강유역환경청,,,14 폐기물처리업체 전국취합
수집·운반,대진환경(주)(서산),충청권역,충청남도,서산시,충남 서산시 대산읍 충의로 2230-29,041-664-8640,수집·운반업 · 처리방법 수집·운반 · 금강유역환경청,,,14 폐기물처리업체 전국취합
수집·운반,덕영건설㈜,충청권역,충청남도,당진시,"충청남도 당진시 우강면 덕평로 943, 가동 102호",041-357-9679,폐기물 수집·운반업체 (서산센터 관할),,암롤트럭 1대,03 지자체 관할 폐기물·중장비 업체
수집·운반,동산환경,충청권역,충청남도,당진시,충청남도 당진시 고대면 금암로 375,,폐기물 수집·운반업체 (서산센터 관할),,암롤트럭 3대,03 지자체 관할 폐기물·중장비 업체
수집·운반,동양산업개발(주),충청권역,충청남도,당진시,충남 당진시 송산면 송산로 725-59,041-354-2255,수집·운반업 · 처리방법 수집·운반 · 금강유역환경청,,,14 폐기물처리업체 전국취합
수집·운반,동준환경산업,충청권역,충청남도,서산시,"충청남도 서산시 성연면 성연2로 45, 1606호",,폐기물 수집·운반업체 (서산센터 관할),폐합성수지류 등 54종,카고트럭 3대대,03 지자체 관할 폐기물·중장비 업체
수집·운반,디에이치건설(주),충청권역,충청남도,서산시,"충청남도 서산시 음암면 서령로 330, 상가동 2층 (음암마을아파트)",,폐기물 수집·운반업체 (서산센터 관할),폐합성수지류 등 62종,밀폐식차량 2대대,03 지자체 관할 폐기물·중장비 업체
수집·운반,리뉴로지스인더 주식회사,충청권역,충청남도,당진시,충청남도 당진시 송악읍 부곡공단로 73,041-356-9500,폐기물 수집·운반업체 (서산센터 관할),,암롤트럭 5대,03 지자체 관할 폐기물·중장비 업체
수집·운반,명진자원,충청권역,충청남도,홍성군,충청남도 홍성군 홍성읍 백월로 17,041-632-5454,폐기물 수집·운반업체 (서산센터 관할),"폐합성고분자화합물, 폐목재류, 폐섬유류 등",암롤트럭 3대대,03 지자체 관할 폐기물·중장비 업체
수집·운반,미래산업,충청권역,충청남도,서산시,충청남도 서산시 대산읍 대산리 1094-2,041-663-7308,폐기물 수집·운반업체 (서산센터 관할),사업장배출시설계폐기물,기계식상차장치부착차량 2대대,03 지자체 관할 폐기물·중장비 업체
수집·운반,미래환경(주),충청권역,충청남도,청양군,충남 청양군 청양읍 학사길 35-4,041-332-7221,수집·운반업 · 처리방법 수집·운반 · 금강유역환경청,,,14 폐기물처리업체 전국취합
수집·운반,베이스환경(주),충청권역,충청남도,천안시,충남 천안시 서북구 직산읍 정자1길 151,041-567-5679,수집·운반업 · 처리방법 수집·운반 · 금강유역환경청,,,14 폐기물처리업체 전국취합
수집·운반,부흥자원,충청권역,충청남도,서산시,충청남도 서산시 여전중앙길 94-14 (예천동),,폐기물 수집·운반업체 (서산센터 관할),폐합성수지류 등 18종,기계식상차장치부착차량 1대대,03 지자체 관할 폐기물·중장비 업체
수집·운반,삼홍조경건설,충청권역,충청남도,보령시,충남 보령시 웅천읍 대천리64-1,041-934-0207,수집·운반업 · 처리방법 수집·운반 · 금강유역환경청,,,14 폐기물처리업체 전국취합
수집·운반,삼화환경(주),충청권역,충청남도,천안시,충남 천안시 서북구 두정동395-5,041-568-4517,수집·운반업 · 처리방법 수집·운반 · 금강유역환경청,,,14 폐기물처리업체 전국취합
수집·운반,상록수환경(주),충청권역,충청남도,천안시,충남 천안시 동남구 구성동128-2,041-622-2772,수집·운반업 · 처리방법 수집·운반 · 금강유역환경청,,,14 폐기물처리업체 전국취합
수집·운반,서산고물상 우성자원,충청권역,충청남도,서산시,충청남도 서산시 해미면 귀밀길 13-6,,폐기물 수집·운반업체 (서산센터 관할),폐합성수지류 등 33종,카고트럭 2대대,03 지자체 관할 폐기물·중장비 업체
수집·운반,시현환경건설㈜,충청권역,충청남도,당진시,충청남도 당진시 정안로 65,041-358-4401,폐기물 수집·운반업체 (서산센터 관할),,암롤트럭 2대,03 지자체 관할 폐기물·중장비 업체
수집·운반,아주환경개발(주),충청권역,충청남도,당진시,충남 당진시 순성면 갈뫼길 12,041-355-7288,수집·운반업 · 처리방법 수집·운반 · 금강유역환경청 / 폐기물 수집·운반업체 (서산센터 관할),,암롤트럭 2대,03 지자체 관할 폐기물·중장비 업체 / 14 폐기물처리업체 전국취합
수집·운반,에이스켐(주),충청권역,충청남도,아산시,충남 아산시 신창면 환경공원로 227,041-911-9211,수집·운반업 · 처리방법 수집·운반 · 금강유역환경청 / 종합 재활용업 · 처리방법 재활용,,,14 폐기물처리업체 전국취합
수집·운반,"연합환경(주)(건설,지정)",충청권역,충청남도,서산시,충남 서산시 음암면노루골길 36,041-669-8388,수집·운반업 · 처리방법 수집·운반 · 금강유역환경청,,,14 폐기물처리업체 전국취합
수집·운반,영이엔티㈜,충청권역,충청남도,홍성군,충청남도 홍성군 홍성읍 도청대로 149,041-635-1165,폐기물 수집·운반업체 (서산센터 관할),"폐합성수지류, 폐합성고무류, 폐폴리염화비닐수지류, 폐폴리우레탄폼류, 폐발포합성수지, 플라스틱폐포장재, 그 밖의 폐합성고분자화합물, 폐활성탄, 폐목재류",밀폐식차량 32대대,03 지자체 관할 폐기물·중장비 업체
수집·운반,영진환경산업(주),충청권역,충청남도,논산시,충남 논산시 은진면 탑정로 273,0417357797,수집·운반업 · 처리방법 수집·운반 · 금강유역환경청,,,14 폐기물처리업체 전국취합
수집·운반,우선산업(주),충청권역,충청남도,서산시,충남 서산시 해미면 산수로 137-24,041-688-6388,수집·운반업 · 처리방법 수집·운반 · 금강유역환경청,,,14 폐기물처리업체 전국취합
수집·운반,원광종합개발(주),충청권역,충청남도,천안시,충남 천안시 동남구 구룡동1 화물터미널214호,041-568-1158,수집·운반업 · 처리방법 수집·운반 · 금강유역환경청,,,14 폐기물처리업체 전국취합
수집·운반,은포산업개발㈜,충청권역,충청남도,보령시,충청남도 보령시 주교면 울계큰길 66-1,,폐기물 수집·운반업체 (서산센터 관할),"폐유리,폐판넬,유기성오니,소각재,분진,폐주물사 및 폐사 등",카고트럭 2대대,03 지자체 관할 폐기물·중장비 업체
수집·운반,이삭환경,충청권역,충청남도,당진시,충청남도 당진시 원당골길 79,041-352-6565,폐기물 수집·운반업체 (서산센터 관할),,암롤트럭 3대,03 지자체 관할 폐기물·중장비 업체
수집·운반,이엔케미칼(주)당진지점,충청권역,충청남도,당진시,충남 당진시 송산면 가곡로 200,041-430-8870,수집·운반업 · 처리방법 수집·운반 · 금강유역환경청 / 중간처분업 · 처리방법 기타 · 금강유역환경청,,,14 폐기물처리업체 전국취합
수집·운반,이조환경㈜,충청권역,충청남도,당진시,충청남도 당진시 정미면 4.4만세로 662,041-353-2322,폐기물 수집·운반업체 (서산센터 관할),,암롤트럭 2대,03 지자체 관할 폐기물·중장비 업체
수집·운반,인바이오텍(주) 당진지점,충청권역,충청남도,당진시,충남 당진시 송산면가곡로 210,041-356-7960,수집·운반업 · 처리방법 수집·운반 · 금강유역환경청 / 중간처분업 · 처리방법 기타 · 금강유역환경청 / 종합 재활용업 · 처리방법 재활용,,,14 폐기물처리업체 전국취합
수집·운반,자연보호환경(주),충청권역,충청남도,천안시,충남 천안시 동남구 광덕면 차령고개로 981,070-7533-2112,수집·운반업 · 처리방법 수집·운반 · 금강유역환경청,,,14 폐기물처리업체 전국취합
수집·운반,제일환경산업(주),충청권역,충청남도,서산시,충남 서산시 운산면 산수동길 10,041-663-5145,수집·운반업 · 처리방법 수집·운반 · 금강유역환경청,,,14 폐기물처리업체 전국취합
수집·운반,조은이엔지(주),충청권역,충청남도,서산시,충남 서산시 쌍연남1로 32 2층,041-681-8899,수집·운반업 · 처리방법 수집·운반 · 금강유역환경청,,,14 폐기물처리업체 전국취합
수집·운반,주식회사 유진산업,충청권역,충청남도,당진시,"충청남도 당진시 북문로 1길 41-7, 202호",041-358-8311,폐기물 수집·운반업체 (서산센터 관할),,암롤트럭 2대,03 지자체 관할 폐기물·중장비 업체
수집·운반,주식회사 클린당진,충청권역,충청남도,당진시,"충청남도 당진시 틀모시로 638, 101호",,폐기물 수집·운반업체 (서산센터 관할),,암롤트럭 2대,03 지자체 관할 폐기물·중장비 업체
수집·운반,주원건설(주),충청권역,충청남도,보령시,충남 보령시 큰오랏7길 32(동대동),041-935-8111,수집·운반업 · 처리방법 수집·운반 · 금강유역환경청,,,14 폐기물처리업체 전국취합
수집·운반,지성농산,충청권역,충청남도,서산시,충청남도 서산시 해미면 읍내리 364,,폐기물 수집·운반업체 (서산센터 관할),사업장배출시설계폐기물,밀폐식차량 1대대,03 지자체 관할 폐기물·중장비 업체
수집·운반,지원산업,충청권역,충청남도,서산시,충청남도 서산시 대산읍 명지1로 234,,폐기물 수집·운반업체 (서산센터 관할),폐수처리오니 등 11종,탱크로리 1대대,03 지자체 관할 폐기물·중장비 업체
수집·운반,청송산업㈜,충청권역,충청남도,홍성군,충청남도 홍성군 홍성읍 백월로 57,,폐기물 수집·운반업체 (서산센터 관할),"폐합성수지류, 폐합성고무류, 폐폴리우레탄폼류, 폐발포합성수지 등",암롤트럭 2대대,03 지자체 관할 폐기물·중장비 업체
수집·운반,코스람산업(주),충청권역,충청남도,당진시,충남 당진시 순성면 틀모시로 216,041-352-0780,수집·운반업 · 처리방법 수집·운반 · 금강유역환경청 / 종합 재활용업 · 처리방법 재활용,,,14 폐기물처리업체 전국취합
수집·운반,태림산업㈜,충청권역,충청남도,당진시,"충청남도 당진시 시청2로 20, 503호",041-355-5660,폐기물 수집·운반업체 (서산센터 관할),,암롤트럭 1대,03 지자체 관할 폐기물·중장비 업체
수집·운반,하나환경(주),충청권역,충청남도,천안시,충청남도 천안시 동남구 광덕면 광덕로 258-37,041-568-0116,수집·운반업 · 처리방법 수집·운반 · 금강유역환경청,,,14 폐기물처리업체 전국취합
수집·운반,한울환경주식회사,충청권역,충청남도,논산시,충남 논산시 계백로 1201,0419802900,수집·운반업 · 처리방법 수집·운반 · 금강유역환경청,,,14 폐기물처리업체 전국취합
수집·운반,혁성자원,충청권역,충청남도,서산시,충청남도 서산시 대산읍 충의로 2687-88,,폐기물 수집·운반업체 (서산센터 관할),정수처리오니 등 39종,기계식상차장치부착차량 3대대,03 지자체 관할 폐기물·중장비 업체
수집·운반,현무환경(주),충청권역,충청남도,천안시,충남 천안시 서북구 직산읍 남산리9-52,041-561-0949,수집·운반업 · 처리방법 수집·운반 · 금강유역환경청,,,14 폐기물처리업체 전국취합
수집·운반,화서유지상사,충청권역,충청남도,당진시,충청남도 당진시 당진시장길 74,041-352-7312,폐기물 수집·운반업체 (서산센터 관할),,암롤트럭 2대,03 지자체 관할 폐기물·중장비 업체
수집·운반,(주)금강티앤씨,충청권역,충청북도,청주시,충북 청주시 흥덕구 내거로52번길 16 (서촌동),043-236-2056,수집·운반업 · 처리방법 수집·운반 · 금강유역환경청,,,14 폐기물처리업체 전국취합
수집·운반,(주)대일기업,충청권역,충청북도,청주시,충북 청주시 흥덕구 강내면 황탄리길 150,0432326476,수집·운반업 · 처리방법 수집·운반 · 금강유역환경청,,,14 폐기물처리업체 전국취합
수집·운반,(주)대한철거산업(운반),충청권역,충청북도,청주시,충북 청주시 서원구 3순환로 242,043-285-4040,수집·운반업 · 처리방법 수집·운반 · 금강유역환경청,,,14 폐기물처리업체 전국취합
수집·운반,(주)디에스이엔지(지정),충청권역,충청북도,청주시,충북 청주시 서원구 남이면 양촌리102-1,043-295-4560,수집·운반업 · 처리방법 수집·운반 · 금강유역환경청,,,14 폐기물처리업체 전국취합
수집·운반,(주)디와이솔루션-지정운반,충청권역,충청북도,진천군,충북 진천군 문백면 문진로 320-65,043-537-6541,수집·운반업 · 처리방법 수집·운반 · 금강유역환경청,,,14 폐기물처리업체 전국취합
수집·운반,(주)디와이텍,충청권역,충청북도,제천시,충북 제천시 단양로 3020 2층(대랑동),043-653-4018,수집·운반업 · 처리방법 수집·운반 · 원주지방환경청,,,14 폐기물처리업체 전국취합
수집·운반,(주)문화환경개발(운반),충청권역,충청북도,충주시,충북 충주시 안림동477-2,043-853-0369,수집·운반업 · 처리방법 수집·운반 · 원주지방환경청,,,14 폐기물처리업체 전국취합
수집·운반,(주)범창,충청권역,충청북도,진천군,충북 진천군 이월면 수평1길 126,043-534-5800,수집·운반업 · 처리방법 수집·운반 · 금강유역환경청 / 종합 재활용업 · 처리방법 재활용,,,14 폐기물처리업체 전국취합
수집·운반,(주)범창산업,충청권역,충청북도,제천시,충북 제천시 단양로3309-1(고명동),043-646-3194,수집·운반업 · 처리방법 수집·운반 · 원주지방환경청,,,14 폐기물처리업체 전국취합
수집·운반,(주)보건환경산업,충청권역,충청북도,청주시,충북 청주시 상당구 평촌동345번지,043-233-4402,수집·운반업 · 처리방법 수집·운반 · 금강유역환경청,,,14 폐기물처리업체 전국취합
수집·운반,(주)산수개발환경,충청권역,충청북도,충주시,충북 충주시 칠금동287번지,043-845-1143,수집·운반업 · 처리방법 수집·운반 · 원주지방환경청 / 폐기물 수집·운반업체 (충주센터 관할),"오니류, 고형화폐기물, 폐촉매, 폐흡착제 및 폐흡수제 등",카고트럭 2대대,03 지자체 관할 폐기물·중장비 업체 / 14 폐기물처리업체 전국취합
수집·운반,(주)오성아이케이진천지점(1공장),충청권역,충청북도,진천군,충북 진천군 이월면 장수로 381,043-537-2020,수집·운반업 · 처리방법 수집·운반 · 금강유역환경청 / 종합 재활용업 · 처리방법 재활용,,,14 폐기물처리업체 전국취합
수집·운반,(주)중원인더스트리,충청권역,충청북도,충주시,충북 충주시 목행산단7로 10 (목행동),043-853-9027,수집·운반업 · 처리방법 수집·운반 · 원주지방환경청,,,14 폐기물처리업체 전국취합
수집·운반,(주)진성리텍,충청권역,충청북도,청주시,충북 청주시 청원구 오창읍 중신길 50-12,043-716-0007,수집·운반업 · 처리방법 수집·운반 · 금강유역환경청 / 종합 재활용업 · 처리방법 재활용,,,14 폐기물처리업체 전국취합
수집·운반,(주)천지화학,충청권역,충청북도,진천군,충북 진천군 덕산읍 화상리135-7,043-537-8090,수집·운반업 · 처리방법 수집·운반 · 금강유역환경청 / 종합 재활용업 · 처리방법 재활용,,,14 폐기물처리업체 전국취합
수집·운반,(주)충청환경,충청권역,충청북도,옥천군,충북 옥천군 청산면 인정리962번지,043-731-1797,수집·운반업 · 처리방법 수집·운반 · 금강유역환경청,,,14 폐기물처리업체 전국취합
수집·운반,(주)케이그린,충청권역,충청북도,청주시,충북 청원군 현도면시목외천로 287-18,043-235-1415,수집·운반업 · 처리방법 수집·운반 · 금강유역환경청 / 수집·운반업 · 처리방법 수집·운반 · 원주지방환경청 / 폐기물 수집·운반업체 (충주센터 관할),"폐염산, 폐황산, 폐질산, 폐불산, 그밖의폐산, 폐가성소다수, 그밖의 폐알칼리 등",암롤트럭 6대대,03 지자체 관할 폐기물·중장비 업체 / 14 폐기물처리업체 전국취합
수집·운반,(주)한사랑산업보건연구소,충청권역,충청북도,청주시,충북 청주시 상당구 가덕면 단재로 1486-13,043-291-2588,수집·운반업 · 처리방법 수집·운반 · 금강유역환경청,,,14 폐기물처리업체 전국취합
수집·운반,광도이앤씨(주),충청권역,충청북도,청주시,충북 청주시 흥덕구 옥산면 호죽성재로 105-2,043-232-5182,수집·운반업 · 처리방법 수집·운반 · 금강유역환경청 / 중간 재활용업 · 처리방법 재활용,,,14 폐기물처리업체 전국취합
수집·운반,대덕정유(주),충청권역,충청북도,청주시,충청북도 청주시 서원구 현도면 양지시목로 39,042-933-5172,수집·운반업 · 처리방법 수집·운반 · 금강유역환경청,,,14 폐기물처리업체 전국취합
수집·운반,대로이엔씨(주)-운반,충청권역,충청북도,청주시,충북 청주시 서원구 남이면 남석로 87-9,043-223-7904,수집·운반업 · 처리방법 수집·운반 · 금강유역환경청,,,14 폐기물처리업체 전국취합
수집·운반,대영산업(주),충청권역,충청북도,제천시,충북 제천시 고암동208-2,043-646-0663,수집·운반업 · 처리방법 수집·운반 · 원주지방환경청,,,14 폐기물처리업체 전국취합
수집·운반,미래이에스(주),충청권역,충청북도,청주시,충북 청원군 오창면 모정리110-2,043-216-2601,수집·운반업 · 처리방법 수집·운반 · 금강유역환경청,,,14 폐기물처리업체 전국취합
수집·운반,미지산업(주),충청권역,충청북도,진천군,충북 진천군 이월면 수청길 153,043-535-7361,수집·운반업 · 처리방법 수집·운반 · 금강유역환경청,,,14 폐기물처리업체 전국취합
수집·운반,반도환경(주),충청권역,충청북도,청주시,충북 청주시 상당구 월오동436-3,043-214-3270,수집·운반업 · 처리방법 수집·운반 · 금강유역환경청,,,14 폐기물처리업체 전국취합
수집·운반,주)대림 청주임시보관장소,충청권역,충청북도,청주시,충북 청주시 서원구 현도면 현도시동길 53,063-468-5455,수집·운반업 · 처리방법 수집·운반 · 전북지방환경청,,,14 폐기물처리업체 전국취합
수집·운반,주식회사 서윤산업,충청권역,충청북도,청주시,충북 청주시 흥덕구 옥산면 환희길 116,043-273-8804,수집·운반업 · 처리방법 수집·운반 · 금강유역환경청,,,14 폐기물처리업체 전국취합
수집·운반,주식회사에이치아이에너지,충청권역,충청북도,진천군,충북 진천군 진천읍 송두4길 47-8,0435362206,수집·운반업 · 처리방법 수집·운반 · 금강유역환경청,,,14 폐기물처리업체 전국취합
수집·운반,중앙건기㈜,충청권역,충청북도,충주시,충청북도 충주시 앙성면 가곡로 1670\_ 1층 102호,043-852-7008,폐기물 수집·운반업체 (충주센터 관할),"폐수처리오니 보크사이트잔재물, 그 밖의 공정오니, 폐수산화나트륨(고상), 폐수산화칼슘(고상), 화학점결폐주물사 사업장폐기물 소각시설 비산재 등",덤프트럭 2대대,03 지자체 관할 폐기물·중장비 업체
수집·운반,천지에코(주),충청권역,충청북도,청주시,충북 청주시 흥덕구 남석로 535-40,043-232-5172,수집·운반업 · 처리방법 수집·운반 · 금강유역환경청,,,14 폐기물처리업체 전국취합
수집·운반,천지이에스(주),충청권역,충청북도,청주시,충북 청주시 상당구 영운천로153번길 12,043-905-4952,수집·운반업 · 처리방법 수집·운반 · 금강유역환경청,,,14 폐기물처리업체 전국취합
수집·운반,케이지환경서비스주식회사,충청권역,충청북도,청주시,충북 청주시 흥덕구 강내면 태성1길 20-34,043-233-7464,수집·운반업 · 처리방법 수집·운반 · 금강유역환경청,,,14 폐기물처리업체 전국취합
수집·운반,해동산업개발,충청권역,충청북도,청주시,충청북도 청주시 청원구 외남로104번길 42,043-213-8248,수집·운반업 · 처리방법 수집·운반 · 금강유역환경청 / 종합 재활용업 · 처리방법 재활용,,,14 폐기물처리업체 전국취합
수집·운반,화신산업(주),충청권역,충청북도,제천시,충북 제천시 내토로 1107 1층(고암동),043-653-9745,수집·운반업 · 처리방법 수집·운반 · 원주지방환경청,,,14 폐기물처리업체 전국취합
중간처분(소각),(주)동해이엠씨,강원권역,강원특별자치도,동해시,강원 동해시 공단2로 16(구호동 243-24),033-522-4900,중간처분업 · 처리방법 소각 · 원주지방환경청,,,14 폐기물처리업체 전국취합
중간처분(소각),(주)창원에너텍,경상권역,경상남도,창원시,경남 창원시 성산구 남면로113번길 27,055-273-0500,중간처분업 · 처리방법 소각 · 낙동강유역환경청,,,14 폐기물처리업체 전국취합
중간처분(소각),NC양산(주),경상권역,경상남도,양산시,경남 양산시 산막동332-3,055-367-1515,중간처분업 · 처리방법 소각 · 낙동강유역환경청 / 지정폐기물 중간처분 (울산센터 관할),"폐유(액상, 고상), 기타폐유기용제, 폐합성고분자화합물(폐합성수지, 폐합성고무)",,03 지자체 관할 폐기물·중장비 업체 / 14 폐기물처리업체 전국취합
중간처분(소각),(주)케이비아이국인산업(구미),경상권역,경상북도,구미시,경북 구미시 3공단3로 46-79,054-473-1116,중간처분업 · 처리방법 소각 · 대구지방환경청,,,14 폐기물처리업체 전국취합
중간처분(소각),네이처이앤티(주),경상권역,경상북도,포항시,경북 포항시 남구 대송면 철강로492번길 49,054-271-3151,중간처분업 · 처리방법 소각 · 대구지방환경청 / 최종처분업 · 처리방법 매립 · 대구지방환경청,,,14 폐기물처리업체 전국취합
중간처분(소각),정세환경기술(주),경상권역,경상북도,경주시,경북 경주시 두류길 218-44,054-761-6767,중간처분업 · 처리방법 소각 · 대구지방환경청,,,14 폐기물처리업체 전국취합
중간처분(소각),(주)에너지네트웍,경상권역,부산광역시,사하구,부산시 사하구 강변대로 20,051-204-0000,중간처분업 · 처리방법 소각 · 낙동강유역환경청,,,14 폐기물처리업체 전국취합
중간처분(소각),에이치엘비에너지주식회사,경상권역,부산광역시,사하구,부산 사하구 감천항로291번길 80,051-266-6701,중간처분업 · 처리방법 소각 · 낙동강유역환경청,,,14 폐기물처리업체 전국취합
중간처분(소각),(주)범우(울산),경상권역,울산광역시,울주군,울산광역시 울주군 온산읍 온산로 219-3,052-238-1561,중간처분업 · 처리방법 소각 · 낙동강유역환경청,,,14 폐기물처리업체 전국취합
중간처분(소각),(주)유니큰 온산공장,경상권역,울산광역시,울주군,울산 울주군 온산읍 원산로 59,052-228-7011,중간처분업 · 처리방법 소각 · 낙동강유역환경청,,,14 폐기물처리업체 전국취합
중간처분(소각),(주)코엔텍,경상권역,울산광역시,남구,울산 남구 용잠로 328,052-228-7300,중간처분업 · 처리방법 소각 · 낙동강유역환경청 / 최종처분업 · 처리방법 매립 · 낙동강유역환경청,,,14 폐기물처리업체 전국취합
중간처분(소각),(주)토탈,경상권역,울산광역시,남구,울산 남구 용연동490-4,052-256-0207,중간처분업 · 처리방법 소각 · 낙동강유역환경청 / 종합 재활용업 · 처리방법 재활용,,,14 폐기물처리업체 전국취합
중간처분(소각),NC울산(주)-처리자,경상권역,울산광역시,남구,"울산 남구 용잠로 339 (용잠동,NCC(주))",052-256-0111,중간처분업 · 처리방법 소각 · 낙동강유역환경청 / 중간 재활용업 · 처리방법 재활용,,,14 폐기물처리업체 전국취합
중간처분(소각),(주)가나에너지,수도권,경기도,양주시,경기 양주시 남면 삼일로485번길 78-7,031-858-3201,중간처분업 · 처리방법 소각 · 한강유역환경청,,,14 폐기물처리업체 전국취합
중간처분(소각),(주)그린스코,수도권,인천광역시,남동구,인천 남동구 앵고개로654번길 99 남동공단,032-718-0164,중간처분업 · 처리방법 소각 · 한강유역환경청,,,14 폐기물처리업체 전국취합
중간처분(소각),(주)이알지서비스,수도권,인천광역시,남동구,인천 남동구 남동서로316번길 41,032-822-2961,중간처분업 · 처리방법 소각 · 한강유역환경청,,,14 폐기물처리업체 전국취합
중간처분(소각),(주)케이비아이텍,수도권,인천광역시,서구,인천 서구 석남동223-21,032-571-3224,중간처분업 · 처리방법 소각 · 한강유역환경청,,,14 폐기물처리업체 전국취합
중간처분(소각),(주)와이엔텍,전라권역,전라남도,여수시,전남 여수시 여수산단로 1232,061-690-6914,중간처분업 · 처리방법 소각 · 영산강유역환경청 / 중간처분업 · 처리방법 기타 · 영산강유역환경청 / 최종처분업 · 처리방법 매립 · 영산강유역환경청,,,14 폐기물처리업체 전국취합
중간처분(소각),케이씨환경서비스(주)여수사업부(중간)-화치,전라권역,전라남도,여수시,전남 여수시 산단중앙로 30-36,061-805-9501,중간처분업 · 처리방법 소각 · 영산강유역환경청,,,14 폐기물처리업체 전국취합
중간처분(소각),한솔이엠이(주)군산사업소,전라권역,전북특별자치도,군산시,전북 군산시 소룡동1585,063-467-2285,중간처분업 · 처리방법 소각 · 전북지방환경청,,,14 폐기물처리업체 전국취합
중간처분(소각),(주)대성에코에너지센터,충청권역,충청남도,당진시,충남 당진시 석문면 장고항리1421번지 (주)대성에코에너지센터,041-360-7300,중간처분업 · 처리방법 소각 · 금강유역환경청,,,14 폐기물처리업체 전국취합
중간처분(소각),(주)영흥산업환경,충청권역,충청남도,천안시,충남 천안시 동남구 목천읍 소사리187-4,041-554-7811,중간처분업 · 처리방법 소각 · 금강유역환경청,,,14 폐기물처리업체 전국취합
중간처분(소각),충청환경에너지(주),충청권역,충청남도,당진시,충남 당진시 송악읍 부곡공단로 73,041-356-9500,중간처분업 · 처리방법 소각 · 금강유역환경청,,,14 폐기물처리업체 전국취합
중간처분(소각),(주)다나에너지솔루션,충청권역,충청북도,청주시,충북 청주시 청원구 오창읍 여천3길 166,043-241-7887,중간처분업 · 처리방법 소각 · 금강유역환경청,,,14 폐기물처리업체 전국취합
중간처분(그 외),(주)봉수산업 김해사업소,경상권역,경상남도,김해시,경상남도 김해시 생림면 장재로520번길 8-75,070-8230-6267,중간처분업 · 처리방법 기타 · 낙동강유역환경청 / 중간 재활용업 · 처리방법 재활용,,,14 폐기물처리업체 전국취합
중간처분(그 외),(주)협진알씨,경상권역,경상남도,양산시,경남 양산시 산막공단남11길 65-9,055-362-0011,중간처분업 · 처리방법 기타 · 낙동강유역환경청 / 지정폐기물 중간처분 (울산센터 관할) / 지정폐기물 재활용 (울산센터 관할),"폐산(액상), 폐알칼리(액상)",,03 지자체 관할 폐기물·중장비 업체 / 14 폐기물처리업체 전국취합
중간처분(그 외),보물섬환경,경상권역,경상남도,남해군,경상남도 남해군 남해읍 에코파크길 29,055-864-5859,폐기물 중간처리업체 (여수센터 관할),"폐목재, 폐합성수지, 폐판넬, 임목폐목재, 폐어망 등",암롤트럭 2대대,03 지자체 관할 폐기물·중장비 업체
중간처분(그 외),학산금속공업(주),경상권역,경상남도,김해시,경남 김해시 생림면 장재로520번길 8-69,055-329-6312,중간처분업 · 처리방법 기타 · 낙동강유역환경청 / 중간 재활용업 · 처리방법 재활용,,,14 폐기물처리업체 전국취합
중간처분(그 외),(주)보광,경상권역,경상북도,영천시,경북 영천시 금호읍 오계공단길 1-55,053-241-5081,중간처분업 · 처리방법 기타 · 대구지방환경청,,,14 폐기물처리업체 전국취합
중간처분(그 외),(주)씨엠텍코리아,경상권역,경상북도,경주시,경상북도 경주시 서면 심곡리1138-7,054-700-9220,중간처분업 · 처리방법 기타 · 대구지방환경청 / 종합재활용 (대구지방환경청),"(02-01-99) 그 밖의 폐산, (01-02-01) 폐수처리오니, (01-02-99) 그 밖의 공정오니(폐페인트 고상·분말), (03-02-00) 분진, (03-07-01) 금속성 폐촉매",,13 지정폐기물 처리업체(대구청) / 14 폐기물처리업체 전국취합
중간처분(그 외),(주)알씨텍,경상권역,경상북도,칠곡군,경상북도 칠곡군 약목면 복성리366-2,054-977-3090,중간처분업 · 처리방법 기타 · 대구지방환경청 / 종합재활용 (대구지방환경청),"(02-01-02·03·99) 폐황산, 폐질산, 그 밖의 폐산
(02-02-99) 폐알칼리",,13 지정폐기물 처리업체(대구청) / 14 폐기물처리업체 전국취합
중간처분(그 외),(주)앤씨티,경상권역,경상북도,영천시,경북 영천시 용내길 67-32,054-336-8372,중간처분업 · 처리방법 기타 · 대구지방환경청 / 중간처분 (대구지방환경청),폐산(액상),,13 지정폐기물 처리업체(대구청) / 14 폐기물처리업체 전국취합
중간처분(그 외),(주)에스이,경상권역,경상북도,구미시,경북 구미시 장천면 장천상림3길 83,054-476-6303,중간처분업 · 처리방법 기타 · 대구지방환경청 / 중간처분 (대구지방환경청),공정오니,,13 지정폐기물 처리업체(대구청) / 14 폐기물처리업체 전국취합
중간처분(그 외),㈜금보머티리얼즈,경상권역,경상북도,칠곡군,경북 칠곡군 왜관읍 공단로13길 69-19,054-972-2022,중간처분 (대구지방환경청),그밖의폐산,,13 지정폐기물 처리업체(대구청)
중간처분(그 외),㈜대성E.R.C,경상권역,경상북도,칠곡군,경북 칠곡군 지천면 칠곡대로 2040-107,054-972-0030,중간처분 (대구지방환경청),"사업장폐기물소각시설비산재, 그 밖의 공정오니",,13 지정폐기물 처리업체(대구청)
중간처분(그 외),㈜새한산업개발,경상권역,경상북도,성주군,경북 성주군 선남면 선노로 582-4,054-933-8568,폐기물 중간처리업체 (구미센터 관할),폐합성수지 등,메가트럭 1대,03 지자체 관할 폐기물·중장비 업체
중간처분(그 외),㈜씨케이(구. (주)아림환경),경상권역,경상북도,고령군,경북 고령군 다산면 다산산단로 54-58,054-956-7200,의료중간처분 (대구지방환경청),의료폐기물,,13 지정폐기물 처리업체(대구청)
중간처분(그 외),㈜에너지경산 [구.㈜에코비트에너지경산(구.㈜이에스지경산)],경상권역,경상북도,경산시,경북 경산시 진량읍 대구대로 355-26(평사리 513-1),053-857-0360,의료중간처분 (대구지방환경청),의료폐기물,,13 지정폐기물 처리업체(대구청)
중간처분(그 외),㈜에너지경주[구. ㈜에코비트에너지경주(구.㈜이에스지경주)],경상권역,경상북도,경주시,경북 경주시 안강읍 두류길 178-1,054-763-0341,의료중간처분 (대구지방환경청),의료폐기물,,13 지정폐기물 처리업체(대구청)
중간처분(그 외),㈜에너지정세[구.㈜에코비트에너지정세(구.정세환경기술주식회사)],경상권역,경상북도,경주시,경북 경주시 안강읍 두류길 218-116,054-761-6767,중간처분(소각) (대구지방환경청),"폐유(액, 고상), 그밖의폐유기용제(액, 고상)",,13 지정폐기물 처리업체(대구청)
중간처분(그 외),㈜에스에이치테크놀러지[구. ㈜보광],경상권역,경상북도,영천시,경북 영천시 금호읍 오계공단길 1-55,053-241-5081,중간처분 (대구지방환경청),"폐산, 공정오니",,13 지정폐기물 처리업체(대구청)
중간처분(그 외),네이처이앤티㈜(구.동양에코㈜),경상권역,경상북도,포항시,경북 포항시 남구 철강로492번길 49,054-271-3154,중간처분(소각) (대구지방환경청) / 최종처분 (대구지방환경청),"폐합성고분자화합물, 오니류, 폐촉매, 폐흡착제 및 폐흡수제, 폐유기용제, 폐유, 그밖에 환경부장관이 정하여 고시하는 물질(30-00-00)",,13 지정폐기물 처리업체(대구청)
중간처분(그 외),"리뉴에너지경북주식회사(구. 경북환경에너지주식회사, ㈜이앤이)",경상권역,경상북도,구미시,경북 구미시 4공단로 44(구포동),054-475-4141,중간처분(소각) (대구지방환경청),"폐합성고분자화합물,폐유,폐유기용제(비할로겐족), (일반폐기물 포함)",,13 지정폐기물 처리업체(대구청)
중간처분(그 외),보강산업,경상권역,경상북도,칠곡군,경북 칠곡군 가산면 학하리 808-1,054-971-4145,중간처분업 · 처리방법 기타 · 대구지방환경청 / 종합 재활용업 · 처리방법 재활용 / 종합재활용 (대구지방환경청),"폐유(철제 및 프라스틱 용기류), 폐유기용제(철제 및 플라스틱 용기류)",,13 지정폐기물 처리업체(대구청) / 14 폐기물처리업체 전국취합
중간처분(그 외),"영천켐 주식회사(구. 오케이테크, 구. 대기케미칼)",경상권역,경상북도,영천시,경북 영천시 칠백로 808-7,054-333-0555,중간처분 (대구지방환경청),"폐산(폐불산), 폐알카리",,13 지정폐기물 처리업체(대구청)
중간처분(그 외),오케이테크,경상권역,경상북도,영천시,경상북도 영천시 도남동407,054-333-0555,중간처분업 · 처리방법 기타 · 대구지방환경청 / 종합 재활용업 · 처리방법 재활용,,,14 폐기물처리업체 전국취합
중간처분(그 외),"주식회사 에스피환경(구.주식회사 에스피네이처영천사업소, (주)네비엔영천사업소)",경상권역,경상북도,영천시,경북 영천시 도남공단3길 25,054-336-0280,중간처분(소각) (대구지방환경청),"폐유(고상), 그 밖의 폐유기용제, 폐흡착제, 폐흡수제",,13 지정폐기물 처리업체(대구청)
중간처분(그 외),주식회사 케이비아이국인산업(구.㈜국인산업),경상권역,경상북도,구미시,경북 구미시 3공단3로 46-79(시미동),054-473-1116,중간처분(소각) (대구지방환경청),"폐합성수지,폐페인트및락카,폐유기용제,폐유,폐흡착제등",,13 지정폐기물 처리업체(대구청)
중간처분(그 외),(주)대흥금속,경상권역,대구광역시,달성군,대구시 달성군 논공읍 논공로 69길 48,053-615-0500,중간처분업 · 처리방법 기타 · 대구지방환경청,,,14 폐기물처리업체 전국취합
중간처분(그 외),(주)에스에이치,경상권역,대구광역시,달서구,대구광역시 달서구 장기동750-1번지,053-593-8117,중간처분업 · 처리방법 기타 · 대구지방환경청 / 중간처분 (대구지방환경청),"폐산, 폐알카리",,13 지정폐기물 처리업체(대구청) / 14 폐기물처리업체 전국취합
중간처분(그 외),(주)포앤테크,수도권,경기도,평택시,경기도 평택시 오성면 양교리449-10,031-683-6873,중간처분업 · 처리방법 기타 · 한강유역환경청,,,14 폐기물처리업체 전국취합
중간처분(그 외),(주)하나이앤에스(처리),수도권,경기도,화성시,경기 화성시 장안면 화곡로 280-42,031-351-8872,중간처분업 · 처리방법 기타 · 한강유역환경청 / 중간 재활용업 · 처리방법 재활용,,,14 폐기물처리업체 전국취합
중간처분(그 외),대덕피에스디(주),수도권,경기도,파주시,경기도 파주시 야동동247-8,031-947-1810,중간처분업 · 처리방법 기타 · 한강유역환경청,,,14 폐기물처리업체 전국취합
중간처분(그 외),대한케미칼(주),수도권,경기도,화성시,경기도 화성시 우정읍 버들로191번길 71-41,031-358-2256,중간처분업 · 처리방법 기타 · 한강유역환경청,,,14 폐기물처리업체 전국취합
중간처분(그 외),성림산업(주),수도권,경기도,화성시,경기도 화성시 우정읍 주곡리161-112,031-373-5771,중간처분업 · 처리방법 기타 · 한강유역환경청 / 종합 재활용업 · 처리방법 재활용,,,14 폐기물처리업체 전국취합
중간처분(그 외),에스지개발(주)화성지점,수도권,경기도,화성시,경기 화성시 장안면 고해길 59,031-358-2204,중간처분업 · 처리방법 기타 · 한강유역환경청,,,14 폐기물처리업체 전국취합
중간처분(그 외),에스티에코(주),수도권,경기도,화성시,경기 화성시 정남면 가장로 324-20,031-352-3833,중간처분업 · 처리방법 기타 · 한강유역환경청,,,14 폐기물처리업체 전국취합
중간처분(그 외),(유)와이에스산업,전라권역,전북특별자치도,정읍시,전라북도 정읍시 감곡면 통석리989번지,063-571-8116,중간처분업 · 처리방법 기타 · 전북지방환경청,,,14 폐기물처리업체 전국취합
중간처분(그 외),(주)태평에어앤워터,충청권역,충청남도,논산시,충남 논산시 고내곡로 40-55,041-741-3500,중간처분업 · 처리방법 기타 · 금강유역환경청,,,14 폐기물처리업체 전국취합
중간처분(그 외),서해그린환경㈜,충청권역,충청남도,서산시,충청남도 서산시 대산읍 죽엽로 382,041-663-7053,폐기물 중간처분업체 (서산센터 관할),"사업장폐기물, 그밖의 폐기물",암롤트럭 2대대,03 지자체 관할 폐기물·중장비 업체
중간처분(그 외),(주)디와이솔루션-진천,충청권역,충청북도,진천군,충청북도 진천군 문백면 문진로 320-65,043-537-6541,중간처분업 · 처리방법 기타 · 금강유역환경청,,,14 폐기물처리업체 전국취합
중간처분(그 외),(주)썬에너지,충청권역,충청북도,진천군,충청북도 진천군 초평면 은암리279번지,043-838-5670,중간처분업 · 처리방법 기타 · 금강유역환경청 / 종합 재활용업 · 처리방법 재활용,,,14 폐기물처리업체 전국취합
중간처분(그 외),(주)천호금속 진천공장,충청권역,충청북도,진천군,충북 진천군 광혜원면 진광로 1080,043-533-7730,중간처분업 · 처리방법 기타 · 금강유역환경청 / 중간 재활용업 · 처리방법 재활용,,,14 폐기물처리업체 전국취합
종합재활용,(주)뉴보텍 문막공장,강원권역,강원특별자치도,원주시,강원 원주시 문막읍 동화큰골길 12-1 (동화리) (주)뉴보텍,033-742-6060,종합 재활용업 · 처리방법 재활용,,,14 폐기물처리업체 전국취합
종합재활용,사회복지법인 굿피플우리복지재단,강원권역,강원특별자치도,철원군,강원 철원군 갈말읍 태봉로 1236-29 사회복지법인 굿피플우리복지재단,033-452-4455,중간 재활용업 · 처리방법 재활용,,,14 폐기물처리업체 전국취합
종합재활용,(사)행복한 오늘,경상권역,경상남도,김해시,경남 김해시 생림면 장재로520번길 8-71,070-8230-6266,중간 재활용업 · 처리방법 재활용,,,14 폐기물처리업체 전국취합
종합재활용,(주)BGR메탈,경상권역,경상남도,김해시,경남 김해시 한림면 한림로 17 (주)BGR메탈,055-346-2776,중간 재활용업 · 처리방법 재활용,,,14 폐기물처리업체 전국취합
종합재활용,(주)건양메탈,경상권역,경상남도,김해시,경남 김해시 한림면 김해대로916번길 54-27 (주)건양메탈,055-345-2647,종합 재활용업 · 처리방법 재활용,,,14 폐기물처리업체 전국취합
종합재활용,(주)다우링에너지,경상권역,경상남도,김해시,경남 김해시 한림면 김해대로1402번길 147 (다우림에너지),055-346-3355,종합 재활용업 · 처리방법 재활용,,,14 폐기물처리업체 전국취합
종합재활용,(주)대영에너지,경상권역,경상남도,김해시,경남 김해시 안곡로 137 (주)대영에너지,0553397761,종합 재활용업 · 처리방법 재활용,,,14 폐기물처리업체 전국취합
종합재활용,(주)동림산업,경상권역,경상남도,양산시,경남 양산시 산막공단남6길 7-1 (호계동),055-386-8501,종합 재활용업 · 처리방법 재활용,,,14 폐기물처리업체 전국취합
종합재활용,(주)동방유화,경상권역,경상남도,김해시,경남 김해시 주촌면 서부로 1701 번안길 58-218,055-329-0333,종합 재활용업 · 처리방법 재활용,,,14 폐기물처리업체 전국취합
종합재활용,(주)동산리싸이클링,경상권역,경상남도,김해시,경남 김해시 주촌면 내삼리 534-3,055-338-6229,종합 재활용업 · 처리방법 재활용,,,14 폐기물처리업체 전국취합
종합재활용,(주)동서,경상권역,경상남도,김해시,경남 김해시 생림면 장재로 420-114 (주)동서,055-323-7161,중간 재활용업 · 처리방법 재활용,,,14 폐기물처리업체 전국취합
종합재활용,(주)동운크린텍,경상권역,경상남도,통영시,경남 통영시 광도면 은황길 364 은황길 364,055-649-0308,중간 재활용업 · 처리방법 재활용,,,14 폐기물처리업체 전국취합
종합재활용,(주)디케이유업,경상권역,경상남도,양산시,경남 양산시 산막공단북5길 46-6 (산막동) (주)디케이유업,055-372-3588,중간 재활용업 · 처리방법 재활용,,,14 폐기물처리업체 전국취합
종합재활용,(주)미래텍,경상권역,경상남도,김해시,경남 김해시 진영읍 본산리 309-14,055-342-0678,종합 재활용업 · 처리방법 재활용,,,14 폐기물처리업체 전국취합
종합재활용,(주)바이텍,경상권역,경상남도,함안군,경남 함안군 법수면 장백로 623-37,055-582-9949,중간 재활용업 · 처리방법 재활용,,,14 폐기물처리업체 전국취합
종합재활용,(주)비알피,경상권역,경상남도,김해시,경남 김해시 주촌면 서부로1409번길 40 (주)비알피,0557233360,중간 재활용업 · 처리방법 재활용,,,14 폐기물처리업체 전국취합
종합재활용,(주)비에스씨,경상권역,경상남도,김해시,경남 김해시 진영읍 본산리 858-15,055-346-4224,중간 재활용업 · 처리방법 재활용,,,14 폐기물처리업체 전국취합
종합재활용,(주)삼육특수유제,경상권역,경상남도,김해시,경남 김해시 어방동 김해대로2567번길 29 (어방동),055-336-2218,중간 재활용업 · 처리방법 재활용,,,14 폐기물처리업체 전국취합
종합재활용,(주)삼호에너지,경상권역,경상남도,김해시,경남 김해시 진영읍 서부로396번길 30-31,055-346-7993,중간 재활용업 · 처리방법 재활용,,,14 폐기물처리업체 전국취합
종합재활용,(주)세양루브,경상권역,경상남도,김해시,경남 김해시 한림면 김해대로916번길 219 (병동리),055-346-3898,중간 재활용업 · 처리방법 재활용,,,14 폐기물처리업체 전국취합
종합재활용,(주)수성크린텍,경상권역,경상남도,김해시,경남 김해시 김해대로2579번길 36 (안동),055-329-4445,중간 재활용업 · 처리방법 재활용,,,14 폐기물처리업체 전국취합
종합재활용,(주)신해테크,경상권역,경상남도,김해시,경남 김해시 상동면 상동로 265-7,055-326-3288,중간 재활용업 · 처리방법 재활용,,,14 폐기물처리업체 전국취합
종합재활용,(주)신화테크,경상권역,경상남도,양산시,"경남 양산시 어곡로 187-1 (어곡동, SH산업)",055-366-3280,종합 재활용업 · 처리방법 재활용,,,14 폐기물처리업체 전국취합
종합재활용,(주)씨엠아이,경상권역,경상남도,양산시,경남 양산시 교동 53-2,055-387-0066,종합 재활용업 · 처리방법 재활용 / 지정폐기물 재활용 (울산센터 관할),"폐산(폐염산, 그 밖의 폐산)",,03 지자체 관할 폐기물·중장비 업체 / 14 폐기물처리업체 전국취합
종합재활용,(주)아시아에너지(지정),경상권역,경상남도,양산시,"경남 양산시 산막공단북5길 73 (산막동, 아시아에너지)",055-781-2274,중간 재활용업 · 처리방법 재활용,,,14 폐기물처리업체 전국취합
종합재활용,(주)안평양산지점,경상권역,경상남도,양산시,"경남 양산시 산막동 산막공단북5길 81 (산막동,안평양산지점)",055-384-8126,종합 재활용업 · 처리방법 재활용,,,14 폐기물처리업체 전국취합
종합재활용,(주)어반오일,경상권역,경상남도,양산시,경남 양산시 산막공단북1길 75 (산막동),055-382-2775,중간 재활용업 · 처리방법 재활용,,,14 폐기물처리업체 전국취합
종합재활용,(주)영신금속김해공장,경상권역,경상남도,김해시,경남 김해시 유하로133번길 35 (유하동),055-337-6480,중간 재활용업 · 처리방법 재활용,,,14 폐기물처리업체 전국취합
종합재활용,(주)오픈기업,경상권역,경상남도,양산시,"경남 양산시 산막공단남12길 46 (호계동,오픈기업)",055-387-0245,중간 재활용업 · 처리방법 재활용 / 지정폐기물 재활용 (울산센터 관할),폐드럼(지정폐기물에 한함),,03 지자체 관할 폐기물·중장비 업체 / 14 폐기물처리업체 전국취합
종합재활용,(주)유피,경상권역,경상남도,김해시,경남 김해시 주촌면 서부로1541번길 86-59 (내삼리),055-724-0233,중간 재활용업 · 처리방법 재활용,,,14 폐기물처리업체 전국취합
종합재활용,(주)제이케이유화,경상권역,경상남도,김해시,경남 김해시 김해대로2579번길 36 제이케이유화,055-324-7944,중간 재활용업 · 처리방법 재활용,,,14 폐기물처리업체 전국취합
종합재활용,(주)제일자원,경상권역,경상남도,김해시,경남 김해시 진영읍 본산로269번길 28 본산공단,055-342-3625,종합 재활용업 · 처리방법 재활용,,,14 폐기물처리업체 전국취합
종합재활용,(주)천강,경상권역,경상남도,함안군,경남 함안군 산인면 싸리재로 19,055-582-4760,종합 재활용업 · 처리방법 재활용,,,14 폐기물처리업체 전국취합
종합재활용,(주)케이지,경상권역,경상남도,양산시,경남 양산시 상북면 신전리 81,055-383-2575,중간 재활용업 · 처리방법 재활용,,,14 폐기물처리업체 전국취합
종합재활용,(주)코바,경상권역,경상남도,함안군,경남 함안군 칠서면 삼칠로 806-20 ((주)코바),055-586-2203,종합 재활용업 · 처리방법 재활용,,,14 폐기물처리업체 전국취합
종합재활용,(주)태원케미칼,경상권역,경상남도,김해시,경남 김해시 안곡로 59-2 (삼계동),055-339-6789,중간 재활용업 · 처리방법 재활용,,,14 폐기물처리업체 전국취합
종합재활용,(주)티에스케이프리텍 밀양지점,경상권역,경상남도,밀양시,경남 밀양시 청도면 인산리 949,055-353-7970,중간 재활용업 · 처리방법 재활용,,,14 폐기물처리업체 전국취합
종합재활용,(주)혁진 김해공장,경상권역,경상남도,김해시,경남 김해시 생림면 봉림로 115-148 봉림리 1035,055-322-6330,종합 재활용업 · 처리방법 재활용,,,14 폐기물처리업체 전국취합
종합재활용,(주)화창,경상권역,경상남도,함안군,경남 함안군 칠서면 공단북길 78 ((주)화창),055-589-9037,종합 재활용업 · 처리방법 재활용,,,14 폐기물처리업체 전국취합
종합재활용,㈜경남로지스\[구.㈜경남환경\],경상권역,경상남도,양산시,경남 양산시 산막공단로 56,055-387-2277,지정폐기물 재활용 (울산센터 관할),폐광재(납함유),,03 지자체 관할 폐기물·중장비 업체
종합재활용,"㈜동림산업 \[구, 동림산업\]",경상권역,경상남도,양산시,경남 양산시 호계동 858-17,055-386-8501,지정폐기물 재활용 (울산센터 관할),폐드럼류(지정폐기물에 한함),,03 지자체 관할 폐기물·중장비 업체
종합재활용,㈜안평양산지점 \[구.㈜금성화학\],경상권역,경상남도,양산시,경남 양산시 산막공단북5길 81 (산막동 310-5),055-384-8126,지정폐기물 재활용 (울산센터 관할),"폐산(폐염산, 폐황산)",,03 지자체 관할 폐기물·중장비 업체
종합재활용,가야 이엔에스,경상권역,경상남도,김해시,경남 김해시 진영읍 서부로396번길 20-65,055-343-6692,중간 재활용업 · 처리방법 재활용,,,14 폐기물처리업체 전국취합
종합재활용,경남제약(주),경상권역,경상남도,의령군,경남 의령군 의령읍 구룡로4남길 79 경남제약(주),055-572-8700,중간 재활용업 · 처리방법 재활용,,,14 폐기물처리업체 전국취합
종합재활용,그린비 정유,경상권역,경상남도,김해시,경남 김해시 생림대로27번길 5-1 (삼계동),055-335-5172,종합 재활용업 · 처리방법 재활용,,,14 폐기물처리업체 전국취합
종합재활용,그린케미칼㈜\[구.태영케미컬㈜\],경상권역,경상남도,양산시,경상남도 양산시 유산공단 8길 73,055-362-7661,지정폐기물 재활용 (울산센터 관할),"폐산(폐염산,폐황산)",,03 지자체 관할 폐기물·중장비 업체
종합재활용,대경케미칼(주),경상권역,경상남도,합천군,경남 합천군 율곡면 대야로 1707 (와리),055-933-0090,종합 재활용업 · 처리방법 재활용,,,14 폐기물처리업체 전국취합
종합재활용,대림,경상권역,경상남도,도 김,경남 김해시 진례면 고모로526번길 42-66 42-66,055-346-2094,중간 재활용업 · 처리방법 재활용,,,14 폐기물처리업체 전국취합
종합재활용,대한민국상이군경회 김해사업소,경상권역,경상남도,김해시,경남 김해시 주촌면 서부로1403번길 23-34 (내삼리),055-338-6481,종합 재활용업 · 처리방법 재활용,,,14 폐기물처리업체 전국취합
종합재활용,대한화학(처리),경상권역,경상남도,김해시,경남 김해시 주촌면 내삼리 서부로 1403번길 64,055-338-1401,종합 재활용업 · 처리방법 재활용,,,14 폐기물처리업체 전국취합
종합재활용,대흥케미칼,경상권역,경상남도,김해시,경남 김해시 한림면 용덕로 188-9,055-345-0047,중간 재활용업 · 처리방법 재활용,,,14 폐기물처리업체 전국취합
종합재활용,동광(주),경상권역,경상남도,양산시,경남 양산시 산막공단북13길 50 (산막동),055-362-3151,중간 재활용업 · 처리방법 재활용,,,14 폐기물처리업체 전국취합
종합재활용,동남RC,경상권역,경상남도,김해시,경남 김해시 한림면 김해대로916번길 157,055-323-9737,중간 재활용업 · 처리방법 재활용,,,14 폐기물처리업체 전국취합
종합재활용,동양금속공업사,경상권역,경상남도,김해시,경남 김해시 김해대로2596번길 11-28 (안동),055-324-1601,최종 재활용업 · 처리방법 재활용,,,14 폐기물처리업체 전국취합
종합재활용,디에너지주식회사,경상권역,경상남도,함안군,"경남 함안군 법수면 장백로 806 (대송리, 디에너지주식회사)",055-584-5995,종합 재활용업 · 처리방법 재활용,,,14 폐기물처리업체 전국취합
종합재활용,사단법인 장애인녹색일자리사랑회,경상권역,경상남도,김해시,경남 김해시 한림면 장방로 232-25 (장방리),055-345-8928,중간 재활용업 · 처리방법 재활용,,,14 폐기물처리업체 전국취합
종합재활용,서남환경에너지주식회사,경상권역,경상남도,김해시,경남 김해시 상동면 동북로473번길 250-79 (매리),055-331-9140,중간 재활용업 · 처리방법 재활용,,,14 폐기물처리업체 전국취합
종합재활용,에너지산업,경상권역,경상남도,김해시,경남 김해시 장유면 장유로115번길 50-83 (부곡동),055-337-8177,종합 재활용업 · 처리방법 재활용,,,14 폐기물처리업체 전국취합
종합재활용,에코플루이드,경상권역,경상남도,김해시,경남 김해시 주촌면 서부로1409번길 83-6 (내삼리),0557232326,중간 재활용업 · 처리방법 재활용,,,14 폐기물처리업체 전국취합
종합재활용,여주케미컬,경상권역,경상남도,양산시,경남 양산시 산막공단남11길 23-16 (호계동),0557811080,중간 재활용업 · 처리방법 재활용,,,14 폐기물처리업체 전국취합
종합재활용,옥성코아,경상권역,경상남도,김해시,경남 김해시 진영읍 서부로396번길 20-27,055-346-7558,중간 재활용업 · 처리방법 재활용,,,14 폐기물처리업체 전국취합
종합재활용,우성메탈,경상권역,경상남도,김해시,경남 김해시 주촌면 서부로1499번길 25-26 우성메탈,055-312-6969,중간 재활용업 · 처리방법 재활용,,,14 폐기물처리업체 전국취합
종합재활용,우성에코텍(주)유테크 영남지점,경상권역,경상남도,김해시,경남 김해시 김해대로2553번길 34 (어방동),055-331-3400,종합 재활용업 · 처리방법 재활용,,,14 폐기물처리업체 전국취합
종합재활용,유국산업(주),경상권역,경상남도,양산시,"경남 양산시 어곡동 어곡공단4길 17-21 (어곡동,유국산업(주))",055-372-4800,중간 재활용업 · 처리방법 재활용 / 지정폐기물 재활용 (울산센터 관할),"폐드럼류(폐유, 폐유기용제, 폐페인트, 폐산, 폐유독물, 폐합성고분자화합물)",,03 지자체 관할 폐기물·중장비 업체 / 14 폐기물처리업체 전국취합
종합재활용,이레산업,경상권역,경상남도,김해시,경남 김해시 진영읍 본산2로79번길 34,055-343-8509,종합 재활용업 · 처리방법 재활용,,,14 폐기물처리업체 전국취합
종합재활용,주식회사 디에스아이,경상권역,경상남도,하동군,경남 하동군 금남면 해안로 211-134 (주)디에스아이,055-884-5145,종합 재활용업 · 처리방법 재활용,,,14 폐기물처리업체 전국취합
종합재활용,주식회사 이블루,경상권역,경상남도,김해시,경남 김해시 장유면 유하로133번길 63 (유하동),055-313-8468,중간 재활용업 · 처리방법 재활용,,,14 폐기물처리업체 전국취합
종합재활용,준스틸텍,경상권역,경상남도,양산시,경남 양산시 유산공단8길 78-6 (유산동) 준스틸텍,055-385-5665,중간 재활용업 · 처리방법 재활용,,,14 폐기물처리업체 전국취합
종합재활용,진우정유,경상권역,경상남도,김해시,경남 김해시 진영읍 본산로269번길 25,055-342-5782,종합 재활용업 · 처리방법 재활용,,,14 폐기물처리업체 전국취합
종합재활용,태광케미칼(주),경상권역,경상남도,양산시,"경남 양산시 산막공단북4길 30 (산막동, 태광케미칼(주))",055-387-5235,종합 재활용업 · 처리방법 재활용 / 지정폐기물 재활용 (울산센터 관할),"폐알칼리, 그 밖의 폐유기용제, 폐페인트 및 폐락카, 폐유(액상)",,03 지자체 관할 폐기물·중장비 업체 / 14 폐기물처리업체 전국취합
종합재활용,태산테크,경상권역,경상남도,김해시,경남 김해시 진례면 고모로 285-12,055-342-8750,중간 재활용업 · 처리방법 재활용,,,14 폐기물처리업체 전국취합
종합재활용,태성ENG,경상권역,경상남도,양산시,경남 양산시 상북면 내석리 67-2,055-374-5503,중간 재활용업 · 처리방법 재활용,,,14 폐기물처리업체 전국취합
종합재활용,태영케미컬(주),경상권역,경상남도,양산시,경남 양산시 유산공단8길 73 (유산동),055-362-7661,중간 재활용업 · 처리방법 재활용,,,14 폐기물처리업체 전국취합
종합재활용,피엘비(PLB),경상권역,경상남도,김해시,경남 김해시 한림면 김해대로916번길 40-22,055-346-6497,중간 재활용업 · 처리방법 재활용,,,14 폐기물처리업체 전국취합
종합재활용,하나DS,경상권역,경상남도,도 양,경남 양산시 상북면 공원로 97 172번지,055-374-9332,중간 재활용업 · 처리방법 재활용,,,14 폐기물처리업체 전국취합
종합재활용,하성정유,경상권역,경상남도,김해시,경남 김해시 어방동 1063-7,055-334-5836,종합 재활용업 · 처리방법 재활용,,,14 폐기물처리업체 전국취합
종합재활용,한국포리머,경상권역,경상남도,김해시,경남 김해시 분성로557번길 46-4 (어방동),055-325-9981,종합 재활용업 · 처리방법 재활용,,,14 폐기물처리업체 전국취합
종합재활용,한일루켐(주),경상권역,경상남도,김해시,경남 김해시 진영읍 본산1로56번길 22,055-345-9990,종합 재활용업 · 처리방법 재활용,,,14 폐기물처리업체 전국취합
종합재활용,현대드럼,경상권역,경상남도,양산시,경남 양산시 소주공단로 61,055-388-7100,지정폐기물 재활용 (울산센터 관할),폐드럼류(지정폐기물에 한함),,03 지자체 관할 폐기물·중장비 업체
종합재활용,현대드럼(지정폐기물),경상권역,경상남도,양산시,"경남 양산시 웅상읍 소주공단로 61 (소주동,현대드럼)",055-388-7100,종합 재활용업 · 처리방법 재활용,,,14 폐기물처리업체 전국취합
종합재활용,현대드럼투(주),경상권역,경상남도,양산시,경남 양산시 소주공단6길 32 (소주동),055-388-7100,종합 재활용업 · 처리방법 재활용,,,14 폐기물처리업체 전국취합
종합재활용,홍징자원(주),경상권역,경상남도,함안군,경남 함안군 군북면 원북리 13-2,055-585-2240,중간 재활용업 · 처리방법 재활용,,,14 폐기물처리업체 전국취합
종합재활용,"(사)한국장애인단체총연맹 김해지점(구,(사)행복한오늘, ㈜천호금속(구, (사)장애인자립지원협회)",경상권역,경상북도,경산시,경북 경산시 진량읍 문천길 166(구. 진량읍 문천리 478-11),053-857-6488,종합재활용 (대구지방환경청),폐유(절연유의 PCBs 농도가 2㎎/L 미만 함유된 폐변압기),,13 지정폐기물 처리업체(대구청)
종합재활용,(주)SIMPAC 포항1공장,경상권역,경상북도,포항시,경북 포항시 남구 괴동로 153 (괴동동),054-271-8743,종합 재활용업 · 처리방법 재활용 / 종합재활용 (대구지방환경청),"성형분진(단광(조개탄), 환단광(pellet))",,13 지정폐기물 처리업체(대구청) / 14 폐기물처리업체 전국취합
종합재활용,(주)강명산업사 안강지점,경상권역,경상북도,경주시,경북 경주시 안강읍 두류길 107 (주)강명산업사 안강지점,054-762-9851,종합 재활용업 · 처리방법 재활용 / 종합재활용 (대구지방환경청),"폐페인트,폐유기용제, 폐유(감압)",,13 지정폐기물 처리업체(대구청) / 14 폐기물처리업체 전국취합
종합재활용,(주)광태산업,경상권역,경상북도,경주시,경북 경주시 외동읍 모화리 50-66,054-774-8334,종합 재활용업 · 처리방법 재활용 / 종합재활용 (대구지방환경청),"폐페인트(아연함유), 공정오니(아연 함유), 동광재, 동분진, 아연분진",,13 지정폐기물 처리업체(대구청) / 14 폐기물처리업체 전국취합
종합재활용,(주)국제금속,경상권역,경상북도,영천시,경북 영천시 금호읍 오계공단길 1-61,054-338-6625,종합 재활용업 · 처리방법 재활용 / 종합재활용 (대구지방환경청),"폐산 함유 폐배터리, 납 함유 광재, 공정오니",,13 지정폐기물 처리업체(대구청) / 14 폐기물처리업체 전국취합
종합재활용,(주)그린월드,경상권역,경상북도,영천시,경북 영천시 도남동 도남공단3길 2-1 (도남동),054-333-5933,종합 재활용업 · 처리방법 재활용 / 종합재활용 (대구지방환경청),"폐염산, 폐황산, 기타폐산",,13 지정폐기물 처리업체(대구청) / 14 폐기물처리업체 전국취합
종합재활용,(주)녹색에너텍,경상권역,경상북도,경주시,경북 경주시 안강읍 두류길 206,054-763-6945,종합 재활용업 · 처리방법 재활용,,,14 폐기물처리업체 전국취합
종합재활용,(주)뉴에코,경상권역,경상북도,영천시,경북 영천시 고경면 거곡로 227-26,054-336-3200,종합 재활용업 · 처리방법 재활용 / 종합재활용 (대구지방환경청),"폐유(철용기류, 수지용기류), 폐유기용제(수지용기류)",,13 지정폐기물 처리업체(대구청) / 14 폐기물처리업체 전국취합
종합재활용,(주)동산에스엔알 영천공장,경상권역,경상북도,영천시,경북 영천시 금호읍 오계공단길 6-1,054-332-8443,종합 재활용업 · 처리방법 재활용,,,14 폐기물처리업체 전국취합
종합재활용,(주)드림텍,경상권역,경상북도,영천시,경북 영천시 채신동 채신1공단길 60-7 (채신동),054-338-0277,종합 재활용업 · 처리방법 재활용 / 종합재활용 (대구지방환경청),"폐산(염산,황산,기타폐산)",,13 지정폐기물 처리업체(대구청) / 14 폐기물처리업체 전국취합
종합재활용,(주)레스코,경상권역,경상북도,포항시,경북 포항시 남구 중앙로62번길 4-1 (해도동),054-283-7930,중간 재활용업 · 처리방법 재활용 / 중간재활용 (대구지방환경청),"분진(STS DUST), 공정오니",,13 지정폐기물 처리업체(대구청) / 14 폐기물처리업체 전국취합
종합재활용,(주)보성산업환경,경상권역,경상북도,구미시,경북 구미시 장천면 신장1길 75,0544741981,종합 재활용업 · 처리방법 재활용,,,14 폐기물처리업체 전국취합
종합재활용,(주)새빗켐,경상권역,경상북도,김천시,경북 김천시 공단로 98 (대광동),054-431-3586,종합 재활용업 · 처리방법 재활용 / 종합재활용 (대구지방환경청),"폐산(LCD·반도체 공정의 폐산, 그 밖의 폐산)",,13 지정폐기물 처리업체(대구청) / 14 폐기물처리업체 전국취합
종합재활용,(주)새빗켐2공장,경상권역,경상북도,김천시,경북 김천시 공단1길 11-54 (대광동),054-431-3586,종합 재활용업 · 처리방법 재활용 / 종합재활용 (대구지방환경청),폐유독물(2차전지 및 2차전지 분쇄물),,13 지정폐기물 처리업체(대구청) / 14 폐기물처리업체 전국취합
종합재활용,(주)성은 구미공장,경상권역,경상북도,구미시,"경북 구미시 공단동 1공단로10길 53-24 (공단동,성은주식회사)",054-464-0086,종합 재활용업 · 처리방법 재활용 / 종합재활용 (대구지방환경청),"폐산(염산,황산,기타폐산)",,13 지정폐기물 처리업체(대구청) / 14 폐기물처리업체 전국취합
종합재활용,(주)세기리텍,경상권역,경상북도,영천시,경북 영천시 금호읍 오계공단길 1-67 (어은리 386-1),054-334-8383,종합 재활용업 · 처리방법 재활용,,,14 폐기물처리업체 전국취합
종합재활용,(주)세신머티리얼즈,경상권역,경상북도,칠곡군,경북 칠곡군 북삼읍 칠곡대로 309-9,054-975-9228,종합 재활용업 · 처리방법 재활용 / 종합재활용 (대구지방환경청),폐유기용제(반도체 웨이퍼 절단공정에서 발생한 SiC함유 폐유기용제),,13 지정폐기물 처리업체(대구청) / 14 폐기물처리업체 전국취합
종합재활용,(주)세일정유,경상권역,경상북도,칠곡군,경북 칠곡군 약목면 교8길 113-20 (교리),054-975-3100,종합 재활용업 · 처리방법 재활용 / 종합재활용 (대구지방환경청),"폐유(폐윤활유,내연기관유,산업유,선박유), 그밖의폐유기용제, 폐유성페인트, 폐락카",,13 지정폐기물 처리업체(대구청) / 14 폐기물처리업체 전국취합
종합재활용,(주)세화이에스,경상권역,경상북도,구미시,경북 구미시 3공단3로 196-5 (주)세화이에스,054-473-5757,종합 재활용업 · 처리방법 재활용,,,14 폐기물처리업체 전국취합
종합재활용,(주)신디프,경상권역,경상북도,경주시,경북 경주시 안강읍 두류길 249-278 일원,054-701-2533,종합 재활용업 · 처리방법 재활용,,,14 폐기물처리업체 전국취합
종합재활용,(주)신성에너텍,경상권역,경상북도,영천시,경북 영천시 금호읍 오계공단길 28,054-332-3401,종합 재활용업 · 처리방법 재활용 / 종합재활용 (대구지방환경청),"폐유
(06-01-05) 폐오일필터",,13 지정폐기물 처리업체(대구청) / 14 폐기물처리업체 전국취합
종합재활용,(주)엔코,경상권역,경상북도,칠곡군,경북 칠곡군 약목면 칠곡대로 472-12,054-975-1050,종합 재활용업 · 처리방법 재활용 / 종합재활용 (대구지방환경청),"LCD, 반도체 공정의 폐산(액상), 그 밖의 폐산(액상)",,13 지정폐기물 처리업체(대구청) / 14 폐기물처리업체 전국취합
종합재활용,(주)영신금속,경상권역,경상북도,경산시,경북 경산시 진량읍 신상리 1206-11,053-856-6486,종합 재활용업 · 처리방법 재활용 / 종합재활용 (대구지방환경청),폐유(금속성폐촉매),,13 지정폐기물 처리업체(대구청) / 14 폐기물처리업체 전국취합
종합재활용,(주)영한금속,경상권역,경상북도,고령군,경북 고령군 대가야읍 장기공단1길 46-20 장기리,054-956-5071,종합 재활용업 · 처리방법 재활용,,,14 폐기물처리업체 전국취합
종합재활용,(주)유림케미칼,경상권역,경상북도,경산시,경북 경산시 압량면 의송길27길 21 (의송리),053-818-5402,종합 재활용업 · 처리방법 재활용 / 종합재활용 (대구지방환경청),"폐유(수지,철용기류),폐유기용제(수지)",,13 지정폐기물 처리업체(대구청) / 14 폐기물처리업체 전국취합
종합재활용,(주)이화실업,경상권역,경상북도,경산시,"경북 경산시 진량읍 일연로 639-8 (선화리, 주이화실업)",053-851-7390,종합 재활용업 · 처리방법 재활용 / 종합재활용 (대구지방환경청),"폐산(폐염산, 폐황산, 기타폐산)",,13 지정폐기물 처리업체(대구청) / 14 폐기물처리업체 전국취합
종합재활용,(주)제이씨,경상권역,경상북도,고령군,경북 고령군 고령읍 장기공단1길 112,054-956-4508,종합 재활용업 · 처리방법 재활용 / 종합재활용 (대구지방환경청),폐산(폐황산),,13 지정폐기물 처리업체(대구청) / 14 폐기물처리업체 전국취합
종합재활용,(주)주원에너지,경상권역,경상북도,경주시,경북 경주시 안강읍 두류길 207 (주)주원에너지,054-762-9140,종합 재활용업 · 처리방법 재활용 / 종합재활용 (대구지방환경청),"폐유(윤활유, 산업유, 내연기관유, 선박유 등 재생가능한 액상 폐유)",,13 지정폐기물 처리업체(대구청) / 14 폐기물처리업체 전국취합
종합재활용,(주)지엠텍,경상권역,경상북도,칠곡군,경북 칠곡군 석적읍 중리 525-1번지,054-472-0054,종합 재활용업 · 처리방법 재활용 / 종합재활용 (대구지방환경청),그 밖의 폐유독물질[폐전지류] (고상),,13 지정폐기물 처리업체(대구청) / 14 폐기물처리업체 전국취합
종합재활용,(주)지엠텍 김천지점,경상권역,경상북도,김천시,"경북 김천시 어모면 산업단지4로 89-25 (남산리, (주)지엠텍)",054-472-0054,종합 재활용업 · 처리방법 재활용,,,14 폐기물처리업체 전국취합
종합재활용,(주)케이엠씨,경상권역,경상북도,구미시,경북 구미시 시미동 3공단3로 40 (시미동),054-472-0051,종합 재활용업 · 처리방법 재활용 / 종합재활용 (대구지방환경청),"폐산(액상), 폐유기용제(고상, 2차전지 제조 공정폐기물)",,13 지정폐기물 처리업체(대구청) / 14 폐기물처리업체 전국취합
종합재활용,(주)클린솔루션,경상권역,경상북도,김천시,경북 김천시 어모면 은림로 50-14,054-434-1515,종합 재활용업 · 처리방법 재활용,,,14 폐기물처리업체 전국취합
종합재활용,(주)클린솔루션(구.(주)에스이텍 김천지점),경상권역,경상북도,김천시,경북 김천시 어모면 은림로 50-14,041-523-1056,종합재활용 (대구지방환경청),"폐유기용제(Si, SiC, 유기용제), 공정오니(Si)",,13 지정폐기물 처리업체(대구청)
종합재활용,(주)피제이산업 영천지점,경상권역,경상북도,도 영,경북 영천시 칠백로 808-11 (도남동)409번지,0543362290,종합 재활용업 · 처리방법 재활용 / 종합재활용 (대구지방환경청),"그 밖의 폐유(06-03-00, 액상), 그 밖의 폐광물유(06-01-99, 액상), 그 밖의 폐유기용제(04-02-00, 액상), 할로겐족 폐유기용제(04-01-00, 액상)",,13 지정폐기물 처리업체(대구청) / 14 폐기물처리업체 전국취합
종합재활용,(주)형제케미칼,경상권역,경상북도,영천시,경북 영천시 도남동 618-1,054-335-5091,종합 재활용업 · 처리방법 재활용 / 종합재활용 (대구지방환경청),"폐황산, LC반도체 공정의 폐산",,13 지정폐기물 처리업체(대구청) / 14 폐기물처리업체 전국취합
종합재활용,(주)황조,경상권역,경상북도,경주시,경북 경주시 안강읍 두류길 149 (두류공단) (주)황조,054-763-1711,종합 재활용업 · 처리방법 재활용 / 종합재활용 (대구지방환경청),제강분진(아연함유),,13 지정폐기물 처리업체(대구청) / 14 폐기물처리업체 전국취합
종합재활용,DK메탈,경상권역,경상북도,경주시,경북 경주시 안강읍 두류길 219 두류리 413-2,054-763-2464,종합 재활용업 · 처리방법 재활용,,,14 폐기물처리업체 전국취합
종합재활용,㈜가야인더스트리,경상권역,경상북도,고령군,"경북 고령군
대가야읍
장기공단2길 22",054-954-9335,중간재활용 (대구지방환경청),(02-01-06) 폐황산이 포함된 2차폐축전지,,13 지정폐기물 처리업체(대구청)
종합재활용,㈜건협(구.금창환경),경상권역,경상북도,경산시,경북 경산시 진량읍 평사1길 104-34,054-857-0340,종합재활용 (대구지방환경청),"폐유(폐오일휠터, 드럼)",,13 지정폐기물 처리업체(대구청)
종합재활용,㈜대성디앤아이,경상권역,경상북도,칠곡군,경북 칠곡군 북삼읍 경호천서길 92,054-972-7816,종합재활용 (대구지방환경청),"그밖의 폐유기용제, 폐유, 폐유기용제, 폐알칼리, 폐산(액상)[용기류]",,13 지정폐기물 처리업체(대구청)
종합재활용,㈜두손화학,경상권역,경상북도,경주시,경북 경주시 외동읍 제내1공단길 37-9,070-4639-4897,종합재활용 (대구지방환경청),그 밖의 폐산(Zn성분을 포함한 폐산),,13 지정폐기물 처리업체(대구청)
종합재활용,㈜바이텍,경상권역,경상북도,경주시,경북 경주시 안강읍 두류길 132,054-762-9949,최종재활용 (대구지방환경청),(02-01-06) 폐황산이 포함된 2차폐축전지,,13 지정폐기물 처리업체(대구청)
종합재활용,"㈜배터리솔루션즈(구.㈜세기리텍, ㈜아미커스메탈)",경상권역,경상북도,영천시,경북 영천시 금호읍 오계공단길 1-67,054-334-8383,종합재활용 (대구지방환경청),폐황산이 포함된 2차폐축전지,,13 지정폐기물 처리업체(대구청)
종합재활용,㈜벧엘산업 성주지점,경상권역,경상북도,성주군,경북 성주군 초전면 주천로 308,054-933-3350,종합재활용 (대구지방환경청),"그 밖의 폐광물유(고상, 기름성분을 5%이상 함유한 폐합성수지 : 더블유 스코프 코리아(주), 2공장 및 도레이 배터리 세퍼레이터 필름 한국 유한회사, 더블유씨피(주), SK아이이테크놀러지(주) 증평공장·청주공장에서 배출되는 그 밖의 폐광물유 한함)",,13 지정폐기물 처리업체(대구청)
종합재활용,"㈜보성산업환경(구.㈜보성산업, 상보)",경상권역,경상북도,구미시,경북 구미시 장천면 신장1길 75,054-474-1981,종합재활용 (대구지방환경청),"폐유(고상, 기름성분을 5%이상 함유한 폐합성수지)",,13 지정폐기물 처리업체(대구청)
종합재활용,㈜세원케미칼,경상권역,경상북도,칠곡군,경북 칠곡군 약목면 교8길 113-19,,종합재활용 (대구지방환경청),"폐산(폐황산, LCD·반도체 공정폐산, 그 밖의 폐산)",,13 지정폐기물 처리업체(대구청)
종합재활용,"㈜세화이에스(구, ㈜세화브이엘, ㈜세화이앤에프)",경상권역,경상북도,구미시,경북 구미시 3공단3로 196-5,054-473-5757,종합재활용 (대구지방환경청),"(액상) 폐산, 폐알칼리, (고상) 오니류(폐수처리오니, 그 밖의 공정오니), 분진",,13 지정폐기물 처리업체(대구청)
종합재활용,㈜수린철강,경상권역,경상북도,경주시,경북 경주시 외동읍 관문로 940,054-741-9722,중간재활용 (대구지방환경청),폐유(절연유의 PCBs 농도가 2㎎/L 미만 함유된 폐변압기),,13 지정폐기물 처리업체(대구청)
종합재활용,㈜승헌,경상권역,경상북도,경주시,경북 경주시 강동면 강동산단로1길 86-39,054-763-6684,종합재활용 (대구지방환경청),"금속성폐촉매[고상], 그밖의 공정오니(무기성)[고상], 폐수처리오니(고상)",,13 지정폐기물 처리업체(대구청)
종합재활용,㈜에코프로씨엔지,경상권역,경상북도,포항시,경북 포항시 북구 흥해읍 영일만산단남로 3,054-720-3826,종합재활용 (대구지방환경청),그 밖의 폐유독물질[폐전지류] (고상),,13 지정폐기물 처리업체(대구청)
종합재활용,㈜엔나노텍,경상권역,경상북도,경주시,경북 경주시 외동읍 제내1공단길 20,070-7736-3700,종합재활용 (대구지방환경청),"그 밖의 폐산, 금속성 폐촉매",,13 지정폐기물 처리업체(대구청)
종합재활용,㈜엔다이브,경상권역,경상북도,포항시,경북 포항시 북구 흥해읍 영일만산단로118번길 131,054-223-2580,종합재활용 (대구지방환경청),(09-03-00) 그 밖의 폐유독물질,,13 지정폐기물 처리업체(대구청)
종합재활용,㈜엔케이합금메탈,경상권역,경상북도,경주시,경북 경주시 건천읍용명공단길 173-120,054-716-2118,최종재활용 (대구지방환경청),폐황산이 포함된 2차폐축전지,,13 지정폐기물 처리업체(대구청)
종합재활용,㈜연산케미칼,경상권역,경상북도,경주시,경북 경주시 천북면 천강로 295-126,054-776-1425,종합재활용 (대구지방환경청),(09-03-00) 그 밖의 폐유독물질,,13 지정폐기물 처리업체(대구청)
종합재활용,㈜오르타머티리얼즈,경상권역,경상북도,구미시,경북 구미시 장천면 하장2길 274-13,032-433-3694,종합재활용 (대구지방환경청),"(R-3-1) (01-02-99) 그 밖의 공정오니
(R-10) (09-03-00) 그 밖의 폐유독물질, (03-01-99) 그 밖의 광재, (03-02-00) 분진",,13 지정폐기물 처리업체(대구청)
종합재활용,㈜오성케미칼,경상권역,경상북도,영천시,경북 영천시 금호읍 금창로 208-214,054-332-5568,종합재활용 (대구지방환경청),"폐페인트(액상, 고상)",,13 지정폐기물 처리업체(대구청)
종합재활용,㈜윈켐 경산지점,경상권역,경상북도,경산시,경북 경산시 자인면 단북길 19-9,,종합재활용 (대구지방환경청),그밖의 폐유기용제(액상),,13 지정폐기물 처리업체(대구청)
종합재활용,㈜주성오일[구.호경산업영천공장],경상권역,경상북도,영천시,경북 영천시 도남공단2길 4,054-337-5211,종합재활용 (대구지방환경청),폐유(폐규조토),,13 지정폐기물 처리업체(대구청)
종합재활용,"㈜천호금속(구.대한민국상이군경회 경산공장, ㈜천호금속)",경상권역,경상북도,경산시,경북 경산시 진량읍 문천길 166,053-857-6488,중간재활용 (대구지방환경청),젤리충전통신케이블(기름성분 5% 이상 함유),,13 지정폐기물 처리업체(대구청)
종합재활용,㈜청우리텍 경주지점(구.(주)우종),경상권역,경상북도,경주시,경북 경주시 내남면 내외로 1078-16(구. 내남면 명계리 63-4),054-748-4600,종합재활용 (대구지방환경청),"금속성폐촉매, 그 밖의 폐유독물질",,13 지정폐기물 처리업체(대구청)
종합재활용,㈜카본엑스리사이클링(김천공장)(변경전 한길산업),경상권역,경상북도,김천시,경북 김천시 어모면 산업단지4로 70,054-437-7900,종합재활용 (대구지방환경청),"폐유독물질[폐전지류(극판, 배터리)]",,13 지정폐기물 처리업체(대구청)
종합재활용,㈜티앤에스,경상권역,경상북도,칠곡군,경북 칠곡군 석적읍 3공단2로 5,054-975-1050,종합재활용 (대구지방환경청),"(02-01-06) 폐황산이 포함된 2차 폐축전지, (01-02-99) 그 밖의 공정오니,  (09-03-00) 그 밖의 폐유독물질",,13 지정폐기물 처리업체(대구청)
종합재활용,㈜페트로마인코리아,경상권역,경상북도,칠곡군,경북 칠곡군 북삼읍 어로4길 74-3,054-973-1888,종합재활용 (대구지방환경청),(09-03-00) 그 밖의 폐유독물질,,13 지정폐기물 처리업체(대구청)
종합재활용,㈜퓨릿 제1공장,경상권역,경상북도,경주시,경북 경주시 안강읍 두류길 249-278,054-701-2533,종합재활용 (대구지방환경청),그 밖의 폐유기용제,,13 지정폐기물 처리업체(대구청)
종합재활용,㈜플레이그라운드,경상권역,경상북도,칠곡군,경북 칠곡군 약목면 교8길 80-7,054-973-8565,종합재활용 (대구지방환경청),"폐유(액상), 그 밖의 폐유기용제(액상)",,13 지정폐기물 처리업체(대구청)
종합재활용,㈜하이그린,경상권역,경상북도,김천시,경북 김천시 남면 영남대로 3123-12,054-434-5999,종합재활용 (대구지방환경청),"(02-01-02·05·99) 폐황산, LCD·반도체 공정의 폐산, 그 밖의 폐산",,13 지정폐기물 처리업체(대구청)
종합재활용,남양캐미칼,경상권역,경상북도,영천시,경북 영천시 도남동 칠백로 808-3 (도남동),054-333-3047,중간 재활용업 · 처리방법 재활용 / 중간재활용 (대구지방환경청),"폐유기용제(할로겐족 및 기타, 액상), 폐페인트(비할로겐족 유기용제가 함유된 유성페인트)",,13 지정폐기물 처리업체(대구청) / 14 폐기물처리업체 전국취합
종합재활용,네이처이앤티㈜이차전지지점,경상권역,경상북도,포항시,경북 포항시 남구 대송면 철강산단로130번길 177,054-271-3195,종합재활용 (대구지방환경청),(09-03-00) 그 밖의 폐유독물질,,13 지정폐기물 처리업체(대구청)
종합재활용,대건,경상권역,경상북도,경산시,경북 경산시 자인면 금박로 177 (115),053-857-5192,종합 재활용업 · 처리방법 재활용 / 종합재활용 (대구지방환경청),"폐유(산업유,내연기관유)",,13 지정폐기물 처리업체(대구청) / 14 폐기물처리업체 전국취합
종합재활용,대한정밀화학(주),경상권역,경상북도,경산시,경북 경산시 자인면 자인공단로 71-7,053-856-4230,중간 재활용업 · 처리방법 재활용 / 종합재활용 (대구지방환경청),폐유기용제(액상),,13 지정폐기물 처리업체(대구청) / 14 폐기물처리업체 전국취합
종합재활용,동일산업(주),경상권역,경상북도,포항시,"경북 포항시 남구 장흥동 괴동로 112 (장흥동,동일산업)",054-288-7781,종합 재활용업 · 처리방법 재활용 / 종합재활용 (대구지방환경청),분진,,13 지정폐기물 처리업체(대구청) / 14 폐기물처리업체 전국취합
종합재활용,동호테크,경상권역,경상북도,구미시,경북 구미시 산동읍 동백로 243 (동곡리),054-474-2245,종합 재활용업 · 처리방법 재활용 / 종합재활용 (대구지방환경청) / 종합재활용업 (구미센터 관할),수은함유 폐램프,수집운반차량 1대,03 지자체 관할 폐기물·중장비 업체 / 13 지정폐기물 처리업체(대구청) / 14 폐기물처리업체 전국취합
종합재활용,리코씰 주식회사,경상권역,경상북도,칠곡군,경북 칠곡군 약목면 교8길 50-12 리코씰 주식회사 (교리),054-973-2999,종합 재활용업 · 처리방법 재활용 / 종합재활용 (대구지방환경청),그 밖의 폐유기용제(SiC함유),,13 지정폐기물 처리업체(대구청) / 14 폐기물처리업체 전국취합
종합재활용,"베페사징크코리아(주)(구, 한국알엔엠㈜)",경상권역,경상북도,경주시,경북 경주시 천북면 천북산단로 265-15,054-750-9721,종합재활용 (대구지방환경청),전기로 제강분진,,13 지정폐기물 처리업체(대구청)
종합재활용,베페사징크코리아주식회사,경상권역,경상북도,경주시,경북 경주시 천북면 천북산단로 265-15,054-777-3111,종합 재활용업 · 처리방법 재활용,,,14 폐기물처리업체 전국취합
종합재활용,벧엘산업,경상권역,경상북도,성주군,경북 성주군 초전면 주천로 308 (대산산업),0549333350,종합 재활용업 · 처리방법 재활용,,,14 폐기물처리업체 전국취합
종합재활용,부건산업,경상권역,경상북도,칠곡군,경북 칠곡군 가산면 송신로 282-7,,종합재활용 (대구지방환경청),"(02-01-99) 그 밖의 폐산, (02-02-99) 그 밖의 폐알칼리, (04-02-00) 그 밖의 폐유기용제, (06-03-00) 그 밖의 폐유",,13 지정폐기물 처리업체(대구청)
종합재활용,비젼테크놀러지 주식회사,경상권역,경상북도,칠곡군,경북 칠곡군 약목면 경호천동길 62-18 비젼테크놀러지(주),054-975-2034,종합 재활용업 · 처리방법 재활용 / 종합재활용 (대구지방환경청),폐유기용제,,13 지정폐기물 처리업체(대구청) / 14 폐기물처리업체 전국취합
종합재활용,사회복지법인대한장애인복지회,경상권역,경상북도,칠곡군,경북 칠곡군 왜관읍 금산리 993-8,0549758530,종합 재활용업 · 처리방법 재활용 / 종합재활용 (대구지방환경청),"폐유(절연유의 PCBs 농도가 2㎎/L 미만 함유된 폐변압기, 5% 이상 폐유 함유 폐용접기)",,13 지정폐기물 처리업체(대구청) / 14 폐기물처리업체 전국취합
종합재활용,삼승(주),경상권역,경상북도,경주시,"경북 경주시 안강읍 두류길 218-12 (두류리, 삼승주식회사)",054-763-7220,종합 재활용업 · 처리방법 재활용 / 종합재활용 (대구지방환경청),"폐유, 폐동식물유,그 밖의 폐유, 그 밖의 폐유기용제",,13 지정폐기물 처리업체(대구청) / 14 폐기물처리업체 전국취합
종합재활용,소니드리텍㈜,경상권역,경상북도,고령군,경북 고령군 대가야읍 장기공단1길 46-20(구. 대가야읍 장기리 284-1),054-956-5071,종합재활용 (대구지방환경청),"납함유된 광재, 공정오니, 폐산(폐밧데리)",,13 지정폐기물 처리업체(대구청)
종합재활용,스틸싸이클(주)(구.㈜징크옥사이드코퍼레이션),경상권역,경상북도,경주시,경북 경주시 천북면 천북산단로 1길 8-65,054-778-7611,종합재활용 (대구지방환경청),"전기로 제강분진, 그 밖의 공정오니",,13 지정폐기물 처리업체(대구청)
종합재활용,신오케미칼(주)구미1공장,경상권역,경상북도,구미시,경북 구미시 구포동 옥계2공단로 125 (구포동),054-475-8018,종합 재활용업 · 처리방법 재활용 / 종합재활용 (대구지방환경청),"폐산(폐염화철, 폐염산, 폐염화동, 폐황산), 그 밖의 공정오니, 폐알카리",,13 지정폐기물 처리업체(대구청) / 14 폐기물처리업체 전국취합
종합재활용,씨켐,경상권역,경상북도,고령군,경북 고령군 개진면 개진산단길 40-47 씨켐,054-956-8841,종합 재활용업 · 처리방법 재활용 / 종합재활용 (대구지방환경청),"폐유(액상), 폐유기용제(액상)",,13 지정폐기물 처리업체(대구청) / 14 폐기물처리업체 전국취합
종합재활용,아이에스에코솔루션㈜(구. 아이에스티엠씨㈜)(구. 타운마이닝캄파니㈜),경상권역,경상북도,구미시,경북 구미시 1공단로 216(공단동),054-462-6117,종합재활용 (대구지방환경청),"폐유독물질(폐전지류, 산화코발트리튬니켈망간혼합물, 방전폐전지)",,13 지정폐기물 처리업체(대구청)
종합재활용,"양정산업㈜ 경주지점(구, 선일이앤알㈜ 경주지점",경상권역,경상북도,경주시,경북 경주시 안강읍 두류길 218-96,054-763-0581,종합재활용 (대구지방환경청),"LCD·반도체 공정의 폐산, ,그 밖의 폐산, 분진",,13 지정폐기물 처리업체(대구청)
종합재활용,양정산업주식회사 경주지점,경상권역,경상북도,경주시,경북 경주시 안강읍 두류길 218-96 양정산업주식회사 경주지점,054-763-0581,종합 재활용업 · 처리방법 재활용,,,14 폐기물처리업체 전국취합
종합재활용,에너지머티리얼즈㈜,경상권역,경상북도,포항시,경북 포항시 북구 흥해읍 용한리 810-14,054-727-8583,종합재활용 (대구지방환경청),(09-03-00) 그 밖의 폐유독물질,,13 지정폐기물 처리업체(대구청)
종합재활용,에스엠(SM)환경산업,경상권역,경상북도,구미시,경북 구미시 장천면 학신로 278-11,054-471-7825,종합 재활용업 · 처리방법 재활용 / 종합재활용 (대구지방환경청),"폐유독물(플라스틱용기),폐유기용제(플라스틱용기)",,13 지정폐기물 처리업체(대구청) / 14 폐기물처리업체 전국취합
종합재활용,에스켐텍(주),경상권역,경상북도,경주시,경북 경주시 안강읍 두류길 100-39,0547637100,종합 재활용업 · 처리방법 재활용 / 종합재활용 (대구지방환경청),"그 밖의 폐합성고분자화합물, 그 밖의 공정오니, 그 밖의 폐유
그 밖의 폐합성고분자화합물",,13 지정폐기물 처리업체(대구청) / 14 폐기물처리업체 전국취합
종합재활용,우석클린(주),경상권역,경상북도,영천시,경북 영천시 채신동 채신2공단길 79-18 (채신동),051-783-5182,종합 재활용업 · 처리방법 재활용 / 종합재활용 (대구지방환경청),"폐유(폐오일휠터,철재.플라스틱용기류), 폐유기용제(플라스틱용기류)",,13 지정폐기물 처리업체(대구청) / 14 폐기물처리업체 전국취합
종합재활용,우원농장,경상권역,경상북도,구미시,경상북도 구미시 도개면 용산가산길 265-27,,종합재활용업 (구미센터 관할),"하수처리오니,분뇨처리오니,가축분뇨처리오니,펄프제지공정오니,펄프ㆍ제지폐수처리오니,그 밖의 폐수처리오니,그 밖의 식물성잔재물",수집운반차량 1대,03 지자체 관할 폐기물·중장비 업체
종합재활용,제이에이치화학공업㈜,경상권역,경상북도,김천시,경북 김천시 어모면 산업단지1로 83,054-421-1700,종합재활용 (대구지방환경청),(09-03-00) 그 밖의 폐유독물질,,13 지정폐기물 처리업체(대구청)
종합재활용,주식회사 디케이온,경상권역,경상북도,경주시,경북 경주시 안강읍 두류길 219,054-763-2464,종합재활용 (대구지방환경청),폐유기용제(SiC함유),,13 지정폐기물 처리업체(대구청)
종합재활용,주식회사 리너텍,경상권역,경상북도,경산시,경북 경산시 자인면 금박로 179 주식회사 리너텍,053-854-7167,종합 재활용업 · 처리방법 재활용 / 종합재활용 (대구지방환경청),폐유(액상),,13 지정폐기물 처리업체(대구청) / 14 폐기물처리업체 전국취합
종합재활용,주식회사 승헌 제2공장,경상권역,경상북도,경주시,경북 경주시 강동면 강동산단로1길 86-39 (왕신리),054-763-6684,종합 재활용업 · 처리방법 재활용,,,14 폐기물처리업체 전국취합
종합재활용,주식회사 엠아이켐(M.I.Chem.)(구. ㈜녹색에너텍),경상권역,경상북도,경주시,경북 경주시 안강읍 두류길 206,054-763-6945,종합재활용 (대구지방환경청),"폐유(액상), 폐유기용제(액상, 할로겐족.그 밖의 폐유기용제), 폐페인트",,13 지정폐기물 처리업체(대구청)
종합재활용,주식회사 징크옥사이드코퍼레이션,경상권역,경상북도,경주시,경북 경주시 천북면 천북산단로1길 8-65 징콕스코리아주식회사,054-778-7614,종합 재활용업 · 처리방법 재활용,,,14 폐기물처리업체 전국취합
종합재활용,케이에스피코리아(주),경상권역,경상북도,포항시,경북 포항시 남구 오천읍 송덕로 222,054-286-7230,종합 재활용업 · 처리방법 재활용 / 종합재활용 (대구지방환경청),폐유독물질(폐연료전지),,13 지정폐기물 처리업체(대구청) / 14 폐기물처리업체 전국취합
종합재활용,타운마이닝캄파니(주),경상권역,경상북도,구미시,경북 구미시 1공단로 216,054-462-6117,종합 재활용업 · 처리방법 재활용,,,14 폐기물처리업체 전국취합
종합재활용,"한일정유㈜(구.한일정유㈜경산공장, ㈜프리텍, ㈜현일유화)",경상권역,경상북도,경산시,경북 경산시 자인면 자인공단로 50(북사리 1087-8),053-856-8672,종합재활용 (대구지방환경청),"폐유(윤활유, 산업유, 선박유, 내연기관유 등 재활용 가능한 액상 폐유)",,13 지정폐기물 처리업체(대구청)
종합재활용,호경산업 영천공장,경상권역,경상북도,영천시,경북 영천시 도남공단2길 4 (도남동),054-337-5211,종합 재활용업 · 처리방법 재활용,,,14 폐기물처리업체 전국취합
종합재활용,홍익이서화학(주)2공장,경상권역,경상북도,구미시,경북 구미시 구포동 옥계2공단로 179-60 (구포동),054-475-0063,종합 재활용업 · 처리방법 재활용 / 종합재활용 (대구지방환경청),"폐염산(폐염화철, 폐염화동, 액상), 폐황산, 그 밖의 폐알칼리",,13 지정폐기물 처리업체(대구청) / 14 폐기물처리업체 전국취합
종합재활용,"(사복)대한민국보훈복지재단(구, ㈜금백테크)",경상권역,대구광역시,달성군,대구 달성군 논공읍 비슬로 264길 56,053-617-5011,종합재활용 (대구지방환경청),폐절연유(절연유에 대한 PCBs농도 2mg/L미만 함유 폐변압기),,13 지정폐기물 처리업체(대구청)
종합재활용,㈜고려엠텍,경상권역,대구광역시,달성군,대구광역시 달성군 논공읍 비슬로 264길 46-11 외 46-5,054-954-9335,종합재활용 (대구지방환경청),(02-01-06) 폐황산이 포함된 2차폐축전지,,13 지정폐기물 처리업체(대구청)
종합재활용,㈜대흥에스지,경상권역,대구광역시,달성군,대구시 달성군 논공읍 논공로69길 48(구. 논공읍 본리리 29-82),053-615-0500,종합재활용 (대구지방환경청),"폐페인트(고상), 공정오니(고상), 폐유(절연유의 PCBs 농도가 2㎎/L 미만 함유된 폐변압기)",,13 지정폐기물 처리업체(대구청)
종합재활용,㈜서원금속,경상권역,대구광역시,달성군,대구시 달성군 논공읍 비슬로262길 75-16(논공읍 상리 682-1),053-614-0316,종합재활용 (대구지방환경청),"공정오니(은함유), 폐페인트",,13 지정폐기물 처리업체(대구청)
종합재활용,㈜수영하이텍,경상권역,대구광역시,달성군,대구 달성군 논공읍 논공로 390,053-710-2580,종합재활용 (대구지방환경청),"(02-01-01·02·99) 폐염산, 폐황산, 그 밖의 폐산 
 (02-02-01·99) 폐가성소다수, 그 밖의 폐알칼리",,13 지정폐기물 처리업체(대구청)
종합재활용,대한민국상이군경회 대구사업소,경상권역,대구광역시,동구,대구 동구 안심로65길 10 (각산동),053-963-2235,종합 재활용업 · 처리방법 재활용 / 종합재활용 (대구지방환경청),"폐유(절연유의 PCBs 농도가 2㎎/L 미만 함유된 폐변압기), 폐유가 5% 이상 함유된 폐전선",,13 지정폐기물 처리업체(대구청) / 14 폐기물처리업체 전국취합
종합재활용,사단법인 순환자원과 함께하는 사람들 환경사업소,경상권역,대구광역시,달성군,대구 달성군 논공읍 비슬로 264길 77,,종합재활용 (대구지방환경청),폐절연유(절연유에 대한 PCBs농도 2mg/L미만 함유 폐변압기),,13 지정폐기물 처리업체(대구청)
종합재활용,사회복지법인 대한민국보훈복지재단(대산환경사업단),경상권역,대구광역시,달성군,대구 달성군 논공읍 비슬로264길 56 (상리) (복)대한민국보훈복지재단(대산환경사업단),0536175011,중간 재활용업 · 처리방법 재활용,,,14 폐기물처리업체 전국취합
종합재활용,수림 ENG,경상권역,대구광역시,서구,대구광역시 서구 팔달로2길 69,,종합재활용 (대구지방환경청),(06-01-03) 폐기계유·페작동유,,13 지정폐기물 처리업체(대구청)
종합재활용,엠에스케미칼,경상권역,대구광역시,달성군,대구광역시 달성군 논공읍 비슬로 1331-22(상리 1425),053-710-2188,종합재활용 (대구지방환경청),"(06) 폐유, (04-02-00) 그 밖의 폐유기용제, (05-01-00) 폐유성페인트",,13 지정폐기물 처리업체(대구청)
종합재활용,진양상사,경상권역,대구광역시,달서구,대구 달서구 달구벌대로240길 50 (신당동),053-582-5405,종합 재활용업 · 처리방법 재활용,,,14 폐기물처리업체 전국취합
종합재활용,(주)고려화학,경상권역,부산광역시,기장군,부산 기장군 정관면 용수공단2길 85 (고려화학),051-728-6237,중간 재활용업 · 처리방법 재활용,,,14 폐기물처리업체 전국취합
종합재활용,(주)금산,경상권역,부산광역시,강서구,부산 강서구 송정동 녹산산업중로 259 (송정동),051-831-6060,중간 재활용업 · 처리방법 재활용,,,14 폐기물처리업체 전국취합
종합재활용,(주)동방비에프,경상권역,부산광역시,기장군,"부산 기장군 정관읍 용수공단2길 51 (용수리, 동방부라쉬)",051-728-5577,종합 재활용업 · 처리방법 재활용,,,14 폐기물처리업체 전국취합
종합재활용,(주)문창산업,경상권역,부산광역시,사상구,부산 사상구 감전동 장인로17번길 38 (주)문창산업,051-317-2365,종합 재활용업 · 처리방법 재활용,,,14 폐기물처리업체 전국취합
종합재활용,(주)정산인터내셔널,경상권역,부산광역시,강서구,부산 강서구 송정동 녹산산단382로49번길 11 (송정동),051-960-3252,중간 재활용업 · 처리방법 재활용,,,14 폐기물처리업체 전국취합
종합재활용,대호수지,경상권역,부산광역시,강서구,부산 강서구 송정동 1648-4,051-831-2731,중간 재활용업 · 처리방법 재활용,,,14 폐기물처리업체 전국취합
종합재활용,동락화학공업사,경상권역,부산광역시,강서구,부산 강서구 송정동 녹산산단165로14번길 11-5 (송정동),051-831-6457,중간 재활용업 · 처리방법 재활용,,,14 폐기물처리업체 전국취합
종합재활용,새광엔텍,경상권역,부산광역시,강서구,부산 강서구 송정동 1771-10,051-831-0335,중간 재활용업 · 처리방법 재활용,,,14 폐기물처리업체 전국취합
종합재활용,천광산업,경상권역,부산광역시,기장군,부산 기장군 정관읍 산단4로 19 (달산리 1051-3),051-715-9983,중간 재활용업 · 처리방법 재활용,,,14 폐기물처리업체 전국취합
종합재활용,한솔환경,경상권역,부산광역시,강서구,부산 강서구 송정동 녹산산업중로167번길 12 (송정동),051-831-4167,종합 재활용업 · 처리방법 재활용,,,14 폐기물처리업체 전국취합
종합재활용,(주)네오 - 1공장,경상권역,울산광역시,울주군,울산 울주군 온산읍 화산로 13 네오1공장,052-237-0451,중간 재활용업 · 처리방법 재활용,,,14 폐기물처리업체 전국취합
종합재활용,(주)네오 - 2공장,경상권역,울산광역시,울주군,"울산 울주군 온산읍 우봉강양로 3-92 (우봉리, 네오) 2공장",052-237-0451,중간 재활용업 · 처리방법 재활용,,,14 폐기물처리업체 전국취합
종합재활용,(주)동신화학,경상권역,울산광역시,남구,"울산 남구 황성동 처용로 688 (황성동,동신화학(주))",052-257-0711,종합 재활용업 · 처리방법 재활용,,,14 폐기물처리업체 전국취합
종합재활용,(주)명신정유(처리자),경상권역,울산광역시,울주군,"울산 울주군 삼남면 공암공단로 16-21 (가천리, (주)명신정유)",055-364-6604,중간 재활용업 · 처리방법 재활용,,,14 폐기물처리업체 전국취합
종합재활용,(주)보성정유,경상권역,울산광역시,울주군,울산 울주군 온산읍 화산로 121-1,052-237-0017,종합 재활용업 · 처리방법 재활용,,,14 폐기물처리업체 전국취합
종합재활용,(주)비봉케미칼,경상권역,울산광역시,울주군,울산 울주군 온산읍 화산로 219,052-272-3822,종합 재활용업 · 처리방법 재활용,,,14 폐기물처리업체 전국취합
종합재활용,(주)신흥유업,경상권역,울산광역시,남구,울산 남구 여천동 여천로 215-47 (주)신흥유업 (여천동),052-276-5123,중간 재활용업 · 처리방법 재활용,,,14 폐기물처리업체 전국취합
종합재활용,(주)씨에스씨,경상권역,울산광역시,울주군,울산 울주군 웅촌면 고연로 108 (고연리) 에이동,052-296-1974,중간 재활용업 · 처리방법 재활용,,,14 폐기물처리업체 전국취합
종합재활용,(주)에너텍(울산),경상권역,울산광역시,남구,울산 남구 신여천로 99 (여천동),052-276-3914,중간 재활용업 · 처리방법 재활용,,,14 폐기물처리업체 전국취합
종합재활용,(주)에코솔루텍,경상권역,울산광역시,울주군,울산 울주군 삼남면 가천리 852-149,052-264-8521,종합 재활용업 · 처리방법 재활용,,,14 폐기물처리업체 전국취합
종합재활용,(주)유수에너지,경상권역,울산광역시,남구,울산 남구 용연로 295-150 (용연동),052-256-3533,중간 재활용업 · 처리방법 재활용,,,14 폐기물처리업체 전국취합
종합재활용,(주)일진신소재,경상권역,울산광역시,남구,"울산 남구 신여천로 41 (여천동,국제플랜트(주))",052-258-6471,종합 재활용업 · 처리방법 재활용,,,14 폐기물처리업체 전국취합
종합재활용,(주)화성,경상권역,울산광역시,울주군,울산 울주군 온산읍 회학3길 34 (주)화성,052-237-2929,종합 재활용업 · 처리방법 재활용,,,14 폐기물처리업체 전국취합
종합재활용,GS에코메탈(주),경상권역,울산광역시,울주군,울산 울주군 온산읍 화산1길 75-34 (화산리),052-237-5405,중간 재활용업 · 처리방법 재활용,,,14 폐기물처리업체 전국취합
종합재활용,고려아연(주) 온산제련소,경상권역,울산광역시,울주군,울산 울주군 온산읍 이진로 139 고려아연(주) 온산제련소,0522316092,종합 재활용업 · 처리방법 재활용,,,14 폐기물처리업체 전국취합
종합재활용,대흥산업(주),경상권역,울산광역시,남구,울산 남구 처용로 662 (황성동),052-276-4431,최종 재활용업 · 처리방법 재활용,,,14 폐기물처리업체 전국취합
종합재활용,덕화산업,경상권역,울산광역시,남구,"울산 남구 여천동 장생포로19번길 37 (여천동,덕화산업)",052-272-6325,종합 재활용업 · 처리방법 재활용,,,14 폐기물처리업체 전국취합
종합재활용,명성기업(주),경상권역,울산광역시,남구,"울산 남구 여천동 장생포로19번길 11-31 (여천동,명성기업(주))",052-276-6500,종합 재활용업 · 처리방법 재활용,,,14 폐기물처리업체 전국취합
종합재활용,명진산업,경상권역,울산광역시,남구,울산 남구 장생포로19번길 5 (여천동),052-274-6766,중간 재활용업 · 처리방법 재활용,,,14 폐기물처리업체 전국취합
종합재활용,삼영기업(주),경상권역,울산광역시,남구,울산 남구 용연로98번길 28 (용연동),052-257-0110,중간 재활용업 · 처리방법 재활용,,,14 폐기물처리업체 전국취합
종합재활용,수성에스피시티(주),경상권역,울산광역시,남구,울산 남구 용잠로74번길 18 (부곡동),052-256-7445,중간 재활용업 · 처리방법 재활용,,,14 폐기물처리업체 전국취합
종합재활용,엘에스니꼬 동제련(주),경상권역,울산광역시,울주군,울산 울주군 온산읍 산암로 148 LS-Nikko 동제련(주),052-231-0223,중간 재활용업 · 처리방법 재활용,,,14 폐기물처리업체 전국취합
종합재활용,예림케미칼필터,경상권역,울산광역시,울주군,울산 울주군 웅촌면 은현리 19-1,052-265-9826,종합 재활용업 · 처리방법 재활용,,,14 폐기물처리업체 전국취합
종합재활용,온산서가산업,경상권역,울산광역시,울주군,울산 울주군 온산읍 화산로 178,052-238-1975,중간 재활용업 · 처리방법 재활용,,,14 폐기물처리업체 전국취합
종합재활용,우신산업,경상권역,울산광역시,남구,"울산 남구 여천동 신여천로35번길 26 우신산업 (여천동,우신산업)",052-275-9848,중간 재활용업 · 처리방법 재활용,,,14 폐기물처리업체 전국취합
종합재활용,한길(주),경상권역,울산광역시,남구,울산 남구 용연동 용연로 189 (용연동),052-256-6543,종합 재활용업 · 처리방법 재활용,,,14 폐기물처리업체 전국취합
종합재활용,한원정밀화학(주),경상권역,울산광역시,울주군,울산 울주군 온산읍 이진로 8,052-239-4931,중간 재활용업 · 처리방법 재활용,,,14 폐기물처리업체 전국취합
종합재활용,(사)원전지역장애인고용창출협회 경기사무소,수도권,경기도,화성시,경기 화성시 장안면 3.1만세로 478-5,03180598368,중간 재활용업 · 처리방법 재활용,,,14 폐기물처리업체 전국취합
종합재활용,(사)한국지체장애인협회 김포사업소,수도권,경기도,김포시,경기 김포시 월곶면 고막리 18-18,031-996-1690,중간 재활용업 · 처리방법 재활용,,,14 폐기물처리업체 전국취합
종합재활용,(주)광진화학,수도권,경기도,시흥시,"경기 시흥시 정왕동 옥구천서로185번길 46 (정왕동, 광진화학) 시화공단 1다 306호",031-498-4555,종합 재활용업 · 처리방법 재활용,,,14 폐기물처리업체 전국취합
종합재활용,(주)광진화학엠티브이지점,수도권,경기도,시흥시,경기 시흥시 정왕동 엠티브이 27로 58번길 15,031-498-4555,종합 재활용업 · 처리방법 재활용,,,14 폐기물처리업체 전국취합
종합재활용,(주)교우산업,수도권,경기도,시흥시,경기 시흥시 공단1대로 244,0314990617,종합 재활용업 · 처리방법 재활용,,,14 폐기물처리업체 전국취합
종합재활용,(주)교우산업 평택공장,수도권,경기도,평택시,경기 평택시 포승읍 원정리 1206-12,031-647-0737,종합 재활용업 · 처리방법 재활용,,,14 폐기물처리업체 전국취합
종합재활용,(주)그린에너지,수도권,경기도,안산시,경기 안산시 단원구 첨단로245번길 4 (주)그린에너지 (성곡동),031-494-0151,종합 재활용업 · 처리방법 재활용,,,14 폐기물처리업체 전국취합
종합재활용,(주)대생산업,수도권,경기도,시흥시,경기 시흥시 조남동 218-5,0314055213,중간 재활용업 · 처리방법 재활용,,,14 폐기물처리업체 전국취합
종합재활용,(주)대양피앤티,수도권,경기도,김포시,경기 김포시 하성면 원산리 185-15,031-987-8587,종합 재활용업 · 처리방법 재활용,,,14 폐기물처리업체 전국취합
종합재활용,(주)드럼코리아,수도권,경기도,화성시,경기 화성시 마도면 송정리530-34,031-355-9586,종합 재활용업 · 처리방법 재활용,,,14 폐기물처리업체 전국취합
종합재활용,(주)디엠코리아,수도권,경기도,평택시,경기 평택시 청북읍 청북중앙로 277-44 (고잔리),031-681-4667,종합 재활용업 · 처리방법 재활용,,,14 폐기물처리업체 전국취합
종합재활용,(주)리코코리아,수도권,경기도,화성시,경기 화성시 우정읍 호곡리 1-121,031-494-6682,종합 재활용업 · 처리방법 재활용,,,14 폐기물처리업체 전국취합
종합재활용,(주)리크린폼,수도권,경기도,김포시,경기 김포시 통진읍 가현리 865-38 12동,031-988-5182,종합 재활용업 · 처리방법 재활용,,,14 폐기물처리업체 전국취합
종합재활용,(주)삼우화학 안산지점,수도권,경기도,안산시,경기 안산시 단원구 해봉로 254 (성곡동),031-494-6544,종합 재활용업 · 처리방법 재활용,,,14 폐기물처리업체 전국취합
종합재활용,(주)삼창유화,수도권,경기도,안산시,경기 안산시 단원구 진흥로38번길 58,031-434-9621,종합 재활용업 · 처리방법 재활용,,,14 폐기물처리업체 전국취합
종합재활용,(주)상신금속,수도권,경기도,안산시,경기 안산시 단원구 성곡동 701-3,031-499-4011,종합 재활용업 · 처리방법 재활용,,,14 폐기물처리업체 전국취합
종합재활용,(주)서울리사이클링,수도권,경기도,고양시,경기 고양시 일산동구 성석동 517-5,02-3143-6580,중간 재활용업 · 처리방법 재활용,,,14 폐기물처리업체 전국취합
종합재활용,(주)서원,수도권,경기도,안산시,경기 안산시 단원구 목내동 402-3,031-365-8785,중간 재활용업 · 처리방법 재활용,,,14 폐기물처리업체 전국취합
종합재활용,(주)서원화성공장,수도권,경기도,화성시,경기 화성시 마도면 쌍송리 666-1,031-355-9591,종합 재활용업 · 처리방법 재활용,,,14 폐기물처리업체 전국취합
종합재활용,(주)수도권서부자원순환센터,수도권,경기도,화성시,"경기 화성시 우정읍 매바위로237번길 86-1(86-1,86-2)",031-354-2861,중간 재활용업 · 처리방법 재활용,,,14 폐기물처리업체 전국취합
종합재활용,(주)씨엠케이페인트사업부,수도권,경기도,화성시,경기 화성시 팔탄면 현대기아로 15-28(노하리 621-25),03180594500,종합 재활용업 · 처리방법 재활용,,,14 폐기물처리업체 전국취합
종합재활용,(주)에이치에스켐텍,수도권,경기도,안산시,경기 안산시 원시동 740번지 8B 4-2,031-491-8973,중간 재활용업 · 처리방법 재활용,,,14 폐기물처리업체 전국취합
종합재활용,(주)엔에이치리사이텍컴퍼니,수도권,경기도,평택시,"경기 평택시 현덕면 현덕로 350-3 ,350-4",02-1899-2567,종합 재활용업 · 처리방법 재활용,,,14 폐기물처리업체 전국취합
종합재활용,(주)연화인텍,수도권,경기도,화성시,경기 화성시 비봉면 자안리 725,031-355-4423,종합 재활용업 · 처리방법 재활용,,,14 폐기물처리업체 전국취합
종합재활용,(주)오엔알,수도권,경기도,평택시,경기 평택시 오성면 양교리 890-9,031-8059-1372,종합 재활용업 · 처리방법 재활용,,,14 폐기물처리업체 전국취합
종합재활용,(주)우리산업,수도권,경기도,포천시,경기 포천시 신북면 만세교리 219-1,031-533-9980,중간 재활용업 · 처리방법 재활용,,,14 폐기물처리업체 전국취합
종합재활용,(주)유민기업,수도권,경기도,화성시,경기 화성시 남양읍 무하로36번길 29,031-355-0997,종합 재활용업 · 처리방법 재활용,,,14 폐기물처리업체 전국취합
종합재활용,(주)중일,수도권,경기도,안산시,경기 안산시 단원구 성곡동 635-6,031-494-3008,종합 재활용업 · 처리방법 재활용,,,14 폐기물처리업체 전국취합
종합재활용,(주)진흥전기,수도권,경기도,김포시,경기 김포시 통진읍 귀전리 695-4,031-981-5108,중간 재활용업 · 처리방법 재활용,,,14 폐기물처리업체 전국취합
종합재활용,(주)창대이앤씨,수도권,경기도,김포시,경기 김포시 월곶면 갈산리 140-21,031-981-6141,중간 재활용업 · 처리방법 재활용,,,14 폐기물처리업체 전국취합
종합재활용,(주)창우,수도권,경기도,시흥시,"경기 시흥시 공단1대로28번길 57 , 시화공단 1 라213 (정왕동)",0314976200,종합 재활용업 · 처리방법 재활용,,,14 폐기물처리업체 전국취합
종합재활용,(주)케미온,수도권,경기도,화성시,경기 화성시 장안면 수촌리 1029-9,0313516801,중간 재활용업 · 처리방법 재활용,,,14 폐기물처리업체 전국취합
종합재활용,(주)케이에스에너지,수도권,경기도,화성시,경기 화성시 정남면 귀래리 533-1,031-317-1674,종합 재활용업 · 처리방법 재활용,,,14 폐기물처리업체 전국취합
종합재활용,(주)클린솔루션,수도권,경기도,평택시,경기 평택시 청북면 고렴리 199-1,031-666-1056,종합 재활용업 · 처리방법 재활용,,,14 폐기물처리업체 전국취합
종합재활용,(주)태원,수도권,경기도,시흥시,경기 시흥시 옥구천서로93번길 65,031-499-1357,종합 재활용업 · 처리방법 재활용,,,14 폐기물처리업체 전국취합
종합재활용,(주)태원 2공장,수도권,경기도,시흥시,경기 시흥시 공단1대로80번길 16 시화공단 1다 302호 (정왕동),031-499-1357,종합 재활용업 · 처리방법 재활용,,,14 폐기물처리업체 전국취합
종합재활용,(주)한국라이신화공사,수도권,경기도,안산시,경기 안산시 단원구 엠티브이5로 14 7사 801호 (목내동),031-432-1515,종합 재활용업 · 처리방법 재활용,,,14 폐기물처리업체 전국취합
종합재활용,(주)한승비철금속,수도권,경기도,평택시,경기 평택시 청북면 청북중앙로 578-7 (고잔리),031-683-2030,종합 재활용업 · 처리방법 재활용,,,14 폐기물처리업체 전국취합
종합재활용,(주)현대그린텍,수도권,경기도,평택시,경기 평택시 청북면 청오로 439-53 토진리308-1,0316828813,종합 재활용업 · 처리방법 재활용,,,14 폐기물처리업체 전국취합
종합재활용,(주)화성씨제이,수도권,경기도,안산시,경기 안산시 단원구 별망로269번길 63 (성곡동),031-495-5691,종합 재활용업 · 처리방법 재활용,,,14 폐기물처리업체 전국취합
종합재활용,경기알엔씨,수도권,경기도,화성시,경기 화성시 향남읍 솔태상두길 291-25 (백토리),031-352-9771,중간 재활용업 · 처리방법 재활용,,,14 폐기물처리업체 전국취합
종합재활용,넥스테크(주),수도권,경기도,평택시,경기 평택시 청북면 청북중앙로 459-33,031-683-2461,종합 재활용업 · 처리방법 재활용,,,14 폐기물처리업체 전국취합
종합재활용,대성과학,수도권,경기도,화성시,경기 화성시 송산면 당성로 361-61,031-355-0753,종합 재활용업 · 처리방법 재활용,,,14 폐기물처리업체 전국취합
종합재활용,대양그린산업(주)-처리,수도권,경기도,화성시,경기 화성시 장안면 장안로227번길 35-31 35-32,031-353-0468,종합 재활용업 · 처리방법 재활용,,,14 폐기물처리업체 전국취합
종합재활용,대양산업(주),수도권,경기도,안산시,경기 안산시 상록구 사동 1489-4,031-502-2297,종합 재활용업 · 처리방법 재활용,,,14 폐기물처리업체 전국취합
종합재활용,대영용기(주),수도권,경기도,김포시,경기 김포시 통진읍 가현로3번길 50 (가현리),031-988-8848,중간 재활용업 · 처리방법 재활용,,,14 폐기물처리업체 전국취합
종합재활용,대원화성(주),수도권,경기도,오산시,"경기 오산시 외삼미동 경기대로 868-14 (외삼미동,대원화성(주))",031-372-3992,중간 재활용업 · 처리방법 재활용,,,14 폐기물처리업체 전국취합
종합재활용,덕산약품공업(주),수도권,경기도,안산시,경기 안산시 단원구 성곡동 635-1,031-495-4055,종합 재활용업 · 처리방법 재활용,,,14 폐기물처리업체 전국취합
종합재활용,덕산약품공업(주) 2공장,수도권,경기도,안산시,"경기 안산시 단원구 신원로133번길 56 (성곡동,덕산약품공업(주))",031-495-4055,종합 재활용업 · 처리방법 재활용,,,14 폐기물처리업체 전국취합
종합재활용,동광산업,수도권,경기도,화성시,경기 화성시 장안면 수촌리 284-1,031-351-5234,중간 재활용업 · 처리방법 재활용,,,14 폐기물처리업체 전국취합
종합재활용,동우화인켐(주)평택공장,수도권,경기도,평택시,경기 평택시 포승읍 포승공단로117번길 35 (동우화인켐(주)평택공장),031-659-4527,종합 재활용업 · 처리방법 재활용,,,14 폐기물처리업체 전국취합
종합재활용,동진금속상사,수도권,경기도,화성시,경기 화성시 양감면 신왕리 36-8,031-353-8838,중간 재활용업 · 처리방법 재활용,,,14 폐기물처리업체 전국취합
종합재활용,두리텍,수도권,경기도,양주시,경기 양주시 고암동 501-1,031-863-2161,중간 재활용업 · 처리방법 재활용,,,14 폐기물처리업체 전국취합
종합재활용,미래산업,수도권,경기도,평택시,경기 평택시 청북면 현곡길 168-9,031-681-2589,중간 재활용업 · 처리방법 재활용,,,14 폐기물처리업체 전국취합
종합재활용,미래파워텍,수도권,경기도,김포시,경기 김포시 대곶면 소래로41번길 31-2 미래파워텍,0319817234,중간 재활용업 · 처리방법 재활용,,,14 폐기물처리업체 전국취합
종합재활용,부여국제전기(주),수도권,경기도,화성시,경기 화성시 장안면 포승장안로 1207 (독정리),031-351-2866,중간 재활용업 · 처리방법 재활용,,,14 폐기물처리업체 전국취합
종합재활용,비전테크 화성공장,수도권,경기도,화성,경기도 화성시 장안면 방축말길35번길 60-20,0313513016,종합 재활용업 · 처리방법 재활용,,,14 폐기물처리업체 전국취합
종합재활용,비투금속(주),수도권,경기도,평택시,경기 평택시 청북읍 백봉길 151 (백봉리),031-686-6151,중간 재활용업 · 처리방법 재활용,,,14 폐기물처리업체 전국취합
종합재활용,사회복지법인 경신재단 파주지점,수도권,경기도,파주시,경기 파주시 광탄면 용미리 580-1,031-952-5658,중간 재활용업 · 처리방법 재활용,,,14 폐기물처리업체 전국취합
종합재활용,사회복지법인 시대희망복지재단,수도권,경기도,동두천,경기 동두천시 봉동로 182 (하봉암동 363),02-576-5000,중간 재활용업 · 처리방법 재활용,,,14 폐기물처리업체 전국취합
종합재활용,사회복지법인 애국단체원 자원재활용사업단,수도권,경기도,동두천,경기 동두천시 상패로 64,031-866-2001,중간 재활용업 · 처리방법 재활용,,,14 폐기물처리업체 전국취합
종합재활용,사회적협동조합 푸른하늘 불용품사업단,수도권,경기도,김포시,경기 김포시 통진읍 귀전로56번길 211-19,031-982-9150,중간 재활용업 · 처리방법 재활용,,,14 폐기물처리업체 전국취합
종합재활용,상원기공,수도권,경기도,여주군,경기 여주군 점동면 뇌곡리 325-3,031-884-2890,중간 재활용업 · 처리방법 재활용,,,14 폐기물처리업체 전국취합
종합재활용,성신금속상사,수도권,경기도,의왕시,경기 의왕시 오전동 880,031-455-9066,종합 재활용업 · 처리방법 재활용,,,14 폐기물처리업체 전국취합
종합재활용,시대희망복지재단동두천사업소(처리자),수도권,경기도,동두천,경기 동두천시 삼육사로659번길 42-14 (상패동),031-866-2001,중간 재활용업 · 처리방법 재활용,,,14 폐기물처리업체 전국취합
종합재활용,씨피켐(주),수도권,경기도,평택시,경기 평택시 포승읍 원정리 1203-6 (씨피텍(주)),031-683-3048,종합 재활용업 · 처리방법 재활용,,,14 폐기물처리업체 전국취합
종합재활용,에스엘(주)전곡지점,수도권,경기도,화성시,경기 화성시 서신면 전곡산단4길 18 에스엘(주)전곡지점 (전곡리),031-8077-2248,종합 재활용업 · 처리방법 재활용,,,14 폐기물처리업체 전국취합
종합재활용,엘티씨(주),수도권,경기도,화성시,경기 화성시 마도면 청원산단8길 114,070-4364-1214,종합 재활용업 · 처리방법 재활용,,,14 폐기물처리업체 전국취합
종합재활용,우신화학(주),수도권,경기도,화성시,경기 화성시 정남면 문학리 719-2,031-354-5300,종합 재활용업 · 처리방법 재활용,,,14 폐기물처리업체 전국취합
종합재활용,제일산업,수도권,경기도,시흥시,"경기 시흥시 정왕동 옥구천동로44번길 46 (정왕동,제일산업시화공장)",0313192119,종합 재활용업 · 처리방법 재활용,,,14 폐기물처리업체 전국취합
종합재활용,조일케미칼,수도권,경기도,파주시,경기 파주시 법원읍 법원리 480-2,031-959-7171,중간 재활용업 · 처리방법 재활용,,,14 폐기물처리업체 전국취합
종합재활용,주식회사 고도리,수도권,경기도,화성시,경기 화성시 우정읍 매바위로 221-56 (주곡리),0313588218,중간 재활용업 · 처리방법 재활용,,,14 폐기물처리업체 전국취합
종합재활용,주식회사 오성그린환경,수도권,경기도,화성시,경기 화성시 장안면 갈우물길 49 (노진리) 4동,,종합 재활용업 · 처리방법 재활용,,,14 폐기물처리업체 전국취합
종합재활용,중부산업(주),수도권,경기도,화성시,경기 화성시 팔탄면 하저리 16-1,031-356-8551,종합 재활용업 · 처리방법 재활용,,,14 폐기물처리업체 전국취합
종합재활용,지티산업,수도권,경기도,용인시,경기 용인시 처인구 원삼면 원양로602번길 44,031-322-5531,중간 재활용업 · 처리방법 재활용,,,14 폐기물처리업체 전국취합
종합재활용,진우산업(주),수도권,경기도,화성시,경기 화성시 정남면 내향로 240-55 (귀래리),0313663675,중간 재활용업 · 처리방법 재활용,,,14 폐기물처리업체 전국취합
종합재활용,케이씨환경산업(주),수도권,경기도,용인시,경기 용인시 처인구 백암면 죽양대로 829 (KC환경물류산업),031-323-5893,중간 재활용업 · 처리방법 재활용,,,14 폐기물처리업체 전국취합
종합재활용,파스텔화학,수도권,경기도,화성시,경기 화성시 팔탄면 온천로 437-28 (율암리 823-2),031-353-1788,종합 재활용업 · 처리방법 재활용,,,14 폐기물처리업체 전국취합
종합재활용,평창산업(주),수도권,경기도,김포시,경기 김포시 하성면 원산리 122-7,031-989-7025,중간 재활용업 · 처리방법 재활용,,,14 폐기물처리업체 전국취합
종합재활용,한강그린,수도권,경기도,부천시,경기 부천시 원미구 원미동 37-5,032-612-9491,중간 재활용업 · 처리방법 재활용,,,14 폐기물처리업체 전국취합
종합재활용,한국자원트레이드,수도권,경기도,화성시,경기 화성시 팔탄면 덕우리 84-33,031-353-9909,종합 재활용업 · 처리방법 재활용,,,14 폐기물처리업체 전국취합
종합재활용,한수자원(주),수도권,경기도,화성시,경기 화성시 향남읍 동오리 89-3 번지,03180591775,종합 재활용업 · 처리방법 재활용,,,14 폐기물처리업체 전국취합
종합재활용,해성리싸이클링,수도권,경기도,화성시,경기 화성시 봉담읍 덕우리 173-2,031-227-3515,중간 재활용업 · 처리방법 재활용,,,14 폐기물처리업체 전국취합
종합재활용,현대드럼산업(주),수도권,경기도,안산시,"경기 안산시 단원구 번영로10번길 9 (성곡동, 시화공단 4바 610-1 현대드럼산업)",031-431-0266,종합 재활용업 · 처리방법 재활용,,,14 폐기물처리업체 전국취합
종합재활용,현대에코라인(주),수도권,경기도,화성시,경기 화성시 장안면 3.1만세로281번길 51,031-358-5506,종합 재활용업 · 처리방법 재활용,,,14 폐기물처리업체 전국취합
종합재활용,협동산업(주),수도권,경기도,시흥시,"경기 시흥시 정왕동 경기과기대로 249 (정왕동,(주)협동산업)",031-498-8301,중간 재활용업 · 처리방법 재활용,,,14 폐기물처리업체 전국취합
종합재활용,(주)덕성,수도권,인천광역시,역시,인천 남동구 남촌동 616-9 남동공단 9B-7L,0328142191,종합 재활용업 · 처리방법 재활용,,,14 폐기물처리업체 전국취합
종합재활용,(주)미광금속,수도권,인천광역시,서구,인천 서구 경서동 363-169,032-568-8801,종합 재활용업 · 처리방법 재활용,,,14 폐기물처리업체 전국취합
종합재활용,(주)삼우화학,수도권,인천광역시,서구,인천 서구 건지로97번길 26 (석남동),0325796688,종합 재활용업 · 처리방법 재활용,,,14 폐기물처리업체 전국취합
종합재활용,(주)상우케미칼,수도권,인천광역시,남동구,인천 남동구 청능대로448번길 149-37 (고잔동),032-816-4411,종합 재활용업 · 처리방법 재활용,,,14 폐기물처리업체 전국취합
종합재활용,(주)서경,수도권,인천광역시,서구,인천 서구 원창로89번길 48 (원창동),032-574-3547,종합 재활용업 · 처리방법 재활용,,,14 폐기물처리업체 전국취합
종합재활용,(주)에닉스,수도권,인천광역시,서구,인천 서구 가좌동 178-32,032-574-0025,중간 재활용업 · 처리방법 재활용,,,14 폐기물처리업체 전국취합
종합재활용,(주)에코리사이클링(지정재활용),수도권,인천광역시,서구,인천 서구 도담3로 13 (오류동),070-4416-6254,종합 재활용업 · 처리방법 재활용,,,14 폐기물처리업체 전국취합
종합재활용,(주)일성화학,수도권,인천광역시,남동구,인천 남동구 남동서로316번길 20,032-812-3001,중간 재활용업 · 처리방법 재활용,,,14 폐기물처리업체 전국취합
종합재활용,(주)풍전비철,수도권,인천광역시,서구,인천 서구 경서동 680-3,032-561-9111,종합 재활용업 · 처리방법 재활용,,,14 폐기물처리업체 전국취합
종합재활용,경외산업,수도권,인천광역시,남동구,인천 남동구 논현동 429-7,0328185592,중간 재활용업 · 처리방법 재활용,,,14 폐기물처리업체 전국취합
종합재활용,대성금속(주)-종합재활용,수도권,인천광역시,서구,인천 서구 가좌동 173-77,032-575-8547,종합 재활용업 · 처리방법 재활용,,,14 폐기물처리업체 전국취합
종합재활용,디엠시(주),수도권,인천광역시,서구,인천 서구 오류동 434-68,032-569-6360,종합 재활용업 · 처리방법 재활용,,,14 폐기물처리업체 전국취합
종합재활용,삼정금속(주),수도권,인천광역시,서구,인천 서구 건지로109번길 33 (석남동 223-251),032-572-4196,종합 재활용업 · 처리방법 재활용,,,14 폐기물처리업체 전국취합
종합재활용,신명PM,수도권,인천광역시,남동구,"인천 남동구 승기천로 24 (고잔동,금강금속)",0328150968,종합 재활용업 · 처리방법 재활용,,,14 폐기물처리업체 전국취합
종합재활용,신영산업사,수도권,인천광역시,남동구,인천 남동구 고잔동 710-5호 남동공단 139B-6L,032-812-6061,종합 재활용업 · 처리방법 재활용,,,14 폐기물처리업체 전국취합
종합재활용,엘티메탈(주),수도권,인천광역시,서구,인천 서구 가좌동 173-89,032-714-5621,종합 재활용업 · 처리방법 재활용,,,14 폐기물처리업체 전국취합
종합재활용,인천화학(주),수도권,인천광역시,서구,인천 서구 가좌동 173-90,0325710282,종합 재활용업 · 처리방법 재활용,,,14 폐기물처리업체 전국취합
종합재활용,한국에너지기계,수도권,인천광역시,서구,인천 서구 가좌동 602-67(2층),070-4240-2150,종합 재활용업 · 처리방법 재활용,,,14 폐기물처리업체 전국취합
종합재활용,(주)메탈링크,전라권역,광주광역시,광산구,광주 광산구 평동산단외로 197 (지죽동),062-514-6233,중간 재활용업 · 처리방법 재활용,,,14 폐기물처리업체 전국취합
종합재활용,(주)반도기연,전라권역,광주광역시,광산구,광주 광산구 용아로 627 (오선동)반도기연,062-954-3247,중간 재활용업 · 처리방법 재활용,,,14 폐기물처리업체 전국취합
종합재활용,(주)혁진정유,전라권역,광주광역시,광산구,광주 광산구 하남산단1번로 23 (하남동 505-8),062-954-4150,종합 재활용업 · 처리방법 재활용,,,14 폐기물처리업체 전국취합
종합재활용,남성수지,전라권역,광주광역시,광산구,광주 광산구 장덕동 991-10,062-951-4787,종합 재활용업 · 처리방법 재활용,,,14 폐기물처리업체 전국취합
종합재활용,유한회사 그린메탈,전라권역,광주광역시,남구,"광주 남구 송하동 서문대로473번길 8-13 (송하동,태산기업)",062-674-2323,종합 재활용업 · 처리방법 재활용,,,14 폐기물처리업체 전국취합
종합재활용,호남자원(광산구),전라권역,광주광역시,광산구,광주 광산구 안청동 737-3,062-945-4455,중간 재활용업 · 처리방법 재활용,,,14 폐기물처리업체 전국취합
종합재활용,(주)광양이엔에스,전라권역,전라남도,광양시,전라남도 광양시 옥정로 93-42 (성황동),061-795-9275,폐기물종합재활용업 (여수센터 관할),사업장폐기물 등,밀폐식차량 1대,03 지자체 관할 폐기물·중장비 업체
종합재활용,(주)금홍,전라권역,전라남도,광양시,전라남도 광양시 광양읍 초남2공단2길 70,061-761-1558,폐기물종합재활용업 (여수센터 관할),사업장폐기물 등,기타차량 14대,03 지자체 관할 폐기물·중장비 업체
종합재활용,(주)대유홀딩스 순천지점,전라권역,전라남도,순천시,전남 순천시 서면 매천로 370 (주)대유홀딩스 순천지점,061-755-8600,종합 재활용업 · 처리방법 재활용,,,14 폐기물처리업체 전국취합
종합재활용,(주)더함자원,전라권역,전라남도,광양시,전라남도 광양시 옥정로 93-28 (성황동),,폐기물종합재활용업 (여수센터 관할),사업장폐기물 등,기계식상차장치부착차량 1대,03 지자체 관할 폐기물·중장비 업체
종합재활용,(주)동양메탈,전라권역,전라남도,도 장,전라남도 장성군 황룡면 강변로 452-13,061-903-5000,종합 재활용업 · 처리방법 재활용,,,14 폐기물처리업체 전국취합
종합재활용,(주)리스텍비즈,전라권역,전라남도,광양시,전남 광양시 금호동 제철로 2148-97 (금호동 859),061-797-2011,종합 재활용업 · 처리방법 재활용,,,14 폐기물처리업체 전국취합
종합재활용,(주)삼우산업-여수,전라권역,전라남도,여수시,전남 여수시 소라면 대곡길 24-3 (복산리),061-692-1601,중간 재활용업 · 처리방법 재활용,,,14 폐기물처리업체 전국취합
종합재활용,(주)세일에너지,전라권역,전라남도,순천시,전남 순천시 별량면 녹색로 126 (세일에너지),061-742-3252,종합 재활용업 · 처리방법 재활용,,,14 폐기물처리업체 전국취합
종합재활용,(주)에스엠유화,전라권역,전라남도,영광군,전남 영광군 군서면 군서로 364-16,061-352-5211,종합 재활용업 · 처리방법 재활용,,,14 폐기물처리업체 전국취합
종합재활용,(주)에이치비에너지,전라권역,전라남도,광양시,전라남도 광양시 장길로 25 (황금동),,폐기물종합재활용업 (여수센터 관할),사업장폐기물 등,기타차량 1대,03 지자체 관할 폐기물·중장비 업체
종합재활용,(주)우리케미칼,전라권역,전라남도,순천시,전남 순천시 해룡면 율촌산단1로 19-62,061-725-5800,종합 재활용업 · 처리방법 재활용,,,14 폐기물처리업체 전국취합
종합재활용,(주)위드에프,전라권역,전라남도,순천시,전남 순천시 서면 순천로 781 (공장),0618110905,종합 재활용업 · 처리방법 재활용,,,14 폐기물처리업체 전국취합
종합재활용,(주)이앤에프,전라권역,전라남도,여수시,전남 여수시 율촌면 율촌산단6로 74 (여동리),061-721-3003,종합 재활용업 · 처리방법 재활용,,,14 폐기물처리업체 전국취합
종합재활용,(주)제철세라믹,전라권역,전라남도,광양시,전남 광양시 태인동 태인3길 80 1659번지,061-791-1850,종합 재활용업 · 처리방법 재활용,,,14 폐기물처리업체 전국취합
종합재활용,(주)지에스디케이,전라권역,전라남도,순천시,"전남 순천시 해룡면 율촌산단2로 23 (신성리, ㈜지에스디케이)",061-740-2782,종합 재활용업 · 처리방법 재활용,,,14 폐기물처리업체 전국취합
종합재활용,(주)케미렉스,전라권역,전라남도,여수시,전남 여수시 율촌면 신풍리 774-5,061-685-9961,중간 재활용업 · 처리방법 재활용,,,14 폐기물처리업체 전국취합
종합재활용,(주)케이아이엔티,전라권역,전라남도,여수시,전남 여수시 여수산단로 812 (중흥동),061-682-1457,종합 재활용업 · 처리방법 재활용,,,14 폐기물처리업체 전국취합
종합재활용,(주)클린랜드,전라권역,전라남도,담양군,전남 담양군 무정면 옻재길 95-64 클린랜드,061-383-5182,중간 재활용업 · 처리방법 재활용,,,14 폐기물처리업체 전국취합
종합재활용,(주)피제이메탈,전라권역,전라남도,광양시,전라남도 광양시 명당2길 42 (태인동),061-792-3155,폐기물종합재활용업 (여수센터 관할),사업장폐기물 등,기계식상차장치부착차량 1대,03 지자체 관할 폐기물·중장비 업체
종합재활용,(주)현대이엔티,전라권역,전라남도,광양시,전라남도 광양시 옥곡면 신금산단2길 38,061-772-7272,폐기물종합재활용업 (여수센터 관할),사업장폐기물 등,암롤트럭 1대,03 지자체 관할 폐기물·중장비 업체
종합재활용,(주)현이네사람들,전라권역,전라남도,광양시,전라남도 광양시 광양읍 직동2길 7,,폐기물중간재활용업 (여수센터 관할),사업장폐기물 등,기타차량 1대,03 지자체 관할 폐기물·중장비 업체
종합재활용,(주)효석,전라권역,전라남도,광양시,전라남도 광양시 제철로 2148-33 (금호동),061-793-7300,폐기물중간재활용업 (여수센터 관할),사업장폐기물 등,덤프트럭 2대,03 지자체 관할 폐기물·중장비 업체
종합재활용,이일산업(주),전라권역,전라남도,여수시,전남 여수시 삼동로 27-9 (주삼동),061-808-2161,종합 재활용업 · 처리방법 재활용,,,14 폐기물처리업체 전국취합
종합재활용,이켐주식회사,전라권역,전라남도,강진군,전남 강진군 성전면 강진산단로2길 104 (명산리),070-7733-5751,종합 재활용업 · 처리방법 재활용,,,14 폐기물처리업체 전국취합
종합재활용,조선내화(주)광양내화원료공장,전라권역,전라남도,광양시,전라남도 광양시 산업로 55 (태인동),061-790-5375,폐기물종합재활용업 (여수센터 관할),사업장폐기물 등,덤프트럭 1대,03 지자체 관할 폐기물·중장비 업체
종합재활용,주식회사 대산이엔지,전라권역,전라남도,나주시,전남 나주시 왕곡면 혁신산단6길 14 (덕산리) 주시회사 대산이엔지,0613338806,중간 재활용업 · 처리방법 재활용,,,14 폐기물처리업체 전국취합
종합재활용,주식회사 에코라임,전라권역,전라남도,광양시,전라남도 광양시 제철로 2148-97 (금호동),061-795-7650,폐기물종합재활용업 (여수센터 관할),사업장폐기물 등,덤프트럭 5대,03 지자체 관할 폐기물·중장비 업체
종합재활용,지더블유아이(주),전라권역,전라남도,영광군,전남 영광군 영광읍 군서로 394,061-352-1666,종합 재활용업 · 처리방법 재활용,,,14 폐기물처리업체 전국취합
종합재활용,지엔티(주),전라권역,전라남도,광양시,전남 광양시 진월면 중산길 68,061-793-9608,중간 재활용업 · 처리방법 재활용,,,14 폐기물처리업체 전국취합
종합재활용,케이씨환경서비스(주)[재활용전문]-월내,전라권역,전라남도,여수시,전남 여수시 진달래길 310-75 (월내동),061-685-4149,종합 재활용업 · 처리방법 재활용,,,14 폐기물처리업체 전국취합
종합재활용,(유)에코,전라권역,전북특별자치도,군산시,전북 군산시 서수면 상장곤윗길 58 ((유)에코),063-451-0192,종합 재활용업 · 처리방법 재활용,,,14 폐기물처리업체 전국취합
종합재활용,(주)골든리버,전라권역,전북특별자치도,군산시,전북 군산시 군산산단1길 50 (비응도동),063-467-3807,종합 재활용업 · 처리방법 재활용,,,14 폐기물처리업체 전국취합
종합재활용,(주)광진,전라권역,전북특별자치도,익산시,전북 익산시 왕궁면 쌍제1길 83 (쌍제리),063-291-6312,종합 재활용업 · 처리방법 재활용,,,14 폐기물처리업체 전국취합
종합재활용,(주)교우산업 군산지점,전라권역,전북특별자치도,군산시,전북 군산시 소룡동 1650-2,063-467-8667,종합 재활용업 · 처리방법 재활용,,,14 폐기물처리업체 전국취합
종합재활용,(주)국제,전라권역,전북특별자치도,정읍시,전북 정읍시 북면 3산단3길 107 (태곡리),063-536-1501,종합 재활용업 · 처리방법 재활용,,,14 폐기물처리업체 전국취합
종합재활용,(주)금강-정읍,전라권역,전북특별자치도,정읍시,전북 정읍시 입암면 정읍남로 453 (주)금강,063-538-2131,종합 재활용업 · 처리방법 재활용,,,14 폐기물처리업체 전국취합
종합재활용,(주)단석산업 군산1공장,전라권역,전북특별자치도,군산시,전북 군산시 소룡동 1582-13,063-464-3541,종합 재활용업 · 처리방법 재활용,,,14 폐기물처리업체 전국취합
종합재활용,(주)리엔켐,전라권역,전북특별자치도,정읍시,전북 정읍시 덕천면 신월리 219,063-535-7956,종합 재활용업 · 처리방법 재활용,,,14 폐기물처리업체 전국취합
종합재활용,(주)서해페트로,전라권역,전북특별자치도,정읍시,전북 정읍시 북면 3산단3길 84 (㈜남산정유),063-536-5301,종합 재활용업 · 처리방법 재활용,,,14 폐기물처리업체 전국취합
종합재활용,(주)세호,전라권역,전북특별자치도,익산시,"전북 익산시 낭산면 미륵사지로 900 (용기리, 세호테크익산공장)",063-858-9961,종합 재활용업 · 처리방법 재활용,,,14 폐기물처리업체 전국취합
종합재활용,(주)씨에스캠,전라권역,전북특별자치도,정읍시,전북 정읍시 입암면 정읍남로 391-3 (주)씨에스캠,063-531-5557,종합 재활용업 · 처리방법 재활용,,,14 폐기물처리업체 전국취합
종합재활용,(주)에스제이켐,전라권역,전북특별자치도,익산시,전북 익산시 왕궁면 광암리 577-102,063-836-9454,종합 재활용업 · 처리방법 재활용,,,14 폐기물처리업체 전국취합
종합재활용,(주)우기화학,전라권역,전북특별자치도,군산시,전북 군산시 비응도동 30-6,063-464-8086,종합 재활용업 · 처리방법 재활용,,,14 폐기물처리업체 전국취합
종합재활용,(주)유광드럼,전라권역,전북특별자치도,익산시,"전북 익산시 석암로1길 149 (팔봉동,(주)유광드림)",063-838-0123,종합 재활용업 · 처리방법 재활용,,,14 폐기물처리업체 전국취합
종합재활용,(주)지티산업,전라권역,전북특별자치도,김제시,전북 김제시 백산면 대동공단2길 34-50 (수록리 968),063-544-9114,종합 재활용업 · 처리방법 재활용,,,14 폐기물처리업체 전국취합
종합재활용,(주)한농화성,전라권역,전북특별자치도,군산시,"전북 군산시 외항1길 24 (소룡동, 한농화성)",063-462-2455,종합 재활용업 · 처리방법 재활용,,,14 폐기물처리업체 전국취합
종합재활용,동우화인켐(주),전라권역,전북특별자치도,익산시,"전북 익산시 신흥동 약촌로 132 (신흥동,동우반도체약품(주))",063-839-2759,종합 재활용업 · 처리방법 재활용,,,14 폐기물처리업체 전국취합
종합재활용,성일하이메탈(주),전라권역,전북특별자치도,군산시,전북 군산시 군산산단로 143-15 (비응도동),063-462-0162,종합 재활용업 · 처리방법 재활용,,,14 폐기물처리업체 전국취합
종합재활용,성일하이텍(주),전라권역,전북특별자치도,군산시,"전북 군산시 군산산단로 143-12 (비응도동, 성일하이텍주식회사)",063-440-4732,종합 재활용업 · 처리방법 재활용,,,14 폐기물처리업체 전국취합
종합재활용,에이블산업(주),전라권역,전북특별자치도,정읍시,전북 정읍시 2산단7길 40 (하북동),0637142141,종합 재활용업 · 처리방법 재활용,,,14 폐기물처리업체 전국취합
종합재활용,효성케이디,전라권역,전북특별자치도,정읍시,전북 정읍시 태인면 태흥리 553-9,063-226-2222,종합 재활용업 · 처리방법 재활용,,,14 폐기물처리업체 전국취합
종합재활용,대림자원,전라권역,제주특별자치도,제주시,제주 제주시 애월읍 고성리 742,064-747-2487,중간 재활용업 · 처리방법 재활용,,,14 폐기물처리업체 전국취합
종합재활용,유성에너지(주),전라권역,제주특별자치도,제주시,제주 제주시 선반로8길 5 (화북일동) 선반로8길5-2,064-782-8936,중간 재활용업 · 처리방법 재활용,,,14 폐기물처리업체 전국취합
종합재활용,(주)동양이앤씨,충청권역,대전광역시,대덕구,대전 대덕구 대화로52번안길 18 (대화동),042-633-5022,종합 재활용업 · 처리방법 재활용,,,14 폐기물처리업체 전국취합
종합재활용,대전공업사,충청권역,대전광역시,대덕구,대전 대덕구 읍내동 486,042-634-3391,중간 재활용업 · 처리방법 재활용,,,14 폐기물처리업체 전국취합
종합재활용,보림산업,충청권역,대전광역시,대덕구,대전 대덕구 평촌동 274-1,042-933-8900,종합 재활용업 · 처리방법 재활용,,,14 폐기물처리업체 전국취합
종합재활용,유니온정유(주),충청권역,대전광역시,대덕구,대전 대덕구 평촌동 148-1,042-933-0025,종합 재활용업 · 처리방법 재활용,,,14 폐기물처리업체 전국취합
종합재활용,한진트랜스,충청권역,대전광역시,동구,대전 동구 동부로 199 (용운동),042-284-8899,중간 재활용업 · 처리방법 재활용,,,14 폐기물처리업체 전국취합
종합재활용,(주)경동산업,충청권역,세종특별자치시,별자치,세종 청원군 부강면 금호황성골길 10-40 (주)경동산업,044-277-6277,종합 재활용업 · 처리방법 재활용,,,14 폐기물처리업체 전국취합
종합재활용,(주)이원켐텍,충청권역,세종특별자치시,전의면,세종 전의면 산단길 21-142 (주)이원켐텍,044-868-2175,종합 재활용업 · 처리방법 재활용,,,14 폐기물처리업체 전국취합
종합재활용,금강리싸이클링,충청권역,세종특별자치시,별자치,세종 청원군 부강면 시목부강로 453 금강리싸이클링,044-277-6684,중간 재활용업 · 처리방법 재활용,,,14 폐기물처리업체 전국취합
종합재활용,(주)광진화학 당진지점,충청권역,충청남도,당진시,충남 당진시 석문면 산단3로 8길 29-13,041-356-0216,종합 재활용업 · 처리방법 재활용,,,14 폐기물처리업체 전국취합
종합재활용,(주)동명케미칼,충청권역,충청남도,천안시,충남 천안시 동남구 성남면 5산단2로 36,041-557-3395,종합 재활용업 · 처리방법 재활용,,,14 폐기물처리업체 전국취합
종합재활용,(주)백제금속,충청권역,충청남도,공주시,충남 공주시 유구읍 유구외곽로 39 (녹천리),041-841-9955,종합 재활용업 · 처리방법 재활용,,,14 폐기물처리업체 전국취합
종합재활용,(주)세명테크,충청권역,충청남도,아산시,충남 아산시 둔포면 장영실로 922-5번지 (신남리 624-3),041-532-3707,종합 재활용업 · 처리방법 재활용,,,14 폐기물처리업체 전국취합
종합재활용,(주)신암정유,충청권역,충청남도,예산군,충남 예산군 신암면 용산로 82-8 (주)신암정유,041-331-5140,종합 재활용업 · 처리방법 재활용,,,14 폐기물처리업체 전국취합
종합재활용,(주)이엠테크,충청권역,충청남도,서산시,충남 서산시 대산읍 독곶1로 36-21,041-667-5800,종합 재활용업 · 처리방법 재활용,,,14 폐기물처리업체 전국취합
종합재활용,(주)이한산업,충청권역,충청남도,천안시,충남 천안시 동남구 성남면 성남로 417,041-553-2544,종합 재활용업 · 처리방법 재활용,,,14 폐기물처리업체 전국취합
종합재활용,(주)제이에이치리테크,충청권역,충청남도,예산군,충남 예산군 대술면 대술로 699-1 (화산리),041-333-9415,중간 재활용업 · 처리방법 재활용,,,14 폐기물처리업체 전국취합
종합재활용,(주)태성공영,충청권역,충청남도,논산시,충남 논산시 상월면 상월로 216-20,042-633-7520,종합 재활용업 · 처리방법 재활용,,,14 폐기물처리업체 전국취합
종합재활용,(주)태원 천안공장,충청권역,충청남도,천안시,충남 천안시 동남구 성남면 5산단2로 81,041-551-1357,종합 재활용업 · 처리방법 재활용,,,14 폐기물처리업체 전국취합
종합재활용,(주)태원천안2공장,충청권역,충청남도,천안시,충남 천안시 동남구 성남면 대화리 369-1,041-562-1358,종합 재활용업 · 처리방법 재활용,,,14 폐기물처리업체 전국취합
종합재활용,(주)토리컴,충청권역,충청남도,아산시,충남 아산시 둔포면 아산밸리동로 78,041-537-6031,종합 재활용업 · 처리방법 재활용 / 폐기물 최종처리업체 (서산센터 관할),"오니류, 폐촉매, 폐합성섬유, 폐전지 등",밀폐식차량 3대대,03 지자체 관할 폐기물·중장비 업체 / 14 폐기물처리업체 전국취합
종합재활용,(주)한민,충청권역,충청남도,아산시,충남 아산시 둔포면 해위안길 82-10,041-532-8195,종합 재활용업 · 처리방법 재활용,,,14 폐기물처리업체 전국취합
종합재활용,넥스테크(주) 당진공장,충청권역,충청남도,당진시,충남 당진시 석문면 산단3로8길 45-24 (통정리)1522번지,041-354-6622,종합 재활용업 · 처리방법 재활용,,,14 폐기물처리업체 전국취합
종합재활용,대덕정유(주)복수사업소,충청권역,충청남도,금산군,"충남 금산군 복수면 다복로 537-34 (용진리, 대덕정유(주)복수사업소)",041-753-1301,종합 재활용업 · 처리방법 재활용,,,14 폐기물처리업체 전국취합
종합재활용,램테크놀러지(주),충청권역,충청남도,금산군,충남 금산군 군북면 군북로 1056 (램테크놀러지(주)),0417546470,종합 재활용업 · 처리방법 재활용,,,14 폐기물처리업체 전국취합
종합재활용,미주엔비켐(주) 석문,충청권역,충청남도,당진시,충남 당진시 석문면 통정리 1594,041-355-3558,종합 재활용업 · 처리방법 재활용,,,14 폐기물처리업체 전국취합
종합재활용,바이켐(주),충청권역,충청남도,예산군,충남 예산군 삽교읍 산단2길 53 효림리520,041-404-1800,종합 재활용업 · 처리방법 재활용,,,14 폐기물처리업체 전국취합
종합재활용,사회복지법인 미래재단,충청권역,충청남도,금산군,충남 금산군 진산면 태고사로 150 (동일계전(주)),041-754-6301,중간 재활용업 · 처리방법 재활용,,,14 폐기물처리업체 전국취합
종합재활용,사회복지법인 한국노인생활지원재단 재활용사업단,충청권역,충청남도,공주시,충남 공주시 탄천면 차돌배기길 72-8,041-881-0102,중간 재활용업 · 처리방법 재활용,,,14 폐기물처리업체 전국취합
종합재활용,삼지금속공업(주) 예당공장,충청권역,충청남도,예산군,"충남 예산군 고덕면 오추리 825, 삼지금속공업(주)",041-337-3933,종합 재활용업 · 처리방법 재활용,,,14 폐기물처리업체 전국취합
종합재활용,서남환경에너지(주)대산공장,충청권역,충청남도,서산시,충남 서산시 대산읍 독곶2로 96-78 서남환경에너지(주)대산공장,041-665-9140,종합 재활용업 · 처리방법 재활용,,,14 폐기물처리업체 전국취합
종합재활용,성일금속,충청권역,충청남도,천안시,충남 천안시 서북구 차암동 37번지,041-621-7721,중간 재활용업 · 처리방법 재활용,,,14 폐기물처리업체 전국취합
종합재활용,시온텍논산공장,충청권역,충청남도,논산시,충남 논산시 연무읍 동산리 978번지,041-742-0401,종합 재활용업 · 처리방법 재활용,,,14 폐기물처리업체 전국취합
종합재활용,씨피켐 (주)2공장,충청권역,충청남도,당진시,"충남 당진시 송산면 동곡로 155-66 (동곡리, (주)씨피켐2공장)",041-358-9100,종합 재활용업 · 처리방법 재활용,,,14 폐기물처리업체 전국취합
종합재활용,아이피에이산업주식회사 대산공장,충청권역,충청남도,서산시,충남 서산시 대산읍 죽엽로 370 (대죽리),0416655901,종합 재활용업 · 처리방법 재활용,,,14 폐기물처리업체 전국취합
종합재활용,유니메드제약(주)(의료),충청권역,충청남도,아산시,충남 아산시 실옥로 110-27 (실옥동),041-537-5441,종합 재활용업 · 처리방법 재활용,,,14 폐기물처리업체 전국취합
종합재활용,주식회사 삼주 당진공장,충청권역,충청남도,당진시,충남 당진시 송산면 동곡로 195 (동곡리),041-970-6282,종합 재활용업 · 처리방법 재활용,,,14 폐기물처리업체 전국취합
종합재활용,주식회사 연송,충청권역,충청남도,천안시,충남 천안시 서북구 백석공단1로 97-14 (백석동),041-566-5581,종합 재활용업 · 처리방법 재활용,,,14 폐기물처리업체 전국취합
종합재활용,충청화학에너지(주),충청권역,충청남도,논산시,충남 논산시 가야곡면 동안로 1274-10 충청화학에너지(주),041-742-5182,종합 재활용업 · 처리방법 재활용,,,14 폐기물처리업체 전국취합
종합재활용,티알에스 주식회사,충청권역,충청남도,천안시,충남 천안시 동남구 성남면 용원1길 10,041-584-1222,종합 재활용업 · 처리방법 재활용,,,14 폐기물처리업체 전국취합
종합재활용,한양산업개발(주),충청권역,충청남도,천안시,충남 천안시 동남구 북면 양곡1길 73,041-553-3797,종합 재활용업 · 처리방법 재활용,,,14 폐기물처리업체 전국취합
종합재활용,(사)청주산업단지관리공단,충청권역,충청북도,청주시,"충북 청주시 흥덕구 산단로 186 (봉명동, 동명종합건설)",043-266-0912,종합 재활용업 · 처리방법 재활용,,,14 폐기물처리업체 전국취합
종합재활용,(주)광메탈,충청권역,충청북도,음성군,충북 음성군 생극면 관성리 5-1,043-877-8871,중간 재활용업 · 처리방법 재활용,,,14 폐기물처리업체 전국취합
종합재활용,(주)광메탈 제2공장,충청권역,충청북도,음성군,충북 음성군 원남면 상노리 751-4 (주)광메탈제2공장,043-750-8871,최종 재활용업 · 처리방법 재활용,,,14 폐기물처리업체 전국취합
종합재활용,(주)녹십자웰빙,충청권역,충청북도,음성군,충북 음성군 금왕읍 내송리 156-50,043-879-2958,종합 재활용업 · 처리방법 재활용,,,14 폐기물처리업체 전국취합
종합재활용,(주)미래리서스,충청권역,충청북도,옥천군,"충북 옥천군 청산면 만월로 175 (만월리, 미래리서스공장)",043-733-7228,중간 재활용업 · 처리방법 재활용,,,14 폐기물처리업체 전국취합
종합재활용,(주)세송유화텍,충청권역,충청북도,진천군,충북 진천군 덕산면 신척리 425-31,043-536-1500,종합 재활용업 · 처리방법 재활용,,,14 폐기물처리업체 전국취합
종합재활용,(주)세원산업,충청권역,충청북도,청주시,충북 청주시 흥덕구 옥산면 국사리 1079,07050997075,종합 재활용업 · 처리방법 재활용,,,14 폐기물처리업체 전국취합
종합재활용,(주)에코코리아,충청권역,충청북도,진천군,충북 진천군 덕산면 용몽리 694,043-537-5551,중간 재활용업 · 처리방법 재활용,,,14 폐기물처리업체 전국취합
종합재활용,(주)영화,충청권역,충청북도,진천군,충북 진천군 덕산면 한천리 5-4,043-537-9986,종합 재활용업 · 처리방법 재활용,,,14 폐기물처리업체 전국취합
종합재활용,(주)원테크,충청권역,충청북도,진천군,충북 진천군 광혜원면 죽현길 103 ((주)원테크),043-536-8226,종합 재활용업 · 처리방법 재활용,,,14 폐기물처리업체 전국취합
종합재활용,(주)유진유포리아,충청권역,충청북도,청주시,충북 청주시 청원구 북이면 용계내추로 436-24 .,043-212-4936,종합 재활용업 · 처리방법 재활용,,,14 폐기물처리업체 전국취합
종합재활용,(주)인코케미컬,충청권역,충청북도,청주시,충북 청주시 흥덕구 강내면 황탄리길 130,043-231-3637,종합 재활용업 · 처리방법 재활용,,,14 폐기물처리업체 전국취합
종합재활용,(주)지알엠(국내),충청권역,충청북도,단양군,충북 단양군 매포읍 매포농공단지로 260 (상괴리203),043-767-4080,종합 재활용업 · 처리방법 재활용,,,14 폐기물처리업체 전국취합
종합재활용,(주)케이엠,충청권역,충청북도,제천시,충북 제천시 내토로 1107 (고암동),043-642-9747,종합 재활용업 · 처리방법 재활용,,,14 폐기물처리업체 전국취합
종합재활용,(주)티에스케이프리텍,충청권역,충청북도,진천군,충북 진천군 초평면 오갑리 86번지,043-532-8191,종합 재활용업 · 처리방법 재활용,,,14 폐기물처리업체 전국취합
종합재활용,대한민국고엽제전우회유류사업소,충청권역,충청북도,진천군,충북 진천군 이월면 중미로 434-28 대한민국고엽제전우회유류사업소,043-536-7161,종합 재활용업 · 처리방법 재활용,,,14 폐기물처리업체 전국취합
종합재활용,대한민국상이군경회 청주사업소(지정),충청권역,충청북도,청주시,충북 청주시 서원구 현도면 우록리 397-2,043-263-8491,종합 재활용업 · 처리방법 재활용,,,14 폐기물처리업체 전국취합
종합재활용,미지산업(주)진천공장,충청권역,충청북도,진천군,충북 진천군 이월면 수청길 153 미지산업(주),0435357361,종합 재활용업 · 처리방법 재활용,,,14 폐기물처리업체 전국취합
종합재활용,신성켐오일(주),충청권역,충청북도,진천군,충북 진천군 진천읍 송두4길 72-12 (신성켐오일(주)),043-533-7833,종합 재활용업 · 처리방법 재활용,,,14 폐기물처리업체 전국취합
종합재활용,영남기업,충청권역,충청북도,청주시,충북 청주시 흥덕구 강내면 황탄리길 85-45 영남기업,043-231-6991,종합 재활용업 · 처리방법 재활용,,,14 폐기물처리업체 전국취합
종합재활용,주식회사 그린코어,충청권역,충청북도,음성군,충북 음성군 생극면 송곡길48번길 42-6 주식회사 그린코어,070-4128-7970,중간 재활용업 · 처리방법 재활용,,,14 폐기물처리업체 전국취합
종합재활용,주식회사 티에스케이프리텍 2공장,충청권역,충청북도,진천군,충북 진천군 초평면 초금로 160 주식회사 티에스케이프리텍 2공장,043-753-7000,종합 재활용업 · 처리방법 재활용,,,14 폐기물처리업체 전국취합
종합재활용,진솔화학(주),충청권역,충청북도,진천군,충북 진천군 문백면 평산리 503-2,043-532-8131,종합 재활용업 · 처리방법 재활용,,,14 폐기물처리업체 전국취합
종합재활용,케이디페트로주식회사,충청권역,충청북도,진천군,"충북 진천군 이월면 은행정2길 122 (사곡리, (주)케이디페트로)",043-533-5145,종합 재활용업 · 처리방법 재활용,,,14 폐기물처리업체 전국취합
종합재활용,하나트랜스,충청권역,충청북도,옥천군,충북 옥천군 청산면 효목리 617-2번지,043-731-4425,중간 재활용업 · 처리방법 재활용,,,14 폐기물처리업체 전국취합
종합재활용,향우실업(주) 음성1,충청권역,충청북도,음성군,충북 음성군 생극면 오신로 398 (생리),043-882-8382,종합 재활용업 · 처리방법 재활용,,,14 폐기물처리업체 전국취합
종합재활용,현대산업(주),충청권역,충청북도,진천군,충북 진천군 진천읍 송두4길 47-8 (현대산업),043-536-2207,종합 재활용업 · 처리방법 재활용,,,14 폐기물처리업체 전국취합
종합재활용,협동산업(주)진천공장,충청권역,충청북도,진천군,충북 진천군 이월면 신월리 398-21,043-534-6241,종합 재활용업 · 처리방법 재활용,,,14 폐기물처리업체 전국취합
최종처분(매립),에코시스템(주),경상권역,경상남도,창원시,경남 창원시 성산구 적현로279번길 167,055-210-3936,최종처분업 · 처리방법 매립 · 낙동강유역환경청,,,14 폐기물처리업체 전국취합
최종처분(매립),(주)양원이엔지,경상권역,경상북도,고령군,경북 고령군 성산면 동고령산단2길 77,054-956-7250,최종처분업 · 처리방법 매립 · 대구지방환경청 / 최종처분 (대구지방환경청),폐기물관리법 시행령〔별표1〕에 규정된 지정폐기물 중 매립가능 지정폐기물,,13 지정폐기물 처리업체(대구청) / 14 폐기물처리업체 전국취합
최종처분(매립),(주)와이에스텍,경상권역,경상북도,경주시,경북 경주시 강동면 강동산단로1길 82,054-705-5805,최종처분업 · 처리방법 매립 · 대구지방환경청,,,14 폐기물처리업체 전국취합
최종처분(매립),(주)이앤컴퍼니 구미지점,경상권역,경상북도,구미시,경북 구미시 산동읍 송백로 396,054-714-3115,최종처분업 · 처리방법 매립 · 대구지방환경청,,,14 폐기물처리업체 전국취합
최종처분(매립),(주)제넨바이오 경주지점-지정,경상권역,경상북도,경주시,경북 경주시 건천읍 용명공단길 173-160,054-751-6688,최종처분업 · 처리방법 매립 · 대구지방환경청,,,14 폐기물처리업체 전국취합
최종처분(매립),(주)지엠이앤씨,경상권역,경상북도,성주군,경북 성주군 성주읍 성주산업단지로1길 102,054-933-9611,최종처분업 · 처리방법 매립 · 대구지방환경청 / 최종처분 (대구지방환경청),지정폐기물,,13 지정폐기물 처리업체(대구청) / 14 폐기물처리업체 전국취합
최종처분(매립),(주)포항그린(구.(주)그린바이로),경상권역,경상북도,포항시,경북 포항시 남구 대송면 송덕로 188(옥명리),054-277-8288,최종처분 (대구지방환경청),폐기물관리법 시행령〔별표1〕에 규정된 지정폐기물 중 매립가능 지정폐기물,,13 지정폐기물 처리업체(대구청)
최종처분(매립),㈜구미그린(구.(주)에코이앤이),경상권역,경상북도,구미시,경북 구미시 4공단로 10길 56(금전동),054-715-5563,최종처분 (대구지방환경청),지정폐기물,,13 지정폐기물 처리업체(대구청)
최종처분(매립),"㈜그린밸리 구미지점(구.㈜이앤컴퍼니 구미지점, (주)케이엠그린 구미지점)",경상권역,경상북도,구미시,경북 구미시 산동면 송백로 398-90,054-476-8816,최종처분 (대구지방환경청),지정폐기물,,13 지정폐기물 처리업체(대구청)
최종처분(매립),"㈜에코랜드[구. ㈜제넨바이오경주지점, 구. ㈜케이디네이쳐엔바이오 경주지점(구. ㈜태양씨앤엘(구.㈜공감이앤티))]",경상권역,경상북도,경주시,경북 경주시 건천읍 용명공단길 173-160,054-751-6688,최종처분 (대구지방환경청),폐기물관리법 시행령〔별표1〕에 규정된 지정폐기물 중 매립가능 지정폐기물,,13 지정폐기물 처리업체(대구청)
최종처분(매립),리뉴랜드경주 주식회사(구.(주)와이에스텍),경상권역,경상북도,경주시,경북 경주시 강동면 강동산단로 1길 94-14,054-705-5800,최종처분 (대구지방환경청),지정폐기물,,13 지정폐기물 처리업체(대구청)
최종처분(매립),에코시스템(주) 포항,경상권역,경상북도,포항시,경북 포항시 남구 대송면 송덕로 188,054-277-8288,최종처분업 · 처리방법 매립 · 대구지방환경청,,,14 폐기물처리업체 전국취합
최종처분(매립),에코시스템(주)구미,경상권역,경상북도,구미시,경북 구미시 4공단로10길 56,054-476-5543,최종처분업 · 처리방법 매립 · 대구지방환경청,,,14 폐기물처리업체 전국취합
최종처분(매립),(주)유니큰,경상권역,울산광역시,남구,울산 남구 용잠동529-27,052-229-0600,최종처분업 · 처리방법 매립 · 낙동강유역환경청,,,14 폐기물처리업체 전국취합
최종처분(매립),(주)이에스티,경상권역,울산광역시,울주군,울산 울주군 온산읍 당월리248,052-238-8721,최종처분업 · 처리방법 매립 · 낙동강유역환경청,,,14 폐기물처리업체 전국취합
최종처분(매립),(주)진흥중공업(소각매립),수도권,경기도,화성시,경기도 화성시 향남읍 구문천리 929-15,031-8059-2233,최종처분업 · 처리방법 매립 · 한강유역환경청,,,14 폐기물처리업체 전국취합
최종처분(매립),인선이엔티(주)광양,전라권역,전라남도,광양시,전남 광양시 제철로 2412,061-797-1516,최종처분업 · 처리방법 매립 · 영산강유역환경청,,,14 폐기물처리업체 전국취합
최종처분(매립),케이씨환경서비스(주)여수사업부(최종)-화치,전라권역,전라남도,여수시,전남 여수시 산단중앙로 30-36,061-685-4149,최종처분업 · 처리방법 매립 · 영산강유역환경청,,,14 폐기물처리업체 전국취합
최종처분(매립),한맥테코산업(주)-여수,전라권역,전라남도,여수시,전남 여수시 율촌면 율촌산단1로 219,061-683-1815,최종처분업 · 처리방법 매립 · 영산강유역환경청,,,14 폐기물처리업체 전국취합
최종처분(매립),(주)케이비아이국인산업(군산),전라권역,전북특별자치도,군산시,전북 군산시 외항로 1270,063-464-6075,최종처분업 · 처리방법 매립 · 전북지방환경청,,,14 폐기물처리업체 전국취합
최종처분(매립),(주)보림씨에스,충청권역,충청남도,보령시,충남 보령시 웅천읍 대창증산로 166,041-932-2323,최종처분업 · 처리방법 매립 · 금강유역환경청,,,14 폐기물처리업체 전국취합
최종처분(매립),(주)세창이엔텍아산지점,충청권역,충청남도,아산시,충남 아산시 둔포면 아산밸리북로 155,041-548-0681,최종처분업 · 처리방법 매립 · 금강유역환경청,,,14 폐기물처리업체 전국취합
최종처분(매립),광운씨엔에스㈜,충청권역,충청남도,보령시,충청남도 보령시 천북면 홍보로 664-27,041-641-1915,폐기물 최종처리업체 (서산센터 관할),"폐흡착제, 폐활성탄",덤프트럭 2대대,03 지자체 관할 폐기물·중장비 업체
최종처분(매립),(주)에코비트 그린 충주,충청권역,충청북도,충주시,충북 충주시 대소원면 영평리750(메가폴리스 3로 95),070-4112-9000,최종처분업 · 처리방법 매립 · 원주지방환경청,,,14 폐기물처리업체 전국취합
최종처분(매립),아세아테크(주),충청권역,충청북도,충주시,충청북도 충주시 대소원면 첨단산업1로 279,043-844-6767,최종처분업 · 처리방법 매립 · 원주지방환경청 / 폐기물 최종처리업체 (충주센터 관할),"오니, 폐흡수제 및 폐흡착제, 광재, 폐주물사, 샌드블라스트 폐사, 폐내화물,도자기조각, 안정화·고형화처리물, 폐촉매, 분진, 소각재, 폐유(타르·피치류), 폐석면",굴삭기 1대대,03 지자체 관할 폐기물·중장비 업체 / 14 폐기물처리업체 전국취합
중장비,(사)건설기계 개별연명 사업자 협회 경북의성지회,,,,,,중장비 업체 (구미센터 관할),,,03 지자체 관할 폐기물·중장비 업체
중장비,(유)거도화물중기,,,,장항읍 장항로179번길 18,041-956-2233,중장비 업체 (서산센터 관할),,,03 지자체 관할 폐기물·중장비 업체
중장비,(주)서은산업개발,,,,종천면 화산리 308번지,041-953-7381,중장비 업체 (서산센터 관할),,,03 지자체 관할 폐기물·중장비 업체
중장비,(주)신한종합중기,,,,서천읍 충절로121번길 8,041-952-3920,중장비 업체 (서산센터 관할),,,03 지자체 관할 폐기물·중장비 업체
중장비,동백상운(주),,,,서면 서인로716번길 4,041-953-4700,중장비 업체 (서산센터 관할),,,03 지자체 관할 폐기물·중장비 업체
중장비,순천건설기계연합회,,,,-,061-723-3666,중장비 협회 (여수센터 관할),,크레인 300대대,03 지자체 관할 폐기물·중장비 업체
중장비,영일건기(주),,,,서천읍 서문로 32,041-953-7874,중장비 업체 (서산센터 관할),,,03 지자체 관할 폐기물·중장비 업체
중장비,유인환경중기 주식회사,,,,서면 서인로131번길 55,041-952-8850,중장비 업체 (서산센터 관할),,,03 지자체 관할 폐기물·중장비 업체
중장비,장항크레인,,,,서천읍 서천로 223,041-956-3392,중장비 업체 (서산센터 관할),,,03 지자체 관할 폐기물·중장비 업체
중장비,차령중기(주),,,,"서천읍 서천로 223, (2층)",041-952-6987,중장비 업체 (서산센터 관할),,,03 지자체 관할 폐기물·중장비 업체
중장비,크레인코웍,,,,서천읍 충절로121번길 8,041-952-3920,중장비 업체 (서산센터 관할),,,03 지자체 관할 폐기물·중장비 업체
중장비,평화중기(주),,,,서천읍 서문로 32,041-953-4446,중장비 업체 (서산센터 관할),,,03 지자체 관할 폐기물·중장비 업체
중장비,㈜초원환경,경상권역,경상남도,남해군,경상남도 남해군 고현면 남해대로 3243-26,055-864-7460,중장비 업체 (여수센터 관할),,굴삭기 2대대,03 지자체 관할 폐기물·중장비 업체
중장비,㈜한려종합중기,경상권역,경상남도,남해군,"경상남도 남해군 남해읍 화전로 154, 101동 203호",055-864-5105,중장비 업체 (여수센터 관할),,덤프트럭 15대대,03 지자체 관할 폐기물·중장비 업체
중장비,남해건설협동조합,경상권역,경상남도,남해군,경상남도 남해군 남해읍 남해대로 2981-13,055-863-4563,중장비 업체 (여수센터 관할),,굴삭기 1대대,03 지자체 관할 폐기물·중장비 업체
중장비,삼오토건,경상권역,경상남도,양산시,"경상남도 양산시 물금읍 청운로 354, 401호",055-384-3533,중장비 업체 (울산센터 관할),,,03 지자체 관할 폐기물·중장비 업체
중장비,양산종합건기,경상권역,경상남도,양산시,경상남도 양산시 어실로 152,055-381-4422,중장비 업체 (울산센터 관할),,,03 지자체 관할 폐기물·중장비 업체
중장비,양산토건㈜,경상권역,경상남도,양산시,경상남도 양산시 물금읍 황산로 737,055-365-0606,중장비 업체 (울산센터 관할),,,03 지자체 관할 폐기물·중장비 업체
중장비,우림토건,경상권역,경상남도,양산시,경상남도 양산시 물금읍 목화4길 8-19,055-382-0600,중장비 업체 (울산센터 관할),,,03 지자체 관할 폐기물·중장비 업체
중장비,(주) 미래종합건기,경상권역,경상북도,상주시,경상북도 상주시 외답4길 2,,중장비 업체 (구미센터 관할),,굴착기 109대,03 지자체 관할 폐기물·중장비 업체
중장비,(주) 우일 개발,경상권역,경상북도,상주시,경상북도 상주시 헌신1길 121,,중장비 업체 (구미센터 관할),,굴착기 1대,03 지자체 관할 폐기물·중장비 업체
중장비,(주)가가종합특수,경상권역,경상북도,상주시,"경상북도 상주시 북상주로 26, 1층",,중장비 업체 (구미센터 관할),,굴착기 1대,03 지자체 관할 폐기물·중장비 업체
중장비,(주)강운,경상권역,경상북도,안동시,경상북도 안동시 임하면 충효로 3445,054-852-4170,중장비 업체 (구미센터 관할),-,- -대,03 지자체 관할 폐기물·중장비 업체
중장비,(주)경북건설기계,경상권역,경상북도,안동시,"경상북도 안동시 서후면 귀여리길 32, 101호",,중장비 업체 (구미센터 관할),-,- -대,03 지자체 관할 폐기물·중장비 업체
중장비,(주)낙동골재,경상권역,경상북도,안동시,경상북도 안동시 앙실2길 74-46(옥동),054-858-2881,중장비 업체 (구미센터 관할),-,- -대,03 지자체 관할 폐기물·중장비 업체
중장비,(주)동양중기,경상권역,경상북도,안동시,경상북도 안동시 강남7길 13(정하동),054-852-5995,중장비 업체 (구미센터 관할),-,- -대,03 지자체 관할 폐기물·중장비 업체
중장비,(주)명선,경상권역,경상북도,안동시,경상북도 안동시 운동장길 24(정하동),054-854-5177,중장비 업체 (구미센터 관할),-,- -대,03 지자체 관할 폐기물·중장비 업체
중장비,(주)부성포장중기,경상권역,경상북도,안동시,경상북도 안동시 앙실3길 19-60(수하동),054-858-2471,중장비 업체 (구미센터 관할),-,- -대,03 지자체 관할 폐기물·중장비 업체
중장비,(주)삼백환경,경상권역,경상북도,상주시,경상북도 상주시 선상서로 2389-54,,중장비 업체 (구미센터 관할),,굴착기 1대,03 지자체 관할 폐기물·중장비 업체
중장비,(주)선명포장,경상권역,경상북도,안동시,경상북도 안동시 서후면 학가산온천길 214-13,054-843-8860,중장비 업체 (구미센터 관할),-,- -대,03 지자체 관할 폐기물·중장비 업체
중장비,(주)성광조경,경상권역,경상북도,안동시,"경상북도 안동시 경북대로 679-16, 1층(송현동)",054-842-2013,중장비 업체 (구미센터 관할),-,- -대,03 지자체 관할 폐기물·중장비 업체
중장비,(주)안동건설기계,경상권역,경상북도,안동시,"경상북도 안동시 어가골윗길 10-3, B동 201호 (태화동, 우성상가)",054-841-8000,중장비 업체 (구미센터 관할),-,- -대,03 지자체 관할 폐기물·중장비 업체
중장비,(주)안동운수,경상권역,경상북도,안동시,경상북도 안동시 풍산읍 금당길 2,,중장비 업체 (구미센터 관할),-,- -대,03 지자체 관할 폐기물·중장비 업체
중장비,(주)예일,경상권역,경상북도,상주시,경상북도 상주시 왕산로 246-1,,중장비 업체 (구미센터 관할),,굴착기 1대,03 지자체 관할 폐기물·중장비 업체
중장비,(주)제일건설기계,경상권역,경상북도,안동시,"경상북도 안동시 광명로 212-16, 지하1층 107호 (옥동, 옥동삼성베스트캐슬)",054-853-9660,중장비 업체 (구미센터 관할),-,- -대,03 지자체 관할 폐기물·중장비 업체
중장비,(주)종합건설기계,경상권역,경상북도,안동시,경상북도 안동시 공단로 74(수상동),054-856-8855,중장비 업체 (구미센터 관할),-,- -대,03 지자체 관할 폐기물·중장비 업체
중장비,(주)호경건설,경상권역,경상북도,상주시,경상북도 상주시 함창읍 함령길 94,,중장비 업체 (구미센터 관할),,굴착기 1대,03 지자체 관할 폐기물·중장비 업체
중장비,강산종합건기(주),경상권역,경상북도,상주시,경상북도 상주시 식산로 96,,중장비 업체 (구미센터 관할),,굴착기 90대,03 지자체 관할 폐기물·중장비 업체
중장비,구미종합중기,경상권역,경상북도,구미시,경상북도 구미시 수출대로 340(임수동),,중장비 업체 (구미센터 관할),,굴삭기 등 46대,03 지자체 관할 폐기물·중장비 업체
중장비,금강건설기계(주),경상권역,경상북도,안동시,"경상북도 안동시 육사로 333, 2층 201호 (법흥동, 안동강변펠리시아아파트 상가동)",054-841-8300,중장비 업체 (구미센터 관할),-,- -대,03 지자체 관할 폐기물·중장비 업체
중장비,금오종합중기,경상권역,경상북도,구미시,경상북도 구미시 송정대로143-8(송정동),,중장비 업체 (구미센터 관할),,굴삭기 등 22대,03 지자체 관할 폐기물·중장비 업체
중장비,나미(주),경상권역,경상북도,안동시,"경상북도 안동시 경북대로 418, 비이동 306호 (옥동, 테마프라자)",054-852-2355,중장비 업체 (구미센터 관할),-,- -대,03 지자체 관할 폐기물·중장비 업체
중장비,대길건설기계,경상권역,경상북도,안동시,경상북도 안동시 수상동 780번지 4호,,중장비 업체 (구미센터 관할),-,- -대,03 지자체 관할 폐기물·중장비 업체
중장비,대우종합건기(주),경상권역,경상북도,상주시,경상북도 상주시 식산로 96,,중장비 업체 (구미센터 관할),,굴착기 51대,03 지자체 관할 폐기물·중장비 업체
중장비,대흥스틸산업,경상권역,경상북도,안동시,경상북도 안동시 강남로 10-3(수상동),054-858-8181,중장비 업체 (구미센터 관할),-,- -대,03 지자체 관할 폐기물·중장비 업체
중장비,동안동건설기계,경상권역,경상북도,안동시,경상북도 안동시 임하면 신덕리 1023번지 8호,,중장비 업체 (구미센터 관할),-,- -대,03 지자체 관할 폐기물·중장비 업체
중장비,동우종합중기,경상권역,경상북도,구미시,"경상북도 구미시 백산로 167, 401호(송정동)",,중장비 업체 (구미센터 관할),,굴삭기 등 18대,03 지자체 관할 폐기물·중장비 업체
중장비,미래디자인,경상권역,경상북도,상주시,경상북도 상주시 봉양1길 26,,중장비 업체 (구미센터 관할),,굴착기 1대,03 지자체 관할 폐기물·중장비 업체
중장비,백학중기,경상권역,경상북도,상주시,경상북도 상주시 모서면 백학리 324번지,,중장비 업체 (구미센터 관할),,굴착기 1대,03 지자체 관할 폐기물·중장비 업체
중장비,부강건설(주),경상권역,경상북도,문경시,경상북도 문경시 윤직동2길 34-38(점촌동),054-555-0407,중장비 업체 (구미센터 관할),,굴착기 6대대,03 지자체 관할 폐기물·중장비 업체
중장비,상주대형중기화물(주),경상권역,경상북도,상주시,경상북도 상주시 식산로 96,,중장비 업체 (구미센터 관할),,굴착기 56대,03 지자체 관할 폐기물·중장비 업체
중장비,신건건업,경상권역,경상북도,안동시,경상북도 안동시 남선면 기느리길 226,,중장비 업체 (구미센터 관할),-,- -대,03 지자체 관할 폐기물·중장비 업체
중장비,안동중앙펌프카,경상권역,경상북도,안동시,경상북도 안동시 충효로 4381(정상동),054-843-9797,중장비 업체 (구미센터 관할),-,- -대,03 지자체 관할 폐기물·중장비 업체
중장비,에이스 미니포크레인 미니굴착기 대여,경상권역,경상북도,안동시,경상북도 안동시 숲쟁이1길 1(용상동),,중장비 업체 (구미센터 관할),-,- -대,03 지자체 관할 폐기물·중장비 업체
중장비,여산,경상권역,경상북도,안동시,경상북도 안동시 와룡면 태리 135번지 6호,,중장비 업체 (구미센터 관할),-,- -대,03 지자체 관할 폐기물·중장비 업체
중장비,정림산업,경상권역,경상북도,안동시,경상북도 안동시 송현동 389번지 10호,054-852-6958,중장비 업체 (구미센터 관할),-,- -대,03 지자체 관할 폐기물·중장비 업체
중장비,제이에스건설기계(주),경상권역,경상북도,안동시,"경상북도 안동시 강남14길 76, 1층 에이-102호(정상동)",054-855-3236,중장비 업체 (구미센터 관할),-,- -대,03 지자체 관할 폐기물·중장비 업체
중장비,주식회사 무림이엔씨,경상권역,경상북도,상주시,경상북도 상주시 외답6길 36,,중장비 업체 (구미센터 관할),,굴착기 1대,03 지자체 관할 폐기물·중장비 업체
중장비,주식회사 일도건설,경상권역,경상북도,문경시,경상북도 문경시 점촌역옆길 19-1(점촌동),,중장비 업체 (구미센터 관할),,굴착기 2대대,03 지자체 관할 폐기물·중장비 업체
중장비,참먹거리영농조합,경상권역,경상북도,상주시,경상북도 상주시 내서면 서원리 278번지 5호,,중장비 업체 (구미센터 관할),,굴착기,03 지자체 관할 폐기물·중장비 업체
중장비,청룡중기,경상권역,경상북도,안동시,"경상북도 안동시 제비원로 268-7(안기동, 상가 113호)",,중장비 업체 (구미센터 관할),-,- -대,03 지자체 관할 폐기물·중장비 업체
중장비,케이에스산업,경상권역,경상북도,안동시,경상북도 안동시 풍천면 월애길 178-50,,중장비 업체 (구미센터 관할),-,- -대,03 지자체 관할 폐기물·중장비 업체
중장비,프라콘,경상권역,경상북도,상주시,경상북도 상주시 은척면 우기1길 48-33,,중장비 업체 (구미센터 관할),,굴착기 15대,03 지자체 관할 폐기물·중장비 업체
중장비,효문건기(주),경상권역,경상북도,문경시,경상북도 문경시 시양골길 11(공평동),054-554-1561,중장비 업체 (구미센터 관할),,굴착기 1대대,03 지자체 관할 폐기물·중장비 업체
중장비,(주)군위건설기계,경상권역,대구광역시,군위군,대구광역시 군위군 군위읍 군청로 140,054-383-4466,중장비 업체 (구미센터 관할),,굴삭기(타이어식) 139대,03 지자체 관할 폐기물·중장비 업체
중장비,(주)대인중기,경상권역,대구광역시,군위군,대구광역시 군위군 군위읍 경북대로 3986,054-382-8977,중장비 업체 (구미센터 관할),,굴삭기(타이어식) 76대,03 지자체 관할 폐기물·중장비 업체
중장비,경북현대중기 주식회사,경상권역,대구광역시,군위군,대구광역시 군위군 효령면 하평길 7,053-953-7766,중장비 업체 (구미센터 관할),,굴삭기(타이어식) 50대,03 지자체 관할 폐기물·중장비 업체
중장비,군위중기 주식회사,경상권역,대구광역시,군위군,대구광역시 군위군 소보면 송원3길 35-16,054-383-2501,중장비 업체 (구미센터 관할),,굴삭기(타이어식) 139대,03 지자체 관할 폐기물·중장비 업체
중장비,근아상사,경상권역,대구광역시,군위군,대구광역시 군위군 소보면 서금로 284-10,057-8382-4703,중장비 업체 (구미센터 관할),,굴삭기(무한궤도식) 1대,03 지자체 관할 폐기물·중장비 업체
중장비,대성건설(주),경상권역,대구광역시,군위군,"대구광역시 군위군 군위읍 경북대로 3389, 401호",054-382-8825,중장비 업체 (구미센터 관할),,굴삭기(타이어식) 1대,03 지자체 관할 폐기물·중장비 업체
중장비,대성건업,경상권역,대구광역시,군위군,대구광역시 군위군 군위읍 동서7길 9-13,,중장비 업체 (구미센터 관할),,굴삭기(무한궤도식) 1대,03 지자체 관할 폐기물·중장비 업체
중장비,산동건설(주),경상권역,대구광역시,군위군,대구광역시 군위군 소보면 송원4길 2,054-382-4154,중장비 업체 (구미센터 관할),,굴삭기(무한궤도식) 1대,03 지자체 관할 폐기물·중장비 업체
중장비,평강농업회사법인주식회사,경상권역,대구광역시,군위군,대구광역시 군위군 군위읍 대흥1길 14-45,,중장비 업체 (구미센터 관할),,굴삭기(무한궤도식) 1대,03 지자체 관할 폐기물·중장비 업체
중장비,금강중기㈜,경상권역,울산광역시,남구,울산광역시 남구 두왕동 459-9,,중장비 업체 (울산센터 관할),,,03 지자체 관할 폐기물·중장비 업체
중장비,대영종합중기,경상권역,울산광역시,남구,울산광역시 남구 월평로199번길 14,052-227-9690,중장비 업체 (울산센터 관할),,,03 지자체 관할 폐기물·중장비 업체
중장비,덕성㈜,경상권역,울산광역시,남구,울산광역시 남구 왕생로40번길 26-1,052-269-4928,중장비 업체 (울산센터 관할),,,03 지자체 관할 폐기물·중장비 업체
중장비,동중중기,경상권역,울산광역시,,울산광역시 산 남구 산업로340번길 16,,중장비 업체 (울산센터 관할),,,03 지자체 관할 폐기물·중장비 업체
중장비,오성건설기계(금풍건설기계),경상권역,울산광역시,남구,울산광역시 남구 장생포로 15,,중장비 업체 (울산센터 관할),,,03 지자체 관할 폐기물·중장비 업체
중장비,우진종합중기,경상권역,울산광역시,남구,울산광역시 남구 삼산동 1629-21,052-256-5630,중장비 업체 (울산센터 관할),,,03 지자체 관할 폐기물·중장비 업체
중장비,(유)건진건설기계,전라권역,전북특별자치도,군산시,전북특별자치도 군산시 산북동 394-1번지,063-465-5557,중장비 업체 (익산센터 관할),,굴삭기 12대대,03 지자체 관할 폐기물·중장비 업체
중장비,(유)일동건설중기,전라권역,전북특별자치도,군산시,전북특별자치도 군산시 소룡동 1483-2번지,063-463-9521,중장비 업체 (익산센터 관할),,불도저 1대대,03 지자체 관할 폐기물·중장비 업체
중장비,(유)화신건설기계,전라권역,전북특별자치도,군산시,전북특별자치도 군산시 산북동 3617-8번지,063-468-0804,중장비 업체 (익산센터 관할),,굴삭기 15대대,03 지자체 관할 폐기물·중장비 업체
중장비,진서건설기계(유),전라권역,전북특별자치도,군산시,전북특별자치도 군산시 개정면 아동리 145-5번지,063-452-6984,중장비 업체 (익산센터 관할),,불도저 4대대,03 지자체 관할 폐기물·중장비 업체
중장비,041지게차혜성건설기계,충청권역,충청남도,예산군,충청남도 예산군 예산읍 벚꽃로 147,,중장비 업체 (서산센터 관할),-,굴착기 등 2대대,03 지자체 관할 폐기물·중장비 업체
중장비,금성종합건설,충청권역,충청남도,예산군,충청남도 예산군 예산읍 금오대로 115,,중장비 업체 (서산센터 관할),-,굴착기 등 2대대,03 지자체 관할 폐기물·중장비 업체
중장비,삼일크레인지게차,충청권역,충청남도,태안군,충청남도 태안군 태안읍근흥로 18-3,041-674-8231,중장비 업체 (서산센터 관할),-,크레인 12대,03 지자체 관할 폐기물·중장비 업체
중장비,오천크레인,충청권역,충청남도,태안군,충청남도 태안군 태안읍 서해로 2008,041-674-5996,중장비 업체 (서산센터 관할),-,크레인 5대,03 지자체 관할 폐기물·중장비 업체
중장비,충룡건기㈜,충청권역,충청남도,태안군,충청남도 태안군 소원면 소근로 40,041-674-1345,중장비 업체 (서산센터 관할),-,크레인 2대,03 지자체 관할 폐기물·중장비 업체
중장비,태안중기㈜,충청권역,충청남도,태안군,충청남도 태안군 근흥면 근흥로 823,041-674-2420,중장비 업체 (서산센터 관할),-,크레인 5대,03 지자체 관할 폐기물·중장비 업체
중장비,협신건설기계,충청권역,충청남도,예산군,충청남도 예산군 예산읍 벚꽃로 347,,중장비 업체 (서산센터 관할),-,굴착기 등 2대대,03 지자체 관할 폐기물·중장비 업체
중장비,(주)가교기업,충청권역,충청북도,음성군,충청북도 음성군 삼성면 덕호로 475-18,043-871-3893,중장비 업체 (충주센터 관할),,,03 지자체 관할 폐기물·중장비 업체
중장비,(주)경원테크,충청권역,충청북도,음성군,충청북도 음성군 삼성면 대덕로 63-50,043-871-3893,중장비 업체 (충주센터 관할),,,03 지자체 관할 폐기물·중장비 업체
중장비,(주)나눔엔,충청권역,충청북도,음성군,충청북도 음성군 금왕읍 금율로 173,043-871-3893,중장비 업체 (충주센터 관할),,,03 지자체 관할 폐기물·중장비 업체
중장비,(주)독수리자동차공업사\[D.M\],충청권역,충청북도,음성군,충청북도 음성군 금왕읍 무극로 19-14,043-871-3893,중장비 업체 (충주센터 관할),,,03 지자체 관할 폐기물·중장비 업체
중장비,(주)동광테크,충청권역,충청북도,음성군,충청북도 음성군 생극면 생삼로207번길 81,043-871-3893,중장비 업체 (충주센터 관할),,,03 지자체 관할 폐기물·중장비 업체
중장비,(주)만호타워,충청권역,충청북도,음성군,충청북도 음성군 생극면 생삼로 277,043-871-3893,중장비 업체 (충주센터 관할),,,03 지자체 관할 폐기물·중장비 업체
중장비,(주)산수아이앤씨,충청권역,충청북도,음성군,충청북도 음성군 삼성면 덕호로 518-30,043-871-3893,중장비 업체 (충주센터 관할),,,03 지자체 관할 폐기물·중장비 업체
중장비,(주)삼보건기,충청권역,충청북도,음성군,"충청북도 음성군 음성읍 중앙로 165, 2층",043-871-3893,중장비 업체 (충주센터 관할),,,03 지자체 관할 폐기물·중장비 업체
중장비,(주)삼한,충청권역,충청북도,음성군,충청북도 음성군 생극면 중원대로 792,043-871-3893,중장비 업체 (충주센터 관할),,,03 지자체 관할 폐기물·중장비 업체
중장비,(주)샌드빅서전(부분),충청권역,충청북도,음성군,충청북도 음성군 맹동면 초금로 288,043-871-3893,중장비 업체 (충주센터 관할),,,03 지자체 관할 폐기물·중장비 업체
중장비,(주)성우씨엔엘,충청권역,충청북도,음성군,충청북도 음성군 금왕읍 대금로 1124-13,043-871-3893,중장비 업체 (충주센터 관할),,,03 지자체 관할 폐기물·중장비 업체
중장비,(주)썬타워,충청권역,충청북도,음성군,충청북도 음성군 생극면 능안로 214-21,043-871-3893,중장비 업체 (충주센터 관할),,,03 지자체 관할 폐기물·중장비 업체
중장비,(주)알파원산업,충청권역,충청북도,음성군,충청북도 음성군 감곡면 월정리 168번지,043-871-3893,중장비 업체 (충주센터 관할),,,03 지자체 관할 폐기물·중장비 업체
중장비,(주)야후건기,충청권역,충청북도,음성군,충청북도 음성군 삼성면 대덕로 63-56,043-871-3893,중장비 업체 (충주센터 관할),,,03 지자체 관할 폐기물·중장비 업체
중장비,(주)엘기업,충청권역,충청북도,음성군,충청북도 음성군 원남면 덕정리 396번지 외 7필,043-871-3893,중장비 업체 (충주센터 관할),,,03 지자체 관할 폐기물·중장비 업체
중장비,(주)영광건기,충청권역,충청북도,음성군,충청북도 음성군 대소면 대동로 576,043-871-3893,중장비 업체 (충주센터 관할),,,03 지자체 관할 폐기물·중장비 업체
중장비,(주)와이엔제이제이,충청권역,충청북도,음성군,충청북도 음성군 생극면 능안로 214-21,043-871-3893,중장비 업체 (충주센터 관할),,,03 지자체 관할 폐기물·중장비 업체
중장비,(주)웅진타워,충청권역,충청북도,음성군,충청북도 음성군 대소면 대동로 723-7,043-871-3893,중장비 업체 (충주센터 관할),,,03 지자체 관할 폐기물·중장비 업체
중장비,(주)이봄,충청권역,충청북도,음성군,충청북도 음성군 감곡면 행군이길 59,043-871-3893,중장비 업체 (충주센터 관할),,,03 지자체 관할 폐기물·중장비 업체
중장비,(주)지오산업,충청권역,충청북도,음성군,충청북도 음성군 대소면 대풍리 375번지,043-871-3893,중장비 업체 (충주센터 관할),,,03 지자체 관할 폐기물·중장비 업체
중장비,(주)지타워,충청권역,충청북도,음성군,충청북도 음성군 대소면 대소산단로 117-6,043-871-3893,중장비 업체 (충주센터 관할),,,03 지자체 관할 폐기물·중장비 업체
중장비,(주)진영,충청권역,충청북도,음성군,충청북도 음성군 삼성면 대덕로 63-56,043-871-3893,중장비 업체 (충주센터 관할),,,03 지자체 관할 폐기물·중장비 업체
중장비,(주)진평타워산업,충청권역,충청북도,음성군,충청북도 음성군 생극면 능안로 214-21,043-871-3893,중장비 업체 (충주센터 관할),,,03 지자체 관할 폐기물·중장비 업체
중장비,(주)케이에이치인터내셔널,충청권역,충청북도,음성군,충청북도 음성군 삼성면 덕호로 475-18,043-871-3893,중장비 업체 (충주센터 관할),,,03 지자체 관할 폐기물·중장비 업체
중장비,(주)크레인월드코리아,충청권역,충청북도,음성군,충청북도 음성군 대소면 대동로428번길 71,043-871-3893,중장비 업체 (충주센터 관할),,,03 지자체 관할 폐기물·중장비 업체
중장비,(주)타워랜드,충청권역,충청북도,음성군,충청북도 음성군 대소면 대동로428번길 71,043-871-3893,중장비 업체 (충주센터 관할),,,03 지자체 관할 폐기물·중장비 업체
중장비,(주)태민환경,충청권역,충청북도,음성군,충청북도 음성군 생극면 오신로 394,043-871-3893,중장비 업체 (충주센터 관할),,,03 지자체 관할 폐기물·중장비 업체
중장비,(주)태호건기,충청권역,충청북도,음성군,"충청북도 음성군 맹동면 대하4길 6-10, 813호(밀라움오피스텔)",043-871-3893,중장비 업체 (충주센터 관할),,,03 지자체 관할 폐기물·중장비 업체
중장비,(주)태호산업,충청권역,충청북도,음성군,충청북도 음성군 금왕읍 대금로 1089-4,043-871-3893,중장비 업체 (충주센터 관할),,,03 지자체 관할 폐기물·중장비 업체
중장비,(주)프라임렌탈,충청권역,충청북도,음성군,충청북도 음성군 삼성면 덕호로 127-5,043-871-3893,중장비 업체 (충주센터 관할),,,03 지자체 관할 폐기물·중장비 업체
중장비,(주)헤비타워,충청권역,충청북도,음성군,충청북도 음성군 감곡면 영산안길 9-11,043-871-3893,중장비 업체 (충주센터 관할),,,03 지자체 관할 폐기물·중장비 업체
중장비,(주)혁신자동차공업사,충청권역,충청북도,음성군,충청북도 음성군 금왕읍 진성로 1893,043-871-3893,중장비 업체 (충주센터 관할),,,03 지자체 관할 폐기물·중장비 업체
중장비,(합자)현대건설,충청권역,충청북도,음성군,충청북도 음성군 생극면 일생로 799,043-871-3893,중장비 업체 (충주센터 관할),,,03 지자체 관할 폐기물·중장비 업체
중장비,bk건설,충청권역,충청북도,음성군,"충청북도 음성군 감곡면 감노로 608, 가동",043-871-3893,중장비 업체 (충주센터 관할),,,03 지자체 관할 폐기물·중장비 업체
중장비,감곡연철폐차장,충청권역,충청북도,음성군,충청북도 음성군 감곡면 감노로 289,043-871-3893,중장비 업체 (충주센터 관할),,,03 지자체 관할 폐기물·중장비 업체
중장비,거성산업기계,충청권역,충청북도,음성군,충청북도 음성군 삼성면 대성로547번길 92,043-871-3893,중장비 업체 (충주센터 관할),,,03 지자체 관할 폐기물·중장비 업체
중장비,권순선,충청권역,충청북도,음성군,충청북도 음성군 삼성면 덕정로 159-5,043-871-3893,중장비 업체 (충주센터 관할),,,03 지자체 관할 폐기물·중장비 업체
중장비,권영근,충청권역,충청북도,음성군,충청북도 음성군 금왕읍 신내로 694,043-871-3893,중장비 업체 (충주센터 관할),,,03 지자체 관할 폐기물·중장비 업체
중장비,금오산업(부분),충청권역,충청북도,음성군,충청북도 음성군 생극면 능안로 61,043-871-3893,중장비 업체 (충주센터 관할),,,03 지자체 관할 폐기물·중장비 업체
중장비,기토건설중기,충청권역,충청북도,음성군,충청북도 음성군 생극면 생오로93번길 33,043-871-3893,중장비 업체 (충주센터 관할),,,03 지자체 관할 폐기물·중장비 업체
중장비,김용호(호왕건설기계),충청권역,충청북도,음성군,충청북도 음성군 삼성면 금일로700번길 62,043-871-3893,중장비 업체 (충주센터 관할),,,03 지자체 관할 폐기물·중장비 업체
중장비,김진만,충청권역,충청북도,음성군,충청북도 음성군 음성읍 소여리 410번지 2호 외 1필,043-871-3893,중장비 업체 (충주센터 관할),,,03 지자체 관할 폐기물·중장비 업체
중장비,김희식,충청권역,충청북도,음성군,충청북도 음성군 음성읍 소여리 410번지 2호 외 1필,043-871-3893,중장비 업체 (충주센터 관할),,,03 지자체 관할 폐기물·중장비 업체
중장비,대림엔진,충청권역,충청북도,음성군,충청북도 음성군 감곡면 가곡로 47,043-871-3893,중장비 업체 (충주센터 관할),,,03 지자체 관할 폐기물·중장비 업체
중장비,대민중기,충청권역,충청북도,음성군,충청북도 음성군 음성읍 약현길38번길 4-7,043-871-3893,중장비 업체 (충주센터 관할),,,03 지자체 관할 폐기물·중장비 업체
중장비,대소타이어정비,충청권역,충청북도,음성군,충청북도 음성군 대소면 대금로 199,043-871-3893,중장비 업체 (충주센터 관할),,,03 지자체 관할 폐기물·중장비 업체
중장비,대영공업사,충청권역,충청북도,음성군,충청북도 음성군 금왕읍 덕금로 986,043-871-3893,중장비 업체 (충주센터 관할),,,03 지자체 관할 폐기물·중장비 업체
중장비,대청산업(주),충청권역,충청북도,음성군,충청북도 음성군 생극면 임곡리 373번지,043-871-3893,중장비 업체 (충주센터 관할),,,03 지자체 관할 폐기물·중장비 업체
중장비,동원공업사,충청권역,충청북도,음성군,충청북도 음성군 금왕읍 금일로 619(외 1필지),043-871-3893,중장비 업체 (충주센터 관할),,,03 지자체 관할 폐기물·중장비 업체
중장비,동진공업사,충청권역,충청북도,음성군,충청북도 음성군 음성읍 반기문로 17,043-871-3893,중장비 업체 (충주센터 관할),,,03 지자체 관할 폐기물·중장비 업체
중장비,만능자동차정비(주),충청권역,충청북도,음성군,충청북도 음성군 대소면 대금로 77-7,043-871-3893,중장비 업체 (충주센터 관할),,,03 지자체 관할 폐기물·중장비 업체
중장비,바른1급종합정비공업사,충청권역,충청북도,음성군,충청북도 음성군 금왕읍 신개천로 104,043-871-3893,중장비 업체 (충주센터 관할),,,03 지자체 관할 폐기물·중장비 업체
중장비,박노갑,충청권역,충청북도,음성군,충청북도 음성군 음성읍 설성공원길 7,043-871-3893,중장비 업체 (충주센터 관할),,,03 지자체 관할 폐기물·중장비 업체
중장비,박상희,충청권역,충청북도,음성군,충청북도 음성군 금왕읍 금일로 497,043-871-3893,중장비 업체 (충주센터 관할),,,03 지자체 관할 폐기물·중장비 업체
중장비,보미건설기계(주),충청권역,충청북도,음성군,충청북도 음성군 대소면 한삼로251번길 31-2,043-871-3893,중장비 업체 (충주센터 관할),,,03 지자체 관할 폐기물·중장비 업체
중장비,부경상사,충청권역,충청북도,음성군,충청북도 음성군 금왕읍 무극로 19-3,043-871-3893,중장비 업체 (충주센터 관할),,,03 지자체 관할 폐기물·중장비 업체
중장비,삼성상사,충청권역,충청북도,음성군,충청북도 음성군 음성읍 반기문로 17,043-871-3893,중장비 업체 (충주센터 관할),,,03 지자체 관할 폐기물·중장비 업체
중장비,삼성클라크지게차 충청판매,충청권역,충청북도,음성군,충청북도 음성군 대소면 대금로379번길 66,043-871-3893,중장비 업체 (충주센터 관할),,,03 지자체 관할 폐기물·중장비 업체
중장비,서울자동차종합정비공업사(DM),충청권역,충청북도,음성군,충청북도 음성군 감곡면 북부로 140,043-871-3893,중장비 업체 (충주센터 관할),,,03 지자체 관할 폐기물·중장비 업체
중장비,서훈석,충청권역,충청북도,음성군,충청북도 음성군 음성읍 소여리 410번지 2호,043-871-3893,중장비 업체 (충주센터 관할),,,03 지자체 관할 폐기물·중장비 업체
중장비,소망상사,충청권역,충청북도,음성군,충청북도 음성군 금왕읍 대금로 983,043-871-3893,중장비 업체 (충주센터 관할),,,03 지자체 관할 폐기물·중장비 업체
중장비,신성디젤,충청권역,충청북도,음성군,충청북도 음성군 감곡면 행군이길 61,043-871-3893,중장비 업체 (충주센터 관할),,,03 지자체 관할 폐기물·중장비 업체
중장비,에이치디현대건설기계(주),충청권역,충청북도,음성군,충청북도 음성군 소이면 소이로 313,043-871-3893,중장비 업체 (충주센터 관할),,,03 지자체 관할 폐기물·중장비 업체
중장비,우진건설중기,충청권역,충청북도,음성군,충청북도 음성군 음성읍 문화길 20,043-871-3893,중장비 업체 (충주센터 관할),,,03 지자체 관할 폐기물·중장비 업체
중장비,원당지게차,충청권역,충청북도,음성군,"충청북도 음성군 감곡면 음성로 2194, 1층",043-871-3893,중장비 업체 (충주센터 관할),,,03 지자체 관할 폐기물·중장비 업체
중장비,음성종합자동차공업사\[D.M\],충청권역,충청북도,음성군,충청북도 음성군 삼성면 천평길 99,043-871-3893,중장비 업체 (충주센터 관할),,,03 지자체 관할 폐기물·중장비 업체
중장비,음성폐차장,충청권역,충청북도,음성군,충청북도 음성군 금왕읍 금일로191번길 141,043-871-3893,중장비 업체 (충주센터 관할),,,03 지자체 관할 폐기물·중장비 업체
중장비,전진건설로봇(주),충청권역,충청북도,음성군,충청북도 음성군 금왕읍 초금로 729,043-871-3893,중장비 업체 (충주센터 관할),,,03 지자체 관할 폐기물·중장비 업체
중장비,지성중공업(주),충청권역,충청북도,음성군,충청북도 음성군 대소면 대물로 75-14,043-871-3893,중장비 업체 (충주센터 관할),,,03 지자체 관할 폐기물·중장비 업체
중장비,진희규,충청권역,충청북도,음성군,충청북도 음성군 삼성면 천평리 753번지 1호,043-871-3893,중장비 업체 (충주센터 관할),,,03 지자체 관할 폐기물·중장비 업체
중장비,차평건설기계정비공장\[부분\],충청권역,충청북도,음성군,충청북도 음성군 생극면 음성로 1916,043-871-3893,중장비 업체 (충주센터 관할),,,03 지자체 관할 폐기물·중장비 업체
중장비,충청중기공업사\[부분\],충청권역,충청북도,음성군,충청북도 음성군 음성읍 음성로 477,043-871-3893,중장비 업체 (충주센터 관할),,,03 지자체 관할 폐기물·중장비 업체
중장비,태양중기공업사,충청권역,충청북도,음성군,충청북도 음성군 금왕읍 덕금로 986,043-871-3893,중장비 업체 (충주센터 관할),,,03 지자체 관할 폐기물·중장비 업체
중장비,한국코렌,충청권역,충청북도,음성군,충청북도 음성군 금왕읍 덕금로 740-15,043-871-3893,중장비 업체 (충주센터 관할),,,03 지자체 관할 폐기물·중장비 업체
중장비,현대감곡상용서비스(주),충청권역,충청북도,음성군,충청북도 음성군 감곡면 중간말길16번길 67,043-871-3893,중장비 업체 (충주센터 관할),,,03 지자체 관할 폐기물·중장비 업체
중장비,협동산업(주),충청권역,충청북도,음성군,충청북도 음성군 생극면 생삼로207번길 81,043-871-3893,중장비 업체 (충주센터 관할),,,03 지자체 관할 폐기물·중장비 업체
특수처리,㈜해성화공,강원권역,강원특별자치도,횡성군,강원도 횡성군 우천면 정포로 234,,독성가스 회수 · 냉각정제 처리·회수 전문,암모니아,탱크로리 1대 · 처리용량 25톤,16 전국 독성가스 회수업체
특수처리,㈜동양화학,전라권역,전라남도,영암군,전남 영암군 신북면 갈곡리 38-71,,독성가스 회수 · 친환경 방제시스템 개발업체,"암모니아, 프레온가스류","탱크로리 1대, 트레일러 4대 · 처리용량 탱크로리 4톤 · 트레일러 19톤",16 전국 독성가스 회수업체
기타,양산공공폐수처리시설,경상권역,경상남도,양산시,경상남도 양산시 충렬로 111(교동),055-392-3572,공공폐수처리시설 (울산센터 관할),,,03 지자체 관할 폐기물·중장비 업체
기타,어곡공공폐수처리시설,경상권역,경상남도,양산시,경상남도 양산시 어곡로 50,055-392-3572,공공폐수처리시설 (울산센터 관할),,,03 지자체 관할 폐기물·중장비 업체
기타,(유)대한이엔이,전라권역,전북특별자치도,군산시,전북특별자치도 군산시 옥서북길 276-27,063-451-7111,폐기물 처리업체 (익산센터 관할),"폐석면, 오니류 13종",,03 지자체 관할 폐기물·중장비 업체
기타,(유)제오텍해운,전라권역,전북특별자치도,군산시,전북특별자치도 군산시 외항안길 45,063-442-5189,폐기물 처리업체 (익산센터 관할),폐유기용제,,03 지자체 관할 폐기물·중장비 업체
기타,㈜대림,전라권역,전북특별자치도,군산시,전북특별자치도 군산시 외항로 816,063-468-5455,폐기물 처리업체 (익산센터 관할),폐유 등,,03 지자체 관할 폐기물·중장비 업체
기타,어성환경산업,충청권역,충청남도,태안군,충청남도 태안군 태안읍 귀실길 14,041-666-1957,공공폐수처리시설 (서산센터 관할),탈수슬러지케이크,암롤트럭 1대,03 지자체 관할 폐기물·중장비 업체
