연번,업체명,주소,대표전화,시설분류,취급가스물질,CAS번호,허가량,법정기준일,관할지사
1,(주)MS가스,부산광역시 사상구 가야대로176번길 92 (주)MS가스,0513255501,일반판매,암모니아,7664-41-7,0,19960326,부산광역본부
2,(주)MS가스,부산광역시 사상구 가야대로176번길 92 (주)MS가스,0513255501,일반판매,브롬화수소,10035-10-6,0,19960326,부산광역본부
3,(주)MS가스,부산광역시 사상구 가야대로176번길 92 (주)MS가스,0513255501,일반판매,삼불화붕소,7637-07-2,0,19960326,부산광역본부
4,(주)MS가스,부산광역시 사상구 가야대로176번길 92 (주)MS가스,0513255501,일반판매,브롬화메탄,74-83-9,0,19960326,부산광역본부
5,부산공동어시장 조합공동사업법인,부산광역시 서구 충무대로 202 (남부민동),0512548966,냉동제조,암모니아,7664-41-7,445.8RT,19960701,부산광역본부
6,(주)경해냉장지점,부산광역시 서구 충무대로 166-47 (남부민동),0512548693,냉동제조,암모니아,7664-41-7,358.2RT,19960819,부산광역본부
7,정양산업(주),부산광역시 사하구 원양로 359 (감천동),0512067575,냉동제조,암모니아,7664-41-7,467.67RT,19960614,부산광역본부
8,정현아이스텍(주),부산광역시 사하구 감천항로 250,0512656631,냉동제조,암모니아,7664-41-7,150.01RT,19970408,부산광역본부
9,(주)냉장인터불고,부산광역시 사하구 다대로 359 (장림동),0512614881,냉동제조,암모니아,7664-41-7,123.24RT,19960626,부산광역본부
10,(주)부산해사랑,부산광역시 사하구 을숙도대로 717 (구평동),0517126332,냉동제조,암모니아,7664-41-7,325.9RT,19960509,부산광역본부
11,미광냉동(주),부산광역시 사하구 다대로605번길 5 (다대동),0512639141,냉동제조,암모니아,7664-41-7,306.4RT,19970422,부산광역본부
12,청호냉동(주),부산광역시 사하구 신산로 190,0512026151,냉동제조,암모니아,7664-41-7,140.8RT,19961224,부산광역본부
13,고려수산(주),부산광역시 사하구 원양로 353 (감천동),0512013161,냉동제조,암모니아,7664-41-7,347.7RT,19961115,부산광역본부
14,(주)삼화농수산,부산광역시 사하구 장평로71번길 10 (장림동),0512637331,냉동제조,암모니아,7664-41-7,266.88RT,19970630,부산광역본부
15,동양섬유(주)부산지점,부산광역시 사하구 장림로 304 (장림동),0512618001,냉동제조,암모니아,7664-41-7,140.8RT,19970129,부산광역본부
16,부경웰푸드(주),부산광역시 사하구 장림번영로84번길 21 (장림동),0512617322,냉동제조,암모니아,7664-41-7,72.9RT,19970617,부산광역본부
17,(주)신우농수산 제2공장,부산광역시 사하구 다대동로6번길 21,0512634913,냉동제조,암모니아,7664-41-7,345.9RT,19960729,부산광역본부
18,(주)성보냉장 감천공장,부산광역시 사하구 감천항로 12,0512934365,냉동제조,암모니아,7664-41-7,148.6RT,19970521,부산광역본부
19,삼일냉장(주)제2물류센터,부산광역시 사하구 감천항로 239 (구평동),0512646400,냉동제조,암모니아,7664-41-7,182.56RT,19970408,부산광역본부
20,금양제빙2공장,부산광역시 서구 해안새벽시장길 54(충무동),0512421231,냉동제조,암모니아,7664-41-7,299.5RT,19970401,부산광역본부
21,삼일냉장(주),부산광역시 사하구 서포로 36 (구평동),0512623101,냉동제조,암모니아,7664-41-7,320.5RT,19960618,부산광역본부
22,대한수산(주),부산광역시 사하구 원양로 349 (감천동),0512015561,냉동제조,암모니아,7664-41-7,495.8RT,19960918,부산광역본부
23,(주)하하물산,부산광역시 사하구 을숙도대로 761 (구평동),0512623318,냉동제조,암모니아,7664-41-7,253RT,19961218,부산광역본부
24,희창물산(주),부산광역시 서구 충무대로 146,0512414184,냉동제조,암모니아,7664-41-7,366.8RT,19960906,부산광역본부
25,(주)우신냉장,부산광역시 서구 등대로 123 (남부민동),0512463900,냉동제조,암모니아,7664-41-7,288RT,19960825,부산광역본부
26,한동냉장,부산광역시 사상구 새벽시장로 16 (감전동),0513156796,냉동제조,암모니아,7664-41-7,108.4RT,19960528,부산광역본부
27,(주)사조대림 부산공장,부산광역시 서구 충무대로 170 (남부민동),0512502173,냉동제조,암모니아,7664-41-7,323.4RT,19960730,부산광역본부
28,(주)백화 부민지점,부산광역시 서구 충무대로 166-41 (남부민동),0512548255,냉동제조,암모니아,7664-41-7,495.2RT,19970217,부산광역본부
29,모피코냉장(주)부산공장,부산광역시 서구 등대로 122-3 (남부민동),0512548218,냉동제조,암모니아,7664-41-7,96.9RT,19960819,부산광역본부
30,미광냉동(주),부산광역시 사하구 다대로605번길 25 (다대동),0512617773,냉동제조,암모니아,7664-41-7,363.3RT,19960612,부산광역본부
31,훼미리식품(주)부산공장,부산광역시 사하구 하신중앙로 140 (신평동),0512070850,냉동제조,암모니아,7664-41-7,358.21RT,20131203,부산광역본부
32,연우냉동(주),부산광역시 서구 충무대로 228 (남부민동),0512568241,냉동제조,암모니아,7664-41-7,140.8RT,19970509,부산광역본부
33,우양냉장(주)제1공장,부산광역시 서구 충무대로 226 (남부민1동),0512487621,냉동제조,암모니아,7664-41-7,424.16RT,19970305,부산광역본부
34,신라에스지(주)부산공장,부산광역시 사상구 낙동대로 1414 (삼락동),0513095830,냉동제조,암모니아,7664-41-7,101.4RT,19971117,부산광역본부
35,(주)케이엠,부산광역시 서구 충무대로 214,0512547234,냉동제조,암모니아,7664-41-7,430.18RT,19961118,부산광역본부
36,(주)장수 부산지점,부산광역시 사하구 다대로605번길 17,0512648900,냉동제조,암모니아,7664-41-7,346.43RT,19960607,부산광역본부
37,(주)일성냉동,부산광역시 사하구 다대로320번길 10 (장림동),0512659790,냉동제조,암모니아,7664-41-7,295.96RT,20010710,부산광역본부
38,신아냉동(주),부산광역시 서구 등대로 117,0512435876,냉동제조,암모니아,7664-41-7,216.2RT,19970217,부산광역본부
39,(주)신우농수산,부산광역시 사하구 다대동로6번길 1 (다대동),0512634915,냉동제조,암모니아,7664-41-7,207.08RT,19970308,부산광역본부
40,부경수산(주),부산광역시 사하구 장림번영로84번길 27 (장림동),0512617322,냉동제조,암모니아,7664-41-7,52.8RT,19970331,부산광역본부
41,동일냉장(주),부산광역시 사하구 다대로170번길 10,0512041280,냉동제조,암모니아,7664-41-7,224.74RT,19970426,부산광역본부
42,현이냉동(주),부산광역시 사하구 감천항로 240 (구평동),0512646101,냉동제조,암모니아,7664-41-7,247.5RT,19960729,부산광역본부
43,신한냉동,부산광역시 사하구 장평로76번길 22 (장림동),0512630110,냉동제조,암모니아,7664-41-7,64.4RT,19960626,부산광역본부
44,(주)동원통영수산,부산광역시 사하구 감천항로 24,0512922992,냉동제조,암모니아,7664-41-7,293.2RT,19960527,부산광역본부
45,(주)대주,부산광역시 서구 암남공원로 435 (암남동),0512533400,냉동제조,암모니아,7664-41-7,481.5RT,19961023,부산광역본부
46,(주)시원물산,부산광역시 서구 암남공원로 463,0512533682,냉동제조,암모니아,7664-41-7,143.1RT,19960425,부산광역본부
47,태원콜드체인(주),부산광역시 남구 우암로 175 (우암동),0516358500,냉동제조,암모니아,7664-41-7,175.4RT,19970424,부산광역본부
48,홍림수산냉동(주),부산광역시 사하구 원양로 340,0512928896,냉동제조,암모니아,7664-41-7,469.03RT,19970819,부산광역본부
49,(주)부산냉장,부산광역시 사하구 원양로 328 (감천동),0512086242,냉동제조,암모니아,7664-41-7,216RT,19960817,부산광역본부
50,(주)부일냉장,부산광역시 사하구 을숙도대로709번길 5(신평동),0512081622,냉동제조,암모니아,7664-41-7,105.3RT,19960619,부산광역본부
51,정일글로벌(주),부산광역시 서구 원양로 243(암남동) 2층,0512533285,냉동제조,암모니아,7664-41-7,228.8RT,19971029,부산광역본부
52,보성냉장(주),부산광역시 서구 원양로 139 (암남동),0512533083,냉동제조,암모니아,7664-41-7,432.2RT,19980708,부산광역본부
53,한국과학기술원(KAIST)부설 한국과학영재학교,부산광역시 부산진구 백양관문로 105-47 (당감3동),0516062116,특고사용,암모니아,7664-41-7,5.37㎏,20210805,부산광역본부
54,주식회사 한일,부산광역시 사하구 원양로 319 (감천동),0512937500,냉동제조,암모니아,7664-41-7,251.1RT,19980203,부산광역본부
55,(주)삼성냉장,부산광역시 사하구 원양로 313 (감천동),0512043113,냉동제조,암모니아,7664-41-7,465.27RT,19980916,부산광역본부
56,동원산업(주)부산냉장센터,부산광역시 서구 원양로 147 (암남동) M층 공무실,0516001954,냉동제조,암모니아,7664-41-7,491.52RT,19991021,부산광역본부
57,동원산업(주)부산냉장센터,부산광역시 서구 원양로 147 (암남동) M층 공무실,0516001954,냉동제조,암모니아,7664-41-7,171.52RT,19991021,부산광역본부
58,(주)극동기계,부산광역시 사상구 학감대로147번길 54 (학장동),0513251161,특고사용,암모니아,7664-41-7,200㎏,20061114,부산광역본부
59,(주)화승가스테크,부산광역시 사하구 하신중앙로 44-5 (장림동),0512642080,일반판매,암모니아,7664-41-7,,20001006,부산광역본부
60,신진볼트공업사,부산광역시 사하구 하신번영로127번길 26,0512077474,특고사용,암모니아,7664-41-7,200㎏,20000628,부산광역본부
61,유림냉장주식회사,부산광역시 서구 원양로 175 (암남동),0512548333,냉동제조,암모니아,7664-41-7,250.15RT,20011005,부산광역본부
62,아시아냉장(주),부산광역시 서구 원양로 179 (암남동) 2층,0512538503,냉동제조,암모니아,7664-41-7,185.1RT,20010427,부산광역본부
63,(주)월드가스,부산광역시 사상구 가야대로64번길 35 (학장동),0513258700,일반판매,암모니아,7664-41-7,0,20011115,부산광역본부
64,태광산업사,부산광역시 강서구 녹산산단289로 32 (송정동),0518311801,특고사용,암모니아,7664-41-7,200㎏,20020412,부산광역본부
65,(주)삼락열처리,부산광역시 강서구 녹산산단17로 8 (송정동),0518317282,일반저장,암모니아,7664-41-7,4.7Ton,20040916,부산광역본부
66,월드산업가스,부산광역시 사상구 가야대로64번길 35 (학장동),0515518033,일반판매,이산화질소,10102-44-0,0,20031007,부산광역본부
67,(주)냉장인터불고제2공장,부산광역시 서구 원양로 125 (암남동),0512544881,냉동제조,암모니아,7664-41-7,363.7RT,20040824,부산광역본부
68,수협중앙회감천항물류센터,부산광역시 서구 원양로 119,0512533113,냉동제조,암모니아,7664-41-7,356.65RT,19981022,부산광역본부
69,(주)해원냉장,부산광역시 서구 원양로 67 (암남동),0512433184,냉동제조,암모니아,7664-41-7,442.1RT,20050909,부산광역본부
70,성진수산(주),부산광역시 서구 원양로 87 (암남동),0512317907,냉동제조,암모니아,7664-41-7,434.9RT,20060929,부산광역본부
71,사조씨푸드(주) 물류센타,부산광역시 서구 원양로 71 (암남동) 16층 공무팀,07043610516,냉동제조,암모니아,7664-41-7,569RT,20060127,부산광역본부
72,부산열처리,부산광역시 사상구 사상로447번길 68 일성테크,0513015547,특고사용,암모니아,7664-41-7,100㎏,20061129,부산광역본부
73,(주)PSG(피에스지),부산광역시 강서구 과학산단2로19번길 200 (지사동),0517900951,일반제조,암모니아,7664-41-7,14.24Ton,20070319,부산광역본부
74,(주)PSG(피에스지),부산광역시 강서구 과학산단2로19번길 200 (지사동),0517900951,일반제조,암모니아,7664-41-7,63.83Ton,20070319,부산광역본부
75,주식회사 한일 제2공장,부산광역시 사하구 원양로 314 (감천동),0512934020,냉동제조,암모니아,7664-41-7,392.1RT,20070627,부산광역본부
76,주식회사 한일 제2공장,부산광역시 사하구 원양로 314 (감천동),0512934020,냉동제조,암모니아,7664-41-7,35.35RT,20170519,부산광역본부
77,극동정밀,부산광역시 수영구 수영로 455 소니서비스센타(4층),0516216434,특고사용,암모니아,7664-41-7,100㎏,20061205,부산광역본부
78,사조씨푸드(주)제2물류센타,"부산광역시 서구 원양로 79(암남동), 9층",0512578700,냉동제조,암모니아,7664-41-7,216.2RT,20070829,부산광역본부
79,(주)보림로지스틱스부산냉장,부산광역시 서구 원양로 73 (암남동),0512311500,냉동제조,암모니아,7664-41-7,216.2RT,20070830,부산광역본부
80,부산감천항수산물시장(주),"부산광역시 서구 원양로 35 (암남동,시장회관동8층)",0512208000,냉동제조,암모니아,7664-41-7,465.5RT,20080220,부산광역본부
81,(주)이스턴웰스,부산광역시 서구 원양로 189,0512319000,냉동제조,암모니아,7664-41-7,98.2RT,20070607,부산광역본부
82,성화금속열처리,부산광역시 사하구 신산북로 70,0513055441,특고사용,암모니아,7664-41-7,50㎏,20140509,부산광역본부
83,제일에스엘산업(주),부산광역시 사하구 암남공원로 471(감천동),0512911751,냉동제조,암모니아,7664-41-7,181RT,20080212,부산광역본부
84,해동산업 주식회사,부산광역시 사상구 낙동대로 1052 (감전동),0513120770,특고사용,암모니아,7664-41-7,200㎏,20200116,부산광역본부
85,한국해양대학교,부산광역시 영도구 태종로 727 (동삼동),0514104096,특고사용,암모니아,7664-41-7,50㎏,20221110,부산광역본부
86,(주)동남,부산광역시 서구 원양로 171 (암남동),0512507078,냉동제조,암모니아,7664-41-7,317RT,19980517,부산광역본부
87,삼천리열처리테크(주),부산광역시 사하구 홍티로 115 (다대동),0513043004,특고사용,암모니아,7664-41-7,800㎏,20110311,부산광역본부
88,(주)신도정밀,부산광역시 사하구 보덕포1길 99 (장림동),0518320235,특고사용,암모니아,7664-41-7,150㎏,20110317,부산광역본부
89,한국생산기술연구원,부산광역시 강서구 미음산단5로41번길 16 (미음동),0519749302,특고사용,암모니아,7664-41-7,168㎏,20210830,부산광역본부
90,미래열처리,부산광역시 강서구 생곡산단2로11번길 34,0512638700,특고사용,암모니아,7664-41-7,200㎏,20150615,부산광역본부
91,(주)하트만,부산광역시 강서구 낙동남로533번길 55(녹산동),0512648829,특고사용,암모니아,7664-41-7,200㎏,20151126,부산광역본부
92,(주)삼락열처리 미음지점,부산광역시 강서구 미음산단1로15번길 25(구랑동),0519737282,일반저장,암모니아,7664-41-7,4.9Ton,20160308,부산광역본부
93,(주)우진테크,부산광역시 사하구 신산로 60 (신평동),0512022641,일반판매,R600a,75-28-5,0,20170412,부산광역본부
94,부곡스텐레스,부산광역시 강서구 미음국제7로 5 (미음동),0519738081,특고사용,암모니아,7664-41-7,848㎏,20190711,부산광역본부
95,동서열처리 주식회사 (미음지점),부산광역시 강서구 미음산단3로 5 (미음동),0513047321,특고사용,암모니아,7664-41-7,830.65㎏,20211230,부산광역본부
96,(주)파나시아 2공장,부산광역시 강서구 미음국제3로 98,07048607960,일반제조,암모니아,7664-41-7,304.32N㎥/day,20220616,부산광역본부
97,(주)파나시아 2공장,부산광역시 강서구 미음국제3로 98,07048607960,일반제조,암모니아,7664-41-7,4.902Ton,20220616,부산광역본부
98,(주)파나시아 2공장,부산광역시 강서구 미음국제3로 98,07048607960,일반제조,암모니아,7664-41-7,2.4Ton/day,20220616,부산광역본부
99,해동중공업주식회사,부산광역시 사상구 낙동대로1048번길 7 (감전동),0513120770,특고사용,암모니아,7664-41-7,200㎏,20220509,부산광역본부
100,(주)월드스페셜티,부산광역시 강서구 녹산산단165로14번길 11-14(송정동),0519726448,특고사용,염소,7782-50-5,59㎏,20230315,부산광역본부
101,(주)MS가스 사하영업소,부산광역시 사하구 원양로 391 (감천동),,일반충전,암모니아,7664-41-7,18.68Ton,,부산광역본부
102,부경대학교 산학협력단,부산광역시 남구 신선로 365 (용당동) 11관 3층(306호),0516296342,특고사용,암모니아,7664-41-7,56㎏,20231215,부산광역본부
103,부경대학교 산학협력단,부산광역시 남구 신선로 365 (용당동) 11관 3층(306호),0516296342,특고사용,모노실란,7803-62-5,7.05㎥,20231215,부산광역본부
104,원주시상하수도사업소(수도운영과),강원특별자치도 원주시 우산로 323 (우산동) 원주시상하수도사업소 수도과,0337374246,일반저장,염소,7782-50-5,9Ton,19970313,강원광역본부
105,롯데웰푸드㈜,강원특별자치도 횡성군 안흥면 봉화로 790,0333406535,냉동제조,암모니아,7664-41-7,180.12RT,19961228,강원광역본부
106,롯데웰푸드㈜,강원특별자치도 횡성군 안흥면 봉화로 790,0333406535,냉동제조,암모니아,7664-41-7,78.4RT,19970627,강원광역본부
107,강원대학교,강원특별자치도 춘천시 강원대학길 1 (효자동),0332507068,특고사용,암모니아,7664-41-7,32㎏,20231124,강원광역본부
108,강원대학교,강원특별자치도 춘천시 강원대학길 1 (효자동),0332507068,특고사용,암모니아,7664-41-7,5.38㎏,20241107,강원광역본부
109,㈜피피이씨춘천(얼음),강원특별자치도 춘천시 서면 당숲안길 157,0332601835,냉동제조,암모니아,7664-41-7,272.6RT,20110503,강원광역본부
110,㈜피피이씨춘천(얼음),강원특별자치도 춘천시 서면 당숲안길 157,0332601835,냉동제조,암모니아,7664-41-7,167.09RT,20231222,강원광역본부
111,하이트진로㈜강원공장,강원특별자치도 홍천군 북방면 도둔길 49,0334308565,냉동제조,암모니아,7664-41-7,2208.7RT,19970515,강원광역본부
112,하이트진로㈜강원공장,강원특별자치도 홍천군 북방면 도둔길 49,0334308565,냉동제조,암모니아,7664-41-7,160RT,,강원광역본부
113,㈜해성화공,강원특별자치도 횡성군 우천면 정포로 234,0333443448,일반충전,암모니아,7664-41-7,25Ton,19981123,강원광역본부
114,㈜국순당,강원특별자치도 횡성군 둔내면 강변로 975,0333404373,냉동제조,암모니아,7664-41-7,130.26RT,20040707,강원광역본부
115,㈜피피이씨춘천(본사),강원특별자치도 춘천시 서면 당숲안길 157,0332601802,냉동제조,암모니아,7664-41-7,59RT,20030421,강원광역본부
116,㈜피피이씨춘천(본사),강원특별자치도 춘천시 서면 당숲안길 157,0332601802,냉동제조,암모니아,7664-41-7,59RT,20030421,강원광역본부
117,주식회사세종에너지,강원특별자치도 원주시 지정면 보통로 380,0337316644,일반판매,일산화질소,10102-43-9,0,20150430,강원광역본부
118,주식회사세종에너지,강원특별자치도 원주시 지정면 보통로 380,0337316644,일반판매,염화수소,7647-01-0,0,20150430,강원광역본부
119,주식회사세종에너지,강원특별자치도 원주시 지정면 보통로 380,0337316644,일반판매,육불화텅스텐,7783-82-6,0,20150430,강원광역본부
120,주식회사세종에너지,강원특별자치도 원주시 지정면 보통로 380,0337316644,일반판매,황화수소,7783-06-4,0,20150430,강원광역본부
121,주식회사세종에너지,강원특별자치도 원주시 지정면 보통로 380,0337316644,일반판매,아황산가스,7446-09-5,0,20150430,강원광역본부
122,주식회사세종에너지,강원특별자치도 원주시 지정면 보통로 380,0337316644,일반판매,브롬화수소,10035-10-6,0,20150430,강원광역본부
123,주식회사세종에너지,강원특별자치도 원주시 지정면 보통로 380,0337316644,일반판매,불화수소,7664-39-3,0,20150430,강원광역본부
124,주식회사세종에너지,강원특별자치도 원주시 지정면 보통로 380,0337316644,일반판매,염소,7782-50-5,0,20150430,강원광역본부
125,주식회사세종에너지,강원특별자치도 원주시 지정면 보통로 380,0337316644,일반판매,일산화질소,10102-43-9,0,20150430,강원광역본부
126,주식회사세종에너지,강원특별자치도 원주시 지정면 보통로 380,0337316644,일반판매,아황산가스,7446-09-5,0,20150430,강원광역본부
127,주식회사세종에너지,강원특별자치도 원주시 지정면 보통로 380,0337316644,일반판매,산화에틸렌,75-21-8,0,20150430,강원광역본부
128,주식회사세종에너지,강원특별자치도 원주시 지정면 보통로 380,0337316644,일반판매,암모니아,7664-41-7,0,20150430,강원광역본부
129,주식회사세종에너지,강원특별자치도 원주시 지정면 보통로 380,0337316644,일반판매,일산화탄소,630-08-0,0,20150430,강원광역본부
130,한국가스안전공사 에너지안전실증연구센터,강원특별자치도 영월군 주천면 송학주천로 1467-51,0338342543,특고사용,암모니아,7664-41-7,54.301㎏,20210928,강원광역본부
131,경원산소㈜제2영업소,강원특별자치도 원주시 호저면 호매곡1길 82,0337310202,일반판매,암모니아,7664-41-7,0,20190902,강원광역본부
132,삼양제분㈜,강원특별자치도 원주시 우두산길 56 (우산동),0338131913,냉동제조,암모니아,7664-41-7,59.08RT,20250820,강원광역본부
133,삼성산소(주),충청북도 청주시 흥덕구 강내면 상월곡길 10 ㈜삼성산소,0432326237,일반판매,사불화메탄,75-73-0,0,20000910,충북본부
134,삼성산소(주),충청북도 청주시 흥덕구 강내면 상월곡길 10 ㈜삼성산소,0432326237,일반판매,암모니아,7664-41-7,0,20000910,충북본부
135,동서식품(주),충청북도 진천군 광혜원면 광혜원산단2길 78-11 (주)동서식품,0435305594,냉동제조,암모니아,7664-41-7,88.6RT,20080915,충북본부
136,(주)보림로지스틱스청주냉장,충청북도 청주시 흥덕구 옥산면 오송가락로 834,0432604011,냉동제조,암모니아,7664-41-7,254.24RT,19961120,충북본부
137,오비맥주(주)청주공장,충청북도 청주시 서원구 현도면 현도공단로 151,0432794864,냉동제조,암모니아,7664-41-7,550.65RT,20200203,충북본부
138,오비맥주(주)청주공장,충청북도 청주시 서원구 현도면 현도공단로 151,0432794864,냉동제조,암모니아,7664-41-7,3178.33RT,20131119,충북본부
139,(주)유니온케미칼청주공장,충청북도 청주시 흥덕구 직지대로436번길 42,0432664001,일반저장,암모니아,7664-41-7,23.11Ton,19960902,충북본부
140,(주)유니온케미칼청주공장,충청북도 청주시 흥덕구 직지대로436번길 42,0432664001,특고사용,암모니아,7664-41-7,23000㎏,,충북본부
141,태경에코(주),충청북도 청주시 청원구 내수읍 풍정길 26,0432133450,일반판매,일산화질소,10102-43-9,0,20000125,충북본부
142,한국야금(주),충청북도 진천군 광혜원면 광혜원산단2길 54 한국야금(주),0435350141,일반저장,일산화탄소,630-08-0,20.88㎥,20081027,충북본부
143,한국야금(주),충청북도 진천군 광혜원면 광혜원산단2길 54 한국야금(주),0435350141,일반저장,삼염화붕소,10294-34-5,.44Ton,20081027,충북본부
144,한국야금(주),충청북도 진천군 광혜원면 광혜원산단2길 54 한국야금(주),0435350141,일반저장,황화수소,7783-06-4,.06Ton,20081027,충북본부
145,한국야금(주),충청북도 진천군 광혜원면 광혜원산단2길 54 한국야금(주),0435350141,일반저장,염화수소,7647-01-0,.338Ton,20081027,충북본부
146,(주)창성,충청북도 청주시 청원구 내수읍 청암로 302,0432138801,특고사용,암모니아,7664-41-7,750㎏,20000929,충북본부
147,하이트진로(주)청주공장,충청북도 청주시 서원구 현도면 현도공단로 177,0432701830,냉동제조,암모니아,7664-41-7,126RT,19960820,충북본부
148,(주)동아오츠카,충청북도 청주시 흥덕구 직지대로516번길 39,0432619114,냉동제조,암모니아,7664-41-7,310.6RT,19990219,충북본부
149,(주) 팜스토리 한냉(스팀제조),충청북도 청주시 청원구 오창읍 성재2길 21,0432104251,냉동제조,암모니아,7664-41-7,1401.4RT,19970312,충북본부
150,에스케이하이닉스(주)-1공장,충청북도 청주시 흥덕구 대신로 215 하이닉스반도체,0439073463,일반저장,AsH3,7784-42-1,.088Ton,20131013,충북본부
151,에스케이하이닉스(주)-1공장,충청북도 청주시 흥덕구 대신로 215 하이닉스반도체,0439073463,일반저장,0.1%PH3/N2,7803-51-2,28.4㎥,20131013,충북본부
152,에스케이하이닉스(주)-1공장,충청북도 청주시 흥덕구 대신로 215 하이닉스반도체,0439073463,일반저장,염소,7782-50-5,2.27Ton,20131013,충북본부
153,에스케이하이닉스(주)-1공장,충청북도 청주시 흥덕구 대신로 215 하이닉스반도체,0439073463,일반저장,4%PH3/He,7803-51-2,139.4㎥,20131013,충북본부
154,에스케이하이닉스(주)-1공장,충청북도 청주시 흥덕구 대신로 215 하이닉스반도체,0439073463,일반저장,5%HCI/Ne,7647-01-0,28.4㎥,20131013,충북본부
155,에스케이하이닉스(주)-1공장,충청북도 청주시 흥덕구 대신로 215 하이닉스반도체,0439073463,일반저장,NH3,7664-41-7,3.793Ton,20131013,충북본부
156,에스케이하이닉스(주)-1공장,충청북도 청주시 흥덕구 대신로 215 하이닉스반도체,0439073463,일반저장,CO,630-08-0,1020.96㎥,20131013,충북본부
157,에스케이하이닉스(주)-1공장,충청북도 청주시 흥덕구 대신로 215 하이닉스반도체,0439073463,일반저장,NO,10102-43-9,681.6㎥,20131013,충북본부
158,에스케이하이닉스(주)-1공장,충청북도 청주시 흥덕구 대신로 215 하이닉스반도체,0439073463,일반저장,B2H6(0.1%)/H2,19287-45-7,354.24㎥,20131013,충북본부
159,에스케이하이닉스(주)-1공장,충청북도 청주시 흥덕구 대신로 215 하이닉스반도체,0439073463,일반저장,B2H6(5%)/N2,19287-45-7,553㎥,20131013,충북본부
160,에스케이하이닉스(주)-1공장,충청북도 청주시 흥덕구 대신로 215 하이닉스반도체,0439073463,일반저장,B2H6(15%)/H2,19287-45-7,27.68㎥,20131013,충북본부
161,에스케이하이닉스(주)-1공장,충청북도 청주시 흥덕구 대신로 215 하이닉스반도체,0439073463,일반저장,F2(1%)/Ar(3.5%)/Ne,7782-41-4,384.42㎥,20131013,충북본부
162,에스케이하이닉스(주)-1공장,충청북도 청주시 흥덕구 대신로 215 하이닉스반도체,0439073463,일반저장,F2(1%)/He/Ar/kr/Ne,7782-41-4,69.2㎥,20131013,충북본부
163,에스케이하이닉스(주)-1공장,충청북도 청주시 흥덕구 대신로 215 하이닉스반도체,0439073463,일반저장,1%PH3/He,7803-51-2,103.5㎥,20131013,충북본부
164,에스케이하이닉스(주)-1공장,충청북도 청주시 흥덕구 대신로 215 하이닉스반도체,0439073463,일반저장,Si2H6,1590-87-0,216㎥,20131013,충북본부
165,에스케이하이닉스(주)-1공장,충청북도 청주시 흥덕구 대신로 215 하이닉스반도체,0439073463,일반저장,BF3/H2,7637-07-2,20.4㎥,20131013,충북본부
166,에스케이하이닉스(주)-1공장,충청북도 청주시 흥덕구 대신로 215 하이닉스반도체,0439073463,일반저장,1%PH3/N2,7803-51-2,55.68㎥,20131013,충북본부
167,에스케이하이닉스(주)-1공장,충청북도 청주시 흥덕구 대신로 215 하이닉스반도체,0439073463,일반저장,PH3,7803-51-2,8.25㎥,20131013,충북본부
168,에스케이하이닉스(주)-1공장,충청북도 청주시 흥덕구 대신로 215 하이닉스반도체,0439073463,일반저장,BF3,7637-07-2,.304Ton,20131013,충북본부
169,에스케이하이닉스(주)-1공장,충청북도 청주시 흥덕구 대신로 215 하이닉스반도체,0439073463,특고사용,염소,7782-50-5,25.65㎏,20210708,충북본부
170,에스케이하이닉스(주)-1공장,충청북도 청주시 흥덕구 대신로 215 하이닉스반도체,0439073463,특고사용,염소,7782-50-5,26.25㎏,20200708,충북본부
171,에스케이하이닉스(주)-1공장,충청북도 청주시 흥덕구 대신로 215 하이닉스반도체,0439073463,특고사용,암모니아,7664-41-7,80㎏,20220523,충북본부
172,에스케이하이닉스(주)-1공장,충청북도 청주시 흥덕구 대신로 215 하이닉스반도체,0439073463,일반저장,5%PH3/He,7803-51-2,76.8㎥,,충북본부
173,에스케이하이닉스(주)-1공장,충청북도 청주시 흥덕구 대신로 215 하이닉스반도체,0439073463,일반저장,PH3,7803-51-2,8.5㎥,,충북본부
174,에스케이하이닉스(주)-1공장,충청북도 청주시 흥덕구 대신로 215 하이닉스반도체,0439073463,일반저장,Si2H6,1590-87-0,213㎥,,충북본부
175,에스케이하이닉스(주)-1공장,충청북도 청주시 흥덕구 대신로 215 하이닉스반도체,0439073463,일반저장,75%BF3/25%H2,7637-07-2,5.1㎥,,충북본부
176,에스케이하이닉스(주)-1공장,충청북도 청주시 흥덕구 대신로 215 하이닉스반도체,0439073463,일반저장,BF3,7637-07-2,.095Ton,,충북본부
177,에스케이하이닉스(주)-1공장,충청북도 청주시 흥덕구 대신로 215 하이닉스반도체,0439073463,일반저장,5%B2H6/N2,19287-45-7,266㎥,,충북본부
178,에스케이하이닉스(주)-1공장,충청북도 청주시 흥덕구 대신로 215 하이닉스반도체,0439073463,일반저장,10%PH3/H2,7803-51-2,69.9㎥,,충북본부
179,에스케이하이닉스(주)-1공장,충청북도 청주시 흥덕구 대신로 215 하이닉스반도체,0439073463,일반저장,0.1%PH3/N2,7803-51-2,28.4㎥,,충북본부
180,에스케이하이닉스(주)-1공장,충청북도 청주시 흥덕구 대신로 215 하이닉스반도체,0439073463,일반저장,5%B2H6/N2,19287-45-7,568㎥,,충북본부
181,에스케이하이닉스(주)-1공장,충청북도 청주시 흥덕구 대신로 215 하이닉스반도체,0439073463,일반저장,CO,630-08-0,1020.96㎥,,충북본부
182,에스케이하이닉스(주)-1공장,충청북도 청주시 흥덕구 대신로 215 하이닉스반도체,0439073463,일반저장,BF3,7637-07-2,.099Ton,,충북본부
183,에스케이하이닉스(주)-1공장,충청북도 청주시 흥덕구 대신로 215 하이닉스반도체,0439073463,일반저장,AsH3,7784-42-1,.057Ton,,충북본부
184,에스케이하이닉스(주)-1공장,충청북도 청주시 흥덕구 대신로 215 하이닉스반도체,0439073463,일반저장,1%PH3/He,7803-51-2,106.5㎥,,충북본부
185,에스케이하이닉스(주)-1공장,충청북도 청주시 흥덕구 대신로 215 하이닉스반도체,0439073463,일반저장,0.1%B2H6/H2,19287-45-7,354.24㎥,,충북본부
186,에스케이하이닉스(주)-1공장,충청북도 청주시 흥덕구 대신로 215 하이닉스반도체,0439073463,일반저장,NH3,7664-41-7,5.914Ton,,충북본부
187,에스케이하이닉스(주)-1공장,충청북도 청주시 흥덕구 대신로 215 하이닉스반도체,0439073463,일반저장,CL2,7782-50-5,1.763Ton,,충북본부
188,에스케이하이닉스(주)-1공장,충청북도 청주시 흥덕구 대신로 215 하이닉스반도체,0439073463,일반저장,NO,10102-43-9,681.6㎥,,충북본부
189,에스케이하이닉스(주)-1공장,충청북도 청주시 흥덕구 대신로 215 하이닉스반도체,0439073463,일반저장,CL2,7782-50-5,.062Ton,,충북본부
190,에스케이하이닉스(주)-1공장,충청북도 청주시 흥덕구 대신로 215 하이닉스반도체,0439073463,일반저장,CL2,7782-50-5,1.095Ton,,충북본부
191,에스케이하이닉스(주)-1공장,충청북도 청주시 흥덕구 대신로 215 하이닉스반도체,0439073463,일반저장,F2/Ar/Kr/He/Ne,7782-41-4,69.2㎥,,충북본부
192,(주)주원산오리,충청북도 진천군 광혜원면 진광로 941-5,0435306321,냉동제조,암모니아,7664-41-7,171.6RT,20120814,충북본부
193,홍영식품(주),충청북도 진천군 이월면 진광로 460 홍영식품(주),0435347055,냉동제조,암모니아,7664-41-7,277.8RT,20000722,충북본부
194,홍영식품(주),충청북도 진천군 이월면 진광로 460 홍영식품(주),0435347055,냉동제조,암모니아,7664-41-7,29.2RT,19990722,충북본부
195,(주)체리부로,충청북도 진천군 이월면 생거진천로 1770,0435336681,냉동제조,암모니아,7664-41-7,598RT,20061107,충북본부
196,(주)체리부로,충청북도 진천군 이월면 생거진천로 1770,0435336681,냉동제조,암모니아,7664-41-7,148.62RT,20150507,충북본부
197,매일유업(주),충청북도 영동군 매곡면 괘방령로 730-20,0437409400,냉동제조,암모니아,7664-41-7,65.13RT,20050324,충북본부
198,(사)현도산업단지입주회,충청북도 청주시 서원구 현도면 현도공단로 174-18 현도지방산업단지,0432794952,특고사용,염소,7782-50-5,800㎏,20000125,충북본부
199,(주)원익머트리얼즈\_1공장,충청북도 청주시 청원구 오창읍 과학산업3로 112,0432104683,일반제조,암모니아,7664-41-7,30Ton,20021105,충북본부
200,(주)원익머트리얼즈\_1공장,충청북도 청주시 청원구 오창읍 과학산업3로 112,0432104683,일반제조,암모니아,7664-41-7,77.149Ton/day,20021105,충북본부
201,(주)원익머트리얼즈\_1공장,충청북도 청주시 청원구 오창읍 과학산업3로 112,0432104683,일반제조,암모니아,7664-41-7,19.51Ton,20021105,충북본부
202,(주)원익머트리얼즈\_1공장,충청북도 청주시 청원구 오창읍 과학산업3로 112,0432104683,일반제조,암모니아,7664-41-7,20.3Ton,20021105,충북본부
203,(주)원익머트리얼즈\_1공장,충청북도 청주시 청원구 오창읍 과학산업3로 112,0432104683,일반제조,암모니아,7664-41-7,19.348Ton,20021105,충북본부
204,(주)원익머트리얼즈\_1공장,충청북도 청주시 청원구 오창읍 과학산업3로 112,0432104683,일반제조,암모니아,7664-41-7,10Ton,20021105,충북본부
205,(주)원익머트리얼즈\_1공장,충청북도 청주시 청원구 오창읍 과학산업3로 112,0432104683,일반제조,암모니아,7664-41-7,25.5Ton,20021105,충북본부
206,(주)원익머트리얼즈\_1공장,충청북도 청주시 청원구 오창읍 과학산업3로 112,0432104683,일반제조,암모니아,7664-41-7,10Ton,20021105,충북본부
207,(주)원익머트리얼즈\_1공장,충청북도 청주시 청원구 오창읍 과학산업3로 112,0432104683,일반제조,6%PH3/N2,7803-51-2,14.2㎥,20021105,충북본부
208,(주)원익머트리얼즈\_1공장,충청북도 청주시 청원구 오창읍 과학산업3로 112,0432104683,일반제조,15%PH3+H2,7803-51-2,7.1㎥,20021105,충북본부
209,(주)원익머트리얼즈\_1공장,충청북도 청주시 청원구 오창읍 과학산업3로 112,0432104683,일반제조,500ppmPH3+H2,7803-51-2,7.1㎥,20021105,충북본부
210,(주)원익머트리얼즈\_1공장,충청북도 청주시 청원구 오창읍 과학산업3로 112,0432104683,일반제조,삼염화붕소,10294-34-5,.1Ton,20021105,충북본부
211,(주)원익머트리얼즈\_1공장,충청북도 청주시 청원구 오창읍 과학산업3로 112,0432104683,일반제조,포스핀,7803-51-2,.069Ton,20021105,충북본부
212,(주)원익머트리얼즈\_1공장,충청북도 청주시 청원구 오창읍 과학산업3로 112,0432104683,일반제조,불소,7782-41-4,132.48N㎥/day,20081105,충북본부
213,(주)원익머트리얼즈\_1공장,충청북도 청주시 청원구 오창읍 과학산업3로 112,0432104683,일반제조,불소,7782-41-4,26.88N㎥/day,20081105,충북본부
214,(주)원익머트리얼즈\_1공장,충청북도 청주시 청원구 오창읍 과학산업3로 112,0432104683,일반제조,불소,7782-41-4,194.4㎥,20081105,충북본부
215,(주)원익머트리얼즈\_1공장,충청북도 청주시 청원구 오창읍 과학산업3로 112,0432104683,일반제조,불소,7782-41-4,62.4N㎥/day,20081105,충북본부
216,(주)원익머트리얼즈\_1공장,충청북도 청주시 청원구 오창읍 과학산업3로 112,0432104683,일반제조,삼불화붕소,7637-07-2,13.3㎥,20081105,충북본부
217,(주)원익머트리얼즈\_1공장,충청북도 청주시 청원구 오창읍 과학산업3로 112,0432104683,일반제조,삼불화붕소,7637-07-2,13.3㎥,20081105,충북본부
218,(주)원익머트리얼즈\_1공장,충청북도 청주시 청원구 오창읍 과학산업3로 112,0432104683,일반제조,삼불화붕소,7637-07-2,20.81N㎥/day,20081105,충북본부
219,(주)원익머트리얼즈\_1공장,충청북도 청주시 청원구 오창읍 과학산업3로 112,0432104683,일반제조,삼불화붕소,7637-07-2,20.81N㎥/day,20081105,충북본부
220,에어프로덕츠코리아(주),충청북도 청주시 흥덕구 옥산면 과학산업3로 20,0432189735,일반제조,일산화질소,10102-43-9,16㎥,20160901,충북본부
221,에어프로덕츠코리아(주),충청북도 청주시 흥덕구 옥산면 과학산업3로 20,0432189735,일반제조,아황산가스,7446-09-5,.05Ton,20160901,충북본부
222,에어프로덕츠코리아(주),충청북도 청주시 흥덕구 옥산면 과학산업3로 20,0432189735,일반제조,일산화탄소,630-08-0,133㎥,20160901,충북본부
223,에어프로덕츠코리아(주),충청북도 청주시 흥덕구 옥산면 과학산업3로 20,0432189735,일반제조,황화수소,7783-06-4,11.9㎏,20160901,충북본부
224,에어프로덕츠코리아(주),충청북도 청주시 흥덕구 옥산면 과학산업3로 20,0432189735,일반판매,일산화탄소,630-08-0,0,20221102,충북본부
225,에어프로덕츠코리아(주),충청북도 청주시 흥덕구 옥산면 과학산업3로 20,0432189735,일반저장,CO,630-08-0,74㎥,20250908,충북본부
226,에스케이키파운드리 주식회사,충청북도 청주시 흥덕구 대신로 215 설비기술팀,0437183035,일반저장,PH3/H2,7803-51-2,11.57㎥,20050705,충북본부
227,에스케이키파운드리 주식회사,충청북도 청주시 흥덕구 대신로 215 설비기술팀,0437183035,일반저장,15%ASH3/H2,7784-42-1,1.87㎥,20050705,충북본부
228,에스케이키파운드리 주식회사,충청북도 청주시 흥덕구 대신로 215 설비기술팀,0437183035,일반저장,50%SiH4,7803-62-5,213.62㎥,20050705,충북본부
229,에스케이키파운드리 주식회사,충청북도 청주시 흥덕구 대신로 215 설비기술팀,0437183035,일반저장,포스핀,7803-51-2,11.57㎥,20050705,충북본부
230,에스케이키파운드리 주식회사,충청북도 청주시 흥덕구 대신로 215 설비기술팀,0437183035,일반저장,암모니아,7664-41-7,.464Ton,20050705,충북본부
231,에스케이키파운드리 주식회사,충청북도 청주시 흥덕구 대신로 215 설비기술팀,0437183035,일반저장,사불화규소,7783-61-1,2.11㎥,20050705,충북본부
232,에스케이키파운드리 주식회사,충청북도 청주시 흥덕구 대신로 215 설비기술팀,0437183035,일반저장,삼불화붕소,7637-07-2,8.77㎥,20050705,충북본부
233,에스케이키파운드리 주식회사,충청북도 청주시 흥덕구 대신로 215 설비기술팀,0437183035,일반저장,일산화질소,10102-43-9,21.29㎥,20050705,충북본부
234,에스케이키파운드리 주식회사,충청북도 청주시 흥덕구 대신로 215 설비기술팀,0437183035,일반저장,염소,7782-50-5,.439Ton,20050705,충북본부
235,에스케이키파운드리 주식회사,충청북도 청주시 흥덕구 대신로 215 설비기술팀,0437183035,일반저장,브롬화수소,10035-10-6,.09Ton,20050705,충북본부
236,에스케이키파운드리 주식회사,충청북도 청주시 흥덕구 대신로 215 설비기술팀,0437183035,일반저장,삼염화붕소,10294-34-5,.502Ton,20050705,충북본부
237,에스케이키파운드리 주식회사,충청북도 청주시 흥덕구 대신로 215 설비기술팀,0437183035,일반저장,육불화텅스텐,7783-82-6,.516Ton,20050705,충북본부
238,에스케이키파운드리 주식회사,충청북도 청주시 흥덕구 대신로 215 설비기술팀,0437183035,일반저장,알진,7784-42-1,1.2㎥,20050705,충북본부
239,에스케이키파운드리 주식회사,충청북도 청주시 흥덕구 대신로 215 설비기술팀,0437183035,일반저장,디실란,1590-87-0,.07Ton,20050705,충북본부
240,에스케이키파운드리 주식회사,충청북도 청주시 흥덕구 대신로 215 설비기술팀,0437183035,일반저장,디보레인,19287-45-7,61.71㎥,20050705,충북본부
241,에스케이키파운드리 주식회사,충청북도 청주시 흥덕구 대신로 215 설비기술팀,0437183035,일반저장,모노게르만,7782-65-2,21.29㎥,20050705,충북본부
242,에스케이키파운드리 주식회사,충청북도 청주시 흥덕구 대신로 215 설비기술팀,0437183035,일반저장,염화수소,7647-01-0,.052Ton,20050705,충북본부
243,에스케이키파운드리 주식회사,충청북도 청주시 흥덕구 대신로 215 설비기술팀,0437183035,일반저장,일산화탄소,630-08-0,2.16㎥,20050705,충북본부
244,에스케이키파운드리 주식회사,충청북도 청주시 흥덕구 대신로 215 설비기술팀,0437183035,일반저장,1%PH3/N2,7803-51-2,215.76㎥,20050705,충북본부
245,에스케이키파운드리 주식회사,충청북도 청주시 흥덕구 대신로 215 설비기술팀,0437183035,일반저장,PH3/H2,7803-51-2,29.97㎥,20050705,충북본부
246,에스케이키파운드리 주식회사,충청북도 청주시 흥덕구 대신로 215 설비기술팀,0437183035,특고사용,포스핀,7803-51-2,1586㎥,,충북본부
247,에스케이키파운드리 주식회사,충청북도 청주시 흥덕구 대신로 215 설비기술팀,0437183035,특고사용,암모니아,7664-41-7,7120㎏,,충북본부
248,에스케이키파운드리 주식회사,충청북도 청주시 흥덕구 대신로 215 설비기술팀,0437183035,특고사용,디보레인,19287-45-7,.284㎥,20230228,충북본부
249,에스케이키파운드리 주식회사,충청북도 청주시 흥덕구 대신로 215 설비기술팀,0437183035,일반저장,NH3,7664-41-7,.378Ton,20250630,충북본부
250,에스케이키파운드리 주식회사,충청북도 청주시 흥덕구 대신로 215 설비기술팀,0437183035,일반저장,NH3,7664-41-7,.141Ton,20250630,충북본부
251,에스케이키파운드리 주식회사,충청북도 청주시 흥덕구 대신로 215 설비기술팀,0437183035,일반저장,SiF4,7783-61-1,6.251㎥,20250630,충북본부
252,에스케이키파운드리 주식회사,충청북도 청주시 흥덕구 대신로 215 설비기술팀,0437183035,일반저장,NO,10102-43-9,4.08㎥,20250630,충북본부
253,에스케이키파운드리 주식회사,충청북도 청주시 흥덕구 대신로 215 설비기술팀,0437183035,일반저장,CL2,7782-50-5,.587Ton,20250630,충북본부
254,에스케이키파운드리 주식회사,충청북도 청주시 흥덕구 대신로 215 설비기술팀,0437183035,일반저장,1%PH3/N2,7803-51-2,10.237㎥,20250630,충북본부
255,에스케이키파운드리 주식회사,충청북도 청주시 흥덕구 대신로 215 설비기술팀,0437183035,일반저장,5%B2H6/N2,19287-45-7,14.194㎥,20250630,충북본부
256,에스케이키파운드리 주식회사,충청북도 청주시 흥덕구 대신로 215 설비기술팀,0437183035,일반저장,SiF4,7783-61-1,6.251㎥,20250630,충북본부
257,에스케이키파운드리 주식회사,충청북도 청주시 흥덕구 대신로 215 설비기술팀,0437183035,일반저장,모노실란,7803-62-5,65.706㎥,20250630,충북본부
258,단일가스켐(주),충청북도 청주시 청원구 오창읍 과학산업2로 587-6,0432410070,일반판매,산화에틸렌,75-21-8,0,20070227,충북본부
259,에스케이하이닉스(주)-3공장,충청북도 청주시 흥덕구 직지대로 337,0439073463,일반저장,암모니아,7664-41-7,5.677Ton,20080312,충북본부
260,에스케이하이닉스(주)-3공장,충청북도 청주시 흥덕구 직지대로 337,0439073463,일반저장,5%B2H6/N2,19287-45-7,328.86㎥,20140515,충북본부
261,에스케이하이닉스(주)-3공장,충청북도 청주시 흥덕구 직지대로 337,0439073463,일반저장,CO,630-08-0,57.6㎥,20140515,충북본부
262,에스케이하이닉스(주)-3공장,충청북도 청주시 흥덕구 직지대로 337,0439073463,일반저장,CO,630-08-0,173.76㎥,20140515,충북본부
263,에스케이하이닉스(주)-3공장,충청북도 청주시 흥덕구 직지대로 337,0439073463,일반저장,0.1%PH3/N2,7803-51-2,14.2㎥,20140515,충북본부
264,에스케이하이닉스(주)-3공장,충청북도 청주시 흥덕구 직지대로 337,0439073463,일반저장,1%PH3/He,7803-51-2,56.8㎥,20140515,충북본부
265,에스케이하이닉스(주)-3공장,충청북도 청주시 흥덕구 직지대로 337,0439073463,일반저장,CO,630-08-0,259.2㎥,20140515,충북본부
266,에스케이하이닉스(주)-3공장,충청북도 청주시 흥덕구 직지대로 337,0439073463,일반저장,Si2H6,1590-87-0,1.524Ton,20140515,충북본부
267,에스케이하이닉스(주)-3공장,충청북도 청주시 흥덕구 직지대로 337,0439073463,일반저장,10%PH3/H2,7803-51-2,14.8㎥,20140515,충북본부
268,에스케이하이닉스(주)-3공장,충청북도 청주시 흥덕구 직지대로 337,0439073463,일반저장,CO,630-08-0,144.8㎥,20220825,충북본부
269,에스케이하이닉스(주)-3공장,충청북도 청주시 흥덕구 직지대로 337,0439073463,일반저장,10%PH3/H2,7803-51-2,0㎥,20220825,충북본부
270,에스케이하이닉스(주)-3공장,충청북도 청주시 흥덕구 직지대로 337,0439073463,일반저장,5%PH3/He,7803-51-2,15.65㎥,20220825,충북본부
271,에스케이하이닉스(주)-3공장,충청북도 청주시 흥덕구 직지대로 337,0439073463,일반저장,1%PH3/He,7803-51-2,14.2㎥,20220825,충북본부
272,에스케이하이닉스(주)-3공장,충청북도 청주시 흥덕구 직지대로 337,0439073463,일반저장,NH3,7664-41-7,.047Ton,20220825,충북본부
273,에스케이하이닉스(주)-3공장,충청북도 청주시 흥덕구 직지대로 337,0439073463,일반저장,5%B2H6/N2,19287-45-7,163.2㎥,20220825,충북본부
274,에스케이하이닉스(주)-3공장,충청북도 청주시 흥덕구 직지대로 337,0439073463,일반저장,CO,630-08-0,115.2㎥,20220825,충북본부
275,에스케이하이닉스(주)-3공장,충청북도 청주시 흥덕구 직지대로 337,0439073463,일반저장,Si2H6,1590-87-0,1.27Ton,20220825,충북본부
276,에스케이하이닉스(주)-3공장,충청북도 청주시 흥덕구 직지대로 337,0439073463,일반저장,0.1%B2H6+H2,19287-45-7,42.6㎥,20220825,충북본부
277,에스케이하이닉스(주)-3공장,충청북도 청주시 흥덕구 직지대로 337,0439073463,일반저장,NO,10102-43-9,13.92㎥,20240321,충북본부
278,에스케이하이닉스(주)-3공장,충청북도 청주시 흥덕구 직지대로 337,0439073463,일반저장,CL2,7782-50-5,1.715Ton,20240321,충북본부
279,에스케이하이닉스(주)-3공장,충청북도 청주시 흥덕구 직지대로 337,0439073463,일반저장,NO,10102-43-9,414.4㎥,20240321,충북본부
280,에스케이하이닉스(주)-3공장,충청북도 청주시 흥덕구 직지대로 337,0439073463,일반저장,0.95%F2/3.5%Ar/Ne,7782-41-4,113.28㎥,20240321,충북본부
281,에스케이하이닉스(주)-3공장,충청북도 청주시 흥덕구 직지대로 337,0439073463,일반저장,0.95%F2/1.25%Kr/Ne,7782-41-4,56.64㎥,20240321,충북본부
282,에스케이하이닉스(주)-3공장,충청북도 청주시 흥덕구 직지대로 337,0439073463,일반저장,CF3OF\_,373-91-1,14.2㎥,20240321,충북본부
283,에스케이하이닉스(주)-3공장,충청북도 청주시 흥덕구 직지대로 337,0439073463,일반저장,NO,10102-43-9,278.21㎥,20241119,충북본부
284,에스케이하이닉스(주)-3공장,충청북도 청주시 흥덕구 직지대로 337,0439073463,일반저장,염소,7782-50-5,1.53Ton,20241119,충북본부
285,에스케이하이닉스(주)-3공장,충청북도 청주시 흥덕구 직지대로 337,0439073463,일반저장,브롬화수소,10035-10-6,1.88Ton,20241119,충북본부
286,에스케이하이닉스(주)-3공장,충청북도 청주시 흥덕구 직지대로 337,0439073463,일반저장,CO,630-08-0,144.8㎥,20260119,충북본부
287,청호나이스(주),충청북도 진천군 이월면 진광로 486,0435305421,일반제조,R600a,75-28-5,19.764Ton/day,20211124,충북본부
288,청호나이스(주),충청북도 진천군 이월면 진광로 486,0435305421,일반제조,R600a,75-28-5,.106Ton,20211124,충북본부
289,(주)솔머티리얼즈,충청북도 청주시 청원구 오창읍 후기길 62,0432111881,일반판매,포스핀,7803-51-2,0,20101008,충북본부
290,(주)솔머티리얼즈,충청북도 청주시 청원구 오창읍 후기길 62,0432111881,일반판매,모노실란,7803-62-5,0,20101008,충북본부
291,(주)솔머티리얼즈,충청북도 청주시 청원구 오창읍 후기길 62,0432111881,일반판매,브롬화수소,10035-10-6,0,20101008,충북본부
292,(주)솔머티리얼즈,충청북도 청주시 청원구 오창읍 후기길 62,0432111881,일반판매,염소,7782-50-5,0,20101008,충북본부
293,(주)솔머티리얼즈,충청북도 청주시 청원구 오창읍 후기길 62,0432111881,일반판매,염화수소,7647-01-0,0,20101008,충북본부
294,(주)솔머티리얼즈,충청북도 청주시 청원구 오창읍 후기길 62,0432111881,일반판매,육불화텅스텐,7783-82-6,0,20101008,충북본부
295,(주)솔머티리얼즈,충청북도 청주시 청원구 오창읍 후기길 62,0432111881,일반판매,디실란,1590-87-0,0,20101008,충북본부
296,(주)솔머티리얼즈,충청북도 청주시 청원구 오창읍 후기길 62,0432111881,일반판매,암모니아,7664-41-7,0,20101008,충북본부
297,(주)솔머티리얼즈,충청북도 청주시 청원구 오창읍 후기길 62,0432111881,일반제조,일산화질소,10102-43-9,71㎥,20101008,충북본부
298,(주)솔머티리얼즈,충청북도 청주시 청원구 오창읍 후기길 62,0432111881,일반제조,일산화질소,10102-43-9,720N㎥/day,20101008,충북본부
299,(주)솔머티리얼즈,충청북도 청주시 청원구 오창읍 후기길 62,0432111881,일반제조,모노실란,7803-62-5,7.09㎥,20111008,충북본부
300,(주)솔머티리얼즈,충청북도 청주시 청원구 오창읍 후기길 62,0432111881,일반제조,디실란,1590-87-0,.028Ton,20111008,충북본부
301,(주)솔머티리얼즈,충청북도 청주시 청원구 오창읍 후기길 62,0432111881,일반충전,알진,7784-42-1,.066Ton,20111008,충북본부
302,(주)솔머티리얼즈,충청북도 청주시 청원구 오창읍 후기길 62,0432111881,일반충전,포스핀,7803-51-2,.051Ton,20111008,충북본부
303,(주)솔머티리얼즈,충청북도 청주시 청원구 오창읍 후기길 62,0432111881,일반제조,디실란,1590-87-0,.056Ton,20151008,충북본부
304,(주)솔머티리얼즈,충청북도 청주시 청원구 오창읍 후기길 62,0432111881,일반충전,불소,7782-41-4,14.2㎥,20171008,충북본부
305,(주)엘지화학 오송공장,충청북도 청주시 흥덕구 오송읍 오송생명1로 151,0437106022,특고사용,암모니아,7664-41-7,108㎏,20111006,충북본부
306,주식회사케이비지,충청북도 괴산군 사리면 사리로방축골길 44-86,0438389710,특고사용,암모니아,7664-41-7,100㎏,20140225,충북본부
307,(주)세미테크,충청북도 청주시 청원구 오창읍 양청송대길 82,0432166456,특고사용,포스핀,7803-51-2,68㎥,20120208,충북본부
308,(주)세미테크,충청북도 청주시 청원구 오창읍 양청송대길 82,0432166456,특고사용,삼불화붕소,7637-07-2,68㎥,20120208,충북본부
309,아반시스코리아 주식회사,충청북도 청주시 청원구 오창읍 과학산업4로 34,0432109200,일반저장,황화수소,7783-06-4,.646Ton,20120106,충북본부
310,(주)에프알디,충청북도 진천군 이월면 장수로 343-1,0435360397,일반판매,디보레인,19287-45-7,0,20150118,충북본부
311,(주)에프알디,충청북도 진천군 이월면 장수로 343-1,0435360397,일반판매,암모니아,7664-41-7,0,20150118,충북본부
312,(주)에프알디,충청북도 진천군 이월면 장수로 343-1,0435360397,일반판매,모노게르만,7782-65-2,0,20150118,충북본부
313,(주)에프알디,충청북도 진천군 이월면 장수로 343-1,0435360397,일반판매,불화수소,7664-39-3,0,20150118,충북본부
314,(주)에프알디,충청북도 진천군 이월면 장수로 343-1,0435360397,일반판매,염소,7782-50-5,0,20150118,충북본부
315,(주)에프알디,충청북도 진천군 이월면 장수로 343-1,0435360397,일반판매,브롬화수소,10035-10-6,0,20150118,충북본부
316,(주)에프알디,충청북도 진천군 이월면 장수로 343-1,0435360397,일반판매,염화수소,7647-01-0,0,20150118,충북본부
317,(주)에프알디,충청북도 진천군 이월면 장수로 343-1,0435360397,일반판매,아황산가스,7446-09-5,0,20150118,충북본부
318,(주)에프알디,충청북도 진천군 이월면 장수로 343-1,0435360397,일반판매,일산화질소,10102-43-9,0,20150118,충북본부
319,(주)에프알디,충청북도 진천군 이월면 장수로 343-1,0435360397,일반판매,포스핀,7803-51-2,0,20150118,충북본부
320,(주)에프알디,충청북도 진천군 이월면 장수로 343-1,0435360397,일반판매,SIH4/H2,7803-62-5,0,20150118,충북본부
321,(주)에프알디,충청북도 진천군 이월면 장수로 343-1,0435360397,일반판매,CO,630-08-0,0,20150118,충북본부
322,효성화학(주)옥산공장,충청북도 청주시 흥덕구 옥산면 옥산산단로 99,0432493623,냉동제조,암모니아,7664-41-7,800.62RT,20130820,충북본부
323,디에스엠(구.제니스월드),충청북도 진천군 덕산읍 인화길 128-18,0432783324,일반판매,사불화규소,7783-61-1,0,20170725,충북본부
324,디에스엠(구.제니스월드),충청북도 진천군 덕산읍 인화길 128-18,0432783324,일반판매,BF3,7637-07-2,0,20170725,충북본부
325,디에스엠(구.제니스월드),충청북도 진천군 덕산읍 인화길 128-18,0432783324,일반판매,일산화탄소,630-08-0,0,20170725,충북본부
326,디에스엠(구.제니스월드),충청북도 진천군 덕산읍 인화길 128-18,0432783324,일반판매,NH3,7664-41-7,0,20170725,충북본부
327,디에스엠(구.제니스월드),충청북도 진천군 덕산읍 인화길 128-18,0432783324,일반판매,브롬화수소,10035-10-6,0,20170725,충북본부
328,디에스엠(구.제니스월드),충청북도 진천군 덕산읍 인화길 128-18,0432783324,일반판매,WF6,7783-82-6,0,20170725,충북본부
329,디에스엠(구.제니스월드),충청북도 진천군 덕산읍 인화길 128-18,0432783324,일반판매,CL2,7782-50-5,0,20170725,충북본부
330,디에스엠(구.제니스월드),충청북도 진천군 덕산읍 인화길 128-18,0432783324,일반판매,GEH4,7782-65-2,0,20170725,충북본부
331,디에스엠(구.제니스월드),충청북도 진천군 덕산읍 인화길 128-18,0432783324,일반판매,PH3,7803-51-2,0,20170725,충북본부
332,디에스엠(구.제니스월드),충청북도 진천군 덕산읍 인화길 128-18,0432783324,일반판매,PF3,7783-55-3,0,20170725,충북본부
333,디에스엠(구.제니스월드),충청북도 진천군 덕산읍 인화길 128-18,0432783324,일반판매,BCL3,10294-34-5,0,20170725,충북본부
334,재단법인오송첨단의료산업진흥재단,충청북도 청주시 흥덕구 오송읍 오송생명로 123(시설관리팀),0432009163,특고사용,암모니아,7664-41-7,25.27㎏,20140521,충북본부
335,재단법인오송첨단의료산업진흥재단,충청북도 청주시 흥덕구 오송읍 오송생명로 123(시설관리팀),0432009163,특고사용,C2H4O,75-21-8,72.3㎏,20160623,충북본부
336,(주)케이씨인더스트리얼,"충청북도 진천군 덕산읍 신척산단5로 185, KCTNS 진천공장",0437537800,일반판매,암모니아,7664-41-7,0,20140212,충북본부
337,(주)케이씨인더스트리얼,"충청북도 진천군 덕산읍 신척산단5로 185, KCTNS 진천공장",0437537800,일반판매,일산화질소,10102-43-9,0,20140212,충북본부
338,(주)케이씨인더스트리얼,"충청북도 진천군 덕산읍 신척산단5로 185, KCTNS 진천공장",0437537800,일반판매,불소,7782-41-4,0,20140212,충북본부
339,(주)케이씨인더스트리얼,"충청북도 진천군 덕산읍 신척산단5로 185, KCTNS 진천공장",0437537800,일반판매,염화수소,7647-01-0,0,20140212,충북본부
340,(주)케이씨인더스트리얼,"충청북도 진천군 덕산읍 신척산단5로 185, KCTNS 진천공장",0437537800,일반판매,포스겐,75-44-5,0,20140212,충북본부
341,(주)케이씨인더스트리얼,"충청북도 진천군 덕산읍 신척산단5로 185, KCTNS 진천공장",0437537800,일반판매,일산화탄소,630-08-0,0,20140212,충북본부
342,(주)케이씨인더스트리얼,"충청북도 진천군 덕산읍 신척산단5로 185, KCTNS 진천공장",0437537800,일반판매,디메틸아민(DMA),124-40-3,0,20140212,충북본부
343,(주)케이씨인더스트리얼,"충청북도 진천군 덕산읍 신척산단5로 185, KCTNS 진천공장",0437537800,일반판매,염소,7782-50-5,0,20140212,충북본부
344,(주)케이씨인더스트리얼,"충청북도 진천군 덕산읍 신척산단5로 185, KCTNS 진천공장",0437537800,일반판매,트리메틸아민(TMA),75-50-3,0,20140212,충북본부
345,(주)케이씨인더스트리얼,"충청북도 진천군 덕산읍 신척산단5로 185, KCTNS 진천공장",0437537800,일반판매,브롬화수소,10035-10-6,0,20140212,충북본부
346,(주)케이씨인더스트리얼,"충청북도 진천군 덕산읍 신척산단5로 185, KCTNS 진천공장",0437537800,일반판매,황화수소,7783-06-4,0,20140212,충북본부
347,(주)케이씨인더스트리얼,"충청북도 진천군 덕산읍 신척산단5로 185, KCTNS 진천공장",0437537800,일반판매,사불화메탄,75-73-0,0,20140212,충북본부
348,(주)케이씨인더스트리얼,"충청북도 진천군 덕산읍 신척산단5로 185, KCTNS 진천공장",0437537800,일반판매,디실란,1590-87-0,0,20140212,충북본부
349,(주)케이씨인더스트리얼,"충청북도 진천군 덕산읍 신척산단5로 185, KCTNS 진천공장",0437537800,일반판매,포스핀,7803-51-2,0,20140212,충북본부
350,(주)케이씨인더스트리얼,"충청북도 진천군 덕산읍 신척산단5로 185, KCTNS 진천공장",0437537800,일반판매,디보레인,19287-45-7,0,20140212,충북본부
351,(주)케이씨인더스트리얼,"충청북도 진천군 덕산읍 신척산단5로 185, KCTNS 진천공장",0437537800,일반판매,산화에틸렌,75-21-8,0,20140212,충북본부
352,대청특수가스텍,충청북도 옥천군 군서면 성왕로 831,0437322525,일반판매,포스핀,7803-51-2,0,20150515,충북본부
353,대청특수가스텍,충청북도 옥천군 군서면 성왕로 831,0437322525,일반판매,염소,7782-50-5,0,20150515,충북본부
354,대청특수가스텍,충청북도 옥천군 군서면 성왕로 831,0437322525,일반판매,암모니아,7664-41-7,0,20150515,충북본부
355,대청특수가스텍,충청북도 옥천군 군서면 성왕로 831,0437322525,일반판매,모노실란,7803-62-5,0,20150515,충북본부
356,(주)맘스터치앤컴퍼니,충청북도 진천군 덕산읍 신척산단1로 5,0437537251,냉동제조,암모니아,7664-41-7,203.96RT,20160608,충북본부
357,가스켐테크놀로지(주),충청북도 진천군 덕산읍 신척산단5로 74,0435329611,일반판매,염소,7782-50-5,0,20150515,충북본부
358,가스켐테크놀로지(주),충청북도 진천군 덕산읍 신척산단5로 74,0435329611,일반판매,일산화탄소,630-08-0,0,20150515,충북본부
359,가스켐테크놀로지(주),충청북도 진천군 덕산읍 신척산단5로 74,0435329611,일반판매,삼염화붕소,10294-34-5,0,20150515,충북본부
360,가스켐테크놀로지(주),충청북도 진천군 덕산읍 신척산단5로 74,0435329611,일반판매,암모니아,7664-41-7,0,20150515,충북본부
361,가스켐테크놀로지(주),충청북도 진천군 덕산읍 신척산단5로 74,0435329611,일반판매,염화수소,7647-01-0,0,20150515,충북본부
362,가스켐테크놀로지(주),충청북도 진천군 덕산읍 신척산단5로 74,0435329611,일반판매,브롬화수소,10035-10-6,0,20150515,충북본부
363,가스켐테크놀로지(주),충청북도 진천군 덕산읍 신척산단5로 74,0435329611,일반충전,일산화탄소,630-08-0,7.09㎥,20210423,충북본부
364,신흥산업가스(주),충청북도 옥천군 군서면 성왕로 837,0437333400,일반판매,불소,7782-41-4,0,20150417,충북본부
365,신흥산업가스(주),충청북도 옥천군 군서면 성왕로 837,0437333400,일반판매,염화메탄,74-87-3,0,20150417,충북본부
366,신흥산업가스(주),충청북도 옥천군 군서면 성왕로 837,0437333400,일반판매,아황산가스,7446-09-5,0,20150417,충북본부
367,신흥산업가스(주),충청북도 옥천군 군서면 성왕로 837,0437333400,일반판매,황화수소,7783-06-4,0,20150417,충북본부
368,신흥산업가스(주),충청북도 옥천군 군서면 성왕로 837,0437333400,일반판매,불화수소,7664-39-3,0,20150417,충북본부
369,신흥산업가스(주),충청북도 옥천군 군서면 성왕로 837,0437333400,일반판매,삼염화붕소,10294-34-5,0,20150417,충북본부
370,신흥산업가스(주),충청북도 옥천군 군서면 성왕로 837,0437333400,일반판매,일산화탄소,630-08-0,0,20150417,충북본부
371,신흥산업가스(주),충청북도 옥천군 군서면 성왕로 837,0437333400,일반판매,산화에틸렌,75-21-8,0,20150417,충북본부
372,신흥산업가스(주),충청북도 옥천군 군서면 성왕로 837,0437333400,일반판매,염소,7782-50-5,0,20150417,충북본부
373,신흥산업가스(주),충청북도 옥천군 군서면 성왕로 837,0437333400,일반판매,염화수소,7647-01-0,0,20150417,충북본부
374,신흥산업가스(주),충청북도 옥천군 군서면 성왕로 837,0437333400,일반판매,암모니아,7664-41-7,0,20150417,충북본부
375,신흥산업가스(주),충청북도 옥천군 군서면 성왕로 837,0437333400,일반판매,디보레인,19287-45-7,0,20150417,충북본부
376,신흥산업가스(주),충청북도 옥천군 군서면 성왕로 837,0437333400,일반판매,육불화텅스텐,7783-82-6,0,20150417,충북본부
377,한국노블가스(주),충청북도 옥천군 옥천읍 청풍로 66,0429323300,일반판매,염소,7782-50-5,0,20150710,충북본부
378,한국노블가스(주),충청북도 옥천군 옥천읍 청풍로 66,0429323300,일반판매,불소,7782-41-4,0,20150710,충북본부
379,한국노블가스(주),충청북도 옥천군 옥천읍 청풍로 66,0429323300,일반판매,암모니아,7664-41-7,0,20150710,충북본부
380,한국노블가스(주),충청북도 옥천군 옥천읍 청풍로 66,0429323300,일반판매,디보레인,19287-45-7,0,20150710,충북본부
381,티이엠씨에이엠(주),"충청북도 청주시 상당구 가덕면 국전삼항길 130, 1층",0432983333,일반판매,포스핀,7803-51-2,0,20161205,충북본부
382,티이엠씨에이엠(주),"충청북도 청주시 상당구 가덕면 국전삼항길 130, 1층",0432983333,일반판매,일산화탄소,630-08-0,0,20161205,충북본부
383,티이엠씨에이엠(주),"충청북도 청주시 상당구 가덕면 국전삼항길 130, 1층",0432983333,일반판매,헥사플루오로시클로부텐,697-11-0,0,20161205,충북본부
384,티이엠씨에이엠(주),"충청북도 청주시 상당구 가덕면 국전삼항길 130, 1층",0432983333,일반판매,암모니아,7664-41-7,0,20161205,충북본부
385,티이엠씨에이엠(주),"충청북도 청주시 상당구 가덕면 국전삼항길 130, 1층",0432983333,일반판매,플루오르,7782-41-4,0,20161205,충북본부
386,티이엠씨에이엠(주),"충청북도 청주시 상당구 가덕면 국전삼항길 130, 1층",0432983333,일반판매,삼불화붕소,7637-07-2,0,20161205,충북본부
387,티이엠씨에이엠(주),"충청북도 청주시 상당구 가덕면 국전삼항길 130, 1층",0432983333,일반판매,모노클로로실란,13465-78-6,0,20161205,충북본부
388,티이엠씨에이엠(주),"충청북도 청주시 상당구 가덕면 국전삼항길 130, 1층",0432983333,일반판매,삼불화인,7783-55-3,0,20161205,충북본부
389,티이엠씨에이엠(주),"충청북도 청주시 상당구 가덕면 국전삼항길 130, 1층",0432983333,일반판매,테트라플루오로실란,7783-61-1,0,20161205,충북본부
390,티이엠씨에이엠(주),"충청북도 청주시 상당구 가덕면 국전삼항길 130, 1층",0432983333,일반판매,삼염화붕소,10294-34-5,0,20161205,충북본부
391,티이엠씨에이엠(주),"충청북도 청주시 상당구 가덕면 국전삼항길 130, 1층",0432983333,일반판매,디실란,1590-87-0,0,20161205,충북본부
392,티이엠씨에이엠(주),"충청북도 청주시 상당구 가덕면 국전삼항길 130, 1층",0432983333,일반판매,브롬화수소,10035-10-6,0,20161205,충북본부
393,티이엠씨에이엠(주),"충청북도 청주시 상당구 가덕면 국전삼항길 130, 1층",0432983333,일반판매,염소,7782-50-5,0,20161205,충북본부
394,페스웰주식회사,충청북도 진천군 덕산읍 산수산단1로 31,0435317933,일반제조,암모니아,7664-41-7,13.25Ton,20160113,충북본부
395,페스웰주식회사,충청북도 진천군 덕산읍 산수산단1로 31,0435317933,일반제조,암모니아,7664-41-7,9.6Ton/day,20160113,충북본부
396,(주)엠에스가스 청주공장,충청북도 청주시 청원구 오창읍 호죽화산로 315,0437241215,일반판매,사불화메탄,75-73-0,0,20180327,충북본부
397,(주)엠에스가스 청주공장,충청북도 청주시 청원구 오창읍 호죽화산로 315,0437241215,일반충전,일산화질소,10102-43-9,7㎥,20180207,충북본부
398,(주)엠에스가스 청주공장,충청북도 청주시 청원구 오창읍 호죽화산로 315,0437241215,일반충전,일산화탄소,630-08-0,7㎥,20180207,충북본부
399,(주)엠에스가스 청주공장,충청북도 청주시 청원구 오창읍 호죽화산로 315,0437241215,일반충전,아황산가스,7446-09-5,.055Ton,20180207,충북본부
400,(주)엠에스가스 청주공장,충청북도 청주시 청원구 오창읍 호죽화산로 315,0437241215,일반충전,황화수소,7783-06-4,.032Ton,20180207,충북본부
401,(주)엠에스가스 청주공장,충청북도 청주시 청원구 오창읍 호죽화산로 315,0437241215,일반충전,암모니아,7664-41-7,15.57Ton,20180202,충북본부
402,(주)엠에스가스 청주공장,충청북도 청주시 청원구 오창읍 호죽화산로 315,0437241215,일반충전,포스핀,7803-51-2,20.88㎥,20230202,충북본부
403,(주)피앤테크,충청북도 청주시 청원구 무심동로 782,0432113915,특고사용,암모니아,7664-41-7,25.27㎏,20150807,충북본부
404,(주)피앤테크,충청북도 청주시 청원구 무심동로 782,0432113915,특고사용,모노실란,7803-62-5,7.1㎥,20150807,충북본부
405,한화솔루션(주)진천사업장,충청북도 진천군 이월면 산수산단2로 202 한화솔루션,0435348360,일반저장,암모니아,7664-41-7,23.01Ton,20151124,충북본부
406,한화솔루션(주)진천사업장,충청북도 진천군 이월면 산수산단2로 202 한화솔루션,0435348360,일반저장,모노실란,7803-62-5,6172.32㎥,20151124,충북본부
407,한화솔루션(주)진천사업장,충청북도 진천군 이월면 산수산단2로 202 한화솔루션,0435348360,일반저장,PH3/H2,7803-51-2,1175.68㎥,20230524,충북본부
408,선도산업(주)진천공장,충청북도 진천군 이월면 산수산단2로 241,0435361631,일반판매,포스핀/질소,7803-51-2,0,20160327,충북본부
409,선도산업(주)진천공장,충청북도 진천군 이월면 산수산단2로 241,0435361631,일반판매,SiH4/N2,7803-62-5,0,20160327,충북본부
410,선도산업(주)진천공장,충청북도 진천군 이월면 산수산단2로 241,0435361631,일반판매,염화수소,7647-01-0,0,20160327,충북본부
411,선도산업(주)진천공장,충청북도 진천군 이월면 산수산단2로 241,0435361631,일반판매,GeH4/H2,7782-65-2,0,20160327,충북본부
412,선도산업(주)진천공장,충청북도 진천군 이월면 산수산단2로 241,0435361631,일반판매,염소,7782-50-5,0,20160327,충북본부
413,선도산업(주)진천공장,충청북도 진천군 이월면 산수산단2로 241,0435361631,일반판매,포스핀,7803-51-2,0,20160327,충북본부
414,선도산업(주)진천공장,충청북도 진천군 이월면 산수산단2로 241,0435361631,일반판매,포스핀/질소,7803-51-2,0,20160327,충북본부
415,선도산업(주)진천공장,충청북도 진천군 이월면 산수산단2로 241,0435361631,일반판매,PH3/H2,7803-51-2,0,20160327,충북본부
416,(주)에코화인,충청북도 진천군 덕산읍 산수산단2로 144,0435377677,일반판매,R600a,75-28-5,0,20160706,충북본부
417,(주)원익머트리얼즈\_2공장,충청북도 청주시 청원구 오창읍 양청3길 30,0432104300,일반저장,염소,7782-50-5,6Ton,20160120,충북본부
418,(주)원익머트리얼즈\_2공장,충청북도 청주시 청원구 오창읍 양청3길 30,0432104300,일반판매,0.95%F2/3.5%Ar/Ne,7782-41-4,0,20180120,충북본부
419,(주)원익머트리얼즈\_2공장,충청북도 청주시 청원구 오창읍 양청3길 30,0432104300,일반판매,10%GEH4/H2,7782-65-2,0,20180120,충북본부
420,(주)원익머트리얼즈\_2공장,충청북도 청주시 청원구 오창읍 양청3길 30,0432104300,일반판매,PH3/H2,7803-51-2,0,20180120,충북본부
421,(주)원익머트리얼즈\_2공장,충청북도 청주시 청원구 오창읍 양청3길 30,0432104300,일반판매,PF3,7783-55-3,0,20180120,충북본부
422,(주)원익머트리얼즈\_2공장,충청북도 청주시 청원구 오창읍 양청3길 30,0432104300,일반판매,B2H6/H2,19287-45-7,0,20180120,충북본부
423,(주)원익머트리얼즈\_2공장,충청북도 청주시 청원구 오창읍 양청3길 30,0432104300,일반판매,BCl3,10294-34-5,0,20180120,충북본부
424,(주)원익머트리얼즈\_2공장,충청북도 청주시 청원구 오창읍 양청3길 30,0432104300,일반판매,NH3,7664-41-7,0,20180120,충북본부
425,(주)원익머트리얼즈\_2공장,충청북도 청주시 청원구 오창읍 양청3길 30,0432104300,일반판매,Si2H6,1590-87-0,0,20180120,충북본부
426,(주)원익머트리얼즈\_2공장,충청북도 청주시 청원구 오창읍 양청3길 30,0432104300,일반판매,CO,630-08-0,0,20180120,충북본부
427,(주)원익머트리얼즈\_2공장,충청북도 청주시 청원구 오창읍 양청3길 30,0432104300,일반판매,CL2,7782-50-5,0,20180120,충북본부
428,(주)원익머트리얼즈\_2공장,충청북도 청주시 청원구 오창읍 양청3길 30,0432104300,일반판매,BF3,7637-07-2,0,20180120,충북본부
429,(주)원익머트리얼즈\_2공장,충청북도 청주시 청원구 오창읍 양청3길 30,0432104300,일반판매,NO,10102-43-9,0,20180120,충북본부
430,(주)원익머트리얼즈\_2공장,충청북도 청주시 청원구 오창읍 양청3길 30,0432104300,일반저장,암모니아,7664-41-7,.101Ton,20200120,충북본부
431,(주)원익머트리얼즈\_2공장,충청북도 청주시 청원구 오창읍 양청3길 30,0432104300,특고사용,모노실란,7803-62-5,14.194㎥,,충북본부
432,(주)원익머트리얼즈\_2공장,충청북도 청주시 청원구 오창읍 양청3길 30,0432104300,일반제조,암모니아,7664-41-7,6.055Ton,20200120,충북본부
433,(주)원익머트리얼즈\_2공장,충청북도 청주시 청원구 오창읍 양청3길 30,0432104300,일반제조,암모니아,7664-41-7,3.6Ton/day,20200120,충북본부
434,식품의약품안전평가원,충청북도 청주시 흥덕구 오송읍 오송생명2로 187 식품의약품안전평가원,0437194102,특고사용,암모니아,7664-41-7,50.54㎏,20160902,충북본부
435,식품의약품안전평가원,충청북도 청주시 흥덕구 오송읍 오송생명2로 187 식품의약품안전평가원,0437194102,특고사용,암모니아,7664-41-7,101.08㎏,20160902,충북본부
436,(주)에스아이테크,충청북도 진천군 문백면 계산2길 72-78,0435326894,특고사용,암모니아,7664-41-7,226㎏,20160617,충북본부
437,조인패스(주),충청북도 증평군 도안면 증평2산단로 53,07048951436,일반판매,디실란,1590-87-0,0,20161226,충북본부
438,조인패스(주),충청북도 증평군 도안면 증평2산단로 53,07048951436,일반판매,C4F6,685-63-2,0,20161226,충북본부
439,조인패스(주),충청북도 증평군 도안면 증평2산단로 53,07048951436,일반판매,10%GEH4/H2,7782-65-2,0,20161226,충북본부
440,티이엠씨(주)A공장,충청북도 보은군 삼승면 남부로 3750-148,0432983333,일반판매,50% SiH2Cl2/N2,4109-96-0,0,20190312,충북본부
441,티이엠씨(주)A공장,충청북도 보은군 삼승면 남부로 3750-148,0432983333,일반판매,HCl/H2/Ne,7647-01-0,0,20190312,충북본부
442,티이엠씨(주)A공장,충청북도 보은군 삼승면 남부로 3750-148,0432983333,일반판매,HCl/Xe/H2/Ne,7647-01-0,0,20190312,충북본부
443,티이엠씨(주)A공장,충청북도 보은군 삼승면 남부로 3750-148,0432983333,일반판매,BF3,7637-07-2,0,20190312,충북본부
444,티이엠씨(주)A공장,충청북도 보은군 삼승면 남부로 3750-148,0432983333,일반판매,사불화저메인,7783-58-6,0,20190312,충북본부
445,티이엠씨(주)A공장,충청북도 보은군 삼승면 남부로 3750-148,0432983333,일반판매,50% Si2H6/H2,1590-87-0,0,20190312,충북본부
446,티이엠씨(주)A공장,충청북도 보은군 삼승면 남부로 3750-148,0432983333,일반판매,50% Si2H6/N2,1590-87-0,0,20190312,충북본부
447,티이엠씨(주)A공장,충청북도 보은군 삼승면 남부로 3750-148,0432983333,일반판매,HCl/Xe/Ne,7647-01-0,0,20190312,충북본부
448,티이엠씨(주)A공장,충청북도 보은군 삼승면 남부로 3750-148,0432983333,일반판매,포스핀,7803-51-2,0,20190312,충북본부
449,티이엠씨(주)A공장,충청북도 보은군 삼승면 남부로 3750-148,0432983333,일반판매,포스핀+수소,7803-51-2,0,20190312,충북본부
450,티이엠씨(주)A공장,충청북도 보은군 삼승면 남부로 3750-148,0432983333,일반판매,20%아르신/질소 혼합,7784-42-1,0,20190312,충북본부
451,티이엠씨(주)A공장,충청북도 보은군 삼승면 남부로 3750-148,0432983333,일반판매,모노클로로실란,13465-78-6,0,20190312,충북본부
452,티이엠씨(주)A공장,충청북도 보은군 삼승면 남부로 3750-148,0432983333,일반판매,50% 헥사플루오로프로판/질소,690-39-1,0,20190312,충북본부
453,티이엠씨(주)A공장,충청북도 보은군 삼승면 남부로 3750-148,0432983333,일반판매,헥사플루오로프로판,690-39-1,0,20190312,충북본부
454,티이엠씨(주)A공장,충청북도 보은군 삼승면 남부로 3750-148,0432983333,일반판매,CO+CO2+N2,630-08-0,0,20190312,충북본부
455,티이엠씨(주)A공장,충청북도 보은군 삼승면 남부로 3750-148,0432983333,일반판매,80% CO/N2,630-08-0,0,20190312,충북본부
456,티이엠씨(주)A공장,충청북도 보은군 삼승면 남부로 3750-148,0432983333,일반판매,CO,630-08-0,0,20190312,충북본부
457,티이엠씨(주)A공장,충청북도 보은군 삼승면 남부로 3750-148,0432983333,일반판매,20%아르신/수소혼합,7784-42-1,0,20190312,충북본부
458,티이엠씨(주)A공장,충청북도 보은군 삼승면 남부로 3750-148,0432983333,일반판매,육불화텅스텐,7783-82-6,0,20190312,충북본부
459,티이엠씨(주)A공장,충청북도 보은군 삼승면 남부로 3750-148,0432983333,일반판매,80%게르만/수소혼합,7782-65-2,0,20190312,충북본부
460,티이엠씨(주)A공장,충청북도 보은군 삼승면 남부로 3750-148,0432983333,일반판매,HCl/N2,7647-01-0,0,20190312,충북본부
461,티이엠씨(주)A공장,충청북도 보은군 삼승면 남부로 3750-148,0432983333,일반판매,BCl3/O2/Ne,10294-34-5,0,20190312,충북본부
462,티이엠씨(주)A공장,충청북도 보은군 삼승면 남부로 3750-148,0432983333,일반판매,염소,7782-50-5,0,20190312,충북본부
463,티이엠씨(주)A공장,충청북도 보은군 삼승면 남부로 3750-148,0432983333,일반판매,Si2H6,1590-87-0,0,20190312,충북본부
464,티이엠씨(주)A공장,충청북도 보은군 삼승면 남부로 3750-148,0432983333,일반판매,디메틸아민(DMA),124-40-3,0,20190312,충북본부
465,티이엠씨(주)A공장,충청북도 보은군 삼승면 남부로 3750-148,0432983333,일반판매,SiH2CL2,4109-96-0,0,20190312,충북본부
466,티이엠씨(주)A공장,충청북도 보은군 삼승면 남부로 3750-148,0432983333,일반판매,NH3,7664-41-7,0,20190312,충북본부
467,티이엠씨(주)A공장,충청북도 보은군 삼승면 남부로 3750-148,0432983333,일반판매,H2S,7783-06-4,0,20190312,충북본부
468,티이엠씨(주)A공장,충청북도 보은군 삼승면 남부로 3750-148,0432983333,일반판매,삼염화붕소,10294-34-5,0,20190312,충북본부
469,티이엠씨(주)A공장,충청북도 보은군 삼승면 남부로 3750-148,0432983333,일반판매,테트라플루오로실란,7783-61-1,0,20190312,충북본부
470,티이엠씨(주)A공장,충청북도 보은군 삼승면 남부로 3750-148,0432983333,일반판매,테트라플루오로실란/질소,7783-61-1,0,20190312,충북본부
471,티이엠씨(주)A공장,충청북도 보은군 삼승면 남부로 3750-148,0432983333,일반판매,헥사플루오로시클로부텐,697-11-0,0,20190312,충북본부
472,티이엠씨(주)A공장,충청북도 보은군 삼승면 남부로 3750-148,0432983333,일반판매,NO+CO+N2,630-08-0,0,20190312,충북본부
473,티이엠씨(주)A공장,충청북도 보은군 삼승면 남부로 3750-148,0432983333,일반판매,플루오르,7782-41-4,0,20190312,충북본부
474,티이엠씨(주)A공장,충청북도 보은군 삼승면 남부로 3750-148,0432983333,일반판매,NH3+He,7664-41-7,0,20190312,충북본부
475,티이엠씨(주)A공장,충청북도 보은군 삼승면 남부로 3750-148,0432983333,일반판매,B2H6,19287-45-7,0,20190312,충북본부
476,티이엠씨(주)A공장,충청북도 보은군 삼승면 남부로 3750-148,0432983333,일반판매,B2H6+H2,19287-45-7,0,20190312,충북본부
477,티이엠씨(주)A공장,충청북도 보은군 삼승면 남부로 3750-148,0432983333,일반제조,일산화탄소,630-08-0,2605.74㎥,20190312,충북본부
478,티이엠씨(주)A공장,충청북도 보은군 삼승면 남부로 3750-148,0432983333,일반제조,일산화탄소,630-08-0,1440N㎥/day,20190312,충북본부
479,티이엠씨(주)A공장,충청북도 보은군 삼승면 남부로 3750-148,0432983333,일반충전,포스핀,7803-51-2,13.822㎥,20240116,충북본부
480,한국가스안전공사 산업가스안전기술센터,충청북도 진천군 덕산읍 산수산단2로 76,0437501700,특고사용,PH3,7803-51-2,.001㎥,20201218,충북본부
481,한국가스안전공사 산업가스안전기술센터,충청북도 진천군 덕산읍 산수산단2로 76,0437501700,특고사용,GEH4,7782-65-2,.001㎥,20201218,충북본부
482,에스케이하이닉스(주)-4공장,충청북도 청주시 흥덕구 에스케이로 120 M15,0439073463,일반저장,PF3,7783-55-3,1.919Ton,20180809,충북본부
483,에스케이하이닉스(주)-4공장,충청북도 청주시 흥덕구 에스케이로 120 M15,0439073463,일반저장,1%BCl3/N2,10294-34-5,14.8㎥,20180809,충북본부
484,에스케이하이닉스(주)-4공장,충청북도 청주시 흥덕구 에스케이로 120 M15,0439073463,일반저장,CL2,7782-50-5,1.643Ton,20180809,충북본부
485,에스케이하이닉스(주)-4공장,충청북도 청주시 흥덕구 에스케이로 120 M15,0439073463,일반저장,NO,10102-43-9,1420.64㎥,20180809,충북본부
486,에스케이하이닉스(주)-4공장,충청북도 청주시 흥덕구 에스케이로 120 M15,0439073463,일반저장,0.95%F2/3.5%Ar/Ne,7782-41-4,112.2㎥,20180809,충북본부
487,에스케이하이닉스(주)-4공장,충청북도 청주시 흥덕구 에스케이로 120 M15,0439073463,일반저장,0.95%F2/1.25%Kr/Ne,7782-41-4,50.91㎥,20180809,충북본부
488,에스케이하이닉스(주)-4공장,충청북도 청주시 흥덕구 에스케이로 120 M15,0439073463,일반저장,0.95%F2/3.5%Ar/Ne,7782-41-4,113.552㎥,20220817,충북본부
489,에스케이하이닉스(주)-4공장,충청북도 청주시 흥덕구 에스케이로 120 M15,0439073463,일반저장,0.95%F2/1.25%Kr/Ne,7782-41-4,113.552㎥,20220817,충북본부
490,에스케이하이닉스(주)-4공장,충청북도 청주시 흥덕구 에스케이로 120 M15,0439073463,일반저장,NO,10102-43-9,681.312㎥,20220817,충북본부
491,에스케이하이닉스(주)-4공장,충청북도 청주시 흥덕구 에스케이로 120 M15,0439073463,일반저장,CL2,7782-50-5,1.88Ton,20220817,충북본부
492,에스케이하이닉스(주)-4공장,충청북도 청주시 흥덕구 에스케이로 120 M15,0439073463,일반저장,PF3,7783-55-3,2.186Ton,20220817,충북본부
493,에스케이하이닉스(주)-4공장,충청북도 청주시 흥덕구 에스케이로 120 M15,0439073463,일반저장,Si2H6,1590-87-0,.515Ton,20220817,충북본부
494,에스케이하이닉스(주)-4공장,충청북도 청주시 흥덕구 에스케이로 120 M15,0439073463,일반저장,5%PH3/He,7803-51-2,42.582㎥,20220817,충북본부
495,에스케이하이닉스(주)-4공장,충청북도 청주시 흥덕구 에스케이로 120 M15,0439073463,일반저장,10%PH3/H2,7803-51-2,28.388㎥,20220817,충북본부
496,에스케이하이닉스(주)-4공장,충청북도 청주시 흥덕구 에스케이로 120 M15,0439073463,일반저장,1%PH3/He,7803-51-2,85.164㎥,20220817,충북본부
497,에스케이하이닉스(주)-4공장,충청북도 청주시 흥덕구 에스케이로 120 M15,0439073463,일반저장,5%B2H6/N2,19287-45-7,184.522㎥,20220817,충북본부
498,에스케이하이닉스(주)-4공장,충청북도 청주시 흥덕구 에스케이로 120 M15,0439073463,일반저장,CO,630-08-0,454.208㎥,20220817,충북본부
499,에스케이하이닉스(주)-4공장,충청북도 청주시 흥덕구 에스케이로 120 M15,0439073463,일반저장,10%PH3/H2,7803-51-2,42.58㎥,20231205,충북본부
500,에스케이하이닉스(주)-4공장,충청북도 청주시 흥덕구 에스케이로 120 M15,0439073463,일반저장,Si2H6,1590-87-0,1.016Ton,20231205,충북본부
501,에스케이하이닉스(주)-4공장,충청북도 청주시 흥덕구 에스케이로 120 M15,0439073463,일반저장,5%PH3/He,7803-51-2,44.4㎥,20231205,충북본부
502,에스케이하이닉스(주)-4공장,충청북도 청주시 흥덕구 에스케이로 120 M15,0439073463,일반저장,CO,630-08-0,387.72㎥,20231205,충북본부
503,에스케이하이닉스(주)-4공장,충청북도 청주시 흥덕구 에스케이로 120 M15,0439073463,일반저장,5%B2H6/N2,19287-45-7,444㎥,20231205,충북본부
504,에스케이하이닉스(주)-4공장,충청북도 청주시 흥덕구 에스케이로 120 M15,0439073463,일반저장,1%PH3/He,7803-51-2,184.6㎥,20231205,충북본부
505,에스케이하이닉스(주)-4공장,충청북도 청주시 흥덕구 에스케이로 120 M15,0439073463,일반저장,염소,7782-50-5,1311.476㎏,,충북본부
506,에스케이하이닉스(주)-4공장,충청북도 청주시 흥덕구 에스케이로 120 M15,0439073463,일반저장,일산화탄소,630-08-0,28.584㎥,,충북본부
507,에스케이하이닉스(주)-4공장,충청북도 청주시 흥덕구 에스케이로 120 M15,0439073463,일반저장,0.1%B2H6/H2,19287-45-7,110.528㎥,,충북본부
508,에스케이하이닉스(주)-4공장,충청북도 청주시 흥덕구 에스케이로 120 M15,0439073463,일반저장,Si2H6,1590-87-0,770.49㎏,,충북본부
509,에스케이하이닉스(주)-4공장,충청북도 청주시 흥덕구 에스케이로 120 M15,0439073463,일반저장,1%GeH4/H2,7782-65-2,67.92㎥,,충북본부
510,에스케이하이닉스(주)-4공장,충청북도 청주시 흥덕구 에스케이로 120 M15,0439073463,일반저장,10%GEH4/H2,7782-65-2,110.528㎥,,충북본부
511,에스케이하이닉스(주)-4공장,충청북도 청주시 흥덕구 에스케이로 120 M15,0439073463,일반저장,일산화탄소,630-08-0,114.336㎥,,충북본부
512,에스케이하이닉스(주)-4공장,충청북도 청주시 흥덕구 에스케이로 120 M15,0439073463,일반저장,10%B2H6+H2,19287-45-7,20.724㎥,,충북본부
513,에스케이하이닉스(주)-4공장,충청북도 청주시 흥덕구 에스케이로 120 M15,0439073463,일반저장,10%GEH4/H2,7782-65-2,41.448㎥,,충북본부
514,에스케이하이닉스(주)-4공장,충청북도 청주시 흥덕구 에스케이로 120 M15,0439073463,일반저장,5%B2H6/N2,19287-45-7,69.08㎥,,충북본부
515,에스케이하이닉스(주)-4공장,충청북도 청주시 흥덕구 에스케이로 120 M15,0439073463,일반저장,10%PH3/H2,7803-51-2,93.624㎥,,충북본부
516,에스케이하이닉스(주)-4공장,충청북도 청주시 흥덕구 에스케이로 120 M15,0439073463,일반저장,10%PH3/H2,7803-51-2,31.208㎥,,충북본부
517,에스케이하이닉스(주)-4공장,충청북도 청주시 흥덕구 에스케이로 120 M15,0439073463,일반저장,15%B2H6/H2,19287-45-7,13.816㎥,,충북본부
518,에스케이하이닉스(주)-4공장,충청북도 청주시 흥덕구 에스케이로 120 M15,0439073463,일반저장,1%B2H6/H2,19287-45-7,20.724㎥,,충북본부
519,에스케이하이닉스(주)-4공장,충청북도 청주시 흥덕구 에스케이로 120 M15,0439073463,일반저장,15%B2H6/H2,19287-45-7,20.724㎥,,충북본부
520,에스케이하이닉스(주)-4공장,충청북도 청주시 흥덕구 에스케이로 120 M15,0439073463,일반저장,1%PH3/He,7803-51-2,82.944㎥,,충북본부
521,에스케이하이닉스(주)-4공장,충청북도 청주시 흥덕구 에스케이로 120 M15,0439073463,일반저장,Si2H6,1590-87-0,1540.98㎏,,충북본부
522,에스케이하이닉스(주)-4공장,충청북도 청주시 흥덕구 에스케이로 120 M15,0439073463,일반저장,1%B2H6/H2,19287-45-7,165.792㎥,,충북본부
523,에스케이하이닉스(주)-4공장,충청북도 청주시 흥덕구 에스케이로 120 M15,0439073463,일반저장,0.1%B2H6/H2,19287-45-7,20.442㎥,,충북본부
524,에스케이하이닉스(주)-4공장,충청북도 청주시 흥덕구 에스케이로 120 M15,0439073463,일반저장,5%B2H6/N2,19287-45-7,55.264㎥,,충북본부
525,에스케이하이닉스(주)-4공장,충청북도 청주시 흥덕구 에스케이로 120 M15,0439073463,일반저장,10%B2H6+H2,19287-45-7,110.528㎥,,충북본부
526,에스케이하이닉스(주)-4공장,충청북도 청주시 흥덕구 에스케이로 120 M15,0439073463,일반저장,1%PH3/He,7803-51-2,96.768㎥,,충북본부
527,에스케이하이닉스(주)-4공장,충청북도 청주시 흥덕구 에스케이로 120 M15,0439073463,일반저장,BF3,7637-07-2,253.372㎏,,충북본부
528,에스케이하이닉스(주)-4공장,충청북도 청주시 흥덕구 에스케이로 120 M15,0439073463,일반저장,브롬화수소,10035-10-6,1153.092㎏,,충북본부
529,에스케이하이닉스(주)-4공장,충청북도 청주시 흥덕구 에스케이로 120 M15,0439073463,일반저장,브롬화수소,10035-10-6,1153.092㎏,,충북본부
530,에스케이하이닉스(주)-4공장,충청북도 청주시 흥덕구 에스케이로 120 M15,0439073463,일반저장,0.95%F2/3.5%Ar/Ne,7782-41-4,41.472㎥,,충북본부
531,에스케이하이닉스(주)-4공장,충청북도 청주시 흥덕구 에스케이로 120 M15,0439073463,일반저장,0.95%F2/1.25%Kr/Ne,7782-41-4,55.296㎥,,충북본부
532,에스케이하이닉스(주)-4공장,충청북도 청주시 흥덕구 에스케이로 120 M15,0439073463,일반저장,0.95%F2/3.5%Ar/Ne,7782-41-4,55.296㎥,,충북본부
533,에스케이하이닉스(주)-4공장,충청북도 청주시 흥덕구 에스케이로 120 M15,0439073463,일반저장,BF3,7637-07-2,1520.232㎏,,충북본부
534,롯데쇼핑(주) 롯데신선품질혁신센터,"충청북도 증평군 도안면 증평2산단로 95 물류센터,신선가공센터",0437602500,냉동제조,암모니아,7664-41-7,985.54RT,20180110,충북본부
535,에스케이에어코어(주)\_1공장 PH1,충청북도 청주시 흥덕구 2순환로894번길 63,07074371500,일반저장,모노실란,7803-62-5,3086.16㎥,20181007,충북본부
536,에스케이에어코어(주)\_1공장 PH1,충청북도 청주시 흥덕구 2순환로894번길 63,07074371500,일반저장,모노실란,7803-62-5,3086.16㎥,20181007,충북본부
537,에스케이에어코어(주)\_1공장 PH1,충청북도 청주시 흥덕구 2순환로894번길 63,07074371500,일반저장,모노실란,7803-62-5,3086.16㎥,20181007,충북본부
538,에스케이에어코어(주)\_1공장 PH1,충청북도 청주시 흥덕구 2순환로894번길 63,07074371500,일반저장,모노실란,7803-62-5,3086.16㎥,20181007,충북본부
539,에스케이에어코어(주)\_1공장 PH1,충청북도 청주시 흥덕구 2순환로894번길 63,07074371500,일반저장,암모니아,7664-41-7,10.695Ton,20181007,충북본부
540,에스케이에어코어(주)\_1공장 PH1,충청북도 청주시 흥덕구 2순환로894번길 63,07074371500,일반저장,암모니아,7664-41-7,10.695Ton,20181007,충북본부
541,에스케이에어코어(주)\_1공장 PH1,충청북도 청주시 흥덕구 2순환로894번길 63,07074371500,일반저장,암모니아,7664-41-7,10.695Ton,20181007,충북본부
542,알루스(주)진천지점,충청북도 진천군 이월면 진광로 274-8,0437537788,특고사용,암모니아,7664-41-7,150㎏,20210531,충북본부
543,티이엠씨씨엔에스(주),충청북도 보은군 삼승면 남부로 3790-52,0437737779,일반제조,디실란,1590-87-0,2.074Ton,20181031,충북본부
544,티이엠씨씨엔에스(주),충청북도 보은군 삼승면 남부로 3790-52,0437737779,일반제조,모노실란,7803-62-5,266.2㎥,20181031,충북본부
545,티이엠씨씨엔에스(주),충청북도 보은군 삼승면 남부로 3790-52,0437737779,일반제조,디실란,1590-87-0,2.878Ton/day,20181031,충북본부
546,씨제이제일제당(주)진천BLOSSOMCAMPUS,충청북도 진천군 진천읍 씨제이로 110,0435310581,냉동제조,암모니아,7664-41-7,917.6RT,20180918,충북본부
547,에스케이하이닉스(주)-4공장-가스창고,충청북도 청주시 흥덕구 송화로 34,0432125006,일반저장,1%B2H6/H2,19287-45-7,828.96㎥,20190930,충북본부
548,에스케이하이닉스(주)-4공장-가스창고,충청북도 청주시 흥덕구 송화로 34,0432125006,일반저장,0.1%B2H6+H2,19287-45-7,169.22㎥,20190930,충북본부
549,에스케이하이닉스(주)-4공장-가스창고,충청북도 청주시 흥덕구 송화로 34,0432125006,일반저장,10%GEH4/H2,7782-65-2,165.79㎥,20190930,충북본부
550,에스케이하이닉스(주)-4공장-가스창고,충청북도 청주시 흥덕구 송화로 34,0432125006,일반저장,0.1%B2H6+H2,19287-45-7,165.79㎥,20190930,충북본부
551,에스케이하이닉스(주)-4공장-가스창고,충청북도 청주시 흥덕구 송화로 34,0432125006,일반저장,0.95%F2/3.5%Ar/Ne,7782-41-4,510.98㎥,20190930,충북본부
552,에스케이하이닉스(주)-4공장-가스창고,충청북도 청주시 흥덕구 송화로 34,0432125006,일반저장,CL2,7782-50-5,5.5Ton,20190930,충북본부
553,에스케이하이닉스(주)-4공장-가스창고,충청북도 청주시 흥덕구 송화로 34,0432125006,일반저장,PF3,7783-55-3,284.16㎥,20190930,충북본부
554,에스케이하이닉스(주)-4공장-가스창고,충청북도 청주시 흥덕구 송화로 34,0432125006,일반저장,CL2,7782-50-5,2.64Ton,20190930,충북본부
555,에스케이하이닉스(주)-4공장-가스창고,충청북도 청주시 흥덕구 송화로 34,0432125006,일반저장,브롬화수소,10035-10-6,2.82Ton,20190930,충북본부
556,에스케이하이닉스(주)-4공장-가스창고,충청북도 청주시 흥덕구 송화로 34,0432125006,일반저장,0.95%F2/1.25%Kr/Ne,7782-41-4,510.98㎥,20190930,충북본부
557,에스케이하이닉스(주)-4공장-가스창고,충청북도 청주시 흥덕구 송화로 34,0432125006,일반저장,NO,10102-43-9,887.88㎥,20190930,충북본부
558,에스케이하이닉스(주)-4공장-가스창고,충청북도 청주시 흥덕구 송화로 34,0432125006,일반저장,10%B2H6+H2,19287-45-7,135.64㎥,20190930,충북본부
559,에스케이하이닉스(주)-4공장-가스창고,충청북도 청주시 흥덕구 송화로 34,0432125006,일반저장,CO,630-08-0,3.32㎥,20190930,충북본부
560,에스케이하이닉스(주)-4공장-가스창고,충청북도 청주시 흥덕구 송화로 34,0432125006,일반저장,CO,630-08-0,1775.76㎥,20190930,충북본부
561,에스케이하이닉스(주)-4공장-가스창고,충청북도 청주시 흥덕구 송화로 34,0432125006,일반저장,5%B2H6/N2,19287-45-7,1325.35㎥,20190930,충북본부
562,에스케이하이닉스(주)-4공장-가스창고,충청북도 청주시 흥덕구 송화로 34,0432125006,일반저장,BF3,7637-07-2,.067Ton,20190930,충북본부
563,에스케이하이닉스(주)-4공장-가스창고,충청북도 청주시 흥덕구 송화로 34,0432125006,일반저장,BF3,7637-07-2,1.29Ton,20190930,충북본부
564,에스케이하이닉스(주)-4공장-가스창고,충청북도 청주시 흥덕구 송화로 34,0432125006,일반저장,PH3,7803-51-2,3.78㎥,20190930,충북본부
565,에스케이하이닉스(주)-4공장-가스창고,충청북도 청주시 흥덕구 송화로 34,0432125006,일반저장,10%PH3/H2,7803-51-2,177.58㎥,20190930,충북본부
566,에스케이하이닉스(주)-4공장-가스창고,충청북도 청주시 흥덕구 송화로 34,0432125006,일반저장,75%BF3/25%H2,7637-07-2,9.97㎥,20190930,충북본부
567,에스케이하이닉스(주)-4공장-가스창고,충청북도 청주시 흥덕구 송화로 34,0432125006,일반저장,5%PH3/He,7803-51-2,177.58㎥,20190930,충북본부
568,에스케이하이닉스(주)-4공장-가스창고,충청북도 청주시 흥덕구 송화로 34,0432125006,일반저장,Si2H6,1590-87-0,177.1㎥,20190930,충북본부
569,에스케이하이닉스(주)-4공장-가스창고,충청북도 청주시 흥덕구 송화로 34,0432125006,일반저장,15%B2H6/H2,19287-45-7,165.79㎥,20190930,충북본부
570,에스케이하이닉스(주)-4공장-가스창고,충청북도 청주시 흥덕구 송화로 34,0432125006,일반저장,1%PH3/He,7803-51-2,355.15㎥,20190930,충북본부
571,에스케이하이닉스(주)-4공장-가스창고,충청북도 청주시 흥덕구 송화로 34,0432125006,일반저장,5%B2H6/N2,19287-45-7,2270.1㎥,20240521,충북본부
572,(주)원익머트리얼즈\_3공장,충청북도 청주시 청원구 오창읍 양청3길 26,0432104300,일반제조,B2H6+N2,19287-45-7,1.01㎥,20210720,충북본부
573,(주)원익머트리얼즈\_3공장,충청북도 청주시 청원구 오창읍 양청3길 26,0432104300,일반제조,B2H6(0.1%)/H2,19287-45-7,25.752N㎥/day,20210720,충북본부
574,(주)원익머트리얼즈\_3공장,충청북도 청주시 청원구 오창읍 양청3길 26,0432104300,일반제조,B2H6/H2,19287-45-7,17.928N㎥/day,20210720,충북본부
575,(주)원익머트리얼즈\_3공장,충청북도 청주시 청원구 오창읍 양청3길 26,0432104300,일반제조,B2H6+N2,19287-45-7,1.01㎥,20210720,충북본부
576,(주)원익머트리얼즈\_3공장,충청북도 청주시 청원구 오창읍 양청3길 26,0432104300,일반제조,B2H6,19287-45-7,6.936N㎥/day,20210720,충북본부
577,(주)원익머트리얼즈\_3공장,충청북도 청주시 청원구 오창읍 양청3길 26,0432104300,일반저장,불소,7782-41-4,7.097㎥,20210720,충북본부
578,(주)원익머트리얼즈\_3공장,충청북도 청주시 청원구 오창읍 양청3길 26,0432104300,일반저장,디실란,1590-87-0,.029Ton,20210720,충북본부
579,(주)원익머트리얼즈\_3공장,충청북도 청주시 청원구 오창읍 양청3길 26,0432104300,일반저장,삼염화붕소,10294-34-5,7.097㎥,20210720,충북본부
580,(주)원익머트리얼즈\_3공장,충청북도 청주시 청원구 오창읍 양청3길 26,0432104300,일반저장,염소,7782-50-5,1.1Ton,20210720,충북본부
581,(주)원익머트리얼즈\_3공장,충청북도 청주시 청원구 오창읍 양청3길 26,0432104300,일반저장,염소,7782-50-5,.293Ton,20210720,충북본부
582,(주)원익머트리얼즈\_3공장,충청북도 청주시 청원구 오창읍 양청3길 26,0432104300,일반저장,염소,7782-50-5,120.65㎥,20210720,충북본부
583,(주)원익머트리얼즈\_3공장,충청북도 청주시 청원구 오창읍 양청3길 26,0432104300,일반저장,포스핀,7803-51-2,7.097㎥,20210720,충북본부
584,(주)원익머트리얼즈\_3공장,충청북도 청주시 청원구 오창읍 양청3길 26,0432104300,일반저장,디보레인,19287-45-7,7.379㎥,20210720,충북본부
585,(주)원익머트리얼즈\_3공장,충청북도 청주시 청원구 오창읍 양청3길 26,0432104300,일반제조,CO,630-08-0,5293.134㎥,20220720,충북본부
586,(주)풀무원헬스케어,충청북도 증평군 도안면 원명로 35,0438207630,냉동제조,암모니아,7664-41-7,251RT,20090223,충북본부
587,파워마스터반도체(주),충청북도 청주시 흥덕구 옥산면 과학산업4로 79-20,0432196811,일반저장,염소,7782-50-5,.117Ton,20220209,충북본부
588,파워마스터반도체(주),충청북도 청주시 흥덕구 옥산면 과학산업4로 79-20,0432196811,일반저장,NH3,7664-41-7,.05Ton,20220209,충북본부
589,파워마스터반도체(주),충청북도 청주시 흥덕구 옥산면 과학산업4로 79-20,0432196811,일반저장,SiH4,7803-62-5,13.92㎥,20220209,충북본부
590,파워마스터반도체(주),충청북도 청주시 흥덕구 옥산면 과학산업4로 79-20,0432196811,일반저장,NO,10102-43-9,13.92㎥,20220209,충북본부
591,파워마스터반도체(주),충청북도 청주시 흥덕구 옥산면 과학산업4로 79-20,0432196811,일반저장,5%PH3/He,7803-51-2,13.92㎥,20220209,충북본부
592,파워마스터반도체(주),충청북도 청주시 흥덕구 옥산면 과학산업4로 79-20,0432196811,일반저장,5%PH3/N2,7803-51-2,13.92㎥,20211123,충북본부
593,파워마스터반도체(주),충청북도 청주시 흥덕구 옥산면 과학산업4로 79-20,0432196811,일반저장,SiH4,7803-62-5,13.92㎥,20211123,충북본부
594,파워마스터반도체(주),충청북도 청주시 흥덕구 옥산면 과학산업4로 79-20,0432196811,일반저장,브롬화수소,10035-10-6,.094Ton,20211123,충북본부
595,파워마스터반도체(주),충청북도 청주시 흥덕구 옥산면 과학산업4로 79-20,0432196811,일반저장,염소,7782-50-5,.117Ton,20211123,충북본부
596,파워마스터반도체(주),충청북도 청주시 흥덕구 옥산면 과학산업4로 79-20,0432196811,일반저장,암모니아,7664-41-7,.05Ton,20211123,충북본부
597,(주)퓨엠,충청북도 증평군 도안면 증평2산단로 197,0438389572,일반판매,디실란,1590-87-0,0,20200716,충북본부
598,(주)퓨엠,충청북도 증평군 도안면 증평2산단로 197,0438389572,일반저장,Si2H6,1590-87-0,13.912㎥,20210116,충북본부
599,(주)퓨엠,충청북도 증평군 도안면 증평2산단로 197,0438389572,일반저장,10%GEH4/H2,7782-65-2,13.912㎥,20210116,충북본부
600,티이엠씨(주)B공장,충청북도 보은군 삼승면 남부로 3790-114,0432983333,일반제조,B2H6/H2,19287-45-7,360N㎥/day,20210527,충북본부
601,티이엠씨(주)B공장,충청북도 보은군 삼승면 남부로 3790-114,0432983333,일반제조,BF3,7637-07-2,180.6㎥,20210527,충북본부
602,티이엠씨(주)B공장,충청북도 보은군 삼승면 남부로 3790-114,0432983333,일반충전,B2H6,19287-45-7,142㎥,20210527,충북본부
603,티이엠씨(주)B공장,충청북도 보은군 삼승면 남부로 3790-114,0432983333,일반충전,B2H6,19287-45-7,12.08㎥,20210527,충북본부
604,티이엠씨(주)B공장,충청북도 보은군 삼승면 남부로 3790-114,0432983333,일반저장,B2H6+He,19287-45-7,14.2㎥,20210527,충북본부
605,티이엠씨(주)B공장,충청북도 보은군 삼승면 남부로 3790-114,0432983333,일반저장,B2H6+He,19287-45-7,14.2㎥,20210527,충북본부
606,티이엠씨(주)B공장,충청북도 보은군 삼승면 남부로 3790-114,0432983333,일반저장,30%B2H6/He,19287-45-7,284㎥,20210527,충북본부
607,티이엠씨(주)B공장,충청북도 보은군 삼승면 남부로 3790-114,0432983333,일반저장,B2H6,19287-45-7,142㎥,20210527,충북본부
608,티이엠씨(주)B공장,충청북도 보은군 삼승면 남부로 3790-114,0432983333,일반저장,30%B2H6/He,19287-45-7,284㎥,20210527,충북본부
609,티이엠씨(주)B공장,충청북도 보은군 삼승면 남부로 3790-114,0432983333,일반저장,30%B2H6/N2,19287-45-7,284㎥,20210527,충북본부
610,티이엠씨(주)B공장,충청북도 보은군 삼승면 남부로 3790-114,0432983333,일반저장,30%B2H6/He,19287-45-7,284㎥,20210527,충북본부
611,티이엠씨(주)B공장,충청북도 보은군 삼승면 남부로 3790-114,0432983333,일반저장,B2H6,19287-45-7,284㎥,20210527,충북본부
612,티이엠씨(주)B공장,충청북도 보은군 삼승면 남부로 3790-114,0432983333,일반저장,1%B2H6/H2,19287-45-7,71㎥,20210527,충북본부
613,티이엠씨(주)B공장,충청북도 보은군 삼승면 남부로 3790-114,0432983333,일반저장,5%B2H6/N2,19287-45-7,71㎥,20210527,충북본부
614,티이엠씨(주)B공장,충청북도 보은군 삼승면 남부로 3790-114,0432983333,일반저장,30%B2H6/N2,19287-45-7,284㎥,20210527,충북본부
615,티이엠씨(주)B공장,충청북도 보은군 삼승면 남부로 3790-114,0432983333,일반저장,30%B2H6/He,19287-45-7,284㎥,20210527,충북본부
616,티이엠씨(주)B공장,충청북도 보은군 삼승면 남부로 3790-114,0432983333,일반저장,30%B2H6/N2,19287-45-7,284㎥,20210527,충북본부
617,티이엠씨(주)B공장,충청북도 보은군 삼승면 남부로 3790-114,0432983333,일반저장,30%B2H6/He,19287-45-7,284㎥,20210527,충북본부
618,티이엠씨(주)B공장,충청북도 보은군 삼승면 남부로 3790-114,0432983333,일반저장,B2H6,19287-45-7,284㎥,20210527,충북본부
619,티이엠씨(주)B공장,충청북도 보은군 삼승면 남부로 3790-114,0432983333,일반저장,B2H6,19287-45-7,284㎥,20210527,충북본부
620,티이엠씨(주)B공장,충청북도 보은군 삼승면 남부로 3790-114,0432983333,일반저장,30%B2H6+H2,19287-45-7,71㎥,20210527,충북본부
621,티이엠씨(주)B공장,충청북도 보은군 삼승면 남부로 3790-114,0432983333,일반저장,30%B2H6/N2,19287-45-7,284㎥,20210527,충북본부
622,티이엠씨(주)B공장,충청북도 보은군 삼승면 남부로 3790-114,0432983333,일반저장,30%B2H6/He,19287-45-7,284㎥,20210527,충북본부
623,티이엠씨(주)B공장,충청북도 보은군 삼승면 남부로 3790-114,0432983333,일반저장,0.1%B2H6+H2,19287-45-7,71㎥,20210527,충북본부
624,티이엠씨(주)B공장,충청북도 보은군 삼승면 남부로 3790-114,0432983333,일반저장,10%B2H6+H2,19287-45-7,71㎥,20210527,충북본부
625,티이엠씨(주)B공장,충청북도 보은군 삼승면 남부로 3790-114,0432983333,일반저장,B2H6,19287-45-7,71㎥,20210527,충북본부
626,티이엠씨(주)B공장,충청북도 보은군 삼승면 남부로 3790-114,0432983333,일반저장,30%B2H6/N2,19287-45-7,284㎥,20210527,충북본부
627,티이엠씨(주)B공장,충청북도 보은군 삼승면 남부로 3790-114,0432983333,일반저장,B2H6,19287-45-7,284㎥,20210527,충북본부
628,티이엠씨(주)B공장,충청북도 보은군 삼승면 남부로 3790-114,0432983333,일반제조,B2H6,19287-45-7,720N㎥/day,20230622,충북본부
629,티이엠씨(주)B공장,충청북도 보은군 삼승면 남부로 3790-114,0432983333,일반제조,BF3,7637-07-2,142㎥,20230622,충북본부
630,(주)케이씨인더스트리얼 제2공장,충청북도 진천군 덕산읍 신척산단5로 197 (KC인더스트리얼),0329251022,일반판매,일산화탄소,630-08-0,2399,20220428,충북본부
631,(주)케이씨인더스트리얼 제2공장,충청북도 진천군 덕산읍 신척산단5로 197 (KC인더스트리얼),0329251022,특고사용,암모니아,7664-41-7,25.3㎏,20220428,충북본부
632,에스케이에어코어(주)\_1공장 PH2,충청북도 청주시 흥덕구 2순환로 894번길 71,07074371500,일반저장,NH3,7664-41-7,10.695Ton,20230424,충북본부
633,에스케이에어코어(주)\_1공장 PH2,충청북도 청주시 흥덕구 2순환로 894번길 71,07074371500,일반저장,NH3,7664-41-7,10.695Ton,20230424,충북본부
634,에스케이에어코어(주)\_1공장 PH2,충청북도 청주시 흥덕구 2순환로 894번길 71,07074371500,일반저장,NH3,7664-41-7,10.695Ton,20230424,충북본부
635,티이엠씨(주)C공장,충청북도 보은군 삼승면 남부로 3787-92,0432983333,일반제조,CO,630-08-0,5041.08㎥,20240206,충북본부
636,티이엠씨(주)C공장,충청북도 보은군 삼승면 남부로 3787-92,0432983333,일반제조,CO,630-08-0,208.68㎥,20240206,충북본부
637,티이엠씨(주)C공장,충청북도 보은군 삼승면 남부로 3787-92,0432983333,일반제조,CO,630-08-0,9.005Ton/day,20240206,충북본부
638,티이엠씨(주)C공장,충청북도 보은군 삼승면 남부로 3787-92,0432983333,일반제조,CO,630-08-0,6867.816N㎥/day,20240206,충북본부
639,티이엠씨(주)C공장,충청북도 보은군 삼승면 남부로 3787-92,0432983333,일반제조,CO,630-08-0,14.784㎥,20240729,충북본부
640,(주)진성이엔지,충청북도 괴산군 청안면 첨단산단2로 9,0437607554,일반제조,C4F6,685-63-2,12.964Ton/day,20250326,충북본부
641,"에스케이하이닉스,실트론(주),-1공장",충청북도 청주시 흥덕구 대신로 215,0439073463,일반저장,CO,630-08-0,0㎥,20140413,충북본부
642,"에스케이하이닉스,실트론(주),-1공장",충청북도 청주시 흥덕구 대신로 215,0439073463,일반저장,염소,7782-50-5,0Ton,20140413,충북본부
643,"에스케이하이닉스,실트론(주),-1공장",충청북도 청주시 흥덕구 대신로 215,0439073463,일반저장,브롬화수소,10035-10-6,0Ton,20140413,충북본부
644,"에스케이하이닉스,실트론(주),-1공장",충청북도 청주시 흥덕구 대신로 215,0439073463,일반저장,NO,10102-43-9,0㎥,20140413,충북본부
645,"에스케이하이닉스,실트론(주),-1공장",충청북도 청주시 흥덕구 대신로 215,0439073463,일반저장,B2H6(1%)/H2,19287-45-7,0㎥,20140413,충북본부
646,"에스케이하이닉스,실트론(주),-1공장",충청북도 청주시 흥덕구 대신로 215,0439073463,일반저장,F2(1%)/He/Ar/kr/Ne,7782-41-4,0㎥,20140413,충북본부
647,"에스케이하이닉스,실트론(주),-1공장",충청북도 청주시 흥덕구 대신로 215,0439073463,일반저장,0.5%HCl/Ne,7647-01-0,0㎥,20140413,충북본부
648,"에스케이하이닉스,실트론(주),-1공장",충청북도 청주시 흥덕구 대신로 215,0439073463,일반저장,F2(0.95%)/Ar(1.25%)/Ne,7782-41-4,0㎥,20140413,충북본부
649,"에스케이하이닉스,실트론(주),-1공장",충청북도 청주시 흥덕구 대신로 215,0439073463,일반저장,F2(0.95%)/Ar(3.5%)/Ne,7782-41-4,0㎥,20140413,충북본부
650,"에스케이하이닉스,실트론(주),-1공장",충청북도 청주시 흥덕구 대신로 215,0439073463,일반저장,SiH4,7803-62-5,0㎥,20140413,충북본부
651,"에스케이하이닉스,실트론(주),-1공장",충청북도 청주시 흥덕구 대신로 215,0439073463,일반저장,1%PH3/N2,7803-51-2,0㎥,20140413,충북본부
652,"에스케이하이닉스,실트론(주),-1공장",충청북도 청주시 흥덕구 대신로 215,0439073463,일반저장,B2H6(5%)/N2,19287-45-7,0㎥,20140413,충북본부
653,"에스케이하이닉스,실트론(주),-1공장",충청북도 청주시 흥덕구 대신로 215,0439073463,일반저장,B2H6(5%)/N2,19287-45-7,0㎥,20140413,충북본부
654,"에스케이하이닉스,실트론(주),-1공장",충청북도 청주시 흥덕구 대신로 215,0439073463,일반저장,사불화규소,7783-61-1,0㎥,20140413,충북본부
655,"에스케이하이닉스,실트론(주),-1공장",충청북도 청주시 흥덕구 대신로 215,0439073463,일반저장,염소,7782-50-5,.118Ton,20140413,충북본부
656,"에스케이하이닉스,실트론(주),-1공장",충청북도 청주시 흥덕구 대신로 215,0439073463,일반저장,암모니아,7664-41-7,0Ton,20140413,충북본부
657,"에스케이하이닉스,실트론(주),-1공장",충청북도 청주시 흥덕구 대신로 215,0439073463,일반저장,암모니아,7664-41-7,0Ton,20140413,충북본부
658,"에스케이하이닉스,실트론(주),-1공장",충청북도 청주시 흥덕구 대신로 215,0439073463,일반저장,NH3,7664-41-7,.08㎏,20240214,충북본부
659,"에스케이하이닉스,실트론(주),-1공장",충청북도 청주시 흥덕구 대신로 215,0439073463,일반저장,NOCl,10102-43-9,.19㎏,20240214,충북본부
660,"에스케이하이닉스,실트론(주),-1공장",충청북도 청주시 흥덕구 대신로 215,0439073463,일반저장,1%B2H6/H2,19287-45-7,15.6㎥,20240214,충북본부
661,"에스케이하이닉스,실트론(주),-1공장",충청북도 청주시 흥덕구 대신로 215,0439073463,일반저장,1%F2/He/Ar/Kr/Ne,7782-41-4,12㎥,20240214,충북본부
662,"에스케이하이닉스,실트론(주),-1공장",충청북도 청주시 흥덕구 대신로 215,0439073463,일반저장,1%B2H6/H2,19287-45-7,187.2㎥,20240413,충북본부
663,"에스케이하이닉스,실트론(주),-1공장",충청북도 청주시 흥덕구 대신로 215,0439073463,일반저장,모노실란,7803-62-5,69.56㎥,20260210,충북본부
664,"에스케이하이닉스,실트론(주),-1공장",충청북도 청주시 흥덕구 대신로 215,0439073463,일반저장,NH3,7664-41-7,.1Ton,20260210,충북본부
665,(주)에프알디 진천2공장,충청북도 진천군 덕산읍 신척산단5로 45,07044927823,일반판매,셀렌화수소,7783-07-5,0,20241120,충북본부
666,(주)에프알디 진천2공장,충청북도 진천군 덕산읍 신척산단5로 45,07044927823,일반판매,트라이플루오린화염소,7790-91-2,0,20241120,충북본부
667,(주)에프알디 진천2공장,충청북도 진천군 덕산읍 신척산단5로 45,07044927823,일반판매,이불화산소,7783-41-7,0,20241120,충북본부
668,(주)에프알디 진천2공장,충청북도 진천군 덕산읍 신척산단5로 45,07044927823,일반판매,불소,7782-41-4,0,20241120,충북본부
669,(주)에프알디 진천2공장,충청북도 진천군 덕산읍 신척산단5로 45,07044927823,일반판매,산화에틸렌,75-21-8,0,20241120,충북본부
670,(주)에프알디 진천2공장,충청북도 진천군 덕산읍 신척산단5로 45,07044927823,일반판매,PF3,7783-55-3,0,20241120,충북본부
671,(주)에프알디 진천2공장,충청북도 진천군 덕산읍 신척산단5로 45,07044927823,일반판매,요오드화수소,10034-85-2,0,20241120,충북본부
672,(주)에프알디 진천2공장,충청북도 진천군 덕산읍 신척산단5로 45,07044927823,일반판매,HI/N2,10034-85-2,0,20241120,충북본부
673,(주)에프알디 진천2공장,충청북도 진천군 덕산읍 신척산단5로 45,07044927823,특고사용,암모니아,7664-41-7,27㎏,20240624,충북본부
674,(주)원익머트리얼즈\_후기리,충청북도 청주시 청원구 오창읍 후기리 오창테크노폴리스 산업시설용지 산업 8BL,0432104600,일반제조,삼불화인,7783-55-3,2.024Ton,20251121,충북본부
675,(주)원익머트리얼즈\_후기리,충청북도 청주시 청원구 오창읍 후기리 오창테크노폴리스 산업시설용지 산업 8BL,0432104600,일반제조,암모니아,7664-41-7,.025Ton,20251121,충북본부
676,(주)원익머트리얼즈\_후기리,충청북도 청주시 청원구 오창읍 후기리 오창테크노폴리스 산업시설용지 산업 8BL,0432104600,일반제조,삼불화인,7783-55-3,108.768N㎥/day,20251121,충북본부
677,효성네오켐(주) 옥산공장,충청북도 청주시 흥덕구 옥산면 옥산산단로 93,0432493695,일반제조,NH3,7664-41-7,17.088Ton/day,20220825,충북본부
678,효성네오켐(주) 옥산공장,충청북도 청주시 흥덕구 옥산면 옥산산단로 93,0432493695,일반제조,NH3,7664-41-7,32.69Ton,20220825,충북본부
679,주성이앤지,"충청북도 보은군 산외면 이식로 24 주1,2,4동 11호실",0426267136,일반판매,R-32,75-10-5,0,20251204,충북본부
680,(주)한양에어테크,"충청북도 보은군 산외면 이식로 24 주1,3,4동 13호실",07077770288,일반판매,R-32,75-10-5,0,20251204,충북본부
681,한국특수가스(주),전북특별자치도 익산시 서동로32길 11 (금강동),0638338383,일반판매,아황산가스,7446-09-5,,19960902,전북본부
682,한국특수가스(주),전북특별자치도 익산시 서동로32길 11 (금강동),0638338383,일반판매,암모니아,7664-41-7,,19960902,전북본부
683,한국특수가스(주),전북특별자치도 익산시 서동로32길 11 (금강동),0638338383,일반판매,염소,7782-50-5,,19960902,전북본부
684,한국특수가스(주),전북특별자치도 익산시 서동로32길 11 (금강동),0638338383,일반판매,산화에틸렌,75-21-8,,19960902,전북본부
685,하이트맥주(주)전주공장,전북특별자치도 완주군 용진읍 신지송광로 25-33,0632406111,냉동제조,암모니아,7664-41-7,88.6RT,,전북본부
686,하이트맥주(주)전주공장,전북특별자치도 완주군 용진읍 신지송광로 25-33,0632406111,냉동제조,암모니아,7664-41-7,88.6RT,,전북본부
687,하이트맥주(주)전주공장,전북특별자치도 완주군 용진읍 신지송광로 25-33,0632406111,냉동제조,암모니아,7664-41-7,2628.54RT,19961010,전북본부
688,(주)한솔케미칼 전주공장,전북특별자치도 완주군 봉동읍 과학로 873,0632608072,일반저장,암모니아,7664-41-7,3.664Ton,20141121,전북본부
689,(주)한솔케미칼 전주공장,전북특별자치도 완주군 봉동읍 과학로 873,0632608072,특고사용,암모니아,7664-41-7,52㎏,20140813,전북본부
690,(주)한솔케미칼 전주공장,전북특별자치도 완주군 봉동읍 과학로 873,0632608072,특고사용,암모니아,7664-41-7,102㎏,20150731,전북본부
691,(주)한솔케미칼 전주공장,전북특별자치도 완주군 봉동읍 과학로 873,0632608072,특고사용,암모니아,7664-41-7,151.608㎏,20210302,전북본부
692,(주)한솔케미칼 전주공장,전북특별자치도 완주군 봉동읍 과학로 873,0632608072,일반저장,암모니아,7664-41-7,2.805Ton,20231013,전북본부
693,(주)한솔케미칼 전주공장,전북특별자치도 완주군 봉동읍 과학로 873,0632608072,일반저장,모노클로로실란,13465-78-6,8.539Ton,20231013,전북본부
694,(주)한솔케미칼 전주공장,전북특별자치도 완주군 봉동읍 과학로 873,0632608072,특고사용,암모니아,7664-41-7,151.61㎏,20231103,전북본부
695,(주)하림,전북특별자치도 익산시 망성면 망성로 14,0638602297,냉동제조,암모니아,7664-41-7,916.56RT,20190729,전북본부
696,(주)하림,전북특별자치도 익산시 망성면 망성로 14,0638602297,냉동제조,암모니아,7664-41-7,2646.42RT,20180906,전북본부
697,(주)하림,전북특별자치도 익산시 망성면 망성로 14,0638602297,냉동제조,암모니아,7664-41-7,1444.46RT,20190729,전북본부
698,(주)하림,전북특별자치도 익산시 망성면 망성로 14,0638602297,냉동제조,암모니아,7664-41-7,1499.85RT,20190906,전북본부
699,(주)하림,전북특별자치도 익산시 망성면 망성로 14,0638602297,냉동제조,암모니아,7664-41-7,475.08RT,20250507,전북본부
700,피케이씨(주),전북특별자치도 군산시 임해로 494-16 (소룡동),0634501712,일반제조,염소,7782-50-5,21.08Ton,19960803,전북본부
701,피케이씨(주),전북특별자치도 군산시 임해로 494-16 (소룡동),0634501712,일반제조,염소,7782-50-5,112.56Ton/day,19960803,전북본부
702,피케이씨(주),전북특별자치도 군산시 임해로 494-16 (소룡동),0634501712,일반제조,염소,7782-50-5,10Ton,19960803,전북본부
703,피케이씨(주),전북특별자치도 군산시 임해로 494-16 (소룡동),0634501712,일반제조,염소,7782-50-5,10Ton,19960803,전북본부
704,피케이씨(주),전북특별자치도 군산시 임해로 494-16 (소룡동),0634501712,일반제조,염소,7782-50-5,112.56Ton/day,19960803,전북본부
705,피케이씨(주),전북특별자치도 군산시 임해로 494-16 (소룡동),0634501712,일반판매,PF3,7783-55-3,0,20240613,전북본부
706,피케이씨(주),전북특별자치도 군산시 임해로 494-16 (소룡동),0634501712,특고사용,염소,7782-50-5,58.75㎏,20240828,전북본부
707,피케이씨(주),전북특별자치도 군산시 임해로 494-16 (소룡동),0634501712,일반제조,불화수소,7664-39-3,.008Ton,20241114,전북본부
708,피케이씨(주),전북특별자치도 군산시 임해로 494-16 (소룡동),0634501712,일반제조,불화수소,7664-39-3,.001Ton/day,20241114,전북본부
709,피케이씨(주),전북특별자치도 군산시 임해로 494-16 (소룡동),0634501712,일반제조,삼불화인,7783-55-3,1.289N㎥/day,20241114,전북본부
710,피케이씨(주),전북특별자치도 군산시 임해로 494-16 (소룡동),0634501712,일반제조,삼불화인,7783-55-3,.053Ton/day,20241114,전북본부
711,대상(주)군산공장,전북특별자치도 군산시 외항1길 208 (소룡동),0634692100,특고사용,암모니아,7664-41-7,1545m,20231108,전북본부
712,대상(주)군산공장,전북특별자치도 군산시 외항1길 208 (소룡동),0634692100,특고사용,암모니아,7664-41-7,59㎏,20240906,전북본부
713,(주)엘엑스글라스,전북특별자치도 군산시 외항1길 296 (소룡동),0634604145,일반저장,아황산가스,7446-09-5,1Ton,20170106,전북본부
714,(주)한농화성,전북특별자치도 군산시 외항1길 24 (소룡동),0634622455,일반제조,산화에틸렌,75-21-8,75.9Ton,19990515,전북본부
715,삼양화성(주) 전주공장,전북특별자치도 전주시 덕진구 온고을로 376 (팔복동3가),0632101755,특정제조,염소,7782-50-5,32.7Ton,19961210,전북본부
716,삼양화성(주) 전주공장,전북특별자치도 전주시 덕진구 온고을로 376 (팔복동3가),0632101755,특정제조,염소,7782-50-5,17919N㎥/day,19961210,전북본부
717,삼양화성(주) 전주공장,전북특별자치도 전주시 덕진구 온고을로 376 (팔복동3가),0632101755,특정제조,염소,7782-50-5,32.8Ton,19961210,전북본부
718,삼양화성(주) 전주공장,전북특별자치도 전주시 덕진구 온고을로 376 (팔복동3가),0632101755,특정제조,일산화탄소,630-08-0,7668㎥,19981210,전북본부
719,삼양화성(주) 전주공장,전북특별자치도 전주시 덕진구 온고을로 376 (팔복동3가),0632101755,특정제조,일산화탄소,630-08-0,7668㎥,19981210,전북본부
720,삼양화성(주) 전주공장,전북특별자치도 전주시 덕진구 온고을로 376 (팔복동3가),0632101755,특정제조,일산화탄소,630-08-0,1944㎥,19981210,전북본부
721,삼양화성(주) 전주공장,전북특별자치도 전주시 덕진구 온고을로 376 (팔복동3가),0632101755,특정제조,포스겐,75-44-5,7.91Ton,20021210,전북본부
722,삼양화성(주) 전주공장,전북특별자치도 전주시 덕진구 온고을로 376 (팔복동3가),0632101755,특정제조,염소,7782-50-5,6.16Ton,20021210,전북본부
723,삼양화성(주) 전주공장,전북특별자치도 전주시 덕진구 온고을로 376 (팔복동3가),0632101755,특정제조,염소,7782-50-5,55.69Ton,20021210,전북본부
724,삼양화성(주) 전주공장,전북특별자치도 전주시 덕진구 온고을로 376 (팔복동3가),0632101755,특정제조,포스겐,75-44-5,78.34Ton,20021210,전북본부
725,삼양화성(주) 전주공장,전북특별자치도 전주시 덕진구 온고을로 376 (팔복동3가),0632101755,특정제조,일산화탄소,630-08-0,20390㎥,20021210,전북본부
726,삼양화성(주) 전주공장,전북특별자치도 전주시 덕진구 온고을로 376 (팔복동3가),0632101755,특정제조,일산화탄소,630-08-0,2055㎥,20021210,전북본부
727,오씨아이(주)군산공장,전북특별자치도 군산시 외항로 82 (소룡동),0634606632,특정제조,염소,7782-50-5,18.2Ton,19960807,전북본부
728,오씨아이(주)군산공장,전북특별자치도 군산시 외항로 82 (소룡동),0634606632,특정제조,염소,7782-50-5,41.2Ton,19960807,전북본부
729,오씨아이(주)군산공장,전북특별자치도 군산시 외항로 82 (소룡동),0634606632,특정제조,염소,7782-50-5,41.2Ton,19960807,전북본부
730,오씨아이(주)군산공장,전북특별자치도 군산시 외항로 82 (소룡동),0634606632,특정제조,염소,7782-50-5,22.6Ton,19960807,전북본부
731,오씨아이(주)군산공장,전북특별자치도 군산시 외항로 82 (소룡동),0634606632,특정제조,염소,7782-50-5,22.6Ton,19960807,전북본부
732,오씨아이(주)군산공장,전북특별자치도 군산시 외항로 82 (소룡동),0634606632,특정제조,포스겐,75-44-5,132.9Ton/day,19960807,전북본부
733,오씨아이(주)군산공장,전북특별자치도 군산시 외항로 82 (소룡동),0634606632,특정제조,일산화탄소,630-08-0,36607N㎥/day,19960807,전북본부
734,오씨아이(주)군산공장,전북특별자치도 군산시 외항로 82 (소룡동),0634606632,특정제조,염소,7782-50-5,106.1Ton/day,19960807,전북본부
735,오씨아이(주)군산공장,전북특별자치도 군산시 외항로 82 (소룡동),0634606632,특정제조,염소,7782-50-5,157.7Ton/day,19960807,전북본부
736,오씨아이(주)군산공장,전북특별자치도 군산시 외항로 82 (소룡동),0634606632,특정제조,염소,7782-50-5,.176Ton/day,20080212,전북본부
737,오씨아이(주)군산공장,전북특별자치도 군산시 외항로 82 (소룡동),0634606632,특고사용,암모니아,7664-41-7,52.68㎏,20141209,전북본부
738,오씨아이(주)군산공장,전북특별자치도 군산시 외항로 82 (소룡동),0634606632,특고사용,암모니아,7664-41-7,68.6㎏,20150113,전북본부
739,오씨아이(주)군산공장,전북특별자치도 군산시 외항로 82 (소룡동),0634606632,특고사용,염소,7782-50-5,400㎏,20211007,전북본부
740,대영종합가스(주),전북특별자치도 군산시 외항안길 276 (소룡동),0634676860,냉동제조,암모니아,7664-41-7,25.3RT,,전북본부
741,대영종합가스(주),전북특별자치도 군산시 외항안길 276 (소룡동),0634676860,냉동제조,암모니아,7664-41-7,28.2RT,,전북본부
742,오씨아이(주)익산공장,전북특별자치도 익산시 보석로4길 107 (신흥동),0638307762,특고사용,암모니아,7664-41-7,150㎏,19980517,전북본부
743,동우화인켐(주)\_1부지,전북특별자치도 익산시 약촌로 132 (신흥동),0638302883,일반저장,암모니아,7664-41-7,21Ton,19990510,전북본부
744,동우화인켐(주)\_1부지,전북특별자치도 익산시 약촌로 132 (신흥동),0638302883,일반저장,암모니아,7664-41-7,21.23Ton,19990510,전북본부
745,동우화인켐(주)\_1부지,전북특별자치도 익산시 약촌로 132 (신흥동),0638302883,특고사용,암모니아,7664-41-7,21.936㎏,20150320,전북본부
746,전북대학교,전북특별자치도 전주시 덕진구 백제대로 567 (금암동),0632702158,특고사용,암모니아,7664-41-7,5.06㎥,20091228,전북본부
747,전북대학교,전북특별자치도 전주시 덕진구 백제대로 567 (금암동),0632702158,특고사용,디보레인,19287-45-7,.07㎥,20091228,전북본부
748,전북대학교,전북특별자치도 전주시 덕진구 백제대로 567 (금암동),0632702158,특고사용,포스핀,7803-51-2,6.22㎥,20091228,전북본부
749,전북대학교,전북특별자치도 전주시 덕진구 백제대로 567 (금암동),0632702158,특고사용,염소,7782-50-5,5.88㎥,20091228,전북본부
750,전북대학교,전북특별자치도 전주시 덕진구 백제대로 567 (금암동),0632702158,특고사용,모노실란,7803-62-5,8.2㎥,20091228,전북본부
751,전북대학교,전북특별자치도 전주시 덕진구 백제대로 567 (금암동),0632702158,특고사용,모노게르만,7782-65-2,.11㎥,20091228,전북본부
752,전북대학교,전북특별자치도 전주시 덕진구 백제대로 567 (금암동),0632702158,특고사용,암모니아,7664-41-7,7㎥,20161128,전북본부
753,전북대학교,전북특별자치도 전주시 덕진구 백제대로 567 (금암동),0632702158,특고사용,모노실란,7803-62-5,7㎥,20161128,전북본부
754,전북대학교,전북특별자치도 전주시 덕진구 백제대로 567 (금암동),0632702158,특고사용,암모니아,7664-41-7,7㎥,20161128,전북본부
755,전북대학교,전북특별자치도 전주시 덕진구 백제대로 567 (금암동),0632702158,특고사용,암모니아,7664-41-7,7㎥,20161128,전북본부
756,전북대학교,전북특별자치도 전주시 덕진구 백제대로 567 (금암동),0632702158,특고사용,암모니아,7664-41-7,25.26㎏,20230403,전북본부
757,전북대학교,전북특별자치도 전주시 덕진구 백제대로 567 (금암동),0632702158,특고사용,암모니아,7664-41-7,25.26㎏,20230403,전북본부
758,전북대학교,전북특별자치도 전주시 덕진구 백제대로 567 (금암동),0632702158,특고사용,암모니아,7664-41-7,25.27㎏,20240221,전북본부
759,전북대학교,전북특별자치도 전주시 덕진구 백제대로 567 (금암동),0632702158,특고사용,암모니아,7664-41-7,25.27㎏,20241121,전북본부
760,광전자(주)2공장,전북특별자치도 익산시 석암로13길 152 (팔봉동),0638301782,특고사용,암모니아,7664-41-7,68.1㎏,19980712,전북본부
761,광전자(주)2공장,전북특별자치도 익산시 석암로13길 152 (팔봉동),0638301782,특고사용,모노실란,7803-62-5,42.6㎥,20070503,전북본부
762,광전자(주)2공장,전북특별자치도 익산시 석암로13길 152 (팔봉동),0638301782,특고사용,포스핀,7803-51-2,14.2㎥,20070503,전북본부
763,광전자(주)2공장,전북특별자치도 익산시 석암로13길 152 (팔봉동),0638301782,특고사용,디보레인,19287-45-7,14.2㎥,20070503,전북본부
764,광전자(주)2공장,전북특별자치도 익산시 석암로13길 152 (팔봉동),0638301782,특고사용,모노실란,7803-62-5,32.9㎥,20070727,전북본부
765,광전자(주)2공장,전북특별자치도 익산시 석암로13길 152 (팔봉동),0638301782,특고사용,포스핀,7803-51-2,38.2㎥,20070727,전북본부
766,광전자(주)2공장,전북특별자치도 익산시 석암로13길 152 (팔봉동),0638301782,특고사용,포스핀,7803-51-2,38.2㎥,20070727,전북본부
767,광전자(주)2공장,전북특별자치도 익산시 석암로13길 152 (팔봉동),0638301782,특고사용,포스핀,7803-51-2,38.2㎥,20070727,전북본부
768,광전자(주)2공장,전북특별자치도 익산시 석암로13길 152 (팔봉동),0638301782,특고사용,포스핀,7803-51-2,38.2㎥,20070727,전북본부
769,광전자(주)2공장,전북특별자치도 익산시 석암로13길 152 (팔봉동),0638301782,특고사용,포스핀,7803-51-2,38.2㎥,20070727,전북본부
770,광전자(주)2공장,전북특별자치도 익산시 석암로13길 152 (팔봉동),0638301782,특고사용,포스핀,7803-51-2,38.2㎥,20070727,전북본부
771,광전자(주)2공장,전북특별자치도 익산시 석암로13길 152 (팔봉동),0638301782,특고사용,포스핀,7803-51-2,38.2㎥,20070727,전북본부
772,광전자(주)2공장,전북특별자치도 익산시 석암로13길 152 (팔봉동),0638301782,특고사용,포스핀,7803-51-2,38.2㎥,20070727,전북본부
773,광전자(주)2공장,전북특별자치도 익산시 석암로13길 152 (팔봉동),0638301782,특고사용,디보레인,19287-45-7,32.9㎥,20070727,전북본부
774,광전자(주)2공장,전북특별자치도 익산시 석암로13길 152 (팔봉동),0638301782,특고사용,염소,7782-50-5,100㎏,20070727,전북본부
775,광전자(주)2공장,전북특별자치도 익산시 석암로13길 152 (팔봉동),0638301782,특고사용,염소,7782-50-5,100㎏,20070727,전북본부
776,광전자(주)2공장,전북특별자치도 익산시 석암로13길 152 (팔봉동),0638301782,특고사용,암모니아,7664-41-7,51㎏,20070727,전북본부
777,광전자(주)2공장,전북특별자치도 익산시 석암로13길 152 (팔봉동),0638301782,특고사용,삼불화붕소,7637-07-2,.06㎏,20070727,전북본부
778,광전자(주)2공장,전북특별자치도 익산시 석암로13길 152 (팔봉동),0638301782,특고사용,삼불화붕소,7637-07-2,.06㎏,20070727,전북본부
779,광전자(주)2공장,전북특별자치도 익산시 석암로13길 152 (팔봉동),0638301782,특고사용,삼불화붕소,7637-07-2,.06㎏,20070727,전북본부
780,광전자(주)2공장,전북특별자치도 익산시 석암로13길 152 (팔봉동),0638301782,특고사용,삼불화붕소,7637-07-2,.06㎏,20070727,전북본부
781,광전자(주)2공장,전북특별자치도 익산시 석암로13길 152 (팔봉동),0638301782,특고사용,삼불화붕소,7637-07-2,.06㎏,20070727,전북본부
782,광전자(주)2공장,전북특별자치도 익산시 석암로13길 152 (팔봉동),0638301782,특고사용,염소,7782-50-5,100㎏,20110308,전북본부
783,광전자(주)2공장,전북특별자치도 익산시 석암로13길 152 (팔봉동),0638301782,특고사용,포스핀,7803-51-2,9.4㎥,20110727,전북본부
784,광전자(주)2공장,전북특별자치도 익산시 석암로13길 152 (팔봉동),0638301782,특고사용,포스핀,7803-51-2,28.5㎥,20120103,전북본부
785,광전자(주)2공장,전북특별자치도 익산시 석암로13길 152 (팔봉동),0638301782,특고사용,포스핀,7803-51-2,28.5㎥,20120103,전북본부
786,(주)엘지화학생명과학익산공장,전북특별자치도 익산시 석암로 129 (용제동),0638304616,일반저장,암모니아,7664-41-7,4.9Ton,20150816,전북본부
787,(유)초원냉장,전북특별자치도 군산시 새만금북로 534-42(내초동),0634675533,냉동제조,암모니아,7664-41-7,311.79RT,19970412,전북본부
788,거성냉장,전북특별자치도 군산시 공항로 18 (소룡동),0634670008,냉동제조,암모니아,7664-41-7,64.86RT,19970220,전북본부
789,(주)우리냉장,전북특별자치도 전주시 덕진구 구렛들2길 25 (팔복동1가),0632117060,냉동제조,암모니아,7664-41-7,86.88RT,19970307,전북본부
790,전주수산시장(주),전북특별자치도 전주시 덕진구 동부대로 1177 (송천동2가),0632545886,냉동제조,암모니아,7664-41-7,103.86RT,19960622,전북본부
791,(주)서주,전북특별자치도 김제시 중앙로 79 (요촌동),0635437065,냉동제조,암모니아,7664-41-7,473.06RT,19960922,전북본부
792,정우화인(주),전북특별자치도 익산시 석암로1길 63-8 (용제동),0638389450,일반저장,산화에틸렌,75-21-8,29.79Ton,19991115,전북본부
793,(주)동원에프앤비정읍공장,전북특별자치도 정읍시 정우면 정읍북로 763,0635367600,냉동제조,암모니아,7664-41-7,154.28RT,19970320,전북본부
794,(주)농협목우촌김제육가공공장,전북특별자치도 김제시 금산면 구성길 630,0635406711,냉동제조,암모니아,7664-41-7,1143.1RT,19960627,전북본부
795,(주)삼우냉동,전북특별자치도 전주시 덕진구 상리로 29 (팔복동2가),0632146728,냉동제조,암모니아,7664-41-7,127.01RT,20111115,전북본부
796,(주)삼우냉동,전북특별자치도 전주시 덕진구 상리로 29 (팔복동2가),0632146728,냉동제조,암모니아,7664-41-7,108.04RT,20190117,전북본부
797,군산대학교,전북특별자치도 군산시 대학로 558 (미룡동),0634691000,특고사용,암모니아,7664-41-7,50.54㎏,20240502,전북본부
798,씨제이제일제당(주)남원공장,"전북특별자치도 남원시 인월면 천왕봉로 135-53 ,352,352-6",0636302752,냉동제조,암모니아,7664-41-7,147.71RT,19960529,전북본부
799,씨제이제일제당(주)남원공장,"전북특별자치도 남원시 인월면 천왕봉로 135-53 ,352,352-6",0636302752,냉동제조,암모니아,7664-41-7,182.07RT,19960529,전북본부
800,(주)우양 군산공장,전북특별자치도 군산시 해망로 130 (금암동),0634462910,냉동제조,암모니아,7664-41-7,70.26RT,19960526,전북본부
801,광전자(주) 11동,전북특별자치도 익산시 약촌로8길 62-21 (어양동),0638392177,특고사용,포스핀,7803-51-2,3㎥,19980709,전북본부
802,광전자(주) 11동,전북특별자치도 익산시 약촌로8길 62-21 (어양동),0638392177,특고사용,모노실란,7803-62-5,1.4㎥,19980709,전북본부
803,광전자(주) 11동,전북특별자치도 익산시 약촌로8길 62-21 (어양동),0638392177,특고사용,암모니아,7664-41-7,80㎏,19980709,전북본부
804,광전자(주) 11동,전북특별자치도 익산시 약촌로8길 62-21 (어양동),0638392177,특고사용,모노실란,7803-62-5,.25㎥,20170709,전북본부
805,정읍농수산,전북특별자치도 정읍시 정우면 정읍북로 653-29,0635366116,냉동제조,암모니아,7664-41-7,71.26RT,19970309,전북본부
806,미원상사(주)전주공장,전북특별자치도 완주군 봉동읍 완주산단1로 167,0632601501,특고사용,암모니아,7664-41-7,5.38㎏,20251224,전북본부
807,(주)팜한농전주공장,전북특별자치도 완주군 봉동읍 완주산단2로 51-19,0632617701,일반판매,2%PH3+CO2,7803-51-2,2167㎥,20240725,전북본부
808,한국특수가스(주),전북특별자치도 익산시 석암로7길 19 (용제동),0638562320,일반판매,NH3+Ar,7664-41-7,0,20110530,전북본부
809,한국특수가스(주),전북특별자치도 익산시 석암로7길 19 (용제동),0638562320,일반판매,삼염화붕소,10294-34-5,,20110530,전북본부
810,한국특수가스(주),전북특별자치도 익산시 석암로7길 19 (용제동),0638562320,일반판매,디실란,1590-87-0,,20110530,전북본부
811,한국특수가스(주),전북특별자치도 익산시 석암로7길 19 (용제동),0638562320,일반판매,염화수소,7647-01-0,,20110530,전북본부
812,한국특수가스(주),전북특별자치도 익산시 석암로7길 19 (용제동),0638562320,일반판매,염소,7782-50-5,,20110530,전북본부
813,한국특수가스(주),전북특별자치도 익산시 석암로7길 19 (용제동),0638562320,일반판매,일산화탄소,630-08-0,0,20110530,전북본부
814,한국특수가스(주),전북특별자치도 익산시 석암로7길 19 (용제동),0638562320,일반판매,포스핀,7803-51-2,,20110530,전북본부
815,한국특수가스(주),전북특별자치도 익산시 석암로7길 19 (용제동),0638562320,일반판매,디메틸아민(DMA),124-40-3,0,20110530,전북본부
816,한국특수가스(주),전북특별자치도 익산시 석암로7길 19 (용제동),0638562320,일반판매,황화수소,7783-06-4,0,20110530,전북본부
817,한국특수가스(주),전북특별자치도 익산시 석암로7길 19 (용제동),0638562320,일반판매,암모니아,7664-41-7,0,20110530,전북본부
818,한국특수가스(주),전북특별자치도 익산시 석암로7길 19 (용제동),0638562320,일반판매,일산화질소,10102-43-9,0,20110530,전북본부
819,한국특수가스(주),전북특별자치도 익산시 석암로7길 19 (용제동),0638562320,일반판매,이산화황,7446-09-5,0,20110530,전북본부
820,한국특수가스(주),전북특별자치도 익산시 석암로7길 19 (용제동),0638562320,일반판매,브롬화수소,10035-10-6,0,20110530,전북본부
821,한국특수가스(주),전북특별자치도 익산시 석암로7길 19 (용제동),0638562320,일반판매,삼불화붕소,7637-07-2,0,20110530,전북본부
822,한국특수가스(주),전북특별자치도 익산시 석암로7길 19 (용제동),0638562320,일반판매,이산화질소,10102-44-0,0,20110530,전북본부
823,익산시청,전북특별자치도 익산시 번영로1길 20 (목천동),0638437747,냉동제조,암모니아,7664-41-7,9.54RT,20001122,전북본부
824,익산시청,전북특별자치도 익산시 번영로1길 20 (목천동),0638437747,냉동제조,암모니아,7664-41-7,8.92RT,20050818,전북본부
825,남원시청(승화원),전북특별자치도 남원시 광치동 690-1 승화원,0636206189,특고사용,암모니아,7664-41-7,217.2㎏,20230330,전북본부
826,(주)사조원금구공장,전북특별자치도 김제시 금구면 봉두로 161,0635436833,냉동제조,암모니아,7664-41-7,281.7RT,20001222,전북본부
827,(주)케이씨씨실리콘전주공장,전북특별자치도 완주군 봉동읍 과학로 801,0632601824,냉동제조,암모니아,7664-41-7,1440RT,20030711,전북본부
828,(주)케이씨씨실리콘전주공장,전북특별자치도 완주군 봉동읍 과학로 801,0632601824,냉동제조,암모니아,7664-41-7,714RT,20030711,전북본부
829,대흥산업가스(주),전북특별자치도 군산시 공항로 161 (산북동),0634454327,일반판매,일산화질소,10102-43-9,0,20021122,전북본부
830,대흥산업가스(주),전북특별자치도 군산시 공항로 161 (산북동),0634454327,일반판매,산화에틸렌,75-21-8,0,20021122,전북본부
831,대흥산업가스(주),전북특별자치도 군산시 공항로 161 (산북동),0634454327,일반판매,염소,7782-50-5,0,20021122,전북본부
832,대흥산업가스(주),전북특별자치도 군산시 공항로 161 (산북동),0634454327,일반판매,SO2,7446-09-5,0,20021122,전북본부
833,대흥산업가스(주),전북특별자치도 군산시 공항로 161 (산북동),0634454327,일반판매,일산화탄소,630-08-0,0,20021122,전북본부
834,대흥산업가스(주),전북특별자치도 군산시 공항로 161 (산북동),0634454327,일반판매,디실란,1590-87-0,0,20021122,전북본부
835,대흥산업가스(주),전북특별자치도 군산시 공항로 161 (산북동),0634454327,일반판매,디보레인,19287-45-7,0,20021122,전북본부
836,대흥산업가스(주),전북특별자치도 군산시 공항로 161 (산북동),0634454327,일반판매,포스핀,7803-51-2,0,20021122,전북본부
837,대흥산업가스(주),전북특별자치도 군산시 공항로 161 (산북동),0634454327,일반판매,암모니아,7664-41-7,0,20021122,전북본부
838,(주)에버스톤,전북특별자치도 임실군 오수면 춘향로 1586-4,,냉동제조,암모니아,7664-41-7,197.6RT,20030116,전북본부
839,부안수산업협동조합,전북특별자치도 부안군 변산면 격포중앙길 21-8 (격포리),0635813104,냉동제조,암모니아,7664-41-7,116.9RT,20021230,전북본부
840,매일유업(주) 상하공장,전북특별자치도 고창군 상하면 진암구시포로 412,0635604500,냉동제조,암모니아,7664-41-7,138RT,20131029,전북본부
841,(주)창해이엔지,전북특별자치도 전주시 덕진구 원만성로 15 (팔복동3가),0632147702,냉동제조,암모니아,7664-41-7,119RT,,전북본부
842,(주)하림육가공공장 (3본부),전북특별자치도 익산시 망성면 망성로 14,0638602330,냉동제조,암모니아,7664-41-7,1732.43RT,19971027,전북본부
843,한국원자력연구원,전북특별자치도 정읍시 금구길 29 (신정동),0635703573,특고사용,암모니아,7664-41-7,25㎏,20151203,전북본부
844,한국원자력연구원,전북특별자치도 정읍시 금구길 29 (신정동),0635703573,특고사용,염소,7782-50-5,10㎏,20151203,전북본부
845,한국원자력연구원,전북특별자치도 정읍시 금구길 29 (신정동),0635703573,특고사용,모노실란,7803-62-5,7㎥,20151203,전북본부
846,한국원자력연구원,전북특별자치도 정읍시 금구길 29 (신정동),0635703573,특고사용,포스핀,7803-51-2,7㎥,20151203,전북본부
847,동우화인켐(주)\_2부지,전북특별자치도 익산시 약촌로 111 (신흥동),0638395884,특고사용,암모니아,7664-41-7,25.27㎏,20240110,전북본부
848,(주)옵토웰,전북특별자치도 전주시 덕진구 반룡로 42(팔복동2가),0632704333,일반저장,포스핀,7803-51-2,13.92㎥,20210304,전북본부
849,그랜드가스,전북특별자치도 완주군 봉동읍 제촌길 23,0632610666,일반판매,CO+CO2+CH4+C2H4+C2H6+n-C4H10+n,630-08-0,0,20060522,전북본부
850,그랜드가스,전북특별자치도 완주군 봉동읍 제촌길 23,0632610666,일반판매,CO+CO2+CH4+C2H4+C2H6+C3H8+n-C4,630-08-0,0,20060522,전북본부
851,그랜드가스,전북특별자치도 완주군 봉동읍 제촌길 23,0632610666,일반판매,CO+CO2+O2+Ar+SO2+N2,630-08-0,0,20060522,전북본부
852,그랜드가스,전북특별자치도 완주군 봉동읍 제촌길 23,0632610666,일반판매,CO+CO2+O2+Ar+H2+SO2+N2,630-08-0,0,20060522,전북본부
853,그랜드가스,전북특별자치도 완주군 봉동읍 제촌길 23,0632610666,일반판매,CO+CO2+CH4+N2,630-08-0,0,20060522,전북본부
854,그랜드가스,전북특별자치도 완주군 봉동읍 제촌길 23,0632610666,일반판매,CO+CO2+CH4+H2,630-08-0,0,20060522,전북본부
855,그랜드가스,전북특별자치도 완주군 봉동읍 제촌길 23,0632610666,일반판매,CO+CO2+CH4+H2+N2,630-08-0,0,20060522,전북본부
856,그랜드가스,전북특별자치도 완주군 봉동읍 제촌길 23,0632610666,일반판매,CO+CO2+CH4+H2+C3H8+N2,630-08-0,0,20060522,전북본부
857,그랜드가스,전북특별자치도 완주군 봉동읍 제촌길 23,0632610666,일반판매,CO+CO2+NO+C3H8+N2,630-08-0,0,20060522,전북본부
858,그랜드가스,전북특별자치도 완주군 봉동읍 제촌길 23,0632610666,일반판매,CO+CO2+C3H8+N2,630-08-0,0,20060522,전북본부
859,그랜드가스,전북특별자치도 완주군 봉동읍 제촌길 23,0632610666,일반판매,CO+CO2+O2+C3H8+N2,630-08-0,0,20060522,전북본부
860,그랜드가스,전북특별자치도 완주군 봉동읍 제촌길 23,0632610666,일반판매,일산화탄소,630-08-0,0,20060522,전북본부
861,그랜드가스,전북특별자치도 완주군 봉동읍 제촌길 23,0632610666,일반판매,황화수소,7783-06-4,0,20060522,전북본부
862,그랜드가스,전북특별자치도 완주군 봉동읍 제촌길 23,0632610666,일반판매,CO+CO2+C3H8+N2,630-08-0,0,20060522,전북본부
863,그랜드가스,전북특별자치도 완주군 봉동읍 제촌길 23,0632610666,일반판매,CO+CO2+CH4+C2H6+C3H8+H2,630-08-0,0,20060522,전북본부
864,그랜드가스,전북특별자치도 완주군 봉동읍 제촌길 23,0632610666,일반판매,CO+CO2+C3H8+O2+N2,630-08-0,0,20060522,전북본부
865,그랜드가스,전북특별자치도 완주군 봉동읍 제촌길 23,0632610666,일반판매,CO+CO2+N2+He,630-08-0,0,20060522,전북본부
866,그랜드가스,전북특별자치도 완주군 봉동읍 제촌길 23,0632610666,일반판매,CO+CO2+N2+H2+He,630-08-0,0,20060522,전북본부
867,그랜드가스,전북특별자치도 완주군 봉동읍 제촌길 23,0632610666,일반판매,암모니아,7664-41-7,0,20060522,전북본부
868,그랜드가스,전북특별자치도 완주군 봉동읍 제촌길 23,0632610666,일반판매,CO+Air,630-08-0,0,20060522,전북본부
869,그랜드가스,전북특별자치도 완주군 봉동읍 제촌길 23,0632610666,일반판매,H2S+Ar,7783-06-4,0,20060522,전북본부
870,그랜드가스,전북특별자치도 완주군 봉동읍 제촌길 23,0632610666,일반판매,H2S+CO,7783-06-4,0,20060522,전북본부
871,그랜드가스,전북특별자치도 완주군 봉동읍 제촌길 23,0632610666,일반판매,H2S+DME,7783-06-4,0,20060522,전북본부
872,그랜드가스,전북특별자치도 완주군 봉동읍 제촌길 23,0632610666,일반판매,H2S+He,7783-06-4,0,20060522,전북본부
873,그랜드가스,전북특별자치도 완주군 봉동읍 제촌길 23,0632610666,일반판매,H2S+H2,7783-06-4,0,20060522,전북본부
874,그랜드가스,전북특별자치도 완주군 봉동읍 제촌길 23,0632610666,일반판매,H2S+Air,7783-06-4,0,20060522,전북본부
875,그랜드가스,전북특별자치도 완주군 봉동읍 제촌길 23,0632610666,일반판매,H2S+CH4,7783-06-4,0,20060522,전북본부
876,그랜드가스,전북특별자치도 완주군 봉동읍 제촌길 23,0632610666,일반판매,H2S+N2+He,7783-06-4,0,20060522,전북본부
877,그랜드가스,전북특별자치도 완주군 봉동읍 제촌길 23,0632610666,일반판매,H2S+CO2+N2,7783-06-4,0,20060522,전북본부
878,그랜드가스,전북특별자치도 완주군 봉동읍 제촌길 23,0632610666,일반판매,H2S+CO2+CH4,7783-06-4,0,20060522,전북본부
879,그랜드가스,전북특별자치도 완주군 봉동읍 제촌길 23,0632610666,일반판매,H2S+CO2+O2+N2,7783-06-4,0,20060522,전북본부
880,그랜드가스,전북특별자치도 완주군 봉동읍 제촌길 23,0632610666,일반판매,H2S+CO2+CH4+NH3+N2,7664-41-7,0,20060522,전북본부
881,그랜드가스,전북특별자치도 완주군 봉동읍 제촌길 23,0632610666,일반판매,H2S+CO2+C2H6+C3H8+n-C4H10+i-C4,7783-06-4,0,20060522,전북본부
882,그랜드가스,전북특별자치도 완주군 봉동읍 제촌길 23,0632610666,일반판매,NH3+Ar,7664-41-7,0,20060522,전북본부
883,그랜드가스,전북특별자치도 완주군 봉동읍 제촌길 23,0632610666,일반판매,NH3+He,7664-41-7,0,20060522,전북본부
884,그랜드가스,전북특별자치도 완주군 봉동읍 제촌길 23,0632610666,일반판매,NH3+H2,7664-41-7,0,20060522,전북본부
885,그랜드가스,전북특별자치도 완주군 봉동읍 제촌길 23,0632610666,일반판매,NH3+Air,7664-41-7,0,20060522,전북본부
886,그랜드가스,전북특별자치도 완주군 봉동읍 제촌길 23,0632610666,일반판매,C6H6+Air,71-43-2,0,20060522,전북본부
887,그랜드가스,전북특별자치도 완주군 봉동읍 제촌길 23,0632610666,일반판매,C8H10+N2,1330-20-7,0,20060522,전북본부
888,그랜드가스,전북특별자치도 완주군 봉동읍 제촌길 23,0632610666,일반판매,C8H10+Air,1330-20-7,0,20060522,전북본부
889,그랜드가스,전북특별자치도 완주군 봉동읍 제촌길 23,0632610666,일반판매,C6H6+C7H8+C8H10+(o.m.p)-C6H4(C,71-43-2,0,20060522,전북본부
890,그랜드가스,전북특별자치도 완주군 봉동읍 제촌길 23,0632610666,일반판매,C6H6+C7H8+C8H10+(o.m.p)-C6H4(C,71-43-2,0,20060522,전북본부
891,그랜드가스,전북특별자치도 완주군 봉동읍 제촌길 23,0632610666,일반판매,C2H6S+C2H6S2+N2,75-08-1,0,20060522,전북본부
892,그랜드가스,전북특별자치도 완주군 봉동읍 제촌길 23,0632610666,일반판매,CO+CO2+NO+He,630-08-0,0,20060522,전북본부
893,그랜드가스,전북특별자치도 완주군 봉동읍 제촌길 23,0632610666,일반판매,CO+CO2+NO+CH4+C3H8+N2,630-08-0,0,20060522,전북본부
894,그랜드가스,전북특별자치도 완주군 봉동읍 제촌길 23,0632610666,일반판매,CO+CO2+NO+CH4+C2H2+C3H8+N2,630-08-0,0,20060522,전북본부
895,그랜드가스,전북특별자치도 완주군 봉동읍 제촌길 23,0632610666,일반판매,CO+O2+N2,630-08-0,0,20060522,전북본부
896,그랜드가스,전북특별자치도 완주군 봉동읍 제촌길 23,0632610666,일반판매,CO+O2+H2+N2,630-08-0,0,20060522,전북본부
897,그랜드가스,전북특별자치도 완주군 봉동읍 제촌길 23,0632610666,일반판매,CO+O2+He+N2,630-08-0,0,20060522,전북본부
898,그랜드가스,전북특별자치도 완주군 봉동읍 제촌길 23,0632610666,일반판매,CO+O2+Ne+N2,630-08-0,0,20060522,전북본부
899,그랜드가스,전북특별자치도 완주군 봉동읍 제촌길 23,0632610666,일반판매,CO+O2+N2O+N2,630-08-0,0,20060522,전북본부
900,그랜드가스,전북특별자치도 완주군 봉동읍 제촌길 23,0632610666,일반판매,CO+O2+CH4+H2S+N2,630-08-0,0,20060522,전북본부
901,그랜드가스,전북특별자치도 완주군 봉동읍 제촌길 23,0632610666,일반판매,CO+SO2+N2,630-08-0,0,20060522,전북본부
902,그랜드가스,전북특별자치도 완주군 봉동읍 제촌길 23,0632610666,일반판매,CO+NO+SO2+N2,630-08-0,0,20060522,전북본부
903,그랜드가스,전북특별자치도 완주군 봉동읍 제촌길 23,0632610666,일반판매,CO+NO+SO2+NO2+N2,630-08-0,0,20060522,전북본부
904,그랜드가스,전북특별자치도 완주군 봉동읍 제촌길 23,0632610666,일반판매,CO+NO+SO2+CO2+N2,630-08-0,0,20060522,전북본부
905,그랜드가스,전북특별자치도 완주군 봉동읍 제촌길 23,0632610666,일반판매,CO+H2+N2,630-08-0,0,20060522,전북본부
906,그랜드가스,전북특별자치도 완주군 봉동읍 제촌길 23,0632610666,일반판매,CO+H2+He+N2,630-08-0,0,20060522,전북본부
907,그랜드가스,전북특별자치도 완주군 봉동읍 제촌길 23,0632610666,일반판매,CO+CH4+CO2,630-08-0,0,20060522,전북본부
908,그랜드가스,전북특별자치도 완주군 봉동읍 제촌길 23,0632610666,일반판매,CO+CH4+H2+N2,630-08-0,0,20060522,전북본부
909,그랜드가스,전북특별자치도 완주군 봉동읍 제촌길 23,0632610666,일반판매,CO+CH4+C2H2+Air,630-08-0,0,20060522,전북본부
910,그랜드가스,전북특별자치도 완주군 봉동읍 제촌길 23,0632610666,일반판매,CO+C3H8+Ne+N2,630-08-0,0,20060522,전북본부
911,그랜드가스,전북특별자치도 완주군 봉동읍 제촌길 23,0632610666,일반판매,CO+NO+N2,630-08-0,0,20060522,전북본부
912,그랜드가스,전북특별자치도 완주군 봉동읍 제촌길 23,0632610666,일반판매,CO+CO2+N2,630-08-0,0,20060522,전북본부
913,그랜드가스,전북특별자치도 완주군 봉동읍 제촌길 23,0632610666,일반판매,CO+CO2,630-08-0,0,20060522,전북본부
914,그랜드가스,전북특별자치도 완주군 봉동읍 제촌길 23,0632610666,일반판매,일산화질소,10102-43-9,0,20060522,전북본부
915,그랜드가스,전북특별자치도 완주군 봉동읍 제촌길 23,0632610666,일반판매,아황산가스,7446-09-5,0,20060522,전북본부
916,그랜드가스,전북특별자치도 완주군 봉동읍 제촌길 23,0632610666,일반판매,염화수소,7647-01-0,0,20060522,전북본부
917,그랜드가스,전북특별자치도 완주군 봉동읍 제촌길 23,0632610666,일반판매,염소,7782-50-5,0,20060522,전북본부
918,그랜드가스,전북특별자치도 완주군 봉동읍 제촌길 23,0632610666,일반판매,불소,7782-41-4,0,20060522,전북본부
919,그랜드가스,전북특별자치도 완주군 봉동읍 제촌길 23,0632610666,일반판매,CO+CO2+He+N2,630-08-0,0,20060522,전북본부
920,그랜드가스,전북특별자치도 완주군 봉동읍 제촌길 23,0632610666,일반판매,CO+Ne,630-08-0,0,20060522,전북본부
921,그랜드가스,전북특별자치도 완주군 봉동읍 제촌길 23,0632610666,일반판매,CO+CO2+NO+N2,630-08-0,0,20060522,전북본부
922,그랜드가스,전북특별자치도 완주군 봉동읍 제촌길 23,0632610666,일반판매,CO+CO2+CH4+C2H4+C2H6+C3H8+n-C4,630-08-0,0,20060522,전북본부
923,그랜드가스,전북특별자치도 완주군 봉동읍 제촌길 23,0632610666,일반판매,CO+CO2+CH4+C2H2+C2H4+C2H6+C3H6,630-08-0,0,20060522,전북본부
924,(주)동양정공,전북특별자치도 완주군 봉동읍 완주산단8로 66,0637165342,특고사용,암모니아,7664-41-7,112.9㎏,20171030,전북본부
925,부안수협수산물가공공장,전북특별자치도 부안군 행안면 부안농공단지길 14-3,0635843101,냉동제조,암모니아,7664-41-7,99.66RT,20090330,전북본부
926,대상(주)라이신공장,전북특별자치도 군산시 외항4길 57 (소룡동),0634502389,일반저장,암모니아,7664-41-7,69.586Ton,20000118,전북본부
927,대상(주)라이신공장,전북특별자치도 군산시 외항4길 57 (소룡동),0634502389,일반저장,암모니아,7664-41-7,39.26Ton,20000118,전북본부
928,대상(주)라이신공장,전북특별자치도 군산시 외항4길 57 (소룡동),0634502389,일반저장,암모니아,7664-41-7,39.575Ton,20000118,전북본부
929,대상(주)라이신공장,전북특별자치도 군산시 외항4길 57 (소룡동),0634502389,일반저장,암모니아,7664-41-7,39.575Ton,20000118,전북본부
930,대상(주)라이신공장,전북특별자치도 군산시 외항4길 57 (소룡동),0634502389,일반저장,암모니아,7664-41-7,39.575Ton,20000118,전북본부
931,대상(주)라이신공장,전북특별자치도 군산시 외항4길 57 (소룡동),0634502389,특고사용,암모니아,7664-41-7,80400㎏,20210911,전북본부
932,원진특수가스(주),전북특별자치도 정읍시 덕천면 황토현로 646,07077200624,일반판매,암모니아,7664-41-7,0,20090119,전북본부
933,원진특수가스(주),전북특별자치도 정읍시 덕천면 황토현로 646,07077200624,일반판매,산화에틸렌,75-21-8,0,20090119,전북본부
934,한국전자기술연구원,전북특별자치도 전주시 덕진구 반룡로 111 (팔복동2가),0632190119,특고사용,염소,7782-50-5,55㎏,20091229,전북본부
935,한국전자기술연구원,전북특별자치도 전주시 덕진구 반룡로 111 (팔복동2가),0632190119,특고사용,암모니아,7664-41-7,25㎏,20091229,전북본부
936,한국전자기술연구원,전북특별자치도 전주시 덕진구 반룡로 111 (팔복동2가),0632190119,특고사용,모노실란,7803-62-5,7㎥,20091229,전북본부
937,한국전자기술연구원,전북특별자치도 전주시 덕진구 반룡로 111 (팔복동2가),0632190119,특고사용,모노실란,7803-62-5,7㎥,20150428,전북본부
938,군산수산업협동조합(비응항제빙공장),전북특별자치도 군산시 비응도동 112,0634620156,냉동제조,암모니아,7664-41-7,72.18RT,20090901,전북본부
939,미원상사(주)전주2공장,전북특별자치도 완주군 봉동읍 완주산단6로 56,0632608400,특고사용,암모니아,7664-41-7,6.994㎏,20120207,전북본부
940,미원상사(주)전주2공장,전북특별자치도 완주군 봉동읍 완주산단6로 56,0632608400,일반저장,염화메탄,74-87-3,5.64Ton,20140116,전북본부
941,가스켐솔루션(주),전북특별자치도 익산시 낭산면 함낭로 1032-36,0638610494,일반판매,암모니아,7664-41-7,0,20100527,전북본부
942,(주)롯데칠성음료,전북특별자치도 군산시 외항1길 222 (소룡동),0634622414,냉동제조,암모니아,7664-41-7,115.39RT,,전북본부
943,풀무원다논(주),전북특별자치도 무주군 무주읍 당산강변로 32,0633201162,냉동제조,암모니아,7664-41-7,606.8RT,20090717,전북본부
944,한신특수가스,전북특별자치도 익산시 삼기면 간촌길 11,0638550082,일반판매,암모니아,7664-41-7,0,20100830,전북본부
945,한신특수가스,전북특별자치도 익산시 삼기면 간촌길 11,0638550082,일반판매,산화에틸렌,75-21-8,0,20100830,전북본부
946,(주)우성냉동,전북특별자치도 군산시 비응6길 23 (비응도동),0634684460,냉동제조,암모니아,7664-41-7,103.36RT,20100420,전북본부
947,대덕가스(주)군산,전북특별자치도 군산시 가도1길 33 (오식도동),0634643712,일반충전,산화에틸렌,75-21-8,.166Ton,20100419,전북본부
948,대덕가스(주)군산,전북특별자치도 군산시 가도1길 33 (오식도동),0634643712,일반판매,모노실란,7803-62-5,0,20111019,전북본부
949,대덕가스(주)군산,전북특별자치도 군산시 가도1길 33 (오식도동),0634643712,일반판매,디보레인,19287-45-7,0,20111019,전북본부
950,대덕가스(주)군산,전북특별자치도 군산시 가도1길 33 (오식도동),0634643712,일반판매,육불화텅스텐,7783-82-6,0,20111019,전북본부
951,대덕가스(주)군산,전북특별자치도 군산시 가도1길 33 (오식도동),0634643712,일반판매,포스핀,7803-51-2,0,20111019,전북본부
952,대덕가스(주)군산,전북특별자치도 군산시 가도1길 33 (오식도동),0634643712,일반판매,삼불화붕소,7637-07-2,0,20111019,전북본부
953,대덕가스(주)군산,전북특별자치도 군산시 가도1길 33 (오식도동),0634643712,일반판매,사불화규소,7783-61-1,0,20111019,전북본부
954,대덕가스(주)군산,전북특별자치도 군산시 가도1길 33 (오식도동),0634643712,일반판매,삼염화붕소,10294-34-5,0,20111019,전북본부
955,대덕가스(주)군산,전북특별자치도 군산시 가도1길 33 (오식도동),0634643712,일반판매,브롬화수소,10035-10-6,0,20111019,전북본부
956,대덕가스(주)군산,전북특별자치도 군산시 가도1길 33 (오식도동),0634643712,일반판매,염소,7782-50-5,0,20111019,전북본부
957,대덕가스(주)군산,전북특별자치도 군산시 가도1길 33 (오식도동),0634643712,일반판매,염화수소,7647-01-0,0,20111019,전북본부
958,대덕가스(주)군산,전북특별자치도 군산시 가도1길 33 (오식도동),0634643712,일반판매,황화수소,7783-06-4,0,20111019,전북본부
959,대덕가스(주)군산,전북특별자치도 군산시 가도1길 33 (오식도동),0634643712,일반판매,아황산가스,7446-09-5,0,20111019,전북본부
960,대덕가스(주)군산,전북특별자치도 군산시 가도1길 33 (오식도동),0634643712,일반판매,GeF4,7783-58-6,0,20111019,전북본부
961,대덕가스(주)군산,전북특별자치도 군산시 가도1길 33 (오식도동),0634643712,일반판매,삼불화인,7783-55-3,0,20111019,전북본부
962,대덕가스(주)군산,전북특별자치도 군산시 가도1길 33 (오식도동),0634643712,일반판매,불화수소,7664-39-3,0,20111019,전북본부
963,대덕가스(주)군산,전북특별자치도 군산시 가도1길 33 (오식도동),0634643712,일반판매,디실란,1590-87-0,0,20111019,전북본부
964,대덕가스(주)군산,전북특별자치도 군산시 가도1길 33 (오식도동),0634643712,일반충전,암모니아,7664-41-7,16.56Ton,20111019,전북본부
965,대덕가스(주)군산,전북특별자치도 군산시 가도1길 33 (오식도동),0634643712,일반충전,일산화탄소,630-08-0,17㎥,20121019,전북본부
966,대덕가스(주)군산,전북특별자치도 군산시 가도1길 33 (오식도동),0634643712,일반충전,일산화질소,10102-43-9,7.1㎥,20161019,전북본부
967,대덕가스(주)군산,전북특별자치도 군산시 가도1길 33 (오식도동),0634643712,일반충전,아황산가스,7446-09-5,.127Ton,20161019,전북본부
968,대덕가스(주)군산,전북특별자치도 군산시 가도1길 33 (오식도동),0634643712,일반충전,암모니아,7664-41-7,.025Ton,20161019,전북본부
969,대덕가스(주)군산,전북특별자치도 군산시 가도1길 33 (오식도동),0634643712,일반충전,삼염화붕소,10294-34-5,.06Ton,20161019,전북본부
970,대덕가스(주)군산,전북특별자치도 군산시 가도1길 33 (오식도동),0634643712,일반충전,불소,7782-41-4,7.1㎥,20161019,전북본부
971,대덕가스(주)군산,전북특별자치도 군산시 가도1길 33 (오식도동),0634643712,일반충전,염화수소,7647-01-0,.028Ton,20161019,전북본부
972,대덕가스(주)군산,전북특별자치도 군산시 가도1길 33 (오식도동),0634643712,일반충전,염소,7782-50-5,.058Ton,20161019,전북본부
973,대덕가스(주)군산,전북특별자치도 군산시 가도1길 33 (오식도동),0634643712,일반충전,황화수소,7783-06-4,.032Ton,20161019,전북본부
974,대덕가스(주)군산,전북특별자치도 군산시 가도1길 33 (오식도동),0634643712,일반충전,디메틸아민(DMA),124-40-3,18.571Ton,20171024,전북본부
975,(주)오디텍전주지점,전북특별자치도 완주군 봉동읍 둔산1로 165,0637107237,특고사용,모노실란,7803-62-5,7㎥,20150428,전북본부
976,(주)오디텍전주지점,전북특별자치도 완주군 봉동읍 둔산1로 165,0637107237,특고사용,암모니아,7664-41-7,20㎏,20150428,전북본부
977,(주)오디텍전주지점,전북특별자치도 완주군 봉동읍 둔산1로 165,0637107237,특고사용,암모니아,7664-41-7,25.3㎏,20161011,전북본부
978,(주)오디텍전주지점,전북특별자치도 완주군 봉동읍 둔산1로 165,0637107237,특고사용,염소,7782-50-5,58.8㎏,20161011,전북본부
979,(주)오디텍전주지점,전북특별자치도 완주군 봉동읍 둔산1로 165,0637107237,특고사용,모노실란,7803-62-5,7.1㎥,20161011,전북본부
980,(주)오디텍전주지점,전북특별자치도 완주군 봉동읍 둔산1로 165,0637107237,특고사용,디보레인,19287-45-7,7.1㎥,20161011,전북본부
981,(주)에스아이지,전북특별자치도 순창군 인계면 물통길 22-40,0636526726,냉동제조,암모니아,7664-41-7,309.61RT,20110905,전북본부
982,(주)하림정읍공장,전북특별자치도 정읍시 북면 3산단2길 95,0635302852,냉동제조,암모니아,7664-41-7,1254RT,20120416,전북본부
983,(주)하림정읍공장,전북특별자치도 정읍시 북면 3산단2길 95,0635302852,냉동제조,암모니아,7664-41-7,322.6RT,20120618,전북본부
984,동우화인켐(주)\_3부지,전북특별자치도 익산시 약촌로 118 (신흥동),0638392770,일반저장,암모니아,7664-41-7,21.956Ton,20161110,전북본부
985,동우화인켐(주)\_3부지,전북특별자치도 익산시 약촌로 118 (신흥동),0638392770,일반저장,암모니아,7664-41-7,21.972Ton,20161110,전북본부
986,동우화인켐(주)\_3부지,전북특별자치도 익산시 약촌로 118 (신흥동),0638392770,일반저장,암모니아,7664-41-7,21.956Ton,20220826,전북본부
987,동우화인켐(주)\_3부지,전북특별자치도 익산시 약촌로 118 (신흥동),0638392770,일반저장,암모니아,7664-41-7,21.956Ton,20220826,전북본부
988,농업회사법인(주)싱그린에프에스,전북특별자치도 익산시 용안면 익산대로 2078,0638617568,냉동제조,암모니아,7664-41-7,101.99RT,20151019,전북본부
989,이서에너지,전북특별자치도 완주군 이서면 반교로 68-68,0632121245,일반판매,불소,7782-41-4,0,20150520,전북본부
990,주식회사참프레,전북특별자치도 부안군 행안면 옥여길 32-29,0635806330,냉동제조,암모니아,7664-41-7,2529.96RT,20130117,전북본부
991,에이치에스효성첨단소재(주)전주공장,전북특별자치도 전주시 덕진구 기린대로 886 (동산동),0632815425,특고사용,암모니아,7664-41-7,108.6㎏,20181129,전북본부
992,에이치에스효성첨단소재(주)전주공장,전북특별자치도 전주시 덕진구 기린대로 886 (동산동),0632815425,특고사용,암모니아,7664-41-7,219.4㎏,20200128,전북본부
993,에이치에스효성첨단소재(주)전주공장,전북특별자치도 전주시 덕진구 기린대로 886 (동산동),0632815425,특고사용,암모니아,7664-41-7,709.68㎏,20231120,전북본부
994,국립농업과학원(농업공학부),전북특별자치도 전주시 덕진구 농생명로 310 (중동),0632384010,특고사용,암모니아,7664-41-7,50.76㎏,20150204,전북본부
995,한국핵융합에너지연구원플라즈마기술연구소,전북특별자치도 군산시 동장산로 37 (오식도동),0634404013,특고사용,암모니아,7664-41-7,25.27㎏,20161201,전북본부
996,한국핵융합에너지연구원플라즈마기술연구소,전북특별자치도 군산시 동장산로 37 (오식도동),0634404013,특고사용,염소,7782-50-5,58.75㎏,20230714,전북본부
997,농촌진흥청(국립축산과학원),전북특별자치도 완주군 이서면 콩쥐팥쥐로 1500,0632387185,특고사용,암모니아,7664-41-7,25.3㎏,20210607,전북본부
998,농업회사법인(주)그린피아,전북특별자치도 임실군 오수면 오류3길 31-9,0636420800,냉동제조,암모니아,7664-41-7,40.5RT,20131217,전북본부
999,에이치에스효성첨단소재(주)전주공장,전북특별자치도 전주시 덕진구 기린대로 886 (동산동),0632815443,특고사용,암모니아,7664-41-7,250㎏,20130905,전북본부
1000,에이치에스효성첨단소재(주)전주공장,전북특별자치도 전주시 덕진구 기린대로 886 (동산동),0632815443,특고사용,암모니아,7664-41-7,709.68㎏,20220518,전북본부
1001,(주)한농화성,전북특별자치도 군산시 외항1길 32-19 (소룡동),0634622455,특고사용,암모니아,7664-41-7,55.38㎏,20210701,전북본부
1002,(주)한농화성,전북특별자치도 군산시 외항1길 32-19 (소룡동),0634622455,일반저장,염화메탄,74-87-3,3.76Ton,20241107,전북본부
1003,도레이첨단소재(주)군산공장,전북특별자치도 군산시 새만금북로 90 (오식도동),0634472700,일반저장,염소,7782-50-5,40.101Ton,20170118,전북본부
1004,도레이첨단소재(주)군산공장,전북특별자치도 군산시 새만금북로 90 (오식도동),0634472700,일반저장,염소,7782-50-5,40.101Ton,20170118,전북본부
1005,전북대반도체물성연구소반도체공정센터,"전북특별자치도 전주시 덕진구 건지로 20 (금암동,전북대반도체물성연구소 2호관)",0632704333,특고사용,암모니아,7664-41-7,30.84㎏,20140507,전북본부
1006,전북대반도체물성연구소반도체공정센터,"전북특별자치도 전주시 덕진구 건지로 20 (금암동,전북대반도체물성연구소 2호관)",0632704333,특고사용,모노실란,7803-62-5,6㎥,20140507,전북본부
1007,OCI SE(주),전북특별자치도 군산시 새만금산단3로 213 (오식도동),0634409100,일반저장,암모니아,7664-41-7,28.899Ton,20150917,전북본부
1008,에스지씨에너지(주)군산사업부문,전북특별자치도 군산시 소룡동 38-10,0634607243,일반저장,암모니아,7664-41-7,32.42Ton,20160119,전북본부
1009,에스지씨에너지(주)군산사업부문,전북특별자치도 군산시 소룡동 38-10,0634607243,냉동제조,암모니아,7664-41-7,480.22RT,,전북본부
1010,에스지씨에너지(주)군산사업부문,전북특별자치도 군산시 소룡동 38-10,0634607243,냉동제조,암모니아,7664-41-7,480.22RT,,전북본부
1011,군산시수산물연구가공거점단지(물류가공동),전북특별자치도 군산시 내항2길 312 (해망동),0634450167,냉동제조,암모니아,7664-41-7,130.15RT,20150827,전북본부
1012,(주)티엠시,전북특별자치도 김제시 백산면 지평선산단3길 158,0632129520,특고사용,암모니아,7664-41-7,225.84㎏,20220217,전북본부
1013,미원상사(주)익산공장,전북특별자치도 익산시 낭산면 미륵사지로 820-25,0638605500,특고사용,암모니아,7664-41-7,5.38㎏,20190430,전북본부
1014,(주)나노솔루션,전북특별자치도 전주시 덕진구 반룡로 110 전주기계탄소기술원,0632149740,특고사용,염소,7782-50-5,58.75㎏,20210903,전북본부
1015,(주)나노솔루션,전북특별자치도 전주시 덕진구 반룡로 110 전주기계탄소기술원,0632149740,특고사용,염소,7782-50-5,58.75㎏,20211227,전북본부
1016,(주)이맥솔루션정읍공장,전북특별자치도 정읍시 공단1길 51 (영파동),0635347295,특고사용,암모니아,7664-41-7,162.9㎏,20181113,전북본부
1017,(주)시지트로닉스,전북특별자치도 완주군 봉동읍 테크노밸리로 497,0632624667,특고사용,모노실란,7803-62-5,7.1㎥,20181202,전북본부
1018,(주)시지트로닉스,전북특별자치도 완주군 봉동읍 테크노밸리로 497,0632624667,특고사용,염소,7782-50-5,58.75㎏,20181202,전북본부
1019,(주)시지트로닉스,전북특별자치도 완주군 봉동읍 테크노밸리로 497,0632624667,특고사용,암모니아,7664-41-7,50.54㎏,20181202,전북본부
1020,(주)하림산업함열식품공장,전북특별자치도 익산시 함열읍 익산대로78길 332,0638620600,냉동제조,암모니아,7664-41-7,1879.63RT,20200529,전북본부
1021,(주)하림산업함열식품공장,전북특별자치도 익산시 함열읍 익산대로78길 332,0638620600,냉동제조,암모니아,7664-41-7,853.69RT,20200611,전북본부
1022,사단법인 한국선급,전북특별자치도 군산시 자유로 396-6 (오식도동),07087998372,일반제조,암모니아,7664-41-7,10.006Ton,20240403,전북본부
1023,사단법인 한국선급,전북특별자치도 군산시 자유로 396-6 (오식도동),07087998372,일반제조,암모니아,7664-41-7,94.934Ton/day,20240403,전북본부
1024,(주)푸드웨어2공장,전북특별자치도 김제시 순동산단1길 28-12,0635469861,냉동제조,암모니아,7664-41-7,288.3RT,20191203,전북본부
1025,(주)피지티,전북특별자치도 군산시 자유무역로 35 (오식도동),0639109801,일반제조,불화수소,7664-39-3,2.459Ton/day,20250828,전북본부
1026,(주)나노전자,전북특별자치도 전주시 덕진구 반룡로 111 (팔복동2가)전자부품연구원내,0632193123,특고사용,염소,7782-50-5,25.5㎏,20200310,전북본부
1027,(주)제이엠,전북특별자치도 김제시 백산면 지평선산단5길 258,0635460360,특고사용,암모니아,7664-41-7,224㎏,20220218,전북본부
1028,(재)한국조선해양기자재연구원,전북특별자치도 군산시 산단남북로 191 (오식도동),0634658423,일반제조,암모니아,7664-41-7,18.414Ton,20251126,전북본부
1029,(재)한국조선해양기자재연구원,전북특별자치도 군산시 산단남북로 191 (오식도동),0634658423,일반제조,암모니아,7664-41-7,73.656Ton/day,20251126,전북본부
1030,(주)에이씨휴먼넷,전북특별자치도 익산시 왕궁면 국가식품로3길 46,0221311189,냉동제조,암모니아,7664-41-7,162RT,20220110,전북본부
1031,(주)피앤엘세미,전북특별자치도 전주시 덕진구 반룡로 111 (팔복동2가),0637143737,특고사용,암모니아,7664-41-7,26㎏,20220524,전북본부
1032,(주)피앤엘세미,전북특별자치도 전주시 덕진구 반룡로 111 (팔복동2가),0637143737,특고사용,모노실란,7803-62-5,7㎥,20220524,전북본부
1033,(주)제이아이테크,전북특별자치도 군산시 새만금산단2로 188 (오식도동),,냉동제조,암모니아,7664-41-7,365.74RT,,전북본부
1034,(주)위바이옴익산공장,전북특별자치도 익산시 왕궁면 푸드폴리스로7길 14,0638320313,특고사용,암모니아,7664-41-7,339㎏,20231011,전북본부
1035,(주)하림산업함열식품공장(온라인물류센터)/ 2기계실,전북특별자치도 익산시 함열읍 익산대로78길 313,07013347204,냉동제조,암모니아,7664-41-7,715.3RT,20240424,전북본부
1036,(주)하림산업함열식품공장(온라인물류센터)/ 2기계실,전북특별자치도 익산시 함열읍 익산대로78길 313,07013347204,냉동제조,암모니아,7664-41-7,369.4RT,20250327,전북본부
1037,(주)미보기아,전북특별자치도 완주군 봉동읍 테크노밸리3로 15,0632493731,특고사용,암모니아,7664-41-7,169.38㎏,20230913,전북본부
1038,(주)제이아이테크제3공장,전북특별자치도 군산시 오식도동 새만금국가산업단지2공구 산5-6,0637310088,일반제조,모노클로로실란,13465-78-6,38.88Ton/day,20240624,전북본부
1039,(주)제이아이테크제3공장,전북특별자치도 군산시 오식도동 새만금국가산업단지2공구 산5-6,0637310088,일반제조,모노클로로실란,13465-78-6,1.714Ton,20240624,전북본부
1040,(주)에이이에스텍,"전북특별자치도 완주군 봉동읍 완주산단6로 18 ,미래정공 1동 1층 연구실",0632620316,특고사용,암모니아,7664-41-7,169.4㎏,20240715,전북본부
1041,(주)에이이에스텍,"전북특별자치도 완주군 봉동읍 완주산단6로 18 ,미래정공 1동 1층 연구실",0632620316,특고사용,암모니아,7664-41-7,112.9㎏,20240715,전북본부
1042,솔루스첨단소재(주),전북특별자치도 익산시 용안면 동지산안대길 46,0638318900,특고사용,암모니아,7664-41-7,25.3㎏,20260107,전북본부
1043,솔루스첨단소재(주),전북특별자치도 익산시 용안면 동지산안대길 46,0638318900,특고사용,모노실란,7803-62-5,7.1㎥,20260107,전북본부
1044,피케이씨(주)새만금공장,전북특별자치도 군산시 새만금산단3로 306 (오식도동),0634501760,일반저장,염소,7782-50-5,37.326Ton,,전북본부
1045,피케이씨(주)새만금공장,전북특별자치도 군산시 새만금산단3로 306 (오식도동),0634501760,일반저장,염소,7782-50-5,37.326Ton,,전북본부
1046,서귀포수산업협동조합(1공장),제주특별자치도 서귀포시 칠십리로 44,0647333501,냉동제조,암모니아,7664-41-7,151.07RT,19960731,제주본부
1047,태화제빙,제주특별자치도 제주시 임항로 37-8,0647575663,냉동제조,암모니아,7664-41-7,34.1RT,19960611,제주본부
1048,제주시수산업협동조합,제주특별자치도 제주시 임항로 37-7 제주시수산업협동조합(이용가공과),0647203162,냉동제조,암모니아,7664-41-7,223.45RT,20020223,제주본부
1049,동남수산,제주특별자치도 서귀포시 칠십리로 63 (서귀동),0647329316,냉동제조,암모니아,7664-41-7,97.5RT,19960724,제주본부
1050,성산포수산업협동조합,제주특별자치도 서귀포시 성산읍 성산등용로 107-17,0647843140,냉동제조,암모니아,7664-41-7,230.05RT,19970407,제주본부
1051,성산포수산업협동조합,제주특별자치도 서귀포시 성산읍 성산등용로 107-17,0647843140,냉동제조,암모니아,7664-41-7,277.7RT,20100603,제주본부
1052,성산포수산업협동조합,제주특별자치도 서귀포시 성산읍 성산등용로 107-17,0647843140,냉동제조,암모니아,7664-41-7,69.08RT,20131129,제주본부
1053,한림수산업협동조합,제주특별자치도 제주시 한림읍 한림해안로 141-4,0647968503,냉동제조,암모니아,7664-41-7,262.4RT,20150304,제주본부
1054,한림수산업협동조합,제주특별자치도 제주시 한림읍 한림해안로 141-4,0647968503,냉동제조,암모니아,7664-41-7,265.62RT,20171020,제주본부
1055,한림수산업협동조합,제주특별자치도 제주시 한림읍 한림해안로 141-4,0647968503,냉동제조,암모니아,7664-41-7,181RT,20011206,제주본부
1056,한림수산업협동조합,제주특별자치도 제주시 한림읍 한림해안로 141-4,0647968503,냉동제조,암모니아,7664-41-7,180.9RT,20091206,제주본부
1057,한림수산업협동조합,제주특별자치도 제주시 한림읍 한림해안로 141-4,0647968503,냉동제조,암모니아,7664-41-7,189.7RT,20140617,제주본부
1058,모슬포수산업협동조합,제주특별자치도 서귀포시 대정읍 하모항구로 30,0647940555,냉동제조,암모니아,7664-41-7,91.3RT,19960608,제주본부
1059,대성수산냉동영어조합법인,제주특별자치도 제주시 한림읍 한림해안로 94,0647967257,냉동제조,암모니아,7664-41-7,184.43RT,20000705,제주본부
1060,동양가스,제주특별자치도 제주시 영강길 221 (영평동),0647583868,일반판매,이산화질소,10102-44-0,0,20250214,제주본부
1061,제주어류양식수산업협동조합 냉장보관창고,제주특별자치도 제주시 한림읍 한림해안로 93,0647961101,냉동제조,암모니아,7664-41-7,51.46RT,20011212,제주본부
1062,추자도수산업협동조합,제주특별자치도 제주시 추자면 추자로 39,0647428193,냉동제조,암모니아,7664-41-7,109.66RT,20150724,제주본부
1063,제주양돈축산업협동조합 축산물 종합유통센터,제주특별자치도 서귀포시 안덕면 한창로 746-31,0647297878,냉동제조,암모니아,7664-41-7,485.7RT,20180913,제주본부
1064,서귀포수산업협동조합(2공장),제주특별자치도 서귀포시 칠십리로72번길 18 (서귀동),0647323513,냉동제조,암모니아,7664-41-7,187.89RT,20060731,제주본부
1065,제주대학교공동실험실습관,제주특별자치도 제주시 제주대학로 102 (아라일동),0647548295,특고사용,암모니아,7664-41-7,5.38㎏,20220128,제주본부
1066,제주대학교공과대학4호관열플라즈마실험실,제주특별자치도 제주시 제주대학로 102,03151833851,특고사용,암모니아,7664-41-7,25.11㎏,20220128,제주본부
1067,성산포수산업협동조합,제주특별자치도 서귀포시 성산읍 성산등용로 107-17,0647823168,냉동제조,암모니아,7664-41-7,230.05RT,,제주본부
1068,영등포아리수정수센터(풍납취수장),서울특별시 송파구 올림픽로41길 108 서울풍납취수장,0231464034,일반저장,염소,7782-50-5,19Ton,19970318,서울광역본부
1069,암사아리수정수센터,서울특별시 강동구 아리수로 131 (암사동) 정수과,0231465751,일반저장,염소,7782-50-5,78Ton,20071224,서울광역본부
1070,암사아리수정수센터,서울특별시 강동구 아리수로 131 (암사동) 정수과,0231465751,일반저장,염소,7782-50-5,32Ton,20071224,서울광역본부
1071,서울추모공원,서울특별시 서초구 양재대로12길 74,0234982541,특고사용,암모니아,7664-41-7,100㎏,20111025,서울광역본부
1072,국군화생방방어연구소,서울특별시 서초구 신흥말길 69-30 (내곡동),027486265,특고사용,염소,7782-50-5,117.5㎏,20250620,서울광역본부
1073,안양시상하수도사업소 (포일정수장),경기도 의왕시 복지로 28 (내손동 16),03180455355,일반저장,염소,7782-50-5,9Ton,19960914,경기광역본부
1074,군포시수도녹지사업소,경기도 군포시 수리산로 151 (산본동),0313903212,일반저장,염소,7782-50-5,9Ton,19960827,경기광역본부
1075,석전의료공업(주),경기도 오산시 황새로149번길 16 (누읍동17),0313744031,일반판매,암모니아,7664-41-7,0,19960802,경기광역본부
1076,매일유업(주),경기도 평택시 진위면 진위서로 63,0316609055,냉동제조,암모니아,7664-41-7,607.02RT,19970320,경기광역본부
1077,매일유업(주),경기도 평택시 진위면 진위서로 63,0316609055,냉동제조,암모니아,7664-41-7,307.8RT,20070222,경기광역본부
1078,삼성전기(주),경기도 수원시 영통구 매영로 150 안전환경팀,0312106966,특고사용,모노실란,7803-62-5,20㎥,20010423,경기광역본부
1079,삼성전기(주),경기도 수원시 영통구 매영로 150 안전환경팀,0312106966,특고사용,염소,7782-50-5,20㎏,20010423,경기광역본부
1080,삼성전기(주),경기도 수원시 영통구 매영로 150 안전환경팀,0312106966,특고사용,암모니아,7664-41-7,25㎏,20130423,경기광역본부
1081,통일열처리,경기도 군포시 엘에스로45번길 105 (당정동 246-5),0314594560,일반저장,암모니아,7664-41-7,.225Ton,20100719,경기광역본부
1082,통일열처리,경기도 군포시 엘에스로45번길 105 (당정동 246-5),0314594560,일반저장,암모니아,7664-41-7,9.447Ton,20100719,경기광역본부
1083,평택시유천정수장,경기도 평택시 경기대로 18-34,03180245193,일반저장,염소,7782-50-5,4.1Ton,19980620,경기광역본부
1084,에스지생활안전(주),경기도 평택시 신평로 28 (유천동),0316513012,특고사용,포스핀,7803-51-2,7.06㎥,20161220,경기광역본부
1085,엘지전자(주),경기도 평택시 진위면 엘지로 222 (평택안전환경팀),0316170453,특고사용,암모니아,7664-41-7,5.48㎏,20220822,경기광역본부
1086,아주대학교,경기도 수원시 영통구 월드컵로 206,0312192086,특고사용,암모니아,7664-41-7,25.3㎏,20250114,경기광역본부
1087,아주대학교,경기도 수원시 영통구 월드컵로 206,0312192086,특고사용,암모니아,7664-41-7,25.3㎏,20250530,경기광역본부
1088,성균관대학교,경기도 수원시 장안구 서부로 2066 (성균관대학교 관리팀),0312905116,특고사용,CL2,7782-50-5,59㎏,20231103,경기광역본부
1089,성균관대학교,경기도 수원시 장안구 서부로 2066 (성균관대학교 관리팀),0312905116,특고사용,NH3,7664-41-7,26㎏,20231103,경기광역본부
1090,성균관대학교,경기도 수원시 장안구 서부로 2066 (성균관대학교 관리팀),0312905116,특고사용,CL2,7782-50-5,59㎏,20231103,경기광역본부
1091,성균관대학교,경기도 수원시 장안구 서부로 2066 (성균관대학교 관리팀),0312905116,특고사용,디보레인,19287-45-7,.071㎥,20240502,경기광역본부
1092,성균관대학교,경기도 수원시 장안구 서부로 2066 (성균관대학교 관리팀),0312905116,특고사용,암모니아,7664-41-7,32.092㎏,20250311,경기광역본부
1093,성균관대학교,경기도 수원시 장안구 서부로 2066 (성균관대학교 관리팀),0312905116,특고사용,암모니아,7664-41-7,50.54㎏,20251002,경기광역본부
1094,에스케이인텔릭스(주) 화성캠퍼스,경기도 화성시 봉담읍 효행로 250 (동화리100-2),0312995600,일반제조,R600a,75-28-5,85.38Ton/day,20150322,경기광역본부
1095,에스케이인텔릭스(주) 화성캠퍼스,경기도 화성시 봉담읍 효행로 250 (동화리100-2),0312995600,일반제조,R600a,75-28-5,1.151Ton,20150322,경기광역본부
1096,(주)지수아이앤씨(메이플트리로그중부제일),경기도 안성시 일죽면 죽화로 139-1,0316737255,냉동제조,암모니아,7664-41-7,247.52RT,19971009,경기광역본부
1097,수원대학교,경기도 화성시 봉담읍 와우안길 17 고운첨단과학기술원 6층,0312202248,특고사용,염소,7782-50-5,58.75㎏,20240306,경기광역본부
1098,수원대학교,경기도 화성시 봉담읍 와우안길 17 고운첨단과학기술원 6층,0312202248,특고사용,모노실란,7803-62-5,7.097㎥,20240306,경기광역본부
1099,수원대학교,경기도 화성시 봉담읍 와우안길 17 고운첨단과학기술원 6층,0312202248,특고사용,암모니아,7664-41-7,25.268㎏,20240306,경기광역본부
1100,(주)형진열처리,경기도 평택시 산단로 65 (주)형진열처리,0316112314,특고사용,암모니아,7664-41-7,100㎏,19990826,경기광역본부
1101,삼성전자(주) 화성사업장,경기도 화성시 삼성전자로 1 (반월동 산16),0312091465,일반저장,일산화탄소,630-08-0,71㎥,20220415,경기광역본부
1102,삼성전자(주) 화성사업장,경기도 화성시 삼성전자로 1 (반월동 산16),0312091465,일반저장,5%B2H6/N2,19287-45-7,71㎥,20220415,경기광역본부
1103,삼성전자(주) 화성사업장,경기도 화성시 삼성전자로 1 (반월동 산16),0312091465,일반저장,NH3,7664-41-7,6.774Ton,20220415,경기광역본부
1104,삼성전자(주) 화성사업장,경기도 화성시 삼성전자로 1 (반월동 산16),0312091465,일반저장,암모니아,7664-41-7,6.774Ton,20220415,경기광역본부
1105,삼성전자(주) 화성사업장,경기도 화성시 삼성전자로 1 (반월동 산16),0312091465,일반저장,암모니아,7664-41-7,2.957Ton,20230415,경기광역본부
1106,에어프로덕츠코리아(주) 화성공장,경기도 화성시 동탄하나1길 54-52 (능동1054),0316153784,일반저장,모노실란,7803-62-5,13053㎥,20040909,경기광역본부
1107,롯데칠성음료(주) 안성공장,경기도 안성시 미양면 제2공단1길 17 롯데칠성음료(주),0316774761,냉동제조,암모니아,7664-41-7,666.39RT,20001001,경기광역본부
1108,안양시상하수도사업소 청계통합정수장,경기도 의왕시 덕장로 69 (청계동),03180452378,일반저장,염소,7782-50-5,9Ton,20011130,경기광역본부
1109,암페놀센싱코리아(유),경기도 평택시 청북읍 한산길 23,0316800681,특고사용,염소,7782-50-5,10㎏,20071001,경기광역본부
1110,암페놀센싱코리아(유),경기도 평택시 청북읍 한산길 23,0316800681,특고사용,암모니아,7664-41-7,45㎏,20071001,경기광역본부
1111,암페놀센싱코리아(유),경기도 평택시 청북읍 한산길 23,0316800681,특고사용,모노실란,7803-62-5,10㎏,20071001,경기광역본부
1112,정남종합가스텍,경기도 화성시 향남읍 장안로 932-2,0313522933,일반판매,이산화질소,10102-44-0,0,20020415,경기광역본부
1113,(주)케이에스테크,경기도 안성시 원곡면 원당로 160 (칠곡리787-6),0316587440,일반판매,일산화탄소,630-08-0,0,20040820,경기광역본부
1114,(주)케이에스테크,경기도 안성시 원곡면 원당로 160 (칠곡리787-6),0316587440,일반판매,암모니아,7664-41-7,0,20040820,경기광역본부
1115,(주)와이엠,경기도 평택시 포승읍 포승공단로118번길 118,0316808653,특고사용,암모니아,7664-41-7,200㎏,20030827,경기광역본부
1116,주식회사 에이알 평택지점,경기도 평택시 진위면 삼남로 745-24,0316151512,냉동제조,암모니아,7664-41-7,160.23RT,20040707,경기광역본부
1117,태경에코(주) 화성공장,경기도 화성시 양감면 초록로 594-35 (사창리 63-11),0313523366,일반판매,암모니아,7664-41-7,0,20060518,경기광역본부
1118,(주)세진가스텍,경기도 화성시 팔탄면 지월길 11,0313543713,일반판매,암모니아,7664-41-7,0,20050218,경기광역본부
1119,가스켐(주),경기도 화성시 팔탄면 터넉골로 70,0313529064,일반판매,염소,7782-50-5,0,20040916,경기광역본부
1120,가스켐(주),경기도 화성시 팔탄면 터넉골로 70,0313529064,일반판매,이산화질소,10102-44-0,0,20040916,경기광역본부
1121,가스켐(주),경기도 화성시 팔탄면 터넉골로 70,0313529064,일반판매,트리클로라이드 보론,10294-34-5,0,20040916,경기광역본부
1122,가스켐(주),경기도 화성시 팔탄면 터넉골로 70,0313529064,일반판매,오불화인,7647-19-0,0,20040916,경기광역본부
1123,가스켐(주),경기도 화성시 팔탄면 터넉골로 70,0313529064,일반판매,디실란,1590-87-0,0,20040916,경기광역본부
1124,가스켐(주),경기도 화성시 팔탄면 터넉골로 70,0313529064,일반판매,암모니아,7664-41-7,0,20040916,경기광역본부
1125,가스켐(주),경기도 화성시 팔탄면 터넉골로 70,0313529064,일반판매,포스핀,7803-51-2,0,20040916,경기광역본부
1126,가스켐(주),경기도 화성시 팔탄면 터넉골로 70,0313529064,일반판매,디보란,19287-45-7,0,20040916,경기광역본부
1127,가스켐(주),경기도 화성시 팔탄면 터넉골로 70,0313529064,일반판매,사염화규소,10026-04-7,0,20040916,경기광역본부
1128,가스켐(주),경기도 화성시 팔탄면 터넉골로 70,0313529064,일반판매,오불화인,7647-19-0,0,20040916,경기광역본부
1129,가스켐(주),경기도 화성시 팔탄면 터넉골로 70,0313529064,일반판매,삼불화인,7783-55-3,0,20040916,경기광역본부
1130,(주)제이씨가스,경기도 안성시 원곡면 청원로 1798,0316924014,일반판매,모노실란,7803-62-5,0,20060809,경기광역본부
1131,(주)제이씨가스,경기도 안성시 원곡면 청원로 1798,0316924014,일반판매,디보란,19287-45-7,0,20060809,경기광역본부
1132,(주)제이씨가스,경기도 안성시 원곡면 청원로 1798,0316924014,일반판매,황화수소,7783-06-4,0,20060809,경기광역본부
1133,(주)제이씨가스,경기도 안성시 원곡면 청원로 1798,0316924014,일반판매,아황산가스,7446-09-5,0,20060809,경기광역본부
1134,(주)제이씨가스,경기도 안성시 원곡면 청원로 1798,0316924014,일반판매,염소,7782-50-5,0,20060809,경기광역본부
1135,(주)제이씨가스,경기도 안성시 원곡면 청원로 1798,0316924014,일반판매,포스핀,7803-51-2,0,20060809,경기광역본부
1136,(주)제이씨가스,경기도 안성시 원곡면 청원로 1798,0316924014,일반판매,일산화탄소,630-08-0,0,20060809,경기광역본부
1137,(주)제이씨가스,경기도 안성시 원곡면 청원로 1798,0316924014,일반판매,암모니아,7664-41-7,0,20060809,경기광역본부
1138,(주)두성,경기도 안성시 양성면 양성로 519-50,0316738766,일반판매,모노실란,7803-62-5,0,20051214,경기광역본부
1139,(주)두성,경기도 안성시 양성면 양성로 519-50,0316738766,일반판매,사불화메탄,75-73-0,0,20051214,경기광역본부
1140,(주)이오테크닉스,경기도 화성시 우정읍 남양만로 805,0314222501,일반판매,염화수소,7647-01-0,0,20060524,경기광역본부
1141,(주)유피케미칼 2공장,경기도 평택시 동삭로 455-91 (칠괴동585-2),0316115400,특고사용,암모니아,7664-41-7,25.27㎏,20201030,경기광역본부
1142,동원물류(주),경기도 안성시 원곡면 청원로 1752-122,0316566699,냉동제조,암모니아,7664-41-7,212RT,20060427,경기광역본부
1143,(주)경민,경기도 화성시 마도면 마도공단로1길 256,0313578351,특고사용,암모니아,7664-41-7,200㎏,20140404,경기광역본부
1144,엠머티리얼스(주),경기도 화성시 마도면 쌍송북로 64-15,0313555259,특고사용,암모니아,7664-41-7,200㎏,20121120,경기광역본부
1145,한국서부발전(주) 평택발전본부,경기도 평택시 포승읍 남양만로 175-2 (원정리),0316802454,일반저장,암모니아,7664-41-7,35.187Ton,20140802,경기광역본부
1146,한국서부발전(주) 평택발전본부,경기도 평택시 포승읍 남양만로 175-2 (원정리),0316802454,일반저장,암모니아,7664-41-7,35.187Ton,20140802,경기광역본부
1147,도쿄일렉트론코리아(주),경기도 화성시 장안면 장안공단6길 51,0318316283,일반저장,디실란,1590-87-0,.257Ton,20230424,경기광역본부
1148,도쿄일렉트론코리아(주),경기도 화성시 장안면 장안공단6길 51,0318316283,일반저장,PH3,7803-51-2,14.2㎥,20230424,경기광역본부
1149,도쿄일렉트론코리아(주),경기도 화성시 장안면 장안공단6길 51,0318316283,일반저장,NH3,7664-41-7,.05Ton,20230424,경기광역본부
1150,레조낙코리아(주),경기도 안성시 미양면 참나무길 5-28,0316756993,일반판매,염소,7782-50-5,0,20070107,경기광역본부
1151,레조낙코리아(주),경기도 안성시 미양면 참나무길 5-28,0316756993,일반판매,브롬화수소,10035-10-6,0,20070107,경기광역본부
1152,레조낙코리아(주),경기도 안성시 미양면 참나무길 5-28,0316756993,일반판매,암모니아,7664-41-7,0,20070107,경기광역본부
1153,레조낙코리아(주),경기도 안성시 미양면 참나무길 5-28,0316756993,일반충전,염소,7782-50-5,10.87Ton,20090107,경기광역본부
1154,(주)케이피티유,경기도 화성시 정남면 괘랑2길 1,0318313043,특고사용,암모니아,7664-41-7,950㎏,20070122,경기광역본부
1155,코아텍(주),경기도 안성시 미양면 양변길 193,0316118211,일반제조,암모니아,7664-41-7,8.46Ton/day,20100215,경기광역본부
1156,코아텍(주),경기도 안성시 미양면 양변길 193,0316118211,일반제조,암모니아,7664-41-7,9.98Ton,20100215,경기광역본부
1157,코아텍(주),경기도 안성시 미양면 양변길 193,0316118211,일반제조,암모니아,7664-41-7,9.98Ton,20100215,경기광역본부
1158,코아텍(주),경기도 안성시 미양면 양변길 193,0316118211,일반제조,암모니아,7664-41-7,19.86Ton,20100215,경기광역본부
1159,코아텍(주),경기도 안성시 미양면 양변길 193,0316118211,일반제조,암모니아,7664-41-7,9.98Ton,20100215,경기광역본부
1160,코아텍(주),경기도 안성시 미양면 양변길 193,0316118211,일반저장,암모니아,7664-41-7,11.505Ton,20150215,경기광역본부
1161,코아텍(주),경기도 안성시 미양면 양변길 193,0316118211,일반저장,암모니아,7664-41-7,11.505Ton,20150215,경기광역본부
1162,코아텍(주),경기도 안성시 미양면 양변길 193,0316118211,일반저장,암모니아,7664-41-7,11.505Ton,20150215,경기광역본부
1163,코아텍(주),경기도 안성시 미양면 양변길 193,0316118211,일반저장,암모니아,7664-41-7,5Ton,20150215,경기광역본부
1164,피에스케이(주,경기도 화성시 삼성1로4길 48 (석우동),0316608839,특고사용,암모니아,7664-41-7,23㎏,20080514,경기광역본부
1165,피에스케이(주,경기도 화성시 삼성1로4길 48 (석우동),0316608839,특고사용,염소,7782-50-5,58.8㎏,20170514,경기광역본부
1166,성균관대학교\_산학협력단,경기도 수원시 장안구 서부로 2066,0312905123,특고사용,셀렌화수소,7783-07-5,1.01㎥,20251107,경기광역본부
1167,유니셈(주),경기도 화성시 장지남길 10-7 (장지동) 10-7 (장지리509),0313795781,특고사용,염소,7782-50-5,58.75㎏,20140814,경기광역본부
1168,유니셈(주),경기도 화성시 장지남길 10-7 (장지동) 10-7 (장지리509),0313795781,특고사용,모노실란,7803-62-5,7.1㎥,20140814,경기광역본부
1169,유니셈(주),경기도 화성시 장지남길 10-7 (장지동) 10-7 (장지리509),0313795781,특고사용,사불화규소,7783-61-1,7.1㎥,20140814,경기광역본부
1170,유니셈(주),경기도 화성시 장지남길 10-7 (장지동) 10-7 (장지리509),0313795781,특고사용,암모니아,7664-41-7,109.8㎏,20140814,경기광역본부
1171,삼성전기(주),경기도 수원시 영통구 매영로 150 삼성전기 공무환경팀 시설그룹,0312105976,특고사용,암모니아,7664-41-7,50㎏,20160329,경기광역본부
1172,롯데쇼핑(주) 롯데마트(롯데물류센터),경기도 오산시 경기동로186번길 15,0313789265,냉동제조,암모니아,7664-41-7,880RT,20070912,경기광역본부
1173,한국쓰리엠(주),경기도 화성시 장안면 장안공단1길 18,0313592151,특고사용,암모니아,7664-41-7,16.2㎏,20150123,경기광역본부
1174,홈플러스(주) 안성공장,경기도 안성시 보개면 보개원삼로 699,07071237640,냉동제조,암모니아,7664-41-7,390.81RT,20080911,경기광역본부
1175,머크일렉트로닉머티리얼즈(주)안성공장,경기도 안성시 미양면 협동단지길 50-14,0316708301,특고사용,NH3,7664-41-7,50.538㎏,20240327,경기광역본부
1176,에이플(주),경기도 평택시 도일유통길 87,0316676310,냉동제조,암모니아,7664-41-7,84.14RT,20240205,경기광역본부
1177,에이플(주),경기도 평택시 도일유통길 87,0316676310,냉동제조,NH3,7664-41-7,203.56RT,20250113,경기광역본부
1178,한국쓰리엠(주)연구소,경기도 화성시 삼성1로5길 7 한국3M 연구소,03180588608,특고사용,암모니아,7664-41-7,25.3㎏,20140612,경기광역본부
1179,(주)라셋(지엘종합물류),경기도 안성시 죽산면 걸미로 145-29,0316731407,냉동제조,암모니아,7664-41-7,172.76RT,20081104,경기광역본부
1180,삼정특수가스(주),경기도 화성시 양감면 개월안길 110-22 (대양리555-1),0313545527,일반판매,삼불화붕소,7637-07-2,0,20091217,경기광역본부
1181,삼정특수가스(주),경기도 화성시 양감면 개월안길 110-22 (대양리555-1),0313545527,일반판매,일산화탄소,630-08-0,0,20091217,경기광역본부
1182,삼정특수가스(주),경기도 화성시 양감면 개월안길 110-22 (대양리555-1),0313545527,일반판매,모노실란,7803-62-5,0,20091217,경기광역본부
1183,삼정특수가스(주),경기도 화성시 양감면 개월안길 110-22 (대양리555-1),0313545527,일반판매,산화에틸렌,75-21-8,0,20091217,경기광역본부
1184,삼정특수가스(주),경기도 화성시 양감면 개월안길 110-22 (대양리555-1),0313545527,일반판매,염소,7782-50-5,0,20091217,경기광역본부
1185,(주)새한진공열처리,경기도 화성시 우정읍 화수길 16,0313584100,특고사용,암모니아,7664-41-7,200㎏,20081224,경기광역본부
1186,(주)동양유지,경기도 안성시 원곡면 청원로 1785-6 (내가천리284),0316521688,일반저장,염화메탄,74-87-3,8.46Ton,20150120,경기광역본부
1187,(주)위드멤스,경기도 화성시 삼성1로5길 46 (석우동1-1),0312337325,특고사용,CL2,7782-50-5,58.75㎏,20230103,경기광역본부
1188,화성금형열처리,경기도 화성시 정남면 시청로 1630-46,0313548153,특고사용,암모니아,7664-41-7,100㎏,20100121,경기광역본부
1189,경기남부수산업협동조합,경기도 평택시 포승읍 평택항만길 56,0316868225,냉동제조,암모니아,7664-41-7,108.99RT,20101022,경기광역본부
1190,대한진공열처리,경기도 화성시 남양읍 현대기아로 693,0313667344,특고사용,암모니아,7664-41-7,100㎏,20100803,경기광역본부
1191,(주)원익아이피에스 본사,경기도 평택시 진위면 진위산단로 75,03180477234,특고사용,암모니아,7664-41-7,101.072㎏,20201125,경기광역본부
1192,(주)원익아이피에스 본사,경기도 평택시 진위면 진위산단로 75,03180477234,특고사용,모노실란,7803-62-5,14.194㎥,20201125,경기광역본부
1193,(주)원익아이피에스 본사,경기도 평택시 진위면 진위산단로 75,03180477234,일반저장,1%PH3/N2,7803-51-2,7.097㎥,20260226,경기광역본부
1194,(주)원익아이피에스 본사,경기도 평택시 진위면 진위산단로 75,03180477234,일반저장,디실란,1590-87-0,.098Ton,20260226,경기광역본부
1195,(주)원익아이피에스 본사,경기도 평택시 진위면 진위산단로 75,03180477234,일반저장,NH3,7664-41-7,.253Ton,20260226,경기광역본부
1196,(주)원익아이피에스 본사,경기도 평택시 진위면 진위산단로 75,03180477234,일반저장,모노실란,7803-62-5,35.485㎥,20260226,경기광역본부
1197,(주)원익아이피에스 본사,경기도 평택시 진위면 진위산단로 75,03180477234,일반저장,10%GEH4/H2,7782-65-2,7.097㎥,20260226,경기광역본부
1198,(주)원익아이피에스 본사,경기도 평택시 진위면 진위산단로 75,03180477234,일반저장,5%B2H6/N2,19287-45-7,7.097㎥,20260226,경기광역본부
1199,(주)원익아이피에스 본사,경기도 평택시 진위면 진위산단로 75,03180477234,일반저장,0.1%PH3/N2,7803-51-2,7.097㎥,20260226,경기광역본부
1200,(주)원익아이피에스 본사,경기도 평택시 진위면 진위산단로 75,03180477234,일반저장,사불화규소,7783-61-1,28.388㎥,20260226,경기광역본부
1201,(주)원익아이피에스 본사,경기도 평택시 진위면 진위산단로 75,03180477234,일반저장,20%F2/N2,7782-41-4,36.995㎥,20260226,경기광역본부
1202,삼천리열처리공업(주),경기도 화성시 마도면 마도공단로 340,0313667402,특고사용,암모니아,7664-41-7,200㎏,20101013,경기광역본부
1203,(주)티씨케이,경기도 안성시 미양면 개정산업단지로 71,0316770277,특고사용,암모니아,7664-41-7,101.08㎏,20240527,경기광역본부
1204,(주)와이솔(H1동),경기도 오산시 가장로 531-7,07071660119,특고사용,암모니아,7664-41-7,50.54㎏,20190703,경기광역본부
1205,(주)와이솔(H1동),경기도 오산시 가장로 531-7,07071660119,특고사용,모노실란,7803-62-5,17.194㎥,20190703,경기광역본부
1206,(주)와이솔(H1동),경기도 오산시 가장로 531-7,07071660119,특고사용,암모니아,7664-41-7,50.54㎏,20190703,경기광역본부
1207,(주)와이솔(H1동),경기도 오산시 가장로 531-7,07071660119,특고사용,염소,7782-50-5,235㎏,20190703,경기광역본부
1208,(주)와이솔(H1동),경기도 오산시 가장로 531-7,07071660119,특고사용,모노실란,7803-62-5,14.194㎥,20221011,경기광역본부
1209,국제엘렉트릭코리아(주),경기도 평택시 진위면 진위산단로 64,03180158315,일반저장,5%PH3/N2,7803-51-2,7.1㎥,20240626,경기광역본부
1210,국제엘렉트릭코리아(주),경기도 평택시 진위면 진위산단로 64,03180158315,일반저장,일산화질소,10102-43-9,.07Ton,20240626,경기광역본부
1211,국제엘렉트릭코리아(주),경기도 평택시 진위면 진위산단로 64,03180158315,일반저장,암모니아,7664-41-7,.051Ton,20240626,경기광역본부
1212,국제엘렉트릭코리아(주),경기도 평택시 진위면 진위산단로 64,03180158315,일반저장,모노실란,7803-62-5,14.2㎥,20240626,경기광역본부
1213,국제엘렉트릭코리아(주),경기도 평택시 진위면 진위산단로 64,03180158315,일반저장,일산화질소,10102-43-9,7.1㎥,20240626,경기광역본부
1214,국제엘렉트릭코리아(주),경기도 평택시 진위면 진위산단로 64,03180158315,일반저장,염소,7782-50-5,.059Ton,20240626,경기광역본부
1215,국제엘렉트릭코리아(주),경기도 평택시 진위면 진위산단로 64,03180158315,일반저장,1%PH3/N2,7803-51-2,7.1㎥,20240626,경기광역본부
1216,(주)엠에스가스 화성공장,경기도 화성시 비봉면 푸른들판로1010번길 127-32,03180475051,일반판매,염소,7782-50-5,0,20131209,경기광역본부
1217,(주)엠에스가스 화성공장,경기도 화성시 비봉면 푸른들판로1010번길 127-32,03180475051,일반판매,암모니아,7664-41-7,0,20131209,경기광역본부
1218,(주)테스,경기도 화성시 향남읍 발안공단로4길 99,03180593262,일반저장,NH3,7664-41-7,.025Ton,20240531,경기광역본부
1219,(주)밀성산업가스,경기도 화성시 팔탄면 구장리 957-1,03180595950,일반판매,모노실란,7803-62-5,0,20111020,경기광역본부
1220,(주)밀성산업가스,경기도 화성시 팔탄면 구장리 957-1,03180595950,일반판매,디보레인,19287-45-7,0,20111020,경기광역본부
1221,(주)밀성산업가스,경기도 화성시 팔탄면 구장리 957-1,03180595950,일반판매,암모니아,7664-41-7,0,20111020,경기광역본부
1222,(주)밀성산업가스,경기도 화성시 팔탄면 구장리 957-1,03180595950,일반판매,디실란,1590-87-0,0,20111020,경기광역본부
1223,(주)밀성산업가스,경기도 화성시 팔탄면 구장리 957-1,03180595950,일반판매,염소,7782-50-5,0,20111020,경기광역본부
1224,(주)밀성산업가스,경기도 화성시 팔탄면 구장리 957-1,03180595950,일반판매,포스핀,7803-51-2,0,20111020,경기광역본부
1225,동우화인켐(주) 평택공장,경기도 평택시 포승읍 포승공단로117번길 35 동우화인켐(주) 평택공장,0316594504,일반저장,모노실란,7803-62-5,624㎥,20130315,경기광역본부
1226,동우화인켐(주) 평택공장,경기도 평택시 포승읍 포승공단로117번길 35 동우화인켐(주) 평택공장,0316594504,특고사용,암모니아,7664-41-7,10㎏,20140315,경기광역본부
1227,동우화인켐(주) 평택공장,경기도 평택시 포승읍 포승공단로117번길 35 동우화인켐(주) 평택공장,0316594504,일반저장,모노실란,7803-62-5,390.1㎥,20160315,경기광역본부
1228,동우화인켐(주) 평택공장,경기도 평택시 포승읍 포승공단로117번길 35 동우화인켐(주) 평택공장,0316594504,특고사용,암모니아,7664-41-7,25.27㎏,20170615,경기광역본부
1229,동우화인켐(주) 평택공장,경기도 평택시 포승읍 포승공단로117번길 35 동우화인켐(주) 평택공장,0316594504,특고사용,NH3+He,7664-41-7,21.3㎥,20230816,경기광역본부
1230,스미세이케미칼(주) 장안1공장,경기도 화성시 장안면 장안공단2길 111,0313587995,일반제조,일산화질소,10102-43-9,48N㎥/day,20120608,경기광역본부
1231,스미세이케미칼(주) 장안1공장,경기도 화성시 장안면 장안공단2길 111,0313587995,일반판매,일산화질소,10102-43-9,475.7㎥,20230424,경기광역본부
1232,(주)통일열처리,경기도 군포시 산본로54번안길 12 (당정동150-15),0314594560,일반저장,암모니아,7664-41-7,.282Ton,20120522,경기광역본부
1233,(주)통일열처리,경기도 군포시 산본로54번안길 12 (당정동150-15),0314594560,일반저장,암모니아,7664-41-7,9.447Ton,20120522,경기광역본부
1234,삼성전자(주) 종합기술원 (미래기술캠퍼스),경기도 수원시 영통구 삼성로 130 (매탄동) 종합기술원지원팀,03180611690,특고사용,암모니아,7664-41-7,25.27㎏,20140212,경기광역본부
1235,삼성전자(주) 종합기술원 (미래기술캠퍼스),경기도 수원시 영통구 삼성로 130 (매탄동) 종합기술원지원팀,03180611690,일반저장,암모니아,7664-41-7,.05Ton,20150212,경기광역본부
1236,삼성전자(주) 종합기술원 (미래기술캠퍼스),경기도 수원시 영통구 삼성로 130 (매탄동) 종합기술원지원팀,03180611690,특고사용,B2H6,19287-45-7,.04㎥,20221219,경기광역본부
1237,삼성전자(주) 종합기술원 (미래기술캠퍼스),경기도 수원시 영통구 삼성로 130 (매탄동) 종합기술원지원팀,03180611690,특고사용,NH3,7664-41-7,50.536㎏,20220404,경기광역본부
1238,삼성전자(주) 종합기술원 (미래기술캠퍼스),경기도 수원시 영통구 삼성로 130 (매탄동) 종합기술원지원팀,03180611690,특고사용,셀렌화수소,7783-07-5,2.205㎥,20251223,경기광역본부
1239,홈플러스(주)(안성신선물류센터),경기도 안성시 원곡면 원곡물류단지1로 103,03180568330,냉동제조,암모니아,7664-41-7,645.5RT,20121023,경기광역본부
1240,삼성웰스토리(주),경기도 평택시 서탄면 수월암5길 16,0316150715,냉동제조,암모니아,7664-41-7,703.78RT,20120905,경기광역본부
1241,삼성에스디아이(주),경기도 수원시 영통구 삼성로 130 (매탄동560 외 13필지),03180611963,특고사용,암모니아,7664-41-7,50.54㎏,20140212,경기광역본부
1242,삼성에스디아이(주),경기도 수원시 영통구 삼성로 130 (매탄동560 외 13필지),03180611963,특고사용,모노실란,7803-62-5,14.2㎥,20140212,경기광역본부
1243,삼성에스디아이(주),경기도 수원시 영통구 삼성로 130 (매탄동560 외 13필지),03180611963,특고사용,암모니아,7664-41-7,50.5㎏,20170125,경기광역본부
1244,순바이오가스,경기도 화성시 남양읍 장덕리 60-2,0313561136,일반판매,사불화메탄,75-73-0,0,20110725,경기광역본부
1245,인테그리스코리아(주),경기도 화성시 장안면 장안공단3길 16,03180369807,일반충전,포스핀,7803-51-2,244.74㎥,20131017,경기광역본부
1246,인테그리스코리아(주),경기도 화성시 장안면 장안공단3길 16,03180369807,일반충전,사불화규소,7783-61-1,36.995㎥,20131017,경기광역본부
1247,인테그리스코리아(주),경기도 화성시 장안면 장안공단3길 16,03180369807,일반충전,삼불화붕소,7637-07-2,636.324㎥,20131017,경기광역본부
1248,인테그리스코리아(주),경기도 화성시 장안면 장안공단3길 16,03180369807,일반충전,GeF4,7783-58-6,.606Ton,20240415,경기광역본부
1249,인테그리스코리아(주),경기도 화성시 장안면 장안공단3길 16,03180369807,일반충전,삼불화붕소,7637-07-2,40.79㎥,20140417,경기광역본부
1250,인테그리스코리아(주),경기도 화성시 장안면 장안공단3길 16,03180369807,일반충전,GeF4,7783-58-6,606.18㎏,20150417,경기광역본부
1251,인테그리스코리아(주),경기도 화성시 장안면 장안공단3길 16,03180369807,일반충전,CO,630-08-0,221.97㎥,20190417,경기광역본부
1252,인테그리스코리아(주),경기도 화성시 장안면 장안공단3길 16,03180369807,일반판매,일산화탄소,630-08-0,0,20190417,경기광역본부
1253,인테그리스코리아(주),경기도 화성시 장안면 장안공단3길 16,03180369807,일반판매,포스핀,7803-51-2,0,20190417,경기광역본부
1254,인테그리스코리아(주),경기도 화성시 장안면 장안공단3길 16,03180369807,일반판매,삼불화붕소,7637-07-2,0,20190417,경기광역본부
1255,인테그리스코리아(주),경기도 화성시 장안면 장안공단3길 16,03180369807,일반저장,BF3,7637-07-2,7.399㎥,20201204,경기광역본부
1256,인테그리스코리아(주),경기도 화성시 장안면 장안공단3길 16,03180369807,일반충전,GeF4,7783-58-6,2.424Ton,20240415,경기광역본부
1257,인테그리스코리아(주),경기도 화성시 장안면 장안공단3길 16,03180369807,일반충전,GeF4,7783-58-6,.606Ton,20240415,경기광역본부
1258,인테그리스코리아(주),경기도 화성시 장안면 장안공단3길 16,03180369807,일반저장,PH3,7803-51-2,1.944㎥,20240415,경기광역본부
1259,인테그리스코리아(주),경기도 화성시 장안면 장안공단3길 16,03180369807,일반저장,일산화탄소,630-08-0,2.114㎥,20240415,경기광역본부
1260,주식회사 우진정공,경기도 평택시 서탄면 서탄로 385,0316115046,특고사용,암모니아,7664-41-7,950㎏,20130125,경기광역본부
1261,에어리퀴드어드밴스드머티어리얼즈코리아(주)화성공장,경기도 화성시 장안면 장안공단1길 45,0312599632,일반제조,헥사플루오로프로판,690-39-1,30.3Ton/day,20180717,경기광역본부
1262,에어리퀴드어드밴스드머티어리얼즈코리아(주)화성공장,경기도 화성시 장안면 장안공단1길 45,0312599632,일반제조,헥사플루오로프로판,690-39-1,.566Ton,20180717,경기광역본부
1263,에어리퀴드어드밴스드머티어리얼즈코리아(주)화성공장,경기도 화성시 장안면 장안공단1길 45,0312599632,일반저장,암모니아,7664-41-7,.025Ton,20190117,경기광역본부
1264,(주)비아트론,경기도 수원시 권선구 산업로155번길 139,07040163254,특고사용,10%GeH4/H2,7782-65-2,7.097㎥,20210603,경기광역본부
1265,(주)비아트론,경기도 수원시 권선구 산업로155번길 139,07040163254,특고사용,15%B2H6/H2,19287-45-7,7.097㎥,20210603,경기광역본부
1266,(주)비아트론,경기도 수원시 권선구 산업로155번길 139,07040163254,특고사용,SiH4,7803-62-5,7.097㎥,20210603,경기광역본부
1267,(주)비아트론,경기도 수원시 권선구 산업로155번길 139,07040163254,특고사용,염소,7782-50-5,58.75㎏,20220302,경기광역본부
1268,(주)비아트론,경기도 수원시 권선구 산업로155번길 139,07040163254,특고사용,NH3,7664-41-7,25.268㎏,20221108,경기광역본부
1269,린데코리아(주) 현곡공장,경기도 평택시 청북읍 현곡산단로94번길 48,0313378195,일반판매,12% CF4/CO,630-08-0,0,20140530,경기광역본부
1270,린데코리아(주) 현곡공장,경기도 평택시 청북읍 현곡산단로94번길 48,0313378195,일반충전,일산화탄소,630-08-0,6.956㎥,20131028,경기광역본부
1271,한솔아이원스(주),경기도 화성시 향남읍 발안공단로4길 71-29,0313787791,특고사용,암모니아,7664-41-7,25.27㎏,20141107,경기광역본부
1272,(주)에스엠티코리아리미티드,경기도 안성시 서운면 제3공단1길 8,0316718025,특고사용,암모니아,7664-41-7,200㎏,20130617,경기광역본부
1273,신일가스(주) 화성공장,경기도 화성시 팔탄면 율암리 74-37,0313660799,일반판매,아황산가스,7446-09-5,0,20140625,경기광역본부
1274,신일가스(주) 화성공장,경기도 화성시 팔탄면 율암리 74-37,0313660799,일반판매,불화수소,7664-39-3,0,20140625,경기광역본부
1275,신일가스(주) 화성공장,경기도 화성시 팔탄면 율암리 74-37,0313660799,일반판매,디보레인,19287-45-7,0,20140625,경기광역본부
1276,신일가스(주) 화성공장,경기도 화성시 팔탄면 율암리 74-37,0313660799,일반판매,암모니아,7664-41-7,0,20140625,경기광역본부
1277,신일가스(주) 화성공장,경기도 화성시 팔탄면 율암리 74-37,0313660799,일반판매,염소,7782-50-5,0,20140625,경기광역본부
1278,신일가스(주) 화성공장,경기도 화성시 팔탄면 율암리 74-37,0313660799,일반판매,육불화텅스텐,7783-82-6,0,20140625,경기광역본부
1279,신일가스(주) 화성공장,경기도 화성시 팔탄면 율암리 74-37,0313660799,일반판매,일산화탄소,630-08-0,0,20140625,경기광역본부
1280,신일가스(주) 화성공장,경기도 화성시 팔탄면 율암리 74-37,0313660799,일반판매,산화에틸렌,75-21-8,0,20140625,경기광역본부
1281,신일가스(주) 화성공장,경기도 화성시 팔탄면 율암리 74-37,0313660799,일반판매,염화수소,7647-01-0,0,20140625,경기광역본부
1282,(주)케이에스엠,경기도 안성시 공도읍 대신두길 42-77 (웅교리3-15),0316549955,특고사용,암모니아,7664-41-7,950㎏,20130717,경기광역본부
1283,제일진공H.T,경기도 화성시 정남면 서봉로 910-18,0313662775,특고사용,암모니아,7664-41-7,200㎏,20131101,경기광역본부
1284,한국금속분말,경기도 화성시 남양읍 신남로 269,0313556060,특고사용,암모니아,7664-41-7,800㎏,20161014,경기광역본부
1285,(주)미래보,경기도 평택시 진위면 진위2산단로 69-8,0313752368,특고사용,암모니아,7664-41-7,252.7㎏,20200602,경기광역본부
1286,(주)에이렘(오산냉동창고),경기도 오산시 동부대로 468-31,0313785044,냉동제조,암모니아,7664-41-7,229.04RT,20140911,경기광역본부
1287,단일시스켐(주) 화성공장,경기도 화성시 정남면 만년로98번길 26 (귀래리 449-14),0313780288,일반판매,암모니아,7664-41-7,0,20140709,경기광역본부
1288,단일시스켐(주) 화성공장,경기도 화성시 정남면 만년로98번길 26 (귀래리 449-14),0313780288,일반판매,산화에틸렌,75-21-8,0,20140709,경기광역본부
1289,신한열처리,경기도 화성시 남양읍 하나문길 7-7,0313562550,특고사용,암모니아,7664-41-7,150㎏,20140812,경기광역본부
1290,동신금형열처리,경기도 화성시 비봉면 양노남길 38,0313669518,특고사용,암모니아,7664-41-7,200㎏,20151223,경기광역본부
1291,(주)합동특수가스,경기도 화성시 서신면 해운로458번길 94-28 (홍법리250-53 외 6필지),0315261071,일반판매,암모니아,7664-41-7,0,20151002,경기광역본부
1292,(주)합동특수가스,경기도 화성시 서신면 해운로458번길 94-28 (홍법리250-53 외 6필지),0315261071,일반판매,황화수소,7783-06-4,0,20151002,경기광역본부
1293,(주)이앤에프,경기도 화성시 마도면 마도공단로1길 28,03180550600,특고사용,암모니아,7664-41-7,150㎏,20150430,경기광역본부
1294,(주)기가레인,경기도 화성시 동탄산단10길 61,0312337325,특고사용,염소,7782-50-5,58.75㎏,20161123,경기광역본부
1295,씨제이제일제당(주) BLOSSOM PARK,경기도 수원시 영통구 광교로42번길 55,03180990052,특고사용,암모니아,7664-41-7,101.08㎏,20150723,경기광역본부
1296,씨제이제일제당(주) BLOSSOM PARK,경기도 수원시 영통구 광교로42번길 55,03180990052,특고사용,암모니아,7664-41-7,434.4㎏,20160723,경기광역본부
1297,씨제이제일제당(주) BLOSSOM PARK,경기도 수원시 영통구 광교로42번길 55,03180990052,일반저장,암모니아,7664-41-7,.101Ton,20231103,경기광역본부
1298,일성가스,경기도 평택시 청북읍 청북로 207,0316814646,일반판매,암모니아,7664-41-7,0,20160707,경기광역본부
1299,일성가스,경기도 평택시 청북읍 청북로 207,0316814646,일반판매,디보레인,19287-45-7,0,20160707,경기광역본부
1300,일성가스,경기도 평택시 청북읍 청북로 207,0316814646,일반판매,삼불화붕소,7637-07-2,0,20160707,경기광역본부
1301,일성가스,경기도 평택시 청북읍 청북로 207,0316814646,일반판매,디실란,1590-87-0,0,20160707,경기광역본부
1302,일성가스,경기도 평택시 청북읍 청북로 207,0316814646,일반판매,불화수소,7664-39-3,0,20160707,경기광역본부
1303,일성가스,경기도 평택시 청북읍 청북로 207,0316814646,일반판매,브롬화수소,10035-10-6,0,20160707,경기광역본부
1304,(주)유한화학 화성공장,경기도 화성시 마도면 청원산단8길 162,0313706900,일반저장,염화수소,7647-01-0,.111Ton,20160215,경기광역본부
1305,대성가스-평택,경기도 평택시 삼봉로 53,0316668090,일반판매,암모니아,7664-41-7,0,20170217,경기광역본부
1306,에어프로덕츠코리아(주) 평택사업장,경기도 평택시 경기대로 1029 (장당동 627),0316624761,일반저장,암모니아,7664-41-7,60.484Ton,20160720,경기광역본부
1307,에어프로덕츠코리아(주) 평택사업장,경기도 평택시 경기대로 1029 (장당동 627),0316624761,일반저장,모노실란,7803-62-5,9258.48㎥,20160720,경기광역본부
1308,한국탄산화학(주),경기도 화성시 우정읍 포승향남로 1411-24 (화산리139-16),0313516324,일반판매,디실란,1590-87-0,0,20170712,경기광역본부
1309,한국탄산화학(주),경기도 화성시 우정읍 포승향남로 1411-24 (화산리139-16),0313516324,일반판매,디보레인,19287-45-7,0,20170712,경기광역본부
1310,한국탄산화학(주),경기도 화성시 우정읍 포승향남로 1411-24 (화산리139-16),0313516324,일반판매,알진,7784-42-1,0,20170712,경기광역본부
1311,한국탄산화학(주),경기도 화성시 우정읍 포승향남로 1411-24 (화산리139-16),0313516324,일반판매,일산화탄소,630-08-0,0,20170712,경기광역본부
1312,한국탄산화학(주),경기도 화성시 우정읍 포승향남로 1411-24 (화산리139-16),0313516324,일반판매,아황산가스,7446-09-5,0,20170712,경기광역본부
1313,한국탄산화학(주),경기도 화성시 우정읍 포승향남로 1411-24 (화산리139-16),0313516324,일반판매,브롬화수소,10035-10-6,0,20170712,경기광역본부
1314,한국탄산화학(주),경기도 화성시 우정읍 포승향남로 1411-24 (화산리139-16),0313516324,일반판매,황화수소,7783-06-4,0,20170712,경기광역본부
1315,한국탄산화학(주),경기도 화성시 우정읍 포승향남로 1411-24 (화산리139-16),0313516324,일반판매,모노게르만,7782-65-2,0,20170712,경기광역본부
1316,한국탄산화학(주),경기도 화성시 우정읍 포승향남로 1411-24 (화산리139-16),0313516324,일반판매,염화수소,7647-01-0,0,20170712,경기광역본부
1317,한국탄산화학(주),경기도 화성시 우정읍 포승향남로 1411-24 (화산리139-16),0313516324,일반판매,염소,7782-50-5,0,20170712,경기광역본부
1318,한국탄산화학(주),경기도 화성시 우정읍 포승향남로 1411-24 (화산리139-16),0313516324,일반판매,일산화질소,10102-43-9,0,20170712,경기광역본부
1319,한국탄산화학(주),경기도 화성시 우정읍 포승향남로 1411-24 (화산리139-16),0313516324,일반판매,모노실란,7803-62-5,0,20170712,경기광역본부
1320,한국탄산화학(주),경기도 화성시 우정읍 포승향남로 1411-24 (화산리139-16),0313516324,일반판매,포스핀,7803-51-2,0,20170712,경기광역본부
1321,한국탄산화학(주),경기도 화성시 우정읍 포승향남로 1411-24 (화산리139-16),0313516324,일반판매,암모니아,7664-41-7,0,20170712,경기광역본부
1322,한솔아이원스 주식회사,경기도 안성시 고삼면 안성대로 2061 시설팀,0312387785,특고사용,암모니아,7664-41-7,10.75㎏,20210415,경기광역본부
1323,티알아이머트리얼즈(주),경기도 안성시 원곡면 원당로 204 (반제리 205),0316913180,일반판매,암모니아,7664-41-7,1140.3,20160526,경기광역본부
1324,다인열처리,경기도 화성시 남양읍 현대기아로 442-48,0313554386,특고사용,암모니아,7664-41-7,225.8㎏,20160504,경기광역본부
1325,기능장열처리,경기도 화성시 향남읍 만년로 68-8,0313534344,특고사용,암모니아,7664-41-7,100㎏,20160831,경기광역본부
1326,(주)크로버,경기도 안양시 동안구 시민대로98번길 61 (호계동 911-2),0314258811,일반제조,R600a,75-28-5,2.592Ton/day,20210810,경기광역본부
1327,(주)크로버,경기도 안양시 동안구 시민대로98번길 61 (호계동 911-2),0314258811,일반제조,R600a,75-28-5,.234Ton,20210810,경기광역본부
1328,삼정바이오솔루션(주),"경기도 화성시 양감면 개월안길 110-22 (대양리 555-3,5,6)",03180593244,일반판매,삼불화붕소,7637-07-2,0,20221114,경기광역본부
1329,삼정바이오솔루션(주),"경기도 화성시 양감면 개월안길 110-22 (대양리 555-3,5,6)",03180593244,일반판매,황화수소,7783-06-4,0,20221114,경기광역본부
1330,삼정바이오솔루션(주),"경기도 화성시 양감면 개월안길 110-22 (대양리 555-3,5,6)",03180593244,일반판매,디메틸아민(DMA),124-40-3,0,20221114,경기광역본부
1331,삼정바이오솔루션(주),"경기도 화성시 양감면 개월안길 110-22 (대양리 555-3,5,6)",03180593244,일반판매,암모니아,7664-41-7,0,20221114,경기광역본부
1332,삼정바이오솔루션(주),"경기도 화성시 양감면 개월안길 110-22 (대양리 555-3,5,6)",03180593244,일반판매,염소,7782-50-5,0,20221114,경기광역본부
1333,삼정바이오솔루션(주),"경기도 화성시 양감면 개월안길 110-22 (대양리 555-3,5,6)",03180593244,일반판매,불소,7782-41-4,0,20221114,경기광역본부
1334,삼정바이오솔루션(주),"경기도 화성시 양감면 개월안길 110-22 (대양리 555-3,5,6)",03180593244,일반판매,포스겐,75-44-5,0,20221114,경기광역본부
1335,삼정바이오솔루션(주),"경기도 화성시 양감면 개월안길 110-22 (대양리 555-3,5,6)",03180593244,일반판매,모노실란,7803-62-5,0,20221114,경기광역본부
1336,에이피시스템(주)제2사업장,경기도 화성시 동탄산단9길 23-12 1동,0313795544,특고사용,실란+디실란,1590-87-0,7.1㎥,20190704,경기광역본부
1337,에이피시스템(주)제2사업장,경기도 화성시 동탄산단9길 23-12 1동,0313795544,특고사용,암모니아,7664-41-7,25.3㎏,20190704,경기광역본부
1338,(주)글로벌스탠다드테크놀로지,경기도 화성시 동탄산단6길 15-13,0313712200,특고사용,암모니아,7664-41-7,25㎏,20170825,경기광역본부
1339,(주)글로벌스탠다드테크놀로지,경기도 화성시 동탄산단6길 15-13,0313712200,특고사용,염소,7782-50-5,117.5㎏,20210429,경기광역본부
1340,(주)글로벌스탠다드테크놀로지,경기도 화성시 동탄산단6길 15-13,0313712200,특고사용,암모니아,7664-41-7,75.81㎏,20210429,경기광역본부
1341,(주)글로벌스탠다드테크놀로지,경기도 화성시 동탄산단6길 15-13,0313712200,특고사용,실란+디실란,1590-87-0,21.3㎥,20250319,경기광역본부
1342,(주)글로벌스탠다드테크놀로지,경기도 화성시 동탄산단6길 15-13,0313712200,특고사용,염소,7782-50-5,59㎏,20210609,경기광역본부
1343,오비오(주),"경기도 화성시 마도면 청원산단2길 76(화성바이오밸리 2-12,13로트)",0313577075,일반제조,R600a,75-28-5,21.924Ton/day,20200705,경기광역본부
1344,오비오(주),"경기도 화성시 마도면 청원산단2길 76(화성바이오밸리 2-12,13로트)",0313577075,일반제조,R600a,75-28-5,.106Ton,20200705,경기광역본부
1345,신평택발전(주) 신평택복합화력발전소,경기도 평택시 포승읍 남양만로 175-2 (원정리),0316122941,일반저장,암모니아,7664-41-7,25.212Ton,20190412,경기광역본부
1346,신평택발전(주) 신평택복합화력발전소,경기도 평택시 포승읍 남양만로 175-2 (원정리),0316122941,일반저장,암모니아,7664-41-7,25.212Ton,20190412,경기광역본부
1347,티에스디씨(주),경기도 화성시 정남면 안념길150번길 75,0313547465,특고사용,염소,7782-50-5,117.5㎏,20180418,경기광역본부
1348,에이에스엠케이(주),경기도 화성시 동탄첨단산업1로 63-11,03151760011,일반저장,모노실란,7803-62-5,28.388㎥,20230728,경기광역본부
1349,에이에스엠케이(주),경기도 화성시 동탄첨단산업1로 63-11,03151760011,일반저장,NH3,7664-41-7,.202Ton,20230728,경기광역본부
1350,에이에스엠케이(주),경기도 화성시 동탄첨단산업1로 63-11,03151760011,일반저장,20%F2/Ar,7782-41-4,14.194㎥,20240705,경기광역본부
1351,엘티씨에이엠 주식회사,경기도 평택시 산단로15번길 45,0316476447,특고사용,암모니아,7664-41-7,100㎏,20190627,경기광역본부
1352,수원열처리,경기도 화성시 정남면 서봉로 1091,0313528003,특고사용,암모니아,7664-41-7,100㎏,20190326,경기광역본부
1353,린데코리아(주) 평택공장,경기도 평택시 고덕면 삼성1로 86 (여염리 1673),0316128256,일반저장,암모니아,7664-41-7,45.586Ton,20191211,경기광역본부
1354,린데코리아(주) 평택공장,경기도 평택시 고덕면 삼성1로 86 (여염리 1673),0316128256,일반저장,모노실란,7803-62-5,12643.3㎥,20191211,경기광역본부
1355,린데코리아(주) 평택공장,경기도 평택시 고덕면 삼성1로 86 (여염리 1673),0316128256,일반저장,NH3,7664-41-7,45.586Ton,20220415,경기광역본부
1356,린데코리아(주) 평택공장,경기도 평택시 고덕면 삼성1로 86 (여염리 1673),0316128256,일반저장,반도체특수 혼합가스,0,18.12㎥,20231017,경기광역본부
1357,린데코리아(주) 평택공장,경기도 평택시 고덕면 삼성1로 86 (여염리 1673),0316128256,일반저장,반도체특수 혼합가스,0,14.1㎥,20231017,경기광역본부
1358,주식회사지씨엠,경기도 평택시 오성면 오성산단로 76,03180364600,특고사용,암모니아,7664-41-7,40㎏,20190611,경기광역본부
1359,제이엘켐(주),경기도 안성시 양성면 양성로 409-20,03180578778,특고사용,암모니아,7664-41-7,25.26㎏,20191114,경기광역본부
1360,(주)오뚜기,경기도 평택시 포승읍 포승공단로 2,0316816873,냉동제조,암모니아,7664-41-7,756.5RT,20200218,경기광역본부
1361,(주)우진테크(고압판매),경기도 평택시 청북읍 토진리 349-18,0512024648,일반판매,R600a,75-28-5,0,20191205,경기광역본부
1362,한국인테그리스(주),경기도 화성시 송산면 당성로 487-14,03180658460,일반판매,모노실란,7803-62-5,0,20200708,경기광역본부
1363,한국인테그리스(주),경기도 화성시 송산면 당성로 487-14,03180658460,일반판매,BF3,7637-07-2,0,20200708,경기광역본부
1364,한국인테그리스(주),경기도 화성시 송산면 당성로 487-14,03180658460,일반판매,GEH4,7782-65-2,0,20200708,경기광역본부
1365,한국인테그리스(주),경기도 화성시 송산면 당성로 487-14,03180658460,일반판매,일산화탄소,630-08-0,0,20200708,경기광역본부
1366,한국인테그리스(주),경기도 화성시 송산면 당성로 487-14,03180658460,일반판매,PH3/H2,7803-51-2,0,20200708,경기광역본부
1367,한국인테그리스(주),경기도 화성시 송산면 당성로 487-14,03180658460,일반판매,오불화인,7647-19-0,0,20200708,경기광역본부
1368,한국인테그리스(주),경기도 화성시 송산면 당성로 487-14,03180658460,일반판매,삼불화인,7783-55-3,0,20200708,경기광역본부
1369,(주)리치개발(안성죽산센터 A동),경기도 안성시 죽산면 송문주로 219,0316752226,냉동제조,암모니아,7664-41-7,467.53RT,20191224,경기광역본부
1370,(주)원익홀딩스 기술연구소,경기도 평택시 진위2산단로 31-9,,특고사용,실란+디실란,1590-87-0,14.1㎥,20191206,경기광역본부
1371,(주)원익홀딩스 기술연구소,경기도 평택시 진위2산단로 31-9,,특고사용,염소,7782-50-5,59㎏,20191206,경기광역본부
1372,(주)원익홀딩스 기술연구소,경기도 평택시 진위2산단로 31-9,,특고사용,암모니아,7664-41-7,51㎏,20191206,경기광역본부
1373,엘에스이(주),경기도 안성시 서운면 제3공단3길 56,0316787900,특고사용,암모니아,7664-41-7,25.27㎏,20200221,경기광역본부
1374,(주)웨이비스,경기도 화성시 삼성1로5길 46,0312608600,특고사용,모노실란,7803-62-5,7.1㎥,20151119,경기광역본부
1375,(주)웨이비스,경기도 화성시 삼성1로5길 46,0312608600,특고사용,암모니아,7664-41-7,25.27㎏,20151119,경기광역본부
1376,(주)에프티씨코리아,경기도 평택시 청북읍 드림산단7로 60,07046103213,특고사용,암모니아,7664-41-7,276.88㎏,20260212,경기광역본부
1377,(주)케이씨이노베이션,경기도 화성시 동탄첨단산업1로 45 (영천동 188) 환경안전팀,0313436041,특고사용,암모니아,7664-41-7,25.27㎏,20210528,경기광역본부
1378,(주)케이씨이노베이션,경기도 화성시 동탄첨단산업1로 45 (영천동 188) 환경안전팀,0313436041,특고사용,모노실란,7803-62-5,7.1㎥,20210330,경기광역본부
1379,(주)케이씨이노베이션,경기도 화성시 동탄첨단산업1로 45 (영천동 188) 환경안전팀,0313436041,특고사용,사불화규소,7783-61-1,29.37㎏,20210330,경기광역본부
1380,한국수출포장공업(주),경기도 오산시 황새로 151,0316772981,특고사용,암모니아,7664-41-7,54.3㎏,20200602,경기광역본부
1381,(주)리치개발(안성죽산센터 B동),경기도 안성시 죽산면 송문주로 219-2,0230402000,냉동제조,암모니아,7664-41-7,464.05RT,20210215,경기광역본부
1382,(주)리치개발(안성죽산센터 B동),경기도 안성시 죽산면 송문주로 219-2,0230402000,냉동제조,암모니아,7664-41-7,101.79RT,20210215,경기광역본부
1383,삼목에스폼(주),경기도 안성시 미양면 안성맞춤대로 474-40,07043708745,특고사용,암모니아,7664-41-7,112.8㎏,20210309,경기광역본부
1384,(주)한강식품,경기도 화성시 만년로969번길 17,0312325577,냉동제조,암모니아,7664-41-7,657.88RT,20210712,경기광역본부
1385,(주)한강식품,경기도 화성시 만년로969번길 17,0312325577,냉동제조,암모니아,7664-41-7,2287.65RT,20210712,경기광역본부
1386,(주)에프에스티 방교사업장,경기도 화성시 동탄산단10길 45,0313700900,특고사용,암모니아,7664-41-7,50.54㎏,20210901,경기광역본부
1387,(주)에프에스티 방교사업장,경기도 화성시 동탄산단10길 45,0313700900,특고사용,실란+디실란,1590-87-0,7㎥,20210901,경기광역본부
1388,(주)에프에스티 방교사업장,경기도 화성시 동탄산단10길 45,0313700900,특고사용,암모니아,7664-41-7,50.54㎏,20240909,경기광역본부
1389,한국이와타니산업(주),경기도 화성시 팔탄면 지월길 11,027538381,일반판매,PF3,7783-55-3,0,20210726,경기광역본부
1390,(주)쏘닉스,경기도 평택시 청북읍 현곡산단로93번길 81,0316868500,특고사용,염소,7782-50-5,12.5㎏,20210616,경기광역본부
1391,(주)에어퍼스트 평택공장,경기도 평택시 고덕면 A1-1BL 평택 첨단복합 일반산업단지,0312886159,일반저장,모노실란,7803-62-5,3160.832㎥,20221219,경기광역본부
1392,(주)에어퍼스트 평택공장,경기도 평택시 고덕면 A1-1BL 평택 첨단복합 일반산업단지,0312886159,일반저장,모노실란,7803-62-5,3160.832㎥,20221219,경기광역본부
1393,(주)에어퍼스트 평택공장,경기도 평택시 고덕면 A1-1BL 평택 첨단복합 일반산업단지,0312886159,일반저장,모노실란,7803-62-5,3160.832㎥,20221219,경기광역본부
1394,(주)에어퍼스트 평택공장,경기도 평택시 고덕면 A1-1BL 평택 첨단복합 일반산업단지,0312886159,일반저장,암모니아,7664-41-7,11.396Ton,20221222,경기광역본부
1395,(주)에어퍼스트 평택공장,경기도 평택시 고덕면 A1-1BL 평택 첨단복합 일반산업단지,0312886159,일반저장,암모니아,7664-41-7,11.396Ton,20221222,경기광역본부
1396,(주)에어퍼스트 평택공장,경기도 평택시 고덕면 A1-1BL 평택 첨단복합 일반산업단지,0312886159,일반저장,암모니아,7664-41-7,11.396Ton,20221222,경기광역본부
1397,(주)에어퍼스트 평택공장,경기도 평택시 고덕면 A1-1BL 평택 첨단복합 일반산업단지,0312886159,일반저장,암모니아,7664-41-7,11.396Ton,20221222,경기광역본부
1398,(주)에어퍼스트 평택공장,경기도 평택시 고덕면 A1-1BL 평택 첨단복합 일반산업단지,0312886159,일반저장,암모니아,7664-41-7,11.396Ton,20221222,경기광역본부
1399,(주)에어퍼스트 평택공장,경기도 평택시 고덕면 A1-1BL 평택 첨단복합 일반산업단지,0312886159,일반저장,암모니아,7664-41-7,11.396Ton,20221222,경기광역본부
1400,(주)에어퍼스트 평택공장,경기도 평택시 고덕면 A1-1BL 평택 첨단복합 일반산업단지,0312886159,일반저장,암모니아,7664-41-7,11.396Ton,20221222,경기광역본부
1401,(주)에어퍼스트 평택공장,경기도 평택시 고덕면 A1-1BL 평택 첨단복합 일반산업단지,0312886159,일반저장,암모니아,7664-41-7,11.396Ton,20221222,경기광역본부
1402,경인열처리,경기도 화성시 정남면 내향로 162-1,0313544756,특고사용,NH3,7664-41-7,150㎏,20210603,경기광역본부
1403,함백산 추모공원,경기도 화성시 매송면 서해로 2448-32,0313696290,특고사용,암모니아,7664-41-7,435㎏,20210629,경기광역본부
1404,한신가스텍,경기도 화성시 향남읍 발안로464번길 25-12,0313541670,일반판매,이산화질소,10102-44-0,0,20050322,경기광역본부
1405,엠케이피(주),경기도 화성시 삼성1로1길 40,07042852455,특고사용,암모니아,7664-41-7,25.27㎏,20211118,경기광역본부
1406,엠케이피(주),경기도 화성시 삼성1로1길 40,07042852455,특고사용,실란+디실란,1590-87-0,7.05㎥,20211118,경기광역본부
1407,스미세이케미칼(주) 장안2공장,경기도 화성시 장안면 장안공단2길 90-7,0315479664,일반제조,일산화탄소,630-08-0,1064.55㎥,20220504,경기광역본부
1408,스미세이케미칼(주) 장안2공장,경기도 화성시 장안면 장안공단2길 90-7,0315479664,일반제조,일산화탄소,630-08-0,1064.55㎥,20220504,경기광역본부
1409,스미세이케미칼(주) 장안2공장,경기도 화성시 장안면 장안공단2길 90-7,0315479664,일반제조,일산화탄소,630-08-0,34.8N㎥/day,20220504,경기광역본부
1410,(주)선익시스템,경기도 수원시 권선구 산업로 195-8,03180121600,특고사용,암모니아,7664-41-7,25.258㎏,20211125,경기광역본부
1411,(주)선익시스템,경기도 수원시 권선구 산업로 195-8,03180121600,특고사용,모노실란,7803-62-5,7.097㎥,20211125,경기광역본부
1412,(주)세이프원(콜드스테이션),경기도 안성시 양성면 양성로 389,07048332671,냉동제조,암모니아,7664-41-7,659.43RT,20220816,경기광역본부
1413,(주)세이프원(콜드스테이션),경기도 안성시 양성면 양성로 389,07048332671,냉동제조,암모니아,7664-41-7,485.46RT,20220816,경기광역본부
1414,(주)에프에스티 방교2사업장,경기도 화성시 동탄산단10길 62,0313712400,특고사용,염소,7782-50-5,58.75㎏,20220110,경기광역본부
1415,(주)에프에스티 방교2사업장,경기도 화성시 동탄산단10길 62,0313712400,특고사용,모노실란,7803-62-5,7㎥,20220110,경기광역본부
1416,(주)에스지에스코리아,경기도 화성시 삼성1로3길 48 (석우동),03137525478,특고사용,암모니아,7664-41-7,15㎏,20220803,경기광역본부
1417,(주)에스지에스코리아,경기도 화성시 삼성1로3길 48 (석우동),03137525478,특고사용,모노실란,7803-62-5,20㎏,20220803,경기광역본부
1418,(주)에스지에스코리아,경기도 화성시 삼성1로3길 48 (석우동),03137525478,일반저장,암모니아,7664-41-7,.05Ton,20250721,경기광역본부
1419,(주)신아금속플렉시블,경기도 화성시 봉담읍 덕우공단2길 48,0312962545,특고사용,암모니아,7664-41-7,435㎏,20220825,경기광역본부
1420,(주)금화피앤에스,경기도 안성시 미양면 제4산단1로 10,0316716611,냉동제조,암모니아,7664-41-7,206.16RT,20230728,경기광역본부
1421,(주)금화피앤에스,경기도 안성시 미양면 제4산단1로 10,0316716611,냉동제조,암모니아,7664-41-7,103.08RT,20230728,경기광역본부
1422,(주)비비테크,경기도 수원시 권선구 서부로 1433-80,03180090777,일반저장,SO2,7446-09-5,.118Ton,20220721,경기광역본부
1423,(주)비비테크,경기도 수원시 권선구 서부로 1433-80,03180090777,일반저장,플루오로메테인,593-53-3,.083Ton,20220721,경기광역본부
1424,(주)비비테크,경기도 수원시 권선구 서부로 1433-80,03180090777,일반저장,이불화메탄,75-10-5,.075Ton,20220721,경기광역본부
1425,(주)비비테크,경기도 수원시 권선구 서부로 1433-80,03180090777,일반저장,브롬화수소,10035-10-6,.305Ton,20220721,경기광역본부
1426,(주)비비테크,경기도 수원시 권선구 서부로 1433-80,03180090777,일반저장,염소,7782-50-5,.117Ton,20220721,경기광역본부
1427,(주)비비테크,경기도 수원시 권선구 서부로 1433-80,03180090777,일반저장,삼염화붕소,10294-34-5,.51Ton,20220721,경기광역본부
1428,(주)비비테크,경기도 수원시 권선구 서부로 1433-80,03180090777,일반저장,옥타플루오르화부테인,115-25-3,.186Ton,20220721,경기광역본부
1429,(주)비비테크,경기도 수원시 권선구 서부로 1433-80,03180090777,일반저장,사염화규소,10026-04-7,.482Ton,20220721,경기광역본부
1430,(주)금성진공질화,경기도 평택시 청북읍 청북중앙로 298-19,0316830022,특고사용,암모니아,7664-41-7,500㎏,20220816,경기광역본부
1431,웨이브로드(주),경기도 화성시 향남읍 발안로 411-31,0312173448,일반저장,NH3,7664-41-7,.946Ton,20220919,경기광역본부
1432,웨이브로드(주),경기도 화성시 향남읍 발안로 411-31,0312173448,일반저장,모노실란,7803-62-5,14.194㎥,20220919,경기광역본부
1433,웨이브로드(주),경기도 화성시 향남읍 발안로 411-31,0312173448,일반저장,염소,7782-50-5,117.5㎏,20240521,경기광역본부
1434,웨이브로드(주),경기도 화성시 향남읍 발안로 411-31,0312173448,일반저장,모노실란,7803-62-5,14.194㎥,20240521,경기광역본부
1435,(주)PSG,"경기도 화성시 팔탄면 터넉골로 178 42-1,42-7,42-8",,일반판매,R600a,75-28-5,0,20230526,경기광역본부
1436,우지산업(주)(리치로지스평택),경기도 평택시 서탄면 서탄로 395-17,0234560000,냉동제조,암모니아,7664-41-7,914.35RT,20230713,경기광역본부
1437,케이케이테크(주),경기도 안성시 대덕면 무능로 132,0316781500,특고사용,암모니아,7664-41-7,25.27㎏,20241213,경기광역본부
1438,한국알박(주),경기도 평택시 청북읍 청북산단로 165,0316808498,특고사용,암모니아,7664-41-7,50.54㎏,20240517,경기광역본부
1439,한국알박(주),경기도 평택시 청북읍 청북산단로 165,0316808498,특고사용,80%게르만/수소혼합,7782-65-2,14.2㎥,20240517,경기광역본부
1440,(주)뉴파워프라즈마,경기도 화성시 향남읍 발안공단로3길 74,0316127600,특고사용,모노실란,7803-62-5,7.074㎥,20231110,경기광역본부
1441,(주)뉴파워프라즈마,경기도 화성시 향남읍 발안공단로3길 74,0316127600,특고사용,NH3,7664-41-7,25㎏,20231110,경기광역본부
1442,(주)에이치피에스피,경기도 화성시 삼성1로1길 26,0312279898,특고사용,포스핀+수소,7803-51-2,6.911㎥,20240826,경기광역본부
1443,아데카코리아(주),경기도 화성시 삼성1로5길 36 (석우동),03180432733,특고사용,NH3,7664-41-7,50.54㎏,20240124,경기광역본부
1444,한솔아이원스 주식회사,경기도 안성시 공단2로 92,0316778158,특고사용,NH3,7664-41-7,10.968㎏,20240206,경기광역본부
1445,코리아열처리,경기도 화성시 남양읍 주석로80번길 57-8,0314551072,특고사용,암모니아,7664-41-7,110.76㎏,20240722,경기광역본부
1446,(주)나이스플라즈마,"경기도 수원시 권선구 오목천로152번길 28 (고색동) ,1층,2층",07041967320,특고사용,염소,7782-50-5,58.75㎏,20240822,경기광역본부
1447,피케이씨(주)소재연구소,"경기도 화성시 동탄첨단산업1로 27 (영천동,금강펜테리움IX타워)) 비동 비1523호",0313756817,특고사용,염소,7782-50-5,53.75㎏,20241008,경기광역본부
1448,피케이씨(주)소재연구소,"경기도 화성시 동탄첨단산업1로 27 (영천동,금강펜테리움IX타워)) 비동 비1523호",0313756817,특고사용,모노실란,7803-62-5,7.1㎥,20241008,경기광역본부
1449,(주)이지티엠,경기도 수원시 영통구 매영로 219-9 (원천동),0313021902,특고사용,NH3,7664-41-7,101.076㎏,20241122,경기광역본부
1450,(주)잎이피지,경기도 안성시 미양면 신두만곡로 531-15 에이이테크 공장 1층,03168758454,특고사용,암모니아,7664-41-7,25.27㎏,20250108,경기광역본부
1451,(주)솔룸신소재,경기도 화성시 송산면 송산산단길 123,,특고사용,암모니아,7664-41-7,225.6㎏,20260115,경기광역본부
1452,두산에너빌리티(주),경상남도 창원시 성산구 두산볼보로 22,0552784529,일반저장,암모니아,7664-41-7,1.523Ton,20230407,경남본부
1453,(주)SY가스,경상남도 김해시 대청계곡길 65-23 (대청동),0553135712,일반충전,암모니아,7664-41-7,15Ton,20210329,경남본부
1454,롯데웰푸드(주) 양산공장,경상남도 양산시 양산대로 1158(산막동),0553706134,냉동제조,암모니아,7664-41-7,1661.5RT,19970421,경남본부
1455,대영소결금속㈜,경상남도 양산시 하북면 양산대로 2213(백록리),0553829963,일반저장,암모니아,7664-41-7,4.9Ton,20120331,경남본부
1456,(주)빙그레,경상남도 김해시 한림면 고모로 768,0553402324,냉동제조,암모니아,7664-41-7,1277.56RT,19960711,경남본부
1457,부산광역시상수도사업본부덕산정수사업소,경상남도 김해시 대동면 동북로 67,0516694931,일반저장,염소,7782-50-5,30Ton,19960523,경남본부
1458,창원시상수도사업소칠서정수장,경상남도 함안군 칠서면 삼칠로 1010,0552252060,일반저장,염소,7782-50-5,19.9Ton,19970309,경남본부
1459,엠에스종합가스(주)김해공장,경상남도 김해시 한림면 한림로 1027,0553451117,일반판매,암모니아,7664-41-7,0,20140904,경남본부
1460,셰플러코리아 유한책임회사 3공장,경상남도 창원시 성산구 완암로 146,0552608827,특고사용,암모니아,7664-41-7,990㎏,20180822,경남본부
1461,(주)한국마이콤 창원지점,경상남도 창원시 의창구 반계로 19 (팔용동),0552958470,냉동제조,암모니아,7664-41-7,42.07RT,20250827,경남본부
1462,한화오션(주),경상남도 거제시 거제대로 3370 한화오션(주) 내,0557352114,일반제조,암모니아,7664-41-7,2.078Ton,20220707,경남본부
1463,한화오션(주),경상남도 거제시 거제대로 3370 한화오션(주) 내,0557352114,일반제조,암모니아,7664-41-7,30.1Ton/day,20220707,경남본부
1464,한화오션(주),경상남도 거제시 거제대로 3370 한화오션(주) 내,0557352114,일반제조,암모니아,7664-41-7,5352N㎥/day,20231103,경남본부
1465,사조산업(주) 의창냉장,경상남도 창원시 마산합포구 진전면 대실로 170,0552710370,냉동제조,암모니아,7664-41-7,236.87RT,19970322,경남본부
1466,(주)제일냉장,경상남도 창원시 마산합포구 수산1길 238(오동동),0552435422,냉동제조,암모니아,7664-41-7,325.39RT,19961212,경남본부
1467,마산수산업협동조합,경상남도 창원시 마산합포구 수산1길 214,0552472154,냉동제조,암모니아,7664-41-7,265.5RT,19961224,경남본부
1468,대진수산냉동,경상남도 창원시 마산합포구 수산1길 222,0552232255,냉동제조,암모니아,7664-41-7,123.9RT,19970426,경남본부
1469,LG전자(주)창원1공장,경상남도 창원시 성산구 성산패총로 170,0552603191,일반제조,R600a,75-28-5,1.908Ton,20210318,경남본부
1470,LG전자(주)창원1공장,경상남도 창원시 성산구 성산패총로 170,0552603191,일반제조,R600a,75-28-5,55.228Ton/day,20210318,경남본부
1471,LG전자(주)창원1공장,경상남도 창원시 성산구 성산패총로 170,0552603191,일반제조,R600a,75-28-5,75.3Ton/day,20210318,경남본부
1472,LG전자(주)창원1공장,경상남도 창원시 성산구 성산패총로 170,0552603191,일반제조,R600a,75-28-5,.636Ton,20210318,경남본부
1473,한국전기연구원,경상남도 창원시 성산구 불모산로10번길 12(성주동),0552801114,특고사용,암모니아,7664-41-7,150㎏,20160406,경남본부
1474,셰플러코리아 유한책임회사 1공장,경상남도 창원시 성산구 삼동로 90,0552808768,특고사용,암모니아,7664-41-7,998㎏,20101231,경남본부
1475,에스앤티다이내믹스 주식회사,경상남도 창원시 성산구 남면로 599,0552805000,특고사용,암모니아,7664-41-7,200㎏,19980924,경남본부
1476,한국열처리,경상남도 창원시 의창구 팔용로 383,0552964881,특고사용,암모니아,7664-41-7,750㎏,20070413,경남본부
1477,만호제강(주)창원공장,경상남도 창원시 성산구 웅남로 670(성산동),0552833131,특고사용,암모니아,7664-41-7,977.4㎏,20120530,경남본부
1478,부라다워너(유),경상남도 창원시 성산구 완암로 168,0552823931,특고사용,암모니아,7664-41-7,100㎏,19980225,경남본부
1479,(주)대정,경상남도 창원시 의창구 대산면 진산대로 316,0552537505,냉동제조,암모니아,7664-41-7,47.72RT,19960626,경남본부
1480,LG전자(주)창원2공장,경상남도 창원시 성산구 완암로 84,0552693174,일반제조,R-32,75-10-5,80.64Ton/day,20181123,경남본부
1481,LG전자(주)창원2공장,경상남도 창원시 성산구 완암로 84,0552693174,일반제조,R-32,75-10-5,25.001Ton,20181123,경남본부
1482,LG전자(주)창원2공장,경상남도 창원시 성산구 완암로 84,0552693174,일반저장,R600a,75-28-5,.055Ton,20200114,경남본부
1483,(주)세아항공방산소재,경상남도 창원시 성산구 정동로 48(성주동),0552699633,특고사용,염소,7782-50-5,200㎏,19981102,경남본부
1484,농업회사법인(주)해드림엘피씨,경상남도 창녕군 대지면 경남대로 4897-14,0555331846,냉동제조,암모니아,7664-41-7,669.48RT,20240830,경남본부
1485,동서식품(주),경상남도 창원시 의창구 반계로 40 (팔용동) 23-1 동서식품(주) 창원공장,0552594855,냉동제조,암모니아,7664-41-7,3005.6RT,19960718,경남본부
1486,동서식품(주),경상남도 창원시 의창구 반계로 40 (팔용동) 23-1 동서식품(주) 창원공장,0552594855,냉동제조,암모니아,7664-41-7,115.39RT,20091001,경남본부
1487,한국재료연구원,경상남도 창원시 성산구 창원대로 797,0552803742,특고사용,모노실란,7803-62-5,6㎥,20130718,경남본부
1488,한국재료연구원,경상남도 창원시 성산구 창원대로 797,0552803742,특고사용,디보레인,19287-45-7,6㎥,20130718,경남본부
1489,한국재료연구원,경상남도 창원시 성산구 창원대로 797,0552803742,특고사용,포스핀,7803-51-2,6㎥,20130718,경남본부
1490,한국재료연구원,경상남도 창원시 성산구 창원대로 797,0552803742,특고사용,암모니아,7664-41-7,20㎏,20130718,경남본부
1491,롯데칠성음료(주)양산공장,경상남도 양산시 북정공단1길 28,0553885585,냉동제조,암모니아,7664-41-7,183.77RT,19960718,경남본부
1492,롯데칠성음료(주)양산공장,경상남도 양산시 북정공단1길 28,0553885585,냉동제조,암모니아,7664-41-7,294.48RT,19960718,경남본부
1493,칠서일반산업단지관리공단,경상남도 함안군 칠서면 공단북길 134-18,0555863801,일반저장,염소,7782-50-5,2Ton,19970214,경남본부
1494,육군제2879부대,경상남도 창원시 의창구 동읍 의창대로 783,0552525413,특고사용,염소,7782-50-5,100㎏,19981008,경남본부
1495,부산광역시 상수도사업본부 덕산정수사업소 매리취수장,경상남도 김해시 상동면 동북로 691,0516694931,일반저장,염소,7782-50-5,80Ton,19980317,경남본부
1496,청정냉동(주),경상남도 양산시 소주회야로 45-89,0553642011,냉동제조,암모니아,7664-41-7,280.68RT,19970318,경남본부
1497,물금취수장,경상남도 양산시 물금읍 낙동로 453,0516694882,일반저장,염소,7782-50-5,19Ton,19970402,경남본부
1498,(주)MSCS가스,경상남도 함안군 칠서면 공단동4길 49,0555865711,일반판매,암모니아,7664-41-7,0,19970924,경남본부
1499,동아오츠카(주)칠서공장,경상남도 함안군 칠서면 공단서길 18,0555894131,냉동제조,암모니아,7664-41-7,292.88RT,19970506,경남본부
1500,MS종합가스㈜,경상남도 양산시 소주공단2길 48,0553665522,일반판매,일산화탄소,630-08-0,0,19970630,경남본부
1501,MS종합가스㈜,경상남도 양산시 소주공단2길 48,0553665522,일반판매,암모니아,7664-41-7,0,19970630,경남본부
1502,MS종합가스㈜,경상남도 양산시 소주공단2길 48,0553665522,일반판매,염소,7782-50-5,0,19970630,경남본부
1503,MS종합가스㈜,경상남도 양산시 소주공단2길 48,0553665522,일반판매,염화수소,7647-01-0,0,19970630,경남본부
1504,(주)삼락열처리김해지점,경상남도 김해시 분성로557번길 22 (어방동),0553368527,일반저장,암모니아,7664-41-7,4.74Ton,20020802,경남본부
1505,(주)에니웨이,경상남도 함안군 칠북면 영동1길 5,0555874121,일반판매,CO+CO2+He+N2,630-08-0,0,19960529,경남본부
1506,거제수산업협동조합,경상남도 거제시 장승포로 58(장승포동),0556824173,냉동제조,암모니아,7664-41-7,202RT,19980123,경남본부
1507,(주)부산냉동냉장 거제지점,경상남도 거제시 사등면 덕호해안길 87,0556341974,냉동제조,암모니아,7664-41-7,77.16RT,19990928,경남본부
1508,일성창고주식회사,경상남도 양산시 유산공단4길 88,0553882300,일반저장,독성가스(혼합가스),0,10Ton,20210426,경남본부
1509,(주)텍스틸,경상남도 창원시 성산구 공단로474번길 21-3,"0552643341,2",특고사용,암모니아,7664-41-7,290㎏,20150626,경남본부
1510,양산시상하수도사업소-범어정수장,경상남도 양산시 물금읍 황산로 751(범어리),0553924872,특고사용,염소,7782-50-5,900㎏,19990902,경남본부
1511,양산시신도시취수장,경상남도 양산시 물금읍 낙동로 443,0553924873,일반저장,염소,7782-50-5,1.42Ton,20021210,경남본부
1512,홈플러스(주),경상남도 함안군 칠서면 공단서2길 45 홈플러스(주) 함안 물류센터,0555895041,냉동제조,암모니아,7664-41-7,743.03RT,20050603,경남본부
1513,(주)우림열처리,경상남도 김해시 주촌면 서부로1403번길 8-19,0553380027,특고사용,암모니아,7664-41-7,200㎏,20141008,경남본부
1514,(주)삼우열처리,경상남도 김해시 한림면 장방로 198 (주)신영HMS,0553427345,특고사용,암모니아,7664-41-7,100㎏,20171221,경남본부
1515,제5792부대,경상남도 창원시 의창구 창원대로204번길 52,0552519328,특고사용,암모니아,7664-41-7,50㎏,20150805,경남본부
1516,하이에어코리아(주),경상남도 김해시 진례면 고모로324번길 204,0553405037,냉동제조,암모니아,7664-41-7,6.8RT,20240911,경남본부
1517,(주)풍성정밀관,경상남도 김해시 한림면 용덕로302번길 81,0553388245,특고사용,암모니아,7664-41-7,400㎏,20130222,경남본부
1518,(주)써말테크,경상남도 김해시 주촌면 서부로1499번길 49-85,0553212211,특고사용,암모니아,7664-41-7,200㎏,20080401,경남본부
1519,신영열처리,경상남도 김해시 장유로115번길 50-22,0553461713,특고사용,암모니아,7664-41-7,200㎏,20080522,경남본부
1520,(주)삼흥에너지,경상남도 김해시 장유로55번길 40,0553387618,일반판매,암모니아,7664-41-7,0,20081010,경남본부
1521,진해수산업협동조합,경상남도 창원시 진해구 태평로 143,0555467787,냉동제조,암모니아,7664-41-7,70.12RT,20081127,경남본부
1522,삼일가스,경상남도 창원시 진해구 진해대로1114번길 122,,일반판매,CO+CO2+N2+He,630-08-0,0,20090720,경남본부
1523,삼성중공업(주)거제조선소(신한내공장),경상남도 거제시 연초면 연하해안로 825,0556311171,일반제조,암모니아,7664-41-7,212.26Ton/day,20240215,경남본부
1524,삼성중공업(주)거제조선소(신한내공장),경상남도 거제시 연초면 연하해안로 825,0556311171,일반제조,암모니아,7664-41-7,3357.8N㎥/day,20240215,경남본부
1525,삼성중공업(주)거제조선소(신한내공장),경상남도 거제시 연초면 연하해안로 825,0556311171,일반제조,암모니아,7664-41-7,2.695Ton,20240215,경남본부
1526,(주)세림테크,경상남도 의령군 봉수면 한지18길 70,0555725968,특고사용,암모니아,7664-41-7,200㎏,20100820,경남본부
1527,정우가스텍,경상남도 함안군 군북면 여명로 159-1,0555850570,일반판매,암모니아,7664-41-7,0,20110603,경남본부
1528,창원시시설관리공단(상복공원),경상남도 창원시 성산구 공단로474번길 160,0557120931,특고사용,암모니아,7664-41-7,165㎏,20150212,경남본부
1529,(주)가스마켓코리아,경상남도 창원시 의창구 동읍 동읍로 1033,0552982266,일반판매,암모니아,7664-41-7,0,20110502,경남본부
1530,(재)한국조선해양기자재연구원 경남본부,경상남도 거제시 연초면 오비4길 21-36,0514005476,일반제조,암모니아,7664-41-7,80.88Ton/day,20250115,경남본부
1531,(재)한국조선해양기자재연구원 경남본부,경상남도 거제시 연초면 오비4길 21-36,0514005476,일반제조,암모니아,7664-41-7,3.032Ton,20250115,경남본부
1532,(재)한국조선해양기자재연구원 경남본부,경상남도 거제시 연초면 오비4길 21-36,0514005476,일반제조,암모니아,7664-41-7,48.5Ton/day,20250115,경남본부
1533,(재)한국조선해양기자재연구원 경남본부,경상남도 거제시 연초면 오비4길 21-36,0514005476,일반제조,암모니아,7664-41-7,3.9Ton/day,20250115,경남본부
1534,(재)한국조선해양기자재연구원 경남본부,경상남도 거제시 연초면 오비4길 21-36,0514005476,일반제조,암모니아,7664-41-7,80.88Ton/day,20250115,경남본부
1535,(재)한국조선해양기자재연구원 경남본부,경상남도 거제시 연초면 오비4길 21-36,0514005476,일반제조,암모니아,7664-41-7,80.88Ton/day,20250115,경남본부
1536,한국에스이엠(주),경상남도 양산시 상북면 소토2길 29-33,0553751212,일반판매,삼불화붕소,7637-07-2,68,20120320,경남본부
1537,한국에스이엠(주),경상남도 양산시 상북면 소토2길 29-33,0553751212,일반판매,일산화탄소,630-08-0,204,20120320,경남본부
1538,한국에스이엠(주),경상남도 양산시 상북면 소토2길 29-33,0553751212,일반판매,모노실란,7803-62-5,102,20120320,경남본부
1539,한국에스이엠(주),경상남도 양산시 상북면 소토2길 29-33,0553751212,일반판매,암모니아,7664-41-7,102,20120320,경남본부
1540,한국에스이엠(주),경상남도 양산시 상북면 소토2길 29-33,0553751212,일반판매,염소,7782-50-5,68,20120320,경남본부
1541,(주)신원열처리,경상남도 함안군 법수면 장백로 794,0555841511,특고사용,암모니아,7664-41-7,200㎏,20120111,경남본부
1542,한독하이테크,경상남도 김해시 분성로557번길 28-5 (어방동),0553225960,특고사용,암모니아,7664-41-7,500㎏,20120227,경남본부
1543,아렘에이치티(주),경상남도 밀양시 부북면 사포산단중앙로 88-22,0553910046,특고사용,암모니아,7664-41-7,224㎏,20190322,경남본부
1544,효성가스산업,경상남도 김해시 한림면 장방로222번길 46-28,0553453600,일반판매,암모니아,7664-41-7,0,20130110,경남본부
1545,해군정비창,경상남도 창원시 진해구 충장로 1-1,0555493563,특고사용,암모니아,7664-41-7,100㎏,20120629,경남본부
1546,(주)성일엠텍,경상남도 창녕군 영산면 서리상촌길 307-113,0553172427,특고사용,암모니아,7664-41-7,100㎏,20121212,경남본부
1547,(주)유승,경상남도 양산시 상북면 소토4길 34-1(소토리),0553758856,특고사용,암모니아,7664-41-7,200㎏,20121112,경남본부
1548,(주)윈텍,경상남도 양산시 상북면 상북중앙로 18 (주)윈텍 안전관리팀,0559141151,특고사용,암모니아,7664-41-7,200㎏,20130417,경남본부
1549,주식회사 에스제이엠에이치,경상남도 김해시 진례면 고모로 58-44,0553467741,특고사용,암모니아,7664-41-7,200㎏,20130222,경남본부
1550,동은산업,경상남도 양산시 하북면 충렬로 1443(삼수리),0553744526,특고사용,암모니아,7664-41-7,200㎏,20130614,경남본부
1551,(주)씨에스,경상남도 양산시 주남마을2길 31-102(주남동),0553892395,특고사용,암모니아,7664-41-7,100㎏,20130419,경남본부
1552,태경열처리,경상남도 함안군 군북면 함안산단3길 34,0553463138,특고사용,암모니아,7664-41-7,111㎏,20210628,경남본부
1553,(주)진영열처리,경상남도 김해시 진례면 고모로526번길 79-21,0553454412,특고사용,암모니아,7664-41-7,300㎏,20170201,경남본부
1554,유진메탈,경상남도 김해시 주촌면 서부로1637번길 354 (주)엘림,0553456712,특고사용,암모니아,7664-41-7,400㎏,20131021,경남본부
1555,(주)케이에스엠,경상남도 창원시 진해구 웅천서로41번길 20,0555453371,특고사용,암모니아,7664-41-7,400㎏,20140121,경남본부
1556,(주)다우,경상남도 창녕군 대합면 대합산업단지로 68-51,0555331286,특고사용,암모니아,7664-41-7,224㎏,20180416,경남본부
1557,금성열처리(주),경상남도 양산시 어곡공단로 176,0557810233,일반저장,암모니아,7664-41-7,.2Ton,20150126,경남본부
1558,(주)동림열처리,경상남도 김해시 주촌면 서부로1499번길 154-19,0553386464,특고사용,암모니아,7664-41-7,108㎏,20141001,경남본부
1559,에이스질화열처리,경상남도 김해시 진례면 고모로526번길 31-89,0553437818,특고사용,암모니아,7664-41-7,200㎏,20150302,경남본부
1560,주식회사대경열처리,경상남도 창원시 성산구 성주로81번길 26(남산동),0552611745,특고사용,암모니아,7664-41-7,200㎏,20150213,경남본부
1561,(주)엔디케이,경상남도 김해시 김해대로2596번길 93 (안동),0553264242,특고사용,암모니아,7664-41-7,200㎏,20150105,경남본부
1562,보성열처리(2공장),경상남도 창원시 마산회원구 내서읍 중리공단로2길 30,0552316969,특고사용,암모니아,7664-41-7,108.6㎏,20150203,경남본부
1563,(주)더블유피에이,경상남도 김해시 생림면 마사로 50,0514155074,일반판매,암모니아,7664-41-7,0,20151109,경남본부
1564,(주)신화열처리,경상남도 창녕군 대합면 대합산업단지로 38-43,0555309900,특고사용,암모니아,7664-41-7,200㎏,20150703,경남본부
1565,(주)신화열처리,경상남도 창녕군 대합면 대합산업단지로 38-43,0555309900,일반저장,암모니아,7664-41-7,4.911Ton,20170314,경남본부
1566,(주)엘엠에이티,경상남도 창녕군 대합면 대합산업단지로 87,0555336511,특고사용,염소,7782-50-5,600㎏,20150713,경남본부
1567,에스와이동양가스(주)함안,경상남도 함안군 법수면 어유길 170,0556365545,일반충전,암모니아,7664-41-7,9.948Ton,20170522,경남본부
1568,보금,경상남도 김해시 진영읍 하계로240번길 17-17,0557232378,특고사용,암모니아,7664-41-7,100㎏,20150917,경남본부
1569,신우브레징공업,경상남도 함안군 칠원읍 오곡로 96,0555871096,특고사용,암모니아,7664-41-7,200㎏,20150821,경남본부
1570,대원강업(주)창원2공장,경상남도 함안군 군북면 함안산단5길 63,0552698888,특고사용,암모니아,7664-41-7,200㎏,20240822,경남본부
1571,(주)하이스텐,경상남도 김해시 주촌면 서부로1499번길 113-78,0553290837,특고사용,암모니아,7664-41-7,229.2㎏,20160128,경남본부
1572,(주)JMG,경상남도 함안군 대산면 옥렬로 230,0555845447,일반판매,암모니아,7664-41-7,0,20110928,경남본부
1573,우림에이치에스(주),경상남도 김해시 장유로55번안길 35-19,0553240071,특고사용,암모니아,7664-41-7,200㎏,20250320,경남본부
1574,함안지방공사(함안하늘공원),경상남도 함안군 가야읍 함마대로 1145,0555857182,특고사용,암모니아,7664-41-7,240㎏,20170704,경남본부
1575,삼원동관(주),경상남도 김해시 진영읍 본산로269번길 80,0553455900,특고사용,암모니아,7664-41-7,848㎏,20180418,경남본부
1576,부경양돈협동조합 부경축산물공판장,경상남도 김해시 주촌면 서부로1403번길 23-100,0553241500,냉동제조,암모니아,7664-41-7,348.8RT,20191212,경남본부
1577,부경양돈협동조합 부경축산물공판장,경상남도 김해시 주촌면 서부로1403번길 23-100,0553241500,냉동제조,암모니아,7664-41-7,2617.85RT,20191212,경남본부
1578,한중금속,경상남도 함안군 칠원읍 동대이안길 38-9,0555865846,특고사용,암모니아,7664-41-7,282.3㎏,20200128,경남본부
1579,(주)진텍,경상남도 김해시 진영읍 하계로155번길 48,0553460440,일반제조,R600a,75-28-5,19.764Ton/day,20200103,경남본부
1580,(주)진텍,경상남도 김해시 진영읍 하계로155번길 48,0553460440,일반제조,R600a,75-28-5,.456Ton,20200103,경남본부
1581,(주)아이스푸드 앤바인,경상남도 밀양시 삼랑진읍 미율로 143-31,0553565517,냉동제조,암모니아,7664-41-7,454.68RT,20200525,경남본부
1582,이지가스,경상남도 김해시 진영읍 본산로212번길 27,0552560526,일반판매,암모니아,7664-41-7,0,20210525,경남본부
1583,(주)하이랜드이노베이션,경상남도 창원시 진해구 남영로159번길 68-15 (남문동) 시설관리팀,0555402600,냉동제조,암모니아,7664-41-7,1097.1RT,20230224,경남본부
1584,(주)하이랜드이노베이션,경상남도 창원시 진해구 남영로159번길 68-15 (남문동) 시설관리팀,0555402600,냉동제조,암모니아,7664-41-7,268.34RT,20240604,경남본부
1585,(주)창신,경상남도 함안군 산인면 신산로 159-15,0552322000,일반판매,암모니아,7664-41-7,0,20221121,경남본부
1586,(주)디엔아이로지스틱스,경상남도 창원시 진해구 신항8로 139 (남문동),0557137176,일반저장,독성가스(혼합가스),0,.626Ton,,경남본부
1587,(주)디엔아이로지스틱스,경상남도 창원시 진해구 신항8로 139 (남문동),0557137176,일반저장,독성가스(혼합가스),0,.8Ton,,경남본부
1588,(주)디엔아이로지스틱스,경상남도 창원시 진해구 신항8로 139 (남문동),0557137176,일반저장,독성가스(혼합가스),0,.723Ton,,경남본부
1589,(주)신영금속열처리,경상남도 김해시 진례면 하이테크로 105,0553132197,특고사용,암모니아,7664-41-7,111㎏,20220826,경남본부
1590,제이와이특수가스,경상남도 김해시 한림면 장방로222번길 46-28,0553454457,일반판매,산화에틸렌,75-21-8,0,20181010,경남본부
1591,제이와이특수가스,경상남도 김해시 한림면 장방로222번길 46-28,0553454457,일반판매,암모니아,7664-41-7,0,20181010,경남본부
1592,(주)알엠에이,경상남도 창녕군 계성면 영산계성로 560,0555366063,특고사용,암모니아,7664-41-7,112㎏,20240529,경남본부
1593,주식회사큐켐스,경상남도 김해시 주촌면 서부로1637번길 429,0553220296,일반판매,모노실란,7803-62-5,0,20240730,경남본부
1594,(주)엔디케이(NDK),경상남도 김해시 진영읍 서부로179번길 95,0553264242,특고사용,암모니아,7664-41-7,200㎏,20240529,경남본부
1595,한국특수가스,경상남도 김해시 대동면 대동산단2로 263-12,0513013711,일반판매,암모니아,7664-41-7,0,20251103,경남본부
1596,(주)씨에스토브,경상남도 김해시 한림면 김해대로1099번길 120-2,0559047713,특고사용,암모니아,7664-41-7,222㎏,20250522,경남본부
1597,(주)디엔아이로지스틱스,경상남도 창원시 진해구 청안로 75 (두동),0557137177,일반저장,독성가스(혼합가스),0,.626Ton,,경남본부
1598,(주)디엔아이로지스틱스,경상남도 창원시 진해구 청안로 75 (두동),0557137177,일반저장,독성가스(혼합가스),0,.8Ton,,경남본부
1599,(주)디엔아이로지스틱스,경상남도 창원시 진해구 청안로 75 (두동),0557137177,일반저장,반도체특수 혼합가스,0,.723Ton,,경남본부
1600,대구광역시 상수도사업본부 가창정수사업소,대구광역시 수성구 파동로2길 16,0536702860,일반저장,염소,7782-50-5,10Ton,19960923,대구광역본부
1601,풍국주정공업(주),대구광역시 달서구 성서로 72,0535832071,냉동제조,암모니아,7664-41-7,88.6RT,,대구광역본부
1602,고산정수사업소,대구광역시 수성구 유니버시아드로 234 고산정수사업소,0536702837,일반저장,염소,7782-50-5,30Ton,19960528,대구광역본부
1603,대구텍 유한책임회사,대구광역시 달성군 가창면 가창로 1040,0537607283,특고사용,암모니아,7664-41-7,50.4㎏,20200818,대구광역본부
1604,경북냉동,대구광역시 북구 팔달북로11길 17,0533577358,냉동제조,암모니아,7664-41-7,99RT,19960907,대구광역본부
1605,매곡정수사업소,대구광역시 달성군 다사읍 달구벌대로 717,0536702760,일반저장,염소,7782-50-5,60Ton,19961224,대구광역본부
1606,(주)케이이씨구미공장,경상북도 구미시 수출대로 41,0544673066,일반저장,삼염화붕소,10294-34-5,.052Ton,19961204,대구광역본부
1607,(주)케이이씨구미공장,경상북도 구미시 수출대로 41,0544673066,일반저장,염소,7782-50-5,.713Ton,19961204,대구광역본부
1608,(주)케이이씨구미공장,경상북도 구미시 수출대로 41,0544673066,일반저장,사불화메탄,75-73-0,50.2㎥,19961204,대구광역본부
1609,(주)케이이씨구미공장,경상북도 구미시 수출대로 41,0544673066,일반저장,삼불화붕소,7637-07-2,1.492㎥,19961204,대구광역본부
1610,(주)케이이씨구미공장,경상북도 구미시 수출대로 41,0544673066,일반저장,모노실란,7803-62-5,361.955㎥,19961204,대구광역본부
1611,(주)케이이씨구미공장,경상북도 구미시 수출대로 41,0544673066,일반저장,알진,7784-42-1,112.08㎥,19961204,대구광역본부
1612,(주)케이이씨구미공장,경상북도 구미시 수출대로 41,0544673066,일반저장,암모니아,7664-41-7,.095Ton,19961204,대구광역본부
1613,(주)케이이씨구미공장,경상북도 구미시 수출대로 41,0544673066,일반저장,포스핀,7803-51-2,370.43㎥,19961204,대구광역본부
1614,(주)케이이씨구미공장,경상북도 구미시 수출대로 41,0544673066,일반저장,디보레인,19287-45-7,153.13㎥,19961204,대구광역본부
1615,(주)케이이씨구미공장,경상북도 구미시 수출대로 41,0544673066,일반저장,1%PH3/N2,7803-51-2,13.91㎥,20061204,대구광역본부
1616,(주)케이이씨구미공장,경상북도 구미시 수출대로 41,0544673066,일반저장,암모니아,7664-41-7,.047Ton,20061204,대구광역본부
1617,(주)케이이씨구미공장,경상북도 구미시 수출대로 41,0544673066,일반저장,염소,7782-50-5,.123Ton,20061204,대구광역본부
1618,(주)케이이씨구미공장,경상북도 구미시 수출대로 41,0544673066,일반저장,삼염화붕소,10294-34-5,.089Ton,20061204,대구광역본부
1619,(주)케이이씨구미공장,경상북도 구미시 수출대로 41,0544673066,일반저장,디보레인,19287-45-7,13.921㎥,20061204,대구광역본부
1620,(주)케이이씨구미공장,경상북도 구미시 수출대로 41,0544673066,일반저장,모노실란,7803-62-5,27.843㎥,20061204,대구광역본부
1621,(주)케이이씨구미공장,경상북도 구미시 수출대로 41,0544673066,일반저장,포스핀,7803-51-2,13.921㎥,20061204,대구광역본부
1622,(주)케이이씨구미공장,경상북도 구미시 수출대로 41,0544673066,일반저장,50ppmPH3/N2,7803-51-2,6.96㎥,20180808,대구광역본부
1623,(주)케이이씨구미공장,경상북도 구미시 수출대로 41,0544673066,일반저장,10%AsH3/N2,7784-42-1,6.96㎥,20180808,대구광역본부
1624,(주)케이이씨구미공장,경상북도 구미시 수출대로 41,0544673066,일반저장,10%PH3/N2,7803-51-2,6.96㎥,20180808,대구광역본부
1625,(주)케이이씨구미공장,경상북도 구미시 수출대로 41,0544673066,일반저장,5000ppmB2H6/Ar,19287-45-7,13.92㎥,20180808,대구광역본부
1626,(주)케이이씨구미공장,경상북도 구미시 수출대로 41,0544673066,일반저장,500ppmB2H6/Ar,19287-45-7,13.92㎥,20180808,대구광역본부
1627,(주)케이이씨구미공장,경상북도 구미시 수출대로 41,0544673066,일반저장,1%AsH3/N2,7784-42-1,13.92㎥,20180808,대구광역본부
1628,(주)케이이씨구미공장,경상북도 구미시 수출대로 41,0544673066,일반저장,1%B2H6/N2,19287-45-7,13.92㎥,20180808,대구광역본부
1629,(주)케이이씨구미공장,경상북도 구미시 수출대로 41,0544673066,일반저장,15%SiH4/N2,7803-62-5,27.84㎥,20180808,대구광역본부
1630,(주)케이이씨구미공장,경상북도 구미시 수출대로 41,0544673066,일반저장,모노실란,7803-62-5,27.84㎥,20180808,대구광역본부
1631,(주)케이이씨구미공장,경상북도 구미시 수출대로 41,0544673066,일반저장,1%PH3/N2,7803-51-2,13.92㎥,20180808,대구광역본부
1632,(주)케이이씨구미공장,경상북도 구미시 수출대로 41,0544673066,일반저장,염소,7782-50-5,.059Ton,20180808,대구광역본부
1633,(주)케이이씨구미공장,경상북도 구미시 수출대로 41,0544673066,일반저장,암모니아,7664-41-7,.05Ton,20180808,대구광역본부
1634,(주)케이이씨구미공장,경상북도 구미시 수출대로 41,0544673066,일반저장,5%PH3/N2,7803-51-2,13.92㎥,20180808,대구광역본부
1635,(주)케이이씨구미공장,경상북도 구미시 수출대로 41,0544673066,일반저장,5%SiH4/Ar,7803-62-5,13.92㎥,20180808,대구광역본부
1636,매그나칩반도체(유),경상북도 구미시 수출대로 375,0544701623,일반저장,삼불화붕소,7637-07-2,4.02㎥,19990515,대구광역본부
1637,매그나칩반도체(유),경상북도 구미시 수출대로 375,0544701623,일반저장,브롬화수소,10035-10-6,.121Ton,19990515,대구광역본부
1638,매그나칩반도체(유),경상북도 구미시 수출대로 375,0544701623,일반저장,염소,7782-50-5,1.305Ton,19990515,대구광역본부
1639,매그나칩반도체(유),경상북도 구미시 수출대로 375,0544701623,일반저장,BCL3,10294-34-5,.976Ton,19990515,대구광역본부
1640,매그나칩반도체(유),경상북도 구미시 수출대로 375,0544701623,일반저장,15%ASH3/H2,7784-42-1,18.55㎥,19990515,대구광역본부
1641,매그나칩반도체(유),경상북도 구미시 수출대로 375,0544701623,일반저장,50ppmPH3/N2,7803-51-2,141.94㎥,19990515,대구광역본부
1642,매그나칩반도체(유),경상북도 구미시 수출대로 375,0544701623,일반저장,1%PH3/N2,7803-51-2,49.68㎥,19990515,대구광역본부
1643,매그나칩반도체(유),경상북도 구미시 수출대로 375,0544701623,일반저장,15%PH3/H2,7803-51-2,16.13㎥,19990515,대구광역본부
1644,매그나칩반도체(유),경상북도 구미시 수출대로 375,0544701623,일반저장,PH3,7803-51-2,2.08㎥,19990515,대구광역본부
1645,매그나칩반도체(유),경상북도 구미시 수출대로 375,0544701623,일반저장,육불화텅스텐,7783-82-6,1.032Ton,19990515,대구광역본부
1646,매그나칩반도체(유),경상북도 구미시 수출대로 375,0544701623,일반저장,SiH2CL2,4109-96-0,.54Ton,19990515,대구광역본부
1647,매그나칩반도체(유),경상북도 구미시 수출대로 375,0544701623,일반저장,모노실란,7803-62-5,319.371㎥,19990515,대구광역본부
1648,매그나칩반도체(유),경상북도 구미시 수출대로 375,0544701623,일반저장,암모니아,7664-41-7,.328Ton,19990515,대구광역본부
1649,매그나칩반도체(유),경상북도 구미시 수출대로 375,0544701623,일반저장,암모니아,7664-41-7,.202Ton,20090515,대구광역본부
1650,매그나칩반도체(유),경상북도 구미시 수출대로 375,0544701623,일반저장,육불화텅스텐,7783-82-6,.516Ton,20090515,대구광역본부
1651,매그나칩반도체(유),경상북도 구미시 수출대로 375,0544701623,일반저장,염소,7782-50-5,.588Ton,20090515,대구광역본부
1652,매그나칩반도체(유),경상북도 구미시 수출대로 375,0544701623,일반저장,모노실란,7803-62-5,99.36㎥,20090515,대구광역본부
1653,매그나칩반도체(유),경상북도 구미시 수출대로 375,0544701623,일반저장,포스핀/질소,7803-51-2,42.58㎥,20090515,대구광역본부
1654,정일수산,경상북도 경산시 진량읍 공단4로 103 정일수산,0538563134,냉동제조,암모니아,7664-41-7,460.5RT,19961210,대구광역본부
1655,해태아이스크림(주),경상북도 경산시 하양읍 대경로 541,0538528051,냉동제조,암모니아,7664-41-7,1000.1RT,19970416,대구광역본부
1656,해태아이스크림(주),경상북도 경산시 하양읍 대경로 541,0538528051,냉동제조,암모니아,7664-41-7,580.15RT,20241015,대구광역본부
1657,우일냉동,대구광역시 군위군 효령면 치산효령로 2399-1,3828883,냉동제조,암모니아,7664-41-7,44.25RT,19960430,대구광역본부
1658,매일유업(주)경산공장,경상북도 경산시 진량읍 대학로 1090 매일유업주,0538591780,냉동제조,암모니아,7664-41-7,79.1RT,20081029,대구광역본부
1659,영남대학교,경상북도 경산시 대학로 280 (대동),0538102114,일반저장,염소,7782-50-5,.059Ton,20110711,대구광역본부
1660,영남대학교,경상북도 경산시 대학로 280 (대동),0538102114,일반저장,암모니아,7664-41-7,1.54Ton,20110711,대구광역본부
1661,영남대학교,경상북도 경산시 대학로 280 (대동),0538102114,일반저장,SiH4/N2,7803-62-5,14.2㎥,20110711,대구광역본부
1662,롯데웰푸드(주),경상북도 김천시 공단3길 94(응명동),0544202544,냉동제조,암모니아,7664-41-7,969.8RT,19961014,대구광역본부
1663,롯데웰푸드(주),경상북도 김천시 공단3길 94(응명동),0544202544,냉동제조,암모니아,7664-41-7,1501.4RT,20200212,대구광역본부
1664,롯데웰푸드(주),경상북도 김천시 공단3길 94(응명동),0544202544,냉동제조,암모니아,7664-41-7,1100.41RT,20250227,대구광역본부
1665,에스케이실트론주식회사(2공장),경상북도 구미시 임수로 53,0544708145,일반저장,모노실란,7803-62-5,141.94㎥,19980512,대구광역본부
1666,에스케이실트론주식회사(2공장),경상북도 구미시 임수로 53,0544708145,일반저장,모노실란,7803-62-5,198.72㎥,20090512,대구광역본부
1667,에스케이실트론주식회사(2공장),경상북도 구미시 임수로 53,0544708145,특고사용,1%PH3/N2,7803-51-2,13.92㎥,20151026,대구광역본부
1668,에스케이실트론주식회사(2공장),경상북도 구미시 임수로 53,0544708145,특고사용,모노실란,7803-62-5,13.92㎥,20151026,대구광역본부
1669,에스케이실트론주식회사(2공장),경상북도 구미시 임수로 53,0544708145,특고사용,암모니아,7664-41-7,202.16㎏,20181025,대구광역본부
1670,(주)청아냉동식품,경상북도 영천시 도남공단길 94-11,0543356434,냉동제조,암모니아,7664-41-7,214.7RT,20120309,대구광역본부
1671,우진냉장,경상북도 성주군 선남면 선노로 43,0549334551,냉동제조,암모니아,7664-41-7,39.7RT,19970315,대구광역본부
1672,(주)삼한냉동,경상북도 칠곡군 지천면 신동로 78-14,0549734749,냉동제조,암모니아,7664-41-7,252.25RT,19970130,대구광역본부
1673,(주)MS가스,대구광역시 달서구 성서동로53길 38,0535832301,일반판매,암모니아,7664-41-7,0,19990323,대구광역본부
1674,(주)MS가스,대구광역시 달서구 성서동로53길 38,0535832301,일반판매,일산화탄소,630-08-0,0,19990323,대구광역본부
1675,대구상수도본부죽곡정수사업소,대구광역시 달성군 다사읍 강정본길 88,0536702924,일반저장,염소,7782-50-5,9Ton,19970114,대구광역본부
1676,주식회사 브이피에이치씨,대구광역시 달서구 성서로 236,0535899313,일반저장,암모니아,7664-41-7,.282Ton,20140902,대구광역본부
1677,(주)대한냉동,경상북도 경산시 진량읍 대구대로 529,0538512333,냉동제조,암모니아,7664-41-7,213.3RT,19961206,대구광역본부
1678,삼성에스디아이(주),경상북도 구미시 구미대로 58,0544682243,특고사용,암모니아,7664-41-7,998㎏,20101221,대구광역본부
1679,삼성에스디아이(주),경상북도 구미시 구미대로 58,0544682243,특고사용,암모니아,7664-41-7,5㎏,20130709,대구광역본부
1680,엘지디스플레이(주),경상북도 구미시 3공단2로 209,0544785223,일반저장,암모니아,7664-41-7,.202Ton,20160315,대구광역본부
1681,동양종합가스,대구광역시 중구 태평로 241,0534256734,일반판매,암모니아,7664-41-7,,19960822,대구광역본부
1682,구지배수장,대구광역시 달성군 현풍읍 국가산단북로80길 59-100,0536703651,특고사용,염소,7782-50-5,220㎏,19980205,대구광역본부
1683,천우냉동,대구광역시 동구 아양로8길 6,0539414625,냉동제조,암모니아,7664-41-7,105.6RT,19970808,대구광역본부
1684,케이브이머티리얼즈(주),경상북도 구미시 3공단3로 242 DIM사업부녹색경영스텝,0544707118,일반저장,암모니아,7664-41-7,4.903Ton,20030113,대구광역본부
1685,케이브이머티리얼즈(주),경상북도 구미시 3공단3로 242 DIM사업부녹색경영스텝,0544707118,특고사용,암모니아,7664-41-7,21.51㎏,20200528,대구광역본부
1686,조일알미늄(주),경상북도 경산시 진량읍 공단6로 98,0538565777,특고사용,염소,7782-50-5,200㎏,20130410,대구광역본부
1687,(주)푸드웰 성서공장,대구광역시 달서구 성서서로 121,0535802590,냉동제조,암모니아,7664-41-7,451.91RT,19961202,대구광역본부
1688,경북열처리공업사,대구광역시 달서구 성서공단남로 20,0535838162,일반저장,암모니아,7664-41-7,4.947Ton,20110810,대구광역본부
1689,초록원영농조합법인,경상북도 영천시 북안면 못안길 2-75,0543330053,냉동제조,암모니아,7664-41-7,78.93RT,19971011,대구광역본부
1690,세진냉장,대구광역시 북구 노원로 215,0533583755,냉동제조,암모니아,7664-41-7,105.6RT,19971208,대구광역본부
1691,농협경제지주주식회사 고령축산물공판장,경상북도 고령군 다산면 성암로 566,0549541778,냉동제조,암모니아,7664-41-7,418.12RT,19970419,대구광역본부
1692,농협경제지주주식회사 고령축산물공판장,경상북도 고령군 다산면 성암로 566,0549541778,냉동제조,암모니아,7664-41-7,958.35RT,20090603,대구광역본부
1693,대경냉동,대구광역시 북구 팔달북로2길 21,0533574217,냉동제조,암모니아,7664-41-7,132.7RT,19990614,대구광역본부
1694,(주)케이엠씨,경상북도 구미시 3공단3로 40,0544720051,일반저장,염소,7782-50-5,9Ton,20000426,대구광역본부
1695,맥천공업(주),대구광역시 달성군 논공읍 논공로 324,0536145258,특고사용,암모니아,7664-41-7,225.806㎏,20000427,대구광역본부
1696,엘지디스플레이(주),경상북도 구미시 3공단2로 174,0547172168,일반저장,4.5%HCl/0.9%H2/Ne,7647-01-0,2.5㎥,20070315,대구광역본부
1697,엘지디스플레이(주),경상북도 구미시 3공단2로 174,0547172168,일반저장,모노실란,7803-62-5,668.23㎥,20070315,대구광역본부
1698,엘지디스플레이(주),경상북도 구미시 3공단2로 174,0547172168,일반저장,염화수소,7647-01-0,.337Ton,20070315,대구광역본부
1699,엘지디스플레이(주),경상북도 구미시 3공단2로 174,0547172168,일반저장,염소,7782-50-5,1.293Ton,20070315,대구광역본부
1700,엘지디스플레이(주),경상북도 구미시 3공단2로 174,0547172168,일반저장,암모니아,7664-41-7,1.516Ton,20070315,대구광역본부
1701,엘지디스플레이(주),경상북도 구미시 3공단2로 174,0547172168,일반저장,암모니아,7664-41-7,1.5Ton,20180801,대구광역본부
1702,엘지디스플레이(주),경상북도 구미시 3공단2로 174,0547172168,일반저장,염소,7782-50-5,1.762Ton,20180801,대구광역본부
1703,(주)한성,대구광역시 달서구 호산동로7길 34,0535814022,특고사용,암모니아,7664-41-7,200㎏,20170425,대구광역본부
1704,(주)미래인더스,경상북도 구미시 1공단로6길 171 (주)미래인더스,0544606600,특고사용,암모니아,7664-41-7,200㎏,20060220,대구광역본부
1705,주식회사민속엘피씨,대구광역시 군위군 군위읍 경북대로 4052,0543803300,냉동제조,암모니아,7664-41-7,690.69RT,20000112,대구광역본부
1706,니카코리아(주)대구공장,대구광역시 달서구 성서로 18-6,0547202296,일반저장,염소,7782-50-5,2Ton,20190916,대구광역본부
1707,니카코리아(주)대구공장,대구광역시 달서구 성서로 18-6,0547202296,일반저장,불소,7782-41-4,36.24㎥,20191216,대구광역본부
1708,니카코리아(주)대구공장,대구광역시 달서구 성서로 18-6,0547202296,일반저장,불소,7782-41-4,108.72㎥,20201230,대구광역본부
1709,에스케이실트론주식회사(3공장),경상북도 구미시 3공단3로 132-11,0544708145,특고사용,암모니아,7664-41-7,303.216㎏,20140826,대구광역본부
1710,에스케이실트론주식회사(3공장),경상북도 구미시 3공단3로 132-11,0544708145,일반저장,20%아르신/수소혼합,7784-42-1,14.194㎥,20171127,대구광역본부
1711,에스케이실트론주식회사(3공장),경상북도 구미시 3공단3로 132-11,0544708145,일반저장,모노실란,7803-62-5,21.291㎥,20171127,대구광역본부
1712,에스케이실트론주식회사(3공장),경상북도 구미시 3공단3로 132-11,0544708145,일반저장,모노실란,7803-62-5,28.388㎥,20171127,대구광역본부
1713,에스케이실트론주식회사(3공장),경상북도 구미시 3공단3로 132-11,0544708145,일반저장,1%B2H6/H2,19287-45-7,85.164㎥,20171127,대구광역본부
1714,에스케이실트론주식회사(3공장),경상북도 구미시 3공단3로 132-11,0544708145,일반저장,1%B2H6/H2,19287-45-7,184.522㎥,20171127,대구광역본부
1715,에스케이실트론주식회사(3공장),경상북도 구미시 3공단3로 132-11,0544708145,특고사용,암모니아,7664-41-7,50.54㎏,20250109,대구광역본부
1716,(주)논공종합가스,대구광역시 달성군 논공읍 논공로 830-1,0536155035,일반판매,암모니아,7664-41-7,,20030618,대구광역본부
1717,디아이지에어가스 주식회사 구미공장,경상북도 구미시 3공단3로 196-34,0544767020,일반충전,포스핀,7803-51-2,5㎥,20051126,대구광역본부
1718,디아이지에어가스 주식회사 구미공장,경상북도 구미시 3공단3로 196-34,0544767020,일반충전,모노실란,7803-62-5,1646.9㎥,20041126,대구광역본부
1719,디아이지에어가스 주식회사 구미공장,경상북도 구미시 3공단3로 196-34,0544767020,일반충전,황화수소,7783-06-4,673.8㎥,20041126,대구광역본부
1720,디아이지에어가스 주식회사 구미공장,경상북도 구미시 3공단3로 196-34,0544767020,일반충전,산화에틸렌,75-21-8,.26Ton,20041126,대구광역본부
1721,디아이지에어가스 주식회사 구미공장,경상북도 구미시 3공단3로 196-34,0544767020,일반충전,불소,7782-41-4,361.7㎥,20041126,대구광역본부
1722,디아이지에어가스 주식회사 구미공장,경상북도 구미시 3공단3로 196-34,0544767020,일반충전,염소,7782-50-5,2.58Ton,20041126,대구광역본부
1723,디아이지에어가스 주식회사 구미공장,경상북도 구미시 3공단3로 196-34,0544767020,특고사용,암모니아,7664-41-7,954.84㎏,20180608,대구광역본부
1724,신오케미칼(주)구미1공장,경상북도 구미시 옥계2공단로 125,0544758018,일반저장,염소,7782-50-5,4Ton,20030731,대구광역본부
1725,홍익이서화학(주)2공장,경상북도 구미시 옥계2공단로 179-60,0544750063,일반저장,염소,7782-50-5,4Ton,20031125,대구광역본부
1726,홍익이서화학(주)2공장,경상북도 구미시 옥계2공단로 179-60,0544750063,일반저장,염소,7782-50-5,4Ton,20031125,대구광역본부
1727,동아열처리,대구광역시 달서구 성서공단북로69길 32,0535821934,특고사용,암모니아,7664-41-7,200㎏,20040128,대구광역본부
1728,엘지디스플레이(주),경상북도 구미시 3공단2로 174,0547172168,일반저장,모노실란,7803-62-5,4408.8㎥,20040315,대구광역본부
1729,엘지디스플레이(주),경상북도 구미시 3공단2로 174,0547172168,일반저장,암모니아,7664-41-7,3Ton,20040315,대구광역본부
1730,엘지디스플레이(주),경상북도 구미시 3공단2로 174,0547172168,일반저장,염소,7782-50-5,.353Ton,20040315,대구광역본부
1731,엘지디스플레이(주),경상북도 구미시 3공단2로 174,0547172168,일반저장,1%B2H6/H2,19287-45-7,27.84㎥,20040315,대구광역본부
1732,엘지디스플레이(주),경상북도 구미시 3공단2로 174,0547172168,일반저장,삼염화붕소,10294-34-5,.443Ton,20040315,대구광역본부
1733,엘지디스플레이(주),경상북도 구미시 3공단2로 174,0547172168,일반저장,20%PH3/H2,7803-51-2,28.4㎥,20040315,대구광역본부
1734,엘지디스플레이(주),경상북도 구미시 3공단2로 174,0547172168,일반저장,B11F3,7637-07-2,9.48㎥,20040315,대구광역본부
1735,엘지디스플레이(주),경상북도 구미시 3공단2로 174,0547172168,일반저장,염소,7782-50-5,.587Ton,20070315,대구광역본부
1736,엘지디스플레이(주),경상북도 구미시 3공단2로 174,0547172168,일반저장,삼염화붕소,10294-34-5,1.105Ton,20070315,대구광역본부
1737,엘지디스플레이(주),경상북도 구미시 3공단2로 174,0547172168,일반저장,염소,7782-50-5,.47Ton,20070315,대구광역본부
1738,엘지디스플레이(주),경상북도 구미시 3공단2로 174,0547172168,일반저장,삼염화붕소,10294-34-5,.663Ton,20070315,대구광역본부
1739,엘지디스플레이(주),경상북도 구미시 3공단2로 174,0547172168,일반저장,염소,7782-50-5,1.175Ton,20070315,대구광역본부
1740,엘지디스플레이(주),경상북도 구미시 3공단2로 174,0547172168,일반저장,염화수소,7647-01-0,.337Ton,20070315,대구광역본부
1741,엘지디스플레이(주),경상북도 구미시 3공단2로 174,0547172168,일반저장,삼염화붕소,10294-34-5,.331Ton,20070315,대구광역본부
1742,에이지씨화인테크노한국(주),경상북도 구미시 산동면 첨단기업로 178,0544780600,일반저장,암모니아,7664-41-7,1.5Ton,20080413,대구광역본부
1743,에이지씨화인테크노한국(주),경상북도 구미시 산동면 첨단기업로 178,0544780600,일반저장,암모니아,7664-41-7,1.5Ton,20090413,대구광역본부
1744,에이지씨화인테크노한국(주),경상북도 구미시 산동면 첨단기업로 178,0544780600,일반저장,암모니아,7664-41-7,1.5Ton,20191105,대구광역본부
1745,(주)청호열처리 1공장,대구광역시 달성군 논공읍 논공로87길 66,0536176500,특고사용,암모니아,7664-41-7,200㎏,20051205,대구광역본부
1746,금성냉동(주),경상북도 경산시 진량읍 대구대로 535,0538510961,냉동제조,암모니아,7664-41-7,357.5RT,20051109,대구광역본부
1747,동우에이치에스티(주),경상북도 성주군 월항면 월항농공단지2길 29 동우에이치에스티 주식회사,0549310890,특고사용,암모니아,7664-41-7,900㎏,20051228,대구광역본부
1748,신라에너지,경상북도 구미시 거양길 280,0544567777,일반판매,암모니아,7664-41-7,0,20060525,대구광역본부
1749,한국OSG(주),대구광역시 달서구 달서대로109길 38,0535832000,특고사용,암모니아,7664-41-7,200㎏,20120905,대구광역본부
1750,올리콘발저스코팅코리아(유)경산공장,경상북도 경산시 진량읍 공단6로 125-13,0538549900,특고사용,암모니아,7664-41-7,200㎏,20061023,대구광역본부
1751,대광소결금속(주),경상북도 고령군 다산면 벌지로 248-9,0549566700,특고사용,암모니아,7664-41-7,456㎏,20190514,대구광역본부
1752,호경산업,경상북도 경산시 진량읍 두인길 9,0538510731,일반저장,염소,7782-50-5,6.43Ton,20070518,대구광역본부
1753,태평냉동,대구광역시 서구 와룡로72길 23 태평냉동,0532571622,냉동제조,암모니아,7664-41-7,49.5RT,20070628,대구광역본부
1754,에스제이에프(주)1공장,대구광역시 달서구 달서대로109길 93,0535830002,특고사용,암모니아,7664-41-7,168㎏,20070607,대구광역본부
1755,(주)에어텍,대구광역시 달서구 달구벌대로240길 23 (신당동),0535817081,일반충전,암모니아,7664-41-7,11.99Ton,20080624,대구광역본부
1756,(주)에어텍,대구광역시 달서구 달구벌대로240길 23 (신당동),0535817081,일반판매,염소,7782-50-5,0,20080624,대구광역본부
1757,(주)에어텍,대구광역시 달서구 달구벌대로240길 23 (신당동),0535817081,일반판매,일산화탄소,630-08-0,0,20080624,대구광역본부
1758,(주)에어텍,대구광역시 달서구 달구벌대로240길 23 (신당동),0535817081,일반판매,황화수소,7783-06-4,0,20080624,대구광역본부
1759,(주)에어텍,대구광역시 달서구 달구벌대로240길 23 (신당동),0535817081,일반판매,염화수소,7647-01-0,0,20080624,대구광역본부
1760,(주)에어텍,대구광역시 달서구 달구벌대로240길 23 (신당동),0535817081,일반판매,아황산가스,7446-09-5,0,20080624,대구광역본부
1761,경북대학교반도체융합기술연구원,대구광역시 북구 대학로 80 경북대학교 (IT3호관 203호),0539507510,특고사용,암모니아,7664-41-7,227.421㎏,20210217,대구광역본부
1762,경북대학교반도체융합기술연구원,대구광역시 북구 대학로 80 경북대학교 (IT3호관 203호),0539507510,특고사용,염소,7782-50-5,58.75㎏,20210218,대구광역본부
1763,경북대학교반도체융합기술연구원,대구광역시 북구 대학로 80 경북대학교 (IT3호관 203호),0539507510,특고사용,모노실란,7803-62-5,7.097㎥,20210217,대구광역본부
1764,경북대학교반도체융합기술연구원,대구광역시 북구 대학로 80 경북대학교 (IT3호관 203호),0539507510,특고사용,모노실란,7803-62-5,7.097㎥,20210217,대구광역본부
1765,경북대학교반도체융합기술연구원,대구광역시 북구 대학로 80 경북대학교 (IT3호관 203호),0539507510,특고사용,모노실란,7803-62-5,7.097㎥,20250414,대구광역본부
1766,고령가스,경상북도 고령군 고령읍 큰골길 156,0549543449,일반판매,이산화질소,10102-44-0,0,20080403,대구광역본부
1767,(주)영풍열처리,대구광역시 달서구 성서로35길 56,0535922271,일반저장,암모니아,7664-41-7,4.957Ton,20101218,대구광역본부
1768,쿠어스텍코리아(유),경상북도 구미시 4공단로7길 23-28,0544786000,특고사용,암모니아,7664-41-7,50.537㎏,20171208,대구광역본부
1769,쿠어스텍코리아(유),경상북도 구미시 4공단로7길 23-28,0544786000,특고사용,암모니아,7664-41-7,151.613㎏,20240514,대구광역본부
1770,(주)에이피엠,대구광역시 달성군 구지면 달성2차3로 60 (주)에이피엠,0536113101,특고사용,암모니아,7664-41-7,200㎏,20120103,대구광역본부
1771,(주)에이피엠,대구광역시 달성군 구지면 달성2차3로 60 (주)에이피엠,0536113101,특고사용,암모니아,7664-41-7,756㎏,20170329,대구광역본부
1772,일성금속열처리,대구광역시 북구 노원로1길 113-12,0533540764,특고사용,암모니아,7664-41-7,200㎏,20140820,대구광역본부
1773,문산정수사업소,대구광역시 달성군 다사읍 달구벌대로92길 70,0536703743,일반저장,염소,7782-50-5,24Ton,20090206,대구광역본부
1774,중앙가스텍,경상북도 칠곡군 기산면 지산로 224,0549775514,일반판매,사불화메탄,75-73-0,0,20080806,대구광역본부
1775,신대일페이퍼(주),대구광역시 달서구 성서공단로51길 27,0535889141,특고사용,암모니아,7664-41-7,220㎏,20191112,대구광역본부
1776,엘지디스플레이(주),경상북도 구미시 3공단2로 181,0547172168,일반저장,모노실란,7803-62-5,42.58㎥,20080315,대구광역본부
1777,엘지디스플레이(주),경상북도 구미시 3공단2로 181,0547172168,일반저장,모노실란,7803-62-5,3460.42㎥,20080315,대구광역본부
1778,엘지디스플레이(주),경상북도 구미시 3공단2로 181,0547172168,일반저장,염소,7782-50-5,2.35Ton,20080315,대구광역본부
1779,엘지디스플레이(주),경상북도 구미시 3공단2로 181,0547172168,일반저장,염화수소,7647-01-0,2.18Ton,20080315,대구광역본부
1780,엘지디스플레이(주),경상북도 구미시 3공단2로 181,0547172168,일반저장,포스핀,7803-51-2,313.96㎥,20080315,대구광역본부
1781,엘지디스플레이(주),경상북도 구미시 3공단2로 181,0547172168,일반저장,암모니아,7664-41-7,2Ton,20080315,대구광역본부
1782,(주)대영알미늄,경상북도 경산시 진량읍 공단8로 137,07086676956,특고사용,암모니아,7664-41-7,228㎏,20190919,대구광역본부
1783,명성종합가스,대구광역시 북구 3공단로27길 27,0533571133,일반판매,황화수소,7783-06-4,0,20090921,대구광역본부
1784,명성종합가스,대구광역시 북구 3공단로27길 27,0533571133,일반판매,염소,7782-50-5,0,20090921,대구광역본부
1785,명성종합가스,대구광역시 북구 3공단로27길 27,0533571133,일반판매,일산화탄소,630-08-0,0,20090921,대구광역본부
1786,명성종합가스,대구광역시 북구 3공단로27길 27,0533571133,일반판매,염화수소,7647-01-0,0,20090921,대구광역본부
1787,명성종합가스,대구광역시 북구 3공단로27길 27,0533571133,일반판매,암모니아,7664-41-7,0,20090921,대구광역본부
1788,명성종합가스,대구광역시 북구 3공단로27길 27,0533571133,일반판매,아황산가스,7446-09-5,0,20090921,대구광역본부
1789,(재)대구경북과학기술원,대구광역시 달성군 현풍면 테크노중앙대로 333,0537851236,일반저장,10%PH3/Ar,7803-51-2,6.96㎥,20120517,대구광역본부
1790,(재)대구경북과학기술원,대구광역시 달성군 현풍면 테크노중앙대로 333,0537851236,일반저장,사불화메탄,75-73-0,13.92㎥,20120517,대구광역본부
1791,(재)대구경북과학기술원,대구광역시 달성군 현풍면 테크노중앙대로 333,0537851236,일반저장,암모니아,7664-41-7,101.072㎥,20120517,대구광역본부
1792,(재)대구경북과학기술원,대구광역시 달성군 현풍면 테크노중앙대로 333,0537851236,일반저장,염소,7782-50-5,56.286㎥,20120517,대구광역본부
1793,(재)대구경북과학기술원,대구광역시 달성군 현풍면 테크노중앙대로 333,0537851236,일반저장,삼염화붕소,10294-34-5,.04Ton,20120517,대구광역본부
1794,(재)대구경북과학기술원,대구광역시 달성군 현풍면 테크노중앙대로 333,0537851236,일반저장,암모니아,7664-41-7,.05Ton,20120517,대구광역본부
1795,(재)대구경북과학기술원,대구광역시 달성군 현풍면 테크노중앙대로 333,0537851236,일반저장,모노실란,7803-62-5,13.92㎥,20120517,대구광역본부
1796,(재)대구경북과학기술원,대구광역시 달성군 현풍면 테크노중앙대로 333,0537851236,일반저장,염화수소,7647-01-0,.03Ton,20120517,대구광역본부
1797,(재)대구경북과학기술원,대구광역시 달성군 현풍면 테크노중앙대로 333,0537851236,일반저장,염소,7782-50-5,.06Ton,20120517,대구광역본부
1798,(재)대구경북과학기술원,대구광역시 달성군 현풍면 테크노중앙대로 333,0537851236,일반저장,디보레인,19287-45-7,6.96㎥,20120517,대구광역본부
1799,(재)대구경북과학기술원,대구광역시 달성군 현풍면 테크노중앙대로 333,0537851236,일반저장,모노게르만,7782-65-2,6.96㎥,20120517,대구광역본부
1800,경희정공(주),대구광역시 달서구 성서공단로 236,0535939890,특고사용,암모니아,7664-41-7,169.38㎏,20191023,대구광역본부
1801,패션주얼리전문타운,대구광역시 중구 경상감영길 176 패션쥬얼리 전문타운,0532194217,특고사용,암모니아,7664-41-7,200㎏,20120104,대구광역본부
1802,서진소결금속,대구광역시 달성군 구지면 달성2차4로 46,0536114498,일반저장,암모니아,7664-41-7,.91Ton,20110131,대구광역본부
1803,(주)드림텍,경상북도 영천시 채신1공단길 60-7 드림텍(주),0543380277,일반저장,염소,7782-50-5,8Ton,20110330,대구광역본부
1804,신화금속열처리,대구광역시 달서구 달서대로58안길 25,0535817575,일반저장,암모니아,7664-41-7,4.901Ton,20150910,대구광역본부
1805,(주)탑에어,경상북도 칠곡군 가산면 송신로 538,0544752203,일반판매,암모니아,7664-41-7,0,20110624,대구광역본부
1806,(주)탑에어,경상북도 칠곡군 가산면 송신로 538,0544752203,일반판매,아황산가스,7446-09-5,0,20110624,대구광역본부
1807,(주)탑에어,경상북도 칠곡군 가산면 송신로 538,0544752203,일반판매,염소,7782-50-5,0,20110624,대구광역본부
1808,(주)탑에어,경상북도 칠곡군 가산면 송신로 538,0544752203,일반판매,사불화메탄,75-73-0,0,20110624,대구광역본부
1809,리치프로덕츠코리아 유한책임회사,대구광역시 달성군 구지면 달성2차4로 37,0536303800,냉동제조,암모니아,7664-41-7,357.68RT,20111201,대구광역본부
1810,(주)원화정밀,대구광역시 달성군 다사읍 세천로1길 83,0533525843,일반저장,암모니아,7664-41-7,4.94Ton,20110901,대구광역본부
1811,(주)지에스구미열병합발전,경상북도 구미시 1공단로6길 54 (공단동) 54,0547120290,일반저장,암모니아,7664-41-7,72.4Ton,20120731,대구광역본부
1812,(주)신라충전소,경상북도 구미시 장천면 낙동대로 830,0544530405,일반판매,일산화탄소,630-08-0,0,20160607,대구광역본부
1813,(주)신라충전소,경상북도 구미시 장천면 낙동대로 830,0544530405,일반판매,황화수소,7783-06-4,0,20160607,대구광역본부
1814,(주)신라충전소,경상북도 구미시 장천면 낙동대로 830,0544530405,일반판매,포스핀,7803-51-2,0,20160607,대구광역본부
1815,(주)신라충전소,경상북도 구미시 장천면 낙동대로 830,0544530405,일반판매,모노실란,7803-62-5,0,20160607,대구광역본부
1816,(주)신라충전소,경상북도 구미시 장천면 낙동대로 830,0544530405,일반판매,아황산가스,7446-09-5,0,20160607,대구광역본부
1817,(주)신라충전소,경상북도 구미시 장천면 낙동대로 830,0544530405,일반판매,디보레인,19287-45-7,0,20160607,대구광역본부
1818,(주)신라충전소,경상북도 구미시 장천면 낙동대로 830,0544530405,일반판매,염화수소,7647-01-0,0,20160607,대구광역본부
1819,(주)신라충전소,경상북도 구미시 장천면 낙동대로 830,0544530405,일반판매,삼불화붕소,7637-07-2,0,20160607,대구광역본부
1820,(주)신라충전소,경상북도 구미시 장천면 낙동대로 830,0544530405,일반판매,염소,7782-50-5,0,20160607,대구광역본부
1821,(주)신라충전소,경상북도 구미시 장천면 낙동대로 830,0544530405,일반판매,디실란,1590-87-0,0,20160607,대구광역본부
1822,(주)신라충전소,경상북도 구미시 장천면 낙동대로 830,0544530405,일반판매,암모니아,7664-41-7,0,20160607,대구광역본부
1823,신진가스텍(주),경상북도 구미시 장천면 송신로 473,0544612440,일반판매,알진,7784-42-1,0,20121017,대구광역본부
1824,신진가스텍(주),경상북도 구미시 장천면 송신로 473,0544612440,일반판매,황화수소,7783-06-4,0,20121017,대구광역본부
1825,신진가스텍(주),경상북도 구미시 장천면 송신로 473,0544612440,일반판매,브롬화수소,10035-10-6,0,20121017,대구광역본부
1826,신진가스텍(주),경상북도 구미시 장천면 송신로 473,0544612440,일반판매,디보레인,19287-45-7,0,20121017,대구광역본부
1827,신진가스텍(주),경상북도 구미시 장천면 송신로 473,0544612440,일반판매,포스핀,7803-51-2,0,20121017,대구광역본부
1828,신진가스텍(주),경상북도 구미시 장천면 송신로 473,0544612440,일반판매,염화수소,7647-01-0,0,20121017,대구광역본부
1829,신진가스텍(주),경상북도 구미시 장천면 송신로 473,0544612440,일반판매,암모니아,7664-41-7,0,20121017,대구광역본부
1830,신진가스텍(주),경상북도 구미시 장천면 송신로 473,0544612440,일반판매,일산화탄소,630-08-0,0,20121017,대구광역본부
1831,신진가스텍(주),경상북도 구미시 장천면 송신로 473,0544612440,일반판매,모노실란,7803-62-5,0,20121017,대구광역본부
1832,신진가스텍(주),경상북도 구미시 장천면 송신로 473,0544612440,일반판매,아황산가스,7446-09-5,0,20121017,대구광역본부
1833,신진가스텍(주),경상북도 구미시 장천면 송신로 473,0544612440,일반판매,염소,7782-50-5,0,20121017,대구광역본부
1834,신진가스텍(주),경상북도 구미시 장천면 송신로 473,0544612440,일반판매,삼불화붕소,7637-07-2,0,20121017,대구광역본부
1835,에스티피(주),경상북도 구미시 산동면 첨단기업5로 110-7,0546045535,특고사용,암모니아,7664-41-7,400㎏,20180312,대구광역본부
1836,(주)지엠코리아,경상북도 구미시 수출대로 149,0544634411,일반충전,염소,7782-50-5,19Ton,20121218,대구광역본부
1837,(주)지엠코리아,경상북도 구미시 수출대로 149,0544634411,일반충전,염소,7782-50-5,19.923Ton,20121218,대구광역본부
1838,(주)아이에스아이,대구광역시 달성군 구지면 달성2차1로 110,0536173773,일반저장,암모니아,7664-41-7,.217Ton,20210415,대구광역본부
1839,(주)에스비디메디칼,경상북도 구미시 산호대로 119,0544629706,일반저장,산화에틸렌,75-21-8,2.91Ton,20020721,대구광역본부
1840,(주)대우경금속,대구광역시 달성군 구지면 달성2차동3로 46,0536116061,특고사용,암모니아,7664-41-7,100㎏,20220510,대구광역본부
1841,(주)영풍열처리,대구광역시 달성군 유가읍 테크노중앙대로 120 324B 2L,0532192400,일반저장,NH3,7664-41-7,4.892Ton,20231103,대구광역본부
1842,(재)구미전자정보기술원,경상북도 구미시 산동면 첨단기업1로 17,0544792126,특고사용,디보레인,19287-45-7,.07㎥,20140328,대구광역본부
1843,(재)구미전자정보기술원,경상북도 구미시 산동면 첨단기업1로 17,0544792126,특고사용,암모니아,7664-41-7,29㎥,20140328,대구광역본부
1844,(재)구미전자정보기술원,경상북도 구미시 산동면 첨단기업1로 17,0544792126,특고사용,디실란,1590-87-0,14㎥,20140328,대구광역본부
1845,(재)구미전자정보기술원,경상북도 구미시 산동면 첨단기업1로 17,0544792126,특고사용,포스핀,7803-51-2,.07㎥,20140328,대구광역본부
1846,(주)그린월드,경상북도 영천시 도남공단3길 2-1,0543335933,일반저장,염소,7782-50-5,9Ton,20180614,대구광역본부
1847,대한이앤지,경상북도 성주군 선남면 성주로 3648,0549310199,일반판매,암모니아,7664-41-7,0,20141201,대구광역본부
1848,슈마케미아(주),경상북도 영천시 금호읍 영천산단로 323,0543351218,일반판매,CO,630-08-0,0,20150325,대구광역본부
1849,슈마케미아(주),경상북도 영천시 금호읍 영천산단로 323,0543351218,일반판매,SiH2CL2,4109-96-0,0,20150325,대구광역본부
1850,슈마케미아(주),경상북도 영천시 금호읍 영천산단로 323,0543351218,일반판매,디실란,1590-87-0,0,20150325,대구광역본부
1851,슈마케미아(주),경상북도 영천시 금호읍 영천산단로 323,0543351218,일반판매,NO+CO+N2,630-08-0,0,20150325,대구광역본부
1852,슈마케미아(주),경상북도 영천시 금호읍 영천산단로 323,0543351218,일반판매,H2S,7783-06-4,0,20150325,대구광역본부
1853,슈마케미아(주),경상북도 영천시 금호읍 영천산단로 323,0543351218,일반판매,SO2,7446-09-5,0,20150325,대구광역본부
1854,슈마케미아(주),경상북도 영천시 금호읍 영천산단로 323,0543351218,일반판매,NH3,7664-41-7,0,20150325,대구광역본부
1855,슈마케미아(주),경상북도 영천시 금호읍 영천산단로 323,0543351218,일반판매,NO,10102-43-9,0,20150325,대구광역본부
1856,슈마케미아(주),경상북도 영천시 금호읍 영천산단로 323,0543351218,일반충전,암모니아,7664-41-7,.056Ton,20190103,대구광역본부
1857,슈마케미아(주),경상북도 영천시 금호읍 영천산단로 323,0543351218,일반충전,아황산가스,7446-09-5,7㎥,20190103,대구광역본부
1858,슈마케미아(주),경상북도 영천시 금호읍 영천산단로 323,0543351218,일반충전,일산화탄소,630-08-0,7㎥,20190103,대구광역본부
1859,슈마케미아(주),경상북도 영천시 금호읍 영천산단로 323,0543351218,일반충전,일산화탄소,630-08-0,7㎥,20190103,대구광역본부
1860,슈마케미아(주),경상북도 영천시 금호읍 영천산단로 323,0543351218,일반충전,암모니아,7664-41-7,.056Ton,20190103,대구광역본부
1861,영남종합에너지,경상북도 성주군 금수면 성주로 1764,0535715552,일반판매,암모니아,7664-41-7,0,20161121,대구광역본부
1862,영남종합에너지,경상북도 성주군 금수면 성주로 1764,0535715552,일반판매,일산화탄소,630-08-0,0,20161121,대구광역본부
1863,신화금속열처리,대구광역시 달서구 성서로9길 80,0533521133,특고사용,암모니아,7664-41-7,200㎏,20150508,대구광역본부
1864,KB테크,대구광역시 북구 3공단로33길 8,0533538998,특고사용,암모니아,7664-41-7,100㎏,20150519,대구광역본부
1865,(주)대한표준가스,경상북도 성주군 용암면 운용로 1466,0546023300,일반판매,모노실란,7803-62-5,0,20170713,대구광역본부
1866,(주)대한표준가스,경상북도 성주군 용암면 운용로 1466,0546023300,일반판매,디실란,1590-87-0,0,20170713,대구광역본부
1867,(주)대한표준가스,경상북도 성주군 용암면 운용로 1466,0546023300,일반판매,포스핀,7803-51-2,0,20170713,대구광역본부
1868,(주)대한표준가스,경상북도 성주군 용암면 운용로 1466,0546023300,일반판매,염화메탄,74-87-3,0,20170713,대구광역본부
1869,(주)대한표준가스,경상북도 성주군 용암면 운용로 1466,0546023300,일반판매,일산화탄소,630-08-0,0,20170713,대구광역본부
1870,(주)대한표준가스,경상북도 성주군 용암면 운용로 1466,0546023300,일반판매,산화에틸렌,75-21-8,0,20170713,대구광역본부
1871,(주)대한표준가스,경상북도 성주군 용암면 운용로 1466,0546023300,일반판매,아황산가스,7446-09-5,0,20170713,대구광역본부
1872,(주)대한표준가스,경상북도 성주군 용암면 운용로 1466,0546023300,일반판매,암모니아,7664-41-7,0,20170713,대구광역본부
1873,(주)대한표준가스,경상북도 성주군 용암면 운용로 1466,0546023300,일반판매,디보레인,19287-45-7,0,20170713,대구광역본부
1874,(주)대한표준가스,경상북도 성주군 용암면 운용로 1466,0546023300,일반판매,황화수소,7783-06-4,0,20170713,대구광역본부
1875,(주)대한표준가스,경상북도 성주군 용암면 운용로 1466,0546023300,일반판매,일산화질소,10102-43-9,0,20170713,대구광역본부
1876,(주)대한표준가스,경상북도 성주군 용암면 운용로 1466,0546023300,일반판매,염소,7782-50-5,0,20170713,대구광역본부
1877,(주)대한표준가스,경상북도 성주군 용암면 운용로 1466,0546023300,일반판매,불소,7782-41-4,0,20170713,대구광역본부
1878,(주)대한표준가스,경상북도 성주군 용암면 운용로 1466,0546023300,일반판매,삼불화붕소,7637-07-2,0,20170713,대구광역본부
1879,(주)대한표준가스,경상북도 성주군 용암면 운용로 1466,0546023300,일반판매,사불화규소,7783-61-1,0,20170713,대구광역본부
1880,(주)대한표준가스,경상북도 성주군 용암면 운용로 1466,0546023300,일반판매,알진,7784-42-1,0,20170713,대구광역본부
1881,경원종합가스텍,경상북도 칠곡군 기산면 주산로 1059,0549715080,일반판매,디메틸아민(DMA),124-40-3,0,20160316,대구광역본부
1882,경원종합가스텍,경상북도 칠곡군 기산면 주산로 1059,0549715080,일반판매,트리메틸아민(TMA),75-50-3,0,20160316,대구광역본부
1883,동서산업가스,경상북도 영천시 도남공단1길 4,0543342600,일반판매,황화수소,7783-06-4,0,20160331,대구광역본부
1884,동서산업가스,경상북도 영천시 도남공단1길 4,0543342600,일반판매,암모니아,7664-41-7,0,20160331,대구광역본부
1885,동서산업가스,경상북도 영천시 도남공단1길 4,0543342600,일반판매,산화에틸렌,75-21-8,0,20160331,대구광역본부
1886,동서산업가스,경상북도 영천시 도남공단1길 4,0543342600,일반판매,염화수소,7647-01-0,0,20160331,대구광역본부
1887,동서산업가스,경상북도 영천시 도남공단1길 4,0543342600,일반판매,일산화탄소,630-08-0,0,20160331,대구광역본부
1888,동서산업가스,경상북도 영천시 도남공단1길 4,0543342600,일반판매,아황산가스,7446-09-5,0,20160331,대구광역본부
1889,동서산업가스,경상북도 영천시 도남공단1길 4,0543342600,일반판매,염소,7782-50-5,0,20160331,대구광역본부
1890,(재)대구경북과학기술원,대구광역시 달성군 현풍읍 테크노중앙대로 333 DGIST E1 707호(시설팀),0537851237,특고사용,암모니아,7664-41-7,25.27㎏,20160307,대구광역본부
1891,(재)대구경북과학기술원,대구광역시 달성군 현풍읍 테크노중앙대로 333 DGIST E1 707호(시설팀),0537851237,특고사용,암모니아,7664-41-7,25.27㎏,20160307,대구광역본부
1892,(재)대구경북과학기술원,대구광역시 달성군 현풍읍 테크노중앙대로 333 DGIST E1 707호(시설팀),0537851237,특고사용,암모니아,7664-41-7,25.27㎏,20170214,대구광역본부
1893,케이에스산업가스,경상북도 김천시 감문면 감문로 912-3,0544531090,일반판매,염소,7782-50-5,0,20170428,대구광역본부
1894,케이에스산업가스,경상북도 김천시 감문면 감문로 912-3,0544531090,일반판매,아황산가스,7446-09-5,0,20170428,대구광역본부
1895,케이에스산업가스,경상북도 김천시 감문면 감문로 912-3,0544531090,일반판매,암모니아,7664-41-7,0,20170428,대구광역본부
1896,케이에스산업가스,경상북도 김천시 감문면 감문로 912-3,0544531090,일반충전,아황산가스,7446-09-5,9.051Ton,20240125,대구광역본부
1897,구미시 추모공원,경상북도 구미시 옥성면 추모공원로 81,0544802320,특고사용,암모니아,7664-41-7,250㎏,20160624,대구광역본부
1898,(재)구미전자정보기술원,경상북도 구미시 구미대로 350-27 (3D디스플레이센터 202호),0544792002,특고사용,모노실란,7803-62-5,14㎥,20161010,대구광역본부
1899,(재)구미전자정보기술원,경상북도 구미시 구미대로 350-27 (3D디스플레이센터 202호),0544792002,특고사용,암모니아,7664-41-7,40㎏,20161010,대구광역본부
1900,아삽스틸코리아,대구광역시 달성군 유가읍 테크노중앙대로 167,0533843315,특고사용,암모니아,7664-41-7,217.2㎏,20161111,대구광역본부
1901,(주)에스티아이,대구광역시 달성군 다사읍 세천로7길 39,0537161851,특고사용,염소,7782-50-5,120㎏,20190325,대구광역본부
1902,바이오가스솔루션(주),경상북도 구미시 장천면 강동로 625,0544621555,일반판매,암모니아,7664-41-7,0,20190108,대구광역본부
1903,바이오가스솔루션(주),경상북도 구미시 장천면 강동로 625,0544621555,일반판매,일산화질소,10102-43-9,0,20190108,대구광역본부
1904,바이오가스솔루션(주),경상북도 구미시 장천면 강동로 625,0544621555,일반판매,이산화질소,10102-44-0,0,20190108,대구광역본부
1905,바이오가스솔루션(주),경상북도 구미시 장천면 강동로 625,0544621555,일반판매,아황산가스,7446-09-5,0,20190108,대구광역본부
1906,바이오가스솔루션(주),경상북도 구미시 장천면 강동로 625,0544621555,일반판매,산화에틸렌,75-21-8,0,20190108,대구광역본부
1907,바이오가스솔루션(주),경상북도 구미시 장천면 강동로 625,0544621555,일반판매,일산화질소,10102-43-9,0,20190108,대구광역본부
1908,(주)청호열처리 2공장,대구광역시 달성군 논공읍 논공중앙로 180,0536176500,특고사용,암모니아,7664-41-7,226㎏,20171228,대구광역본부
1909,미래열처리,대구광역시 달서구 성서로 7,0513521341,특고사용,암모니아,7664-41-7,300㎏,20180321,대구광역본부
1910,대한열처리,대구광역시 달서구 성서공단로21길 86,0535828865,특고사용,암모니아,7664-41-7,116㎏,20181122,대구광역본부
1911,(주)모간2공장,대구광역시 달성군 구지면 달성2차4로 23,0536172061,특고사용,염소,7782-50-5,24㎏,20180627,대구광역본부
1912,(주)모간 3공장,대구광역시 달성군 구지면 달성2차4로 51,0536709722,일반저장,암모니아,7664-41-7,2.271㎥,20190329,대구광역본부
1913,동영열처리,대구광역시 북구 노원로17길 74-6,0533576740,특고사용,암모니아,7664-41-7,100㎏,20181206,대구광역본부
1914,거상열처리,대구광역시 북구 노원로동39길 10-1,0533564349,특고사용,암모니아,7664-41-7,200㎏,20190523,대구광역본부
1915,백마금속,대구광역시 달서구 성서공단로 278,0539536396,특고사용,암모니아,7664-41-7,100㎏,20190718,대구광역본부
1916,에어젠,대구광역시 북구 검단북로2길 18,0534241312,일반판매,산화에틸렌,75-21-8,0,20201223,대구광역본부
1917,(주)거산알루미늄,경상북도 성주군 성주읍 성주산업단지로5길 7,0549339651,특고사용,암모니아,7664-41-7,200㎏,20211007,대구광역본부
1918,경북대학교,"대구광역시 북구 대학로 80,경북대학교",0539506350,특고사용,암모니아,7664-41-7,50.4㎏,20210716,대구광역본부
1919,경북대학교,"대구광역시 북구 대학로 80,경북대학교",0539506350,특고사용,염소,7782-50-5,12.5㎏,20210716,대구광역본부
1920,경북대학교,"대구광역시 북구 대학로 80,경북대학교",0539506350,특고사용,암모니아,7664-41-7,25.269㎏,20230816,대구광역본부
1921,"바세로(B.acero),경북진공열처리",경상북도 구미시 산호대로 392 B,0544618185,특고사용,암모니아,7664-41-7,200㎏,20220119,대구광역본부
1922,신원소결금속(주),경상북도 고령군 성산면 안어실길 56,0549069950,특고사용,암모니아,7664-41-7,228㎏,20220819,대구광역본부
1923,주식회사극동에어텍,대구광역시 달성군 구지면 국가산단남로 630,0535571771,일반판매,CO+CO2+N2+He,630-08-0,0,20250226,대구광역본부
1924,주식회사극동에어텍,대구광역시 달성군 구지면 국가산단남로 630,0535571771,일반판매,CO+CO2+He+N2,630-08-0,0,20250226,대구광역본부
1925,(주)아바코,경상북도 구미시 산동읍 첨단기업7로 59-9,,특고사용,삼불화붕소,7637-07-2,.067㎥,20240116,대구광역본부
1926,김천시시설관리공단,"경상북도 김천시 봉산면 영남대로 431, 김천시 시립 추모공원",,특고사용,암모니아,7664-41-7,163㎏,20240903,대구광역본부
1927,(주)에이프로세미콘,경상북도 구미시 산동읍 5공단6로 21,0544740713,일반저장,암모니아,7664-41-7,2Ton,20250122,대구광역본부
1928,(주)에이프로세미콘,경상북도 구미시 산동읍 5공단6로 21,0544740713,특고사용,염소,7782-50-5,117.5㎏,20250114,대구광역본부
1929,에어리퀴드코리아(주) R\&D센터,서울특별시 서대문구 연세로 50 연세대공학원 176호,0231486656,특고사용,암모니아,7664-41-7,25.3㎏,20181219,서울서부지사
1930,서강대학교,서울특별시 마포구 백범로 35 (신수동) 서강대학교 포스코프란치스코관(F관) 301호,,특고사용,암모니아,7664-41-7,25.27㎏,20260120,서울서부지사
1931,서강대학교,서울특별시 마포구 백범로 35 (신수동) 서강대학교 포스코프란치스코관(F관) 301호,,특고사용,모노실란,7803-62-5,7.097㎥,20260120,서울서부지사
1932,㈜대일가스,강원특별자치도 강릉시 강동면 아래장작골길 68,0336457050,일반판매,암모니아,7664-41-7,0,19960502,강원영동지사
1933,㈜대일가스,강원특별자치도 강릉시 강동면 아래장작골길 68,0336457050,일반판매,산화에틸렌,75-21-8,0,19960502,강원영동지사
1934,대덕냉동,강원특별자치도 동해시 동해대로 4755 (단봉동),0335226411,냉동제조,암모니아,7664-41-7,55RT,19960726,강원영동지사
1935,삼척수산업협동조합,강원특별자치도 삼척시 이사부길 38,0335721014,냉동제조,암모니아,7664-41-7,119.2RT,20101213,강원영동지사
1936,동화물산,강원특별자치도 삼척시 근덕면 방재로 773,0335734120,냉동제조,암모니아,7664-41-7,80RT,19960619,강원영동지사
1937,강릉시수산업협동조합,강원특별자치도 강릉시 주문진읍 해안로 1730,0336606370,냉동제조,암모니아,7664-41-7,121.012RT,19960620,강원영동지사
1938,태성냉동,강원특별자치도 강릉시 강동면 임곡로 102-22,0336447273,냉동제조,암모니아,7664-41-7,146.23RT,19960918,강원영동지사
1939,(주)이에프디,강원특별자치도 동해시 일출로 92-26 (묵호진동) 2층,033,냉동제조,암모니아,7664-41-7,83RT,19960616,강원영동지사
1940,한국남동발전(주)영동에코발전본부,강원특별자치도 강릉시 강동면 염전길 99,07088984508,일반제조,암모니아,7664-41-7,15240N㎥/day,20170726,강원영동지사
1941,정우물산(주),강원특별자치도 동해시 공단2로 37 (구호동),0335210691,냉동제조,암모니아,7664-41-7,67.85RT,19960816,강원영동지사
1942,속초제빙,강원특별자치도 속초시 청호로 65 속초제빙공장,0336333936,냉동제조,암모니아,7664-41-7,53RT,19960628,강원영동지사
1943,동그린(주),강원특별자치도 강릉시 강동면 단경로 114,0336466670,냉동제조,암모니아,7664-41-7,336.595RT,19960323,강원영동지사
1944,동그린(주),강원특별자치도 강릉시 강동면 단경로 114,0336466670,냉동제조,암모니아,7664-41-7,319.8RT,20020323,강원영동지사
1945,동그린(주),강원특별자치도 강릉시 강동면 단경로 114,0336466670,냉동제조,암모니아,7664-41-7,272.6RT,20030323,강원영동지사
1946,동그린(주),강원특별자치도 강릉시 강동면 단경로 114,0336466670,냉동제조,암모니아,7664-41-7,26.24RT,20050323,강원영동지사
1947,고성군수산업협동조합,강원특별자치도 고성군 거진읍 거탄진로 194,0336814513,냉동제조,암모니아,7664-41-7,122.4RT,20001219,강원영동지사
1948,속초시수산업협동조합,강원특별자치도 속초시 설악금강대교로 67,0336307700,냉동제조,암모니아,7664-41-7,130.2RT,20061116,강원영동지사
1949,(주)코본,강원특별자치도 강릉시 과학단지로 106-71,0336424116,특고사용,염소,7782-50-5,59㎏,20220222,강원영동지사
1950,고성냉동수산,강원특별자치도 고성군 거진읍 돌고개길 47-40,0336814247,냉동제조,암모니아,7664-41-7,94.22RT,20121119,강원영동지사
1951,(주)죽왕수산업협동조합,강원특별자치도 고성군 죽왕면 공현진해변길 78-1,0336320118,냉동제조,암모니아,7664-41-7,98.47RT,20130419,강원영동지사
1952,한국남부발전(주)삼척빛드림본부,강원특별자치도 삼척시 원덕읍 삼척로 734(총무기획부),07077135000,일반저장,암모니아,7664-41-7,87.5Ton,20160614,강원영동지사
1953,한국남부발전(주)삼척빛드림본부,강원특별자치도 삼척시 원덕읍 삼척로 734(총무기획부),07077135000,일반저장,암모니아,7664-41-7,87.5Ton,20160614,강원영동지사
1954,동해시수산업협동조합,강원특별자치도 동해시 일출로 88-1 나동,0335342159,냉동제조,암모니아,7664-41-7,191.12RT,20131226,강원영동지사
1955,(주)지에스동해전력,강원특별자치도 동해시 공단4로 36 (구호동),0338201100,일반저장,암모니아,7664-41-7,80Ton,20160523,강원영동지사
1956,(주)지에스동해전력,강원특별자치도 동해시 공단4로 36 (구호동),0338201100,일반저장,암모니아,7664-41-7,80Ton,20160523,강원영동지사
1957,올림픽슬라이딩쎈터,강원특별자치도 평창군 대관령면 솔봉로 470,0333322237,냉동제조,암모니아,7664-41-7,920RT,20160603,강원영동지사
1958,솔향하늘길(화장시설),강원특별자치도 강릉시 사천면 청솔공원길 292-55,0336602363,특고사용,암모니아,7664-41-7,250㎏,20150508,강원영동지사
1959,강릉에코파워(주),강원특별자치도 강릉시 강동면 대동길 123,0335719092,일반저장,암모니아,7664-41-7,164.7Ton,20220427,강원영동지사
1960,강릉에코파워(주),강원특별자치도 강릉시 강동면 대동길 123,0335719092,일반저장,암모니아,7664-41-7,164.7Ton,20220427,강원영동지사
1961,승화원,강원특별자치도 동해시 강원남부로 4589 (단봉동),0335302796,특고사용,암모니아,7664-41-7,162.9㎏,20220222,강원영동지사
1962,삼척블루파워(주),강원특별자치도 삼척시 박걸남로 906 (적노동),0335701531,일반저장,암모니아,7664-41-7,216.611Ton,20230703,강원영동지사
1963,이도밸류동해 주식회사,강원특별자치도 동해시 공단1로 177-15 (구호동),0263778536,냉동제조,암모니아,7664-41-7,346.523RT,20211227,강원영동지사
1964,(주)동화에너지,강원특별자치도 삼척시 박걸남로 631-15 (조비동),0335751818,일반충전,암모니아,7664-41-7,2Ton,20230720,강원영동지사
1965,신일가스(주),광주광역시 광산구 하남산단5번로 122 (장덕동),0629510011,일반판매,암모니아,7664-41-7,0,19980409,광주광역본부
1966,신일가스(주),광주광역시 광산구 하남산단5번로 122 (장덕동),0629510011,일반판매,산화에틸렌,75-21-8,0,19980409,광주광역본부
1967,신일가스(주),광주광역시 광산구 하남산단5번로 122 (장덕동),0629510011,일반판매,황화수소,7783-06-4,0,19980409,광주광역본부
1968,신일가스(주),광주광역시 광산구 하남산단5번로 122 (장덕동),0629510011,일반판매,염소,7782-50-5,0,19980409,광주광역본부
1969,신일가스(주),광주광역시 광산구 하남산단5번로 122 (장덕동),0629510011,일반판매,염화수소,7647-01-0,0,19980409,광주광역본부
1970,신일가스(주),광주광역시 광산구 하남산단5번로 122 (장덕동),0629510011,일반판매,아황산가스,7446-09-5,0,19980409,광주광역본부
1971,신일가스(주),광주광역시 광산구 하남산단5번로 122 (장덕동),0629510011,일반판매,일산화질소,10102-43-9,0,19980409,광주광역본부
1972,유진화학,전라남도 나주시 나주로 54,0613339917,냉동제조,암모니아,7664-41-7,46RT,,광주광역본부
1973,유진화학,전라남도 나주시 나주로 54,0613339917,냉동제조,암모니아,7664-41-7,111.28RT,20160530,광주광역본부
1974,함평축산물종합처리장(주)농업회사법인,전라남도 함평군 학교면 학교길 281-22,0613239891,냉동제조,암모니아,7664-41-7,96.02RT,19960910,광주광역본부
1975,덕남정수사업소,광주광역시 남구 덕남1길 27,062-609-6727,일반저장,염소,7782-50-5,9Ton,20010228,광주광역본부
1976,(주)케이미트광주물류,광주광역시 광산구 하남산단10번로 60,0629738031,냉동제조,암모니아,7664-41-7,80.6RT,19960507,광주광역본부
1977,나주물산,전라남도 나주시 유곡로 54,0613340330,냉동제조,암모니아,7664-41-7,23.38RT,19960530,광주광역본부
1978,(주)남양냉동식품,광주광역시 광산구 소촌로85번길 2,0629410711,냉동제조,암모니아,7664-41-7,94.24RT,19971112,광주광역본부
1979,매일유업(주)광주공장,광주광역시 광산구 어등대로 511,0629495127,냉동제조,암모니아,7664-41-7,267.65RT,20000728,광주광역본부
1980,(주)라벨리,전라남도 화순군 화순읍 쌍충로 127-1,0613720151,냉동제조,암모니아,7664-41-7,143.3RT,19971211,광주광역본부
1981,주식회사 삼성냉동,광주광역시 북구 하서로176번길 22 (양산동) 22,0625722415,냉동제조,암모니아,7664-41-7,55.32RT,19961220,광주광역본부
1982,봉산냉동,전라남도 담양군 봉산면 죽향대로 717,0613815360,냉동제조,암모니아,7664-41-7,86.69RT,19990610,광주광역본부
1983,(주)자연과사람들,전라남도 담양군 금성면 금성공단길 10,0613801100,냉동제조,암모니아,7664-41-7,514.2RT,19960704,광주광역본부
1984,해태제과식품(주)광주공장,광주광역시 북구 하서로 222,0625717551,냉동제조,암모니아,7664-41-7,924.01RT,19961213,광주광역본부
1985,유한회사 정다운냉동,전라남도 나주시 다시면 영산로 4619,0613367984,냉동제조,암모니아,7664-41-7,87.91RT,19970406,광주광역본부
1986,롯데칠성음료(주)광주공장,광주광역시 북구 양일로 111,0625718871,냉동제조,암모니아,7664-41-7,159.2RT,19960801,광주광역본부
1987,오비맥주(주)광주공장,광주광역시 북구 양일로 177 (일곡동),0625718406,냉동제조,암모니아,7664-41-7,1909.25RT,20141031,광주광역본부
1988,오비맥주(주)광주공장,광주광역시 북구 양일로 177 (일곡동),0625718406,특고사용,염소,7782-50-5,600㎏,19980623,광주광역본부
1989,호남제빙,광주광역시 광산구 소촌로 9-10,0629440207,냉동제조,암모니아,7664-41-7,93.95RT,19961007,광주광역본부
1990,광주과학기술원,광주광역시 북구 첨단과기로 123,0627152157,일반저장,모노게르만,7782-65-2,7.1㎥,20050221,광주광역본부
1991,광주과학기술원,광주광역시 북구 첨단과기로 123,0627152157,일반저장,염소,7782-50-5,.176Ton,20050221,광주광역본부
1992,광주과학기술원,광주광역시 북구 첨단과기로 123,0627152157,일반저장,디보레인,19287-45-7,7.1㎥,20050221,광주광역본부
1993,광주과학기술원,광주광역시 북구 첨단과기로 123,0627152157,일반저장,삼염화붕소,10294-34-5,.057Ton,20050221,광주광역본부
1994,광주과학기술원,광주광역시 북구 첨단과기로 123,0627152157,일반저장,사불화규소,7783-61-1,7.1㎥,20050221,광주광역본부
1995,광주과학기술원,광주광역시 북구 첨단과기로 123,0627152157,일반저장,모노실란,7803-62-5,7.1㎥,20050221,광주광역본부
1996,광주과학기술원,광주광역시 북구 첨단과기로 123,0627152157,일반저장,일산화탄소,630-08-0,7.1㎥,20050221,광주광역본부
1997,광주과학기술원,광주광역시 북구 첨단과기로 123,0627152157,일반저장,암모니아,7664-41-7,.025Ton,20050221,광주광역본부
1998,광주과학기술원,광주광역시 북구 첨단과기로 123,0627152157,특고사용,암모니아,7664-41-7,25.27㎏,20230314,광주광역본부
1999,광주과학기술원,광주광역시 북구 첨단과기로 123,0627152157,특고사용,실란+디실란,1590-87-0,7.1㎥,20230314,광주광역본부
2000,광주과학기술원,광주광역시 북구 첨단과기로 123,0627152157,특고사용,암모니아,7664-41-7,25.269㎏,20230510,광주광역본부
2001,광주과학기술원,광주광역시 북구 첨단과기로 123,0627152157,특고사용,암모니아,7664-41-7,26㎏,20240227,광주광역본부
2002,광주광역시상수도사업본부용연정수사업소,광주광역시 동구 선교로 84-10,0626096301,일반저장,염소,7782-50-5,9Ton,19970509,광주광역본부
2003,영광군수산업협동조합이용가공사업소,전라남도 영광군 법성면 진굴비길 143,0613562304,냉동제조,암모니아,7664-41-7,115.2RT,19960619,광주광역본부
2004,주식회사 서주,전라남도 장성군 북이면 연수길 25-24 공장,0613927065,냉동제조,암모니아,7664-41-7,259.02RT,19961015,광주광역본부
2005,태경케미컬(주)나주공장,전라남도 나주시 나주로 54,0613339064,냉동제조,암모니아,7664-41-7,55.6RT,20210607,광주광역본부
2006,유진화학(제3공장),전라남도 나주시 나주로 54,0613339067,냉동제조,암모니아,7664-41-7,47RT,,광주광역본부
2007,한국수자원공사 함평수도 서비스센터,전라남도 함평군 함평읍 기산길 176 한국수자원공사함평수도서비스센터,0613200332,일반저장,염소,7782-50-5,1.6Ton,20020522,광주광역본부
2008,(주)옵토네스트,광주광역시 북구 추암로 149 (주)옵토네스트,0629713955,특고사용,염소,7782-50-5,58.375㎏,20191031,광주광역본부
2009,한국광기술원,광주광역시 북구 첨단벤처로108번길 9 한국광기술원,0626059126,일반저장,디실란,1590-87-0,4.8㎥,20050216,광주광역본부
2010,한국광기술원,광주광역시 북구 첨단벤처로108번길 9 한국광기술원,0626059126,일반저장,모노실란,7803-62-5,4.8㎥,20050216,광주광역본부
2011,한국광기술원,광주광역시 북구 첨단벤처로108번길 9 한국광기술원,0626059126,일반저장,포스핀,7803-51-2,13.3㎥,20050216,광주광역본부
2012,한국광기술원,광주광역시 북구 첨단벤처로108번길 9 한국광기술원,0626059126,일반저장,알진,7784-42-1,13.3㎥,20050216,광주광역본부
2013,한국광기술원,광주광역시 북구 첨단벤처로108번길 9 한국광기술원,0626059126,일반저장,브롬화수소,10035-10-6,.11Ton,20050216,광주광역본부
2014,한국광기술원,광주광역시 북구 첨단벤처로108번길 9 한국광기술원,0626059126,일반저장,염소,7782-50-5,.062Ton,20050216,광주광역본부
2015,한국광기술원,광주광역시 북구 첨단벤처로108번길 9 한국광기술원,0626059126,일반저장,사불화메탄,75-73-0,.076Ton,20050216,광주광역본부
2016,한국광기술원,광주광역시 북구 첨단벤처로108번길 9 한국광기술원,0626059126,일반저장,염화수소,7647-01-0,.053Ton,20050216,광주광역본부
2017,한국광기술원,광주광역시 북구 첨단벤처로108번길 9 한국광기술원,0626059126,일반저장,암모니아,7664-41-7,1Ton,20050216,광주광역본부
2018,한국광기술원,광주광역시 북구 첨단벤처로108번길 9 한국광기술원,0626059126,일반저장,삼염화붕소,10294-34-5,.021Ton,20050216,광주광역본부
2019,한국광기술원,광주광역시 북구 첨단벤처로108번길 9 한국광기술원,0626059126,일반저장,염소,7782-50-5,.062Ton,20080805,광주광역본부
2020,한국광기술원,광주광역시 북구 첨단벤처로108번길 9 한국광기술원,0626059126,일반저장,브롬화수소,10035-10-6,.11Ton,20080805,광주광역본부
2021,한국광기술원,광주광역시 북구 첨단벤처로108번길 9 한국광기술원,0626059126,일반저장,암모니아,7664-41-7,1.5Ton,20080805,광주광역본부
2022,한국광기술원,광주광역시 북구 첨단벤처로108번길 9 한국광기술원,0626059126,일반저장,사불화메탄,75-73-0,.075Ton,20080805,광주광역본부
2023,한국광기술원,광주광역시 북구 첨단벤처로108번길 9 한국광기술원,0626059126,일반저장,염화수소,7647-01-0,.026Ton,20080805,광주광역본부
2024,한국광기술원,광주광역시 북구 첨단벤처로108번길 9 한국광기술원,0626059126,일반저장,불소,7782-41-4,7.1㎥,20080805,광주광역본부
2025,한국광기술원,광주광역시 북구 첨단벤처로108번길 9 한국광기술원,0626059126,일반저장,알진,7784-42-1,6.64㎥,20080805,광주광역본부
2026,한국광기술원,광주광역시 북구 첨단벤처로108번길 9 한국광기술원,0626059126,일반저장,포스핀,7803-51-2,6.64㎥,20080805,광주광역본부
2027,한국광기술원,광주광역시 북구 첨단벤처로108번길 9 한국광기술원,0626059126,일반저장,디실란,1590-87-0,2.4㎥,20080805,광주광역본부
2028,한국광기술원,광주광역시 북구 첨단벤처로108번길 9 한국광기술원,0626059126,일반저장,모노실란,7803-62-5,7.2㎥,20080805,광주광역본부
2029,한국광기술원,광주광역시 북구 첨단벤처로108번길 9 한국광기술원,0626059126,일반저장,삼염화붕소,10294-34-5,.021Ton,20080805,광주광역본부
2030,한국생산기술연구원,광주광역시 북구 첨단과기로208번길 6,0626006595,일반저장,삼염화붕소,10294-34-5,.006Ton,20071006,광주광역본부
2031,한국생산기술연구원,광주광역시 북구 첨단과기로208번길 6,0626006595,일반저장,모노실란,7803-62-5,.87㎥,20071006,광주광역본부
2032,한국생산기술연구원,광주광역시 북구 첨단과기로208번길 6,0626006595,일반저장,포스핀,7803-51-2,.99㎥,20071006,광주광역본부
2033,한국생산기술연구원,광주광역시 북구 첨단과기로208번길 6,0626006595,일반저장,사불화메탄,75-73-0,6.5㎥,20071006,광주광역본부
2034,한국생산기술연구원,광주광역시 북구 첨단과기로208번길 6,0626006595,일반저장,브롬화수소,10035-10-6,.038Ton,20071006,광주광역본부
2035,한국생산기술연구원,광주광역시 북구 첨단과기로208번길 6,0626006595,일반저장,암모니아,7664-41-7,.021Ton,20071006,광주광역본부
2036,한국생산기술연구원,광주광역시 북구 첨단과기로208번길 6,0626006595,일반저장,염소,7782-50-5,.012Ton,20071006,광주광역본부
2037,한국생산기술연구원,광주광역시 북구 첨단과기로208번길 6,0626006595,일반저장,디보레인,19287-45-7,.99㎥,20071006,광주광역본부
2038,남양유업(주)나주공장,전라남도 나주시 금천면 영산로 5785,0613397554,냉동제조,암모니아,7664-41-7,910.7RT,20080313,광주광역본부
2039,남양유업(주)나주공장,전라남도 나주시 금천면 영산로 5785,0613397554,냉동제조,암모니아,7664-41-7,984.81RT,20130903,광주광역본부
2040,남양유업(주)나주공장,전라남도 나주시 금천면 영산로 5785,0613397554,냉동제조,암모니아,7664-41-7,538.5RT,20130308,광주광역본부
2041,(주)조아 제1공장,광주광역시 광산구 평동로803번안길 46,0629606000,특고사용,암모니아,7664-41-7,220㎏,20080124,광주광역본부
2042,옵티시스(주),광주광역시 북구 첨단벤처로 124 한국광기술원시험생산2,0629738494,특고사용,암모니아,7664-41-7,21.5㎏,20080611,광주광역본부
2043,옵티시스(주),광주광역시 북구 첨단벤처로 124 한국광기술원시험생산2,0629738494,특고사용,모노실란,7803-62-5,7.05㎥,20080611,광주광역본부
2044,옵티시스(주),광주광역시 북구 첨단벤처로 124 한국광기술원시험생산2,0629738494,특고사용,염소,7782-50-5,13.25㎏,20080611,광주광역본부
2045,한국특수가스(주),광주광역시 광산구 평동로803번길 93 (용동),0629543355,일반판매,아황산가스,7446-09-5,0,20090529,광주광역본부
2046,한국특수가스(주),광주광역시 광산구 평동로803번길 93 (용동),0629543355,일반판매,암모니아,7664-41-7,0,20090529,광주광역본부
2047,한국특수가스(주),광주광역시 광산구 평동로803번길 93 (용동),0629543355,일반판매,일산화탄소,630-08-0,0,20090529,광주광역본부
2048,한국특수가스(주),광주광역시 광산구 평동로803번길 93 (용동),0629543355,일반판매,일산화질소,10102-43-9,0,20090529,광주광역본부
2049,영광군수산업협동조합,전라남도 영광군 법성면 굴비로1길 112,0613562304,냉동제조,암모니아,7664-41-7,299.2RT,20100618,광주광역본부
2050,(주)우리로,광주광역시 광산구 평동산단6번로 102-22,0626028216,일반저장,브롬화수소,10035-10-6,.059Ton,20120305,광주광역본부
2051,(주)우리로,광주광역시 광산구 평동산단6번로 102-22,0626028216,일반저장,암모니아,7664-41-7,.05Ton,20120305,광주광역본부
2052,(주)우리로,광주광역시 광산구 평동산단6번로 102-22,0626028216,일반저장,염소,7782-50-5,.235Ton,20120305,광주광역본부
2053,(주)우리로,광주광역시 광산구 평동산단6번로 102-22,0626028216,일반저장,디보레인,19287-45-7,5.87㎥,20120305,광주광역본부
2054,(주)우리로,광주광역시 광산구 평동산단6번로 102-22,0626028216,일반저장,모노게르만,7782-65-2,5.72㎥,20120305,광주광역본부
2055,(주)우리로,광주광역시 광산구 평동산단6번로 102-22,0626028216,일반저장,포스핀/질소,7803-51-2,11.74㎥,20120305,광주광역본부
2056,(주)우리로,광주광역시 광산구 평동산단6번로 102-22,0626028216,일반저장,모노실란,7803-62-5,9.5㎥,20120305,광주광역본부
2057,(주)우리로,광주광역시 광산구 평동산단6번로 102-22,0626028216,일반저장,사불화메탄,75-73-0,56.8㎥,20120305,광주광역본부
2058,보해양조(주)장성공장,전라남도 장성군 장성읍 보해길 41,0613997748,냉동제조,암모니아,7664-41-7,188.4RT,19961019,광주광역본부
2059,(주)광진피엠,광주광역시 북구 첨단벤처로 156,0629721500,특고사용,암모니아,7664-41-7,870㎏,20161208,광주광역본부
2060,(주)광원,광주광역시 광산구 소촌로123번길 40-17 (소촌동),0629588774,일반제조,R600a,75-28-5,4.32Ton/day,20170630,광주광역본부
2061,(주)광원,광주광역시 광산구 소촌로123번길 40-17 (소촌동),0629588774,일반제조,R600a,75-28-5,.12Ton,20170630,광주광역본부
2062,(주)위니아,광주광역시 광산구 하남산단9번로 110(안청동),0626046180,일반제조,R600a,75-28-5,50.11Ton/day,20170110,광주광역본부
2063,(주)위니아,광주광역시 광산구 하남산단9번로 110(안청동),0626046180,일반제조,R600a,75-28-5,.985Ton,20170110,광주광역본부
2064,주식회사 하남열처리,광주광역시 광산구 하남산단7번로 135-12,0629564775,특고사용,암모니아,7664-41-7,230㎏,20171229,광주광역본부
2065,(주)삼우에프앤지,광주광역시 광산구 평동산단7번로 16-8 2층 공무실,0627162288,냉동제조,암모니아,7664-41-7,344.17RT,20210707,광주광역본부
2066,수산업협동조합중앙회(수협광주공판장호남권분산물류,전라남도 나주시 왕곡면 혁신산단4길 29,0613389940,냉동제조,암모니아,7664-41-7,118RT,20210607,광주광역본부
2067,주식회사 연합열처리,광주광역시 광산구 하남산단9번로 39-12,0629611072,특고사용,암모니아,7664-41-7,100㎏,20171020,광주광역본부
2068,한국에너지공과대학교,전라남도 나주시 교육길 13 (빛가람동) 스마트파크 지식산업센터 H동302호,,특고사용,암모니아,7664-41-7,108.602㎏,20240522,광주광역본부
2069,동신대학교 산학협력단,전라남도 나주시 동신대길 34-15 (대호동),,특고사용,모노실란,7803-62-5,7.1㎥,20240827,광주광역본부
2070,조선대학교,광주광역시 동구 조선대1길 19 (서석동),0622305040,특고사용,암모니아,7664-41-7,25.3㎏,20250218,광주광역본부
2071,조선대학교,광주광역시 동구 조선대1길 19 (서석동),0622305040,특고사용,암모니아,7664-41-7,50.6㎏,20260122,광주광역본부
2072,(주)한국첨단소재,광주광역시 북구 첨단과기로 345 (대촌동),,특고사용,CL2,7782-50-5,58.75㎏,20250613,광주광역본부
2073,(주)한국첨단소재,광주광역시 북구 첨단과기로 345 (대촌동),,특고사용,GEH4,7782-65-2,7.097㎥,20250613,광주광역본부
2074,(주)한국첨단소재,광주광역시 북구 첨단과기로 345 (대촌동),,특고사용,PG(SIH4/NF3),7803-62-5,7.097㎥,20250613,광주광역본부
2075,한국에너지공과대학교,전라남도 나주시 켄텍길 21 (빛가람동),0613209999,특고사용,암모니아,7664-41-7,25.27㎏,20260203,광주광역본부
2076,한국에너지공과대학교,전라남도 나주시 켄텍길 21 (빛가람동),0613209999,특고사용,염소,7782-50-5,58.75㎏,20260203,광주광역본부
2077,한국에너지공과대학교,전라남도 나주시 켄텍길 21 (빛가람동),0613209999,특고사용,모노실란,7803-62-5,6.956㎥,20260203,광주광역본부
2078,송원산업(주),울산광역시 남구 장생포로 83,0522739841,일반저장,염소,7782-50-5,24.998Ton,19961224,울산본부
2079,송원산업(주),울산광역시 남구 장생포로 83,0522739841,일반저장,염소,7782-50-5,24.998Ton,19961224,울산본부
2080,송원산업(주),울산광역시 남구 장생포로 83,0522739841,일반저장,염화메탄,74-87-3,3.76Ton,20140317,울산본부
2081,KPX케미칼(주)울산공장,울산광역시 남구 납도로 103,0522790200,특정제조,산화에틸렌,75-21-8,143.3Ton,19960916,울산본부
2082,KPX케미칼(주)울산공장,울산광역시 남구 납도로 103,0522790200,특정제조,산화에틸렌,75-21-8,158.76Ton,19960916,울산본부
2083,KPX케미칼(주)울산공장,울산광역시 남구 납도로 103,0522790200,특정제조,산화에틸렌,75-21-8,325.4Ton,19960916,울산본부
2084,어프로티움(주),울산광역시 남구 처용로 35 (여천동),0522708500,냉동제조,암모니아,7664-41-7,337.54RT,19970825,울산본부
2085,어프로티움(주),울산광역시 남구 처용로 35 (여천동),0522708500,냉동제조,암모니아,7664-41-7,623.43RT,20150521,울산본부
2086,무림피앤피(주),울산광역시 울주군 온산읍 우봉강양로 3-36,0522317095,일반저장,아황산가스,7446-09-5,20Ton,20080828,울산본부
2087,무림피앤피(주),울산광역시 울주군 온산읍 우봉강양로 3-36,0522317095,일반저장,염소,7782-50-5,30Ton,20001023,울산본부
2088,무림피앤피(주),울산광역시 울주군 온산읍 우봉강양로 3-36,0522317095,일반저장,염소,7782-50-5,30Ton,20001023,울산본부
2089,무림피앤피(주),울산광역시 울주군 온산읍 우봉강양로 3-36,0522317095,일반저장,염소,7782-50-5,1Ton,20001023,울산본부
2090,코오롱인더스트리(주)울산공장,울산광역시 남구 사평로 33,0522598121,일반저장,삼불화붕소,7637-07-2,2814㎥,19980325,울산본부
2091,코오롱인더스트리(주)울산공장,울산광역시 남구 사평로 33,0522598121,특고사용,암모니아,7664-41-7,150㎏,19980925,울산본부
2092,한화솔루션(주)울산2공장,울산광역시 남구 산업로440번길 22 (여천동666번지),0522795332,특정제조,염소,7782-50-5,122.6Ton,19960729,울산본부
2093,한화솔루션(주)울산2공장,울산광역시 남구 산업로440번길 22 (여천동666번지),0522795332,특정제조,염소,7782-50-5,122.6Ton,19960729,울산본부
2094,한화솔루션(주)울산2공장,울산광역시 남구 산업로440번길 22 (여천동666번지),0522795332,특정제조,염소,7782-50-5,43.8Ton/day,19960729,울산본부
2095,금호석유화학(주)합성고무공장,울산광역시 남구 상개로 64 (상개동680),0522596116,냉동제조,암모니아,7664-41-7,460RT,20151102,울산본부
2096,금호석유화학(주)합성고무공장,울산광역시 남구 상개로 64 (상개동680),0522596116,냉동제조,암모니아,7664-41-7,716.95RT,20151102,울산본부
2097,금호석유화학(주)합성고무공장,울산광역시 남구 상개로 64 (상개동680),0522596116,냉동제조,암모니아,7664-41-7,716.95RT,20151102,울산본부
2098,금호석유화학(주)합성고무공장,울산광역시 남구 상개로 64 (상개동680),0522596116,냉동제조,암모니아,7664-41-7,460RT,20151102,울산본부
2099,금호석유화학(주)합성고무공장,울산광역시 남구 상개로 64 (상개동680),0522596116,냉동제조,암모니아,7664-41-7,716.95RT,20151102,울산본부
2100,금호석유화학(주)합성고무공장,울산광역시 남구 상개로 64 (상개동680),0522596116,냉동제조,암모니아,7664-41-7,716.95RT,20151102,울산본부
2101,금호석유화학(주)합성고무공장,울산광역시 남구 상개로 64 (상개동680),0522596116,냉동제조,암모니아,7664-41-7,716.95RT,20151102,울산본부
2102,금호석유화학(주)합성고무공장,울산광역시 남구 상개로 64 (상개동680),0522596116,냉동제조,암모니아,7664-41-7,715.13RT,20151102,울산본부
2103,금호석유화학(주)합성고무공장,울산광역시 남구 상개로 64 (상개동680),0522596116,냉동제조,암모니아,7664-41-7,460RT,20151102,울산본부
2104,금호석유화학(주)합성고무공장,울산광역시 남구 상개로 64 (상개동680),0522596116,냉동제조,암모니아,7664-41-7,715.13RT,,울산본부
2105,금호석유화학(주)합성고무공장,울산광역시 남구 상개로 64 (상개동680),0522596116,냉동제조,암모니아,7664-41-7,715.13RT,,울산본부
2106,금호석유화학(주)합성고무공장,울산광역시 남구 상개로 64 (상개동680),0522596116,냉동제조,암모니아,7664-41-7,715.13RT,20121012,울산본부
2107,금호석유화학(주)합성고무공장,울산광역시 남구 상개로 64 (상개동680),0522596116,냉동제조,암모니아,7664-41-7,715.13RT,20121012,울산본부
2108,금호석유화학(주)합성고무공장,울산광역시 남구 상개로 64 (상개동680),0522596116,냉동제조,암모니아,7664-41-7,715.13RT,20121012,울산본부
2109,(주)코린화학,울산광역시 울주군 온산읍 화산1길 82,0522381106,일반저장,산화에틸렌,75-21-8,39Ton,19960903,울산본부
2110,홍인화학(주),울산광역시 남구 사평로 216,0522739191,일반충전,염소,7782-50-5,79.2Ton,20080129,울산본부
2111,홍인화학(주),울산광역시 남구 사평로 216,0522739191,일반제조,염화수소,7647-01-0,18.556Ton/day,20091118,울산본부
2112,홍인화학(주),울산광역시 남구 사평로 216,0522739191,일반제조,염소,7782-50-5,9.48Ton/day,20110124,울산본부
2113,홍인화학(주),울산광역시 남구 사평로 216,0522739191,일반제조,염소,7782-50-5,10.285Ton,20110124,울산본부
2114,에이치디현대중공업(주),울산광역시 동구 방어진순환도로 1000 (전하동) 1000,0522034800,일반제조,암모니아,7664-41-7,434.304Ton/day,20240718,울산본부
2115,에이치디현대중공업(주),울산광역시 동구 방어진순환도로 1000 (전하동) 1000,0522034800,일반저장,암모니아,7664-41-7,154.226Ton,,울산본부
2116,현대자동차(주),울산광역시 북구 염포로 700 (양정동),0522158445,특고사용,암모니아,7664-41-7,200㎏,20050415,울산본부
2117,현대자동차(주),울산광역시 북구 염포로 700 (양정동),0522158445,특고사용,암모니아,7664-41-7,200㎏,20090707,울산본부
2118,(주)카프로,울산광역시 남구 사평로 108-12 카프로(주),0522709501,특정제조,암모니아,7664-41-7,1060Ton,20040320,울산본부
2119,(주)카프로,울산광역시 남구 사평로 108-12 카프로(주),0522709501,특정제조,암모니아,7664-41-7,87.2Ton/day,20040320,울산본부
2120,(주)카프로,울산광역시 남구 사평로 108-12 카프로(주),0522709501,특정제조,암모니아,7664-41-7,50.008Ton/day,20040318,울산본부
2121,(주)카프로,울산광역시 남구 사평로 108-12 카프로(주),0522709501,냉동제조,암모니아,7664-41-7,285.5RT,,울산본부
2122,동서석유화학(주),울산광역시 남구 사평로 108-70 (동서석유화학(주)),0522597691,특정제조,암모니아,7664-41-7,184.79Ton,19970624,울산본부
2123,동서석유화학(주),울산광역시 남구 사평로 108-70 (동서석유화학(주)),0522597691,특정제조,암모니아,7664-41-7,184.79Ton,19970624,울산본부
2124,동서석유화학(주),울산광역시 남구 사평로 108-70 (동서석유화학(주)),0522597691,특정제조,암모니아,7664-41-7,184.79Ton,19970624,울산본부
2125,동서석유화학(주),울산광역시 남구 사평로 108-70 (동서석유화학(주)),0522597691,특정제조,암모니아,7664-41-7,184.79Ton,19970624,울산본부
2126,동서석유화학(주),울산광역시 남구 사평로 108-70 (동서석유화학(주)),0522597691,특정제조,암모니아,7664-41-7,131238N㎥/day,19970624,울산본부
2127,동서석유화학(주),울산광역시 남구 사평로 108-70 (동서석유화학(주)),0522597691,특정제조,암모니아,7664-41-7,194.71Ton,19970624,울산본부
2128,동서석유화학(주),울산광역시 남구 사평로 108-70 (동서석유화학(주)),0522597691,특정제조,암모니아,7664-41-7,184.79Ton,19970624,울산본부
2129,동서석유화학(주),울산광역시 남구 사평로 108-70 (동서석유화학(주)),0522597691,특정제조,암모니아,7664-41-7,184.79Ton,19970624,울산본부
2130,동서석유화학(주),울산광역시 남구 사평로 108-70 (동서석유화학(주)),0522597691,특정제조,암모니아,7664-41-7,184.79Ton,19970624,울산본부
2131,동서석유화학(주),울산광역시 남구 사평로 108-70 (동서석유화학(주)),0522597691,특정제조,시안화수소,74-90-8,109.78Ton/day,20121102,울산본부
2132,동서석유화학(주),울산광역시 남구 사평로 108-70 (동서석유화학(주)),0522597691,특정제조,암모니아,7664-41-7,346.46Ton/day,20030321,울산본부
2133,동서석유화학(주),울산광역시 남구 사평로 108-70 (동서석유화학(주)),0522597691,특정제조,암모니아,7664-41-7,4765N㎥/day,20030204,울산본부
2134,동서석유화학(주),울산광역시 남구 사평로 108-70 (동서석유화학(주)),0522597691,특정제조,암모니아,7664-41-7,333.07Ton/day,20121204,울산본부
2135,대한유화(주)온산공장,울산광역시 울주군 온산읍 온산로 134,0522311223,특정제조,산화에틸렌,75-21-8,282.39Ton,20141112,울산본부
2136,대한유화(주)온산공장,울산광역시 울주군 온산읍 온산로 134,0522311223,특정제조,산화에틸렌,75-21-8,1031.94Ton,20141112,울산본부
2137,대한유화(주)온산공장,울산광역시 울주군 온산읍 온산로 134,0522311223,특정제조,산화에틸렌,75-21-8,240.3Ton/day,20141112,울산본부
2138,대한유화(주)온산공장,울산광역시 울주군 온산읍 온산로 134,0522311223,특정제조,산화에틸렌,75-21-8,282.39Ton,20141112,울산본부
2139,대한유화(주)온산공장,울산광역시 울주군 온산읍 온산로 134,0522311223,특정제조,산화에틸렌,75-21-8,1031.94Ton,20141112,울산본부
2140,대한유화(주)온산공장,울산광역시 울주군 온산읍 온산로 134,0522311223,특정제조,산화에틸렌,75-21-8,1031.94Ton,20141112,울산본부
2141,(주)팜한농 울산공장,울산광역시 남구 납도로 156(매암동),0522596382,특정제조,암모니아,7664-41-7,281.99Ton,20181016,울산본부
2142,(주)팜한농 울산공장,울산광역시 남구 납도로 156(매암동),0522596382,특정제조,암모니아,7664-41-7,1500Ton,20181016,울산본부
2143,(주)팜한농 울산공장,울산광역시 남구 납도로 156(매암동),0522596382,특정제조,암모니아,7664-41-7,3000Ton/day,19960129,울산본부
2144,(주)팜한농 울산공장,울산광역시 남구 납도로 156(매암동),0522596382,냉동제조,암모니아,7664-41-7,6.1RT,20160517,울산본부
2145,(주)팜한농 울산공장,울산광역시 남구 납도로 156(매암동),0522596382,냉동제조,암모니아,7664-41-7,89.17RT,20160517,울산본부
2146,대한유화(주)울산공장,울산광역시 남구 처용로 260-158 (부곡동),0522788234,냉동제조,암모니아,7664-41-7,115RT,19960608,울산본부
2147,대한유화(주)울산공장,울산광역시 남구 처용로 260-158 (부곡동),0522788234,냉동제조,암모니아,7664-41-7,88.6RT,,울산본부
2148,대한유화(주)울산공장,울산광역시 남구 처용로 260-158 (부곡동),0522788234,냉동제조,암모니아,7664-41-7,89RT,20180604,울산본부
2149,대한유화(주)울산공장,울산광역시 남구 처용로 260-158 (부곡동),0522788234,냉동제조,암모니아,7664-41-7,184.91RT,20180604,울산본부
2150,대한유화(주)울산공장,울산광역시 남구 처용로 260-158 (부곡동),0522788234,냉동제조,암모니아,7664-41-7,240.05RT,20190508,울산본부
2151,대한유화(주)울산공장,울산광역시 남구 처용로 260-158 (부곡동),0522788234,냉동제조,암모니아,7664-41-7,69.5RT,20190508,울산본부
2152,대한유화(주)울산공장,울산광역시 남구 처용로 260-158 (부곡동),0522788234,냉동제조,암모니아,7664-41-7,115RT,,울산본부
2153,에스케이피아이씨글로벌(주),울산광역시 남구 용잠로 255,0522785151,특정제조,벤젠,71-43-2,1023Ton/day,19970630,울산본부
2154,롯데정밀화학(주),울산광역시 남구 여천로217번길 19 (여천동190),0522706851,특정제조,암모니아,7664-41-7,12996.32Ton/day,20121005,울산본부
2155,롯데정밀화학(주),울산광역시 남구 여천로217번길 19 (여천동190),0522706851,특정제조,암모니아,7664-41-7,12893Ton,20121005,울산본부
2156,롯데정밀화학(주),울산광역시 남구 여천로217번길 19 (여천동190),0522706851,특정제조,암모니아,7664-41-7,12893Ton,20121005,울산본부
2157,롯데정밀화학(주),울산광역시 남구 여천로217번길 19 (여천동190),0522706851,특정제조,암모니아,7664-41-7,12893Ton,20121005,울산본부
2158,롯데정밀화학(주),울산광역시 남구 여천로217번길 19 (여천동190),0522706851,특정제조,암모니아,7664-41-7,12893Ton,20121005,울산본부
2159,롯데정밀화학(주),울산광역시 남구 여천로217번길 19 (여천동190),0522706851,특정제조,암모니아,7664-41-7,13000Ton,20121005,울산본부
2160,롯데정밀화학(주),울산광역시 남구 여천로217번길 19 (여천동190),0522706851,특정제조,암모니아,7664-41-7,27365Ton,20121005,울산본부
2161,롯데정밀화학(주),울산광역시 남구 여천로217번길 19 (여천동190),0522706851,특정제조,암모니아,7664-41-7,3000Ton,20121005,울산본부
2162,롯데정밀화학(주),울산광역시 남구 여천로217번길 19 (여천동190),0522706851,특정제조,암모니아,7664-41-7,800Ton,20121005,울산본부
2163,롯데정밀화학(주),울산광역시 남구 여천로217번길 19 (여천동190),0522706851,냉동제조,암모니아,7664-41-7,59.4RT,19960426,울산본부
2164,롯데정밀화학(주),울산광역시 남구 여천로217번길 19 (여천동190),0522706851,특정제조,디메틸아민(DMA),124-40-3,80Ton,19960322,울산본부
2165,롯데정밀화학(주),울산광역시 남구 여천로217번길 19 (여천동190),0522706851,특정제조,디메틸아민(DMA),124-40-3,80Ton,19960322,울산본부
2166,롯데정밀화학(주),울산광역시 남구 여천로217번길 19 (여천동190),0522706851,특정제조,트리메틸아민(TMA),75-50-3,90Ton,19960322,울산본부
2167,롯데정밀화학(주),울산광역시 남구 여천로217번길 19 (여천동190),0522706851,특정제조,디메틸아민(DMA),124-40-3,80Ton,19960322,울산본부
2168,롯데정밀화학(주),울산광역시 남구 여천로217번길 19 (여천동190),0522706851,특정제조,디메틸아민(DMA),124-40-3,80Ton,19960322,울산본부
2169,롯데정밀화학(주),울산광역시 남구 여천로217번길 19 (여천동190),0522706851,특정제조,디메틸아민(DMA),124-40-3,119.7Ton,19960322,울산본부
2170,롯데정밀화학(주),울산광역시 남구 여천로217번길 19 (여천동190),0522706851,특정제조,디메틸아민(DMA),124-40-3,119.7Ton,19960322,울산본부
2171,롯데정밀화학(주),울산광역시 남구 여천로217번길 19 (여천동190),0522706851,특정제조,트리메틸아민(TMA),75-50-3,92.2Ton,19960322,울산본부
2172,롯데정밀화학(주),울산광역시 남구 여천로217번길 19 (여천동190),0522706851,특정제조,트리메틸아민(TMA),75-50-3,60Ton/day,19960322,울산본부
2173,롯데정밀화학(주),울산광역시 남구 여천로217번길 19 (여천동190),0522706851,특정제조,암모니아,7664-41-7,37.36Ton/day,19960322,울산본부
2174,롯데정밀화학(주),울산광역시 남구 여천로217번길 19 (여천동190),0522706851,특정제조,디메틸아민(DMA),124-40-3,58.88Ton/day,19960322,울산본부
2175,롯데정밀화학(주),울산광역시 남구 여천로217번길 19 (여천동190),0522706851,특정제조,염소,7782-50-5,208.8Ton/day,19961223,울산본부
2176,롯데정밀화학(주),울산광역시 남구 여천로217번길 19 (여천동190),0522706851,특정제조,염소,7782-50-5,345.93Ton,19961223,울산본부
2177,롯데정밀화학(주),울산광역시 남구 여천로217번길 19 (여천동190),0522706851,특정제조,염화메탄,74-87-3,165.17Ton,19961223,울산본부
2178,롯데정밀화학(주),울산광역시 남구 여천로217번길 19 (여천동190),0522706851,특정제조,염화메탄,74-87-3,182.16Ton,19961223,울산본부
2179,롯데정밀화학(주),울산광역시 남구 여천로217번길 19 (여천동190),0522706851,특정제조,염화메탄,74-87-3,21.28Ton/day,19961223,울산본부
2180,롯데정밀화학(주),울산광역시 남구 여천로217번길 19 (여천동190),0522706851,특정제조,염소,7782-50-5,29.8Ton,19961223,울산본부
2181,롯데정밀화학(주),울산광역시 남구 여천로217번길 19 (여천동190),0522706851,특정제조,염소,7782-50-5,263.12Ton/day,19961223,울산본부
2182,롯데정밀화학(주),울산광역시 남구 여천로217번길 19 (여천동190),0522706851,특정제조,트리메틸아민(TMA),75-50-3,113.94Ton/day,19961223,울산본부
2183,롯데정밀화학(주),울산광역시 남구 여천로217번길 19 (여천동190),0522706851,냉동제조,암모니아,7664-41-7,1134.7RT,20230802,울산본부
2184,롯데정밀화학(주),울산광역시 남구 여천로217번길 19 (여천동190),0522706851,특정제조,염소,7782-50-5,193.68Ton/day,19990504,울산본부
2185,롯데정밀화학(주),울산광역시 남구 여천로217번길 19 (여천동190),0522706851,특정제조,염화메탄,74-87-3,7.5Ton/day,20010214,울산본부
2186,롯데정밀화학(주),울산광역시 남구 여천로217번길 19 (여천동190),0522706851,특정제조,산화에틸렌,75-21-8,2Ton/day,20010214,울산본부
2187,롯데정밀화학(주),울산광역시 남구 여천로217번길 19 (여천동190),0522706851,특정제조,트리메틸아민(TMA),75-50-3,149.65Ton/day,20011208,울산본부
2188,롯데정밀화학(주),울산광역시 남구 여천로217번길 19 (여천동190),0522706851,특정제조,염화메탄,74-87-3,10.67Ton/day,20030829,울산본부
2189,롯데정밀화학(주),울산광역시 남구 여천로217번길 19 (여천동190),0522706851,특정제조,산화에틸렌,75-21-8,2.92Ton/day,20030829,울산본부
2190,롯데정밀화학(주),울산광역시 남구 여천로217번길 19 (여천동190),0522706851,특정제조,염화메탄,74-87-3,97.84Ton,20030829,울산본부
2191,롯데정밀화학(주),울산광역시 남구 여천로217번길 19 (여천동190),0522706851,특정제조,산화에틸렌,75-21-8,39.1Ton,20030829,울산본부
2192,롯데정밀화학(주),울산광역시 남구 여천로217번길 19 (여천동190),0522706851,특정제조,염화메탄,74-87-3,97.84Ton,20030829,울산본부
2193,롯데정밀화학(주),울산광역시 남구 여천로217번길 19 (여천동190),0522706851,특정제조,염소,7782-50-5,313.92Ton/day,20030820,울산본부
2194,롯데정밀화학(주),울산광역시 남구 여천로217번길 19 (여천동190),0522706851,특정제조,염화메탄,74-87-3,110Ton/day,20030827,울산본부
2195,롯데정밀화학(주),울산광역시 남구 여천로217번길 19 (여천동190),0522706851,특정제조,디메틸아민(DMA),124-40-3,58.88Ton/day,20031226,울산본부
2196,롯데정밀화학(주),울산광역시 남구 여천로217번길 19 (여천동190),0522706851,특정제조,트리메틸아민(TMA),75-50-3,60Ton/day,20031226,울산본부
2197,롯데정밀화학(주),울산광역시 남구 여천로217번길 19 (여천동190),0522706851,특정제조,암모니아,7664-41-7,37.36Ton/day,20031226,울산본부
2198,롯데정밀화학(주),울산광역시 남구 여천로217번길 19 (여천동190),0522706851,특정제조,디메틸아민(DMA),124-40-3,10Ton/day,20060317,울산본부
2199,롯데정밀화학(주),울산광역시 남구 여천로217번길 19 (여천동190),0522706851,특정제조,산화에틸렌,75-21-8,2.5Ton/day,20060317,울산본부
2200,롯데정밀화학(주),울산광역시 남구 여천로217번길 19 (여천동190),0522706851,특정제조,염화메탄,74-87-3,19.656Ton/day,20091210,울산본부
2201,롯데정밀화학(주),울산광역시 남구 여천로217번길 19 (여천동190),0522706851,특정제조,산화에틸렌,75-21-8,89.18Ton,20110915,울산본부
2202,롯데정밀화학(주),울산광역시 남구 여천로217번길 19 (여천동190),0522706851,특정제조,산화에틸렌,75-21-8,14.286Ton/day,20110915,울산본부
2203,롯데정밀화학(주),울산광역시 남구 여천로217번길 19 (여천동190),0522706851,특정제조,산화에틸렌,75-21-8,9.22Ton/day,20120828,울산본부
2204,롯데정밀화학(주),울산광역시 남구 여천로217번길 19 (여천동190),0522706851,특정제조,염소,7782-50-5,236.1Ton/day,20130815,울산본부
2205,롯데정밀화학(주),울산광역시 남구 여천로217번길 19 (여천동190),0522706851,특정제조,염소,7782-50-5,290.45Ton/day,20130820,울산본부
2206,롯데정밀화학(주),울산광역시 남구 여천로217번길 19 (여천동190),0522706851,특정제조,산화에틸렌,75-21-8,.072Ton/day,20151120,울산본부
2207,롯데정밀화학(주),울산광역시 남구 여천로217번길 19 (여천동190),0522706851,특정제조,산화에틸렌,75-21-8,18.4Ton/day,20181024,울산본부
2208,롯데정밀화학(주),울산광역시 남구 여천로217번길 19 (여천동190),0522706851,특정제조,염화메탄,74-87-3,35.67Ton/day,20210203,울산본부
2209,롯데정밀화학(주),울산광역시 남구 여천로217번길 19 (여천동190),0522706851,특정제조,염화메탄,74-87-3,100Ton/day,20210316,울산본부
2210,롯데정밀화학(주),울산광역시 남구 여천로217번길 19 (여천동190),0522706851,특정제조,염소,7782-50-5,.504Ton/day,20210305,울산본부
2211,한화솔루션(주)울산1공장,울산광역시 남구 상개로 141,0527291258,특정제조,염화수소,7647-01-0,343.2Ton/day,19960909,울산본부
2212,(주)동광화학온산공장,울산광역시 울주군 온산읍 산암로 53,0522389315,냉동제조,암모니아,7664-41-7,180RT,20200528,울산본부
2213,(주)동광화학온산공장,울산광역시 울주군 온산읍 산암로 53,0522389315,냉동제조,암모니아,7664-41-7,184RT,20200528,울산본부
2214,(주)동광화학온산공장,울산광역시 울주군 온산읍 산암로 53,0522389315,냉동제조,암모니아,7664-41-7,281.6RT,20120227,울산본부
2215,(주)동광화학온산공장,울산광역시 울주군 온산읍 산암로 53,0522389315,냉동제조,암모니아,7664-41-7,33.21RT,20160104,울산본부
2216,(주)동광화학온산공장,울산광역시 울주군 온산읍 산암로 53,0522389315,냉동제조,암모니아,7664-41-7,635.06RT,20160104,울산본부
2217,(주)동광화학온산공장,울산광역시 울주군 온산읍 산암로 53,0522389315,냉동제조,암모니아,7664-41-7,67.38RT,20160104,울산본부
2218,(주)동광화학온산공장,울산광역시 울주군 온산읍 산암로 53,0522389315,냉동제조,암모니아,7664-41-7,497.1RT,20230622,울산본부
2219,(주)동광화학온산공장,울산광역시 울주군 온산읍 산암로 53,0522389315,냉동제조,암모니아,7664-41-7,497.1RT,20230622,울산본부
2220,동해가스산업(주),울산광역시 남구 산업로 428,0522603311,일반판매,염소,7782-50-5,0,19961104,울산본부
2221,동해가스산업(주),울산광역시 남구 산업로 428,0522603311,일반판매,암모니아,7664-41-7,0,19961104,울산본부
2222,(주)한솔케미칼울산공장,울산광역시 남구 납도로 116,0522598000,일반저장,아황산가스,7446-09-5,20Ton,20050421,울산본부
2223,(주)한솔케미칼울산공장,울산광역시 남구 납도로 116,0522598000,특고사용,암모니아,7664-41-7,110㎏,20160303,울산본부
2224,(주)한솔케미칼울산공장,울산광역시 남구 납도로 116,0522598000,특고사용,암모니아,7664-41-7,110㎏,20160818,울산본부
2225,경남냉동,울산광역시 남구 산업로 432 경남냉동,0522577200,냉동제조,암모니아,7664-41-7,119.76RT,19960701,울산본부
2226,썬케미칼코리아(주),울산광역시 남구 장생포로 196 (여천동) 196,0522290315,냉동제조,암모니아,7664-41-7,230.5RT,19961128,울산본부
2227,썬케미칼코리아(주),울산광역시 남구 장생포로 196 (여천동) 196,0522290315,냉동제조,암모니아,7664-41-7,41.7RT,20110421,울산본부
2228,고려아연(주)온산제련소,울산광역시 울주군 온산읍 이진로 139,0522316033,특고사용,염소,7782-50-5,200㎏,20060529,울산본부
2229,고려아연(주)온산제련소,울산광역시 울주군 온산읍 이진로 139,0522316033,특고사용,염소,7782-50-5,400㎏,20091202,울산본부
2230,고려아연(주)온산제련소,울산광역시 울주군 온산읍 이진로 139,0522316033,특고사용,염소,7782-50-5,400㎏,20100128,울산본부
2231,고려아연(주)온산제련소,울산광역시 울주군 온산읍 이진로 139,0522316033,특고사용,염소,7782-50-5,100㎏,20161110,울산본부
2232,고려아연(주)온산제련소,울산광역시 울주군 온산읍 이진로 139,0522316033,특고사용,염소,7782-50-5,420㎏,20170712,울산본부
2233,케이오씨(주),울산광역시 울주군 온산읍 이진로 67-34,0522401251,일반저장,암모니아,7664-41-7,56.959Ton,19901017,울산본부
2234,(주)제이엠씨,울산광역시 울주군 온산읍 이진로 71,0522796708,냉동제조,암모니아,7664-41-7,1130.58RT,19960825,울산본부
2235,동우에이치에스티(주),울산광역시 울주군 상북면 양등농공길 83,0522644590,특고사용,암모니아,7664-41-7,900㎏,19990327,울산본부
2236,동우에이치에스티(주),울산광역시 울주군 상북면 양등농공길 83,0522644590,특고사용,암모니아,7664-41-7,338.7㎏,20160203,울산본부
2237,롯데이네오스화학(주),울산광역시 울주군 청량면 상개로 63-15 (상남리),0522791192,특정제조,일산화탄소,630-08-0,775414N㎥/day,19960401,울산본부
2238,롯데이네오스화학(주),울산광역시 울주군 청량면 상개로 63-15 (상남리),0522791192,특정제조,일산화탄소,630-08-0,736536N㎥/day,19960401,울산본부
2239,롯데이네오스화학(주),울산광역시 울주군 청량면 상개로 63-15 (상남리),0522791192,특정제조,일산화탄소,630-08-0,653622.372N㎥/day,19970726,울산본부
2240,롯데이네오스화학(주),울산광역시 울주군 청량면 상개로 63-15 (상남리),0522791192,특정제조,일산화탄소,630-08-0,588731.6N㎥/day,20240505,울산본부
2241,금호석유화학(주)울산수지공장,울산광역시 남구 처용로 260-257 (성암동),0522798678,특정제조,산화에틸렌,75-21-8,54.162Ton/day,19961210,울산본부
2242,금호석유화학(주)울산수지공장,울산광역시 남구 처용로 260-257 (성암동),0522798678,특정제조,산화에틸렌,75-21-8,104Ton,19961210,울산본부
2243,금호석유화학(주)울산수지공장,울산광역시 남구 처용로 260-257 (성암동),0522798678,특정제조,산화에틸렌,75-21-8,106.176Ton,19961210,울산본부
2244,금호석유화학(주)울산수지공장,울산광역시 남구 처용로 260-257 (성암동),0522798678,냉동제조,암모니아,7664-41-7,2160RT,,울산본부
2245,울산대학교,울산광역시 남구 대학로 93 울산대학교,0522592981,특고사용,암모니아,7664-41-7,56.5㎏,20231208,울산본부
2246,한국유미코아촉매 유한책임회사,울산광역시 울주군 온산읍 화산리 876,0522318169,특고사용,염소,7782-50-5,290㎏,20150310,울산본부
2247,엘에스엠앤엠(주),울산광역시 울주군 온산읍 산암로 148,,일반제조,아황산가스,7446-09-5,58.5Ton/day,19961202,울산본부
2248,엘에스엠앤엠(주),울산광역시 울주군 온산읍 산암로 148,,일반제조,아황산가스,7446-09-5,399.72Ton,19961202,울산본부
2249,엘에스엠앤엠(주),울산광역시 울주군 온산읍 산암로 148,,일반저장,아황산가스,7446-09-5,4Ton,20140717,울산본부
2250,(주)후성,울산광역시 남구 장생포로 336 (매암동),0522088223,일반제조,염소,7782-50-5,.985Ton,19960719,울산본부
2251,(주)후성,울산광역시 남구 장생포로 336 (매암동),0522088223,일반제조,오불화인,7647-19-0,5.97Ton/day,20100407,울산본부
2252,(주)후성,울산광역시 남구 장생포로 336 (매암동),0522088223,일반제조,염소,7782-50-5,1.37Ton/day,20100407,울산본부
2253,(주)후성,울산광역시 남구 장생포로 336 (매암동),0522088223,일반제조,불화수소,7664-39-3,.99Ton/day,20100407,울산본부
2254,(주)후성,울산광역시 남구 장생포로 336 (매암동),0522088223,일반제조,불화수소,7664-39-3,2.52Ton/day,20111206,울산본부
2255,(주)후성,울산광역시 남구 장생포로 336 (매암동),0522088223,일반제조,오불화인,7647-19-0,7.77Ton/day,20111206,울산본부
2256,(주)후성,울산광역시 남구 장생포로 336 (매암동),0522088223,일반제조,염소,7782-50-5,16Ton/day,20111206,울산본부
2257,(주)후성,울산광역시 남구 장생포로 336 (매암동),0522088223,일반제조,염소,7782-50-5,6Ton,20111206,울산본부
2258,(주)후성,울산광역시 남구 장생포로 336 (매암동),0522088223,일반저장,삼불화붕소,7637-07-2,241.2㎥,20140304,울산본부
2259,(주)후성,울산광역시 남구 장생포로 336 (매암동),0522088223,일반제조,염소,7782-50-5,4.159Ton/day,20240509,울산본부
2260,(주)후성,울산광역시 남구 장생포로 336 (매암동),0522088223,일반제조,오불화인,7647-19-0,1313.706N㎥/day,20240509,울산본부
2261,(주)후성,울산광역시 남구 장생포로 336 (매암동),0522088223,일반제조,불화수소,7664-39-3,5.879Ton/day,20240509,울산본부
2262,(주)후성,울산광역시 남구 장생포로 336 (매암동),0522088223,일반제조,불소,7782-41-4,181.92N㎥/day,20230920,울산본부
2263,(주)후성,울산광역시 남구 장생포로 336 (매암동),0522088223,일반제조,불화수소,7664-39-3,.168Ton/day,20250929,울산본부
2264,(주)후성,울산광역시 남구 장생포로 336 (매암동),0522088223,일반제조,삼불화인,7783-55-3,.247Ton/day,20250929,울산본부
2265,울산알루미늄 주식회사,울산광역시 남구 부두로 393,0522790652,일반저장,염소,7782-50-5,2Ton,19960712,울산본부
2266,울산알루미늄 주식회사,울산광역시 남구 부두로 393,0522790652,특고사용,염소,7782-50-5,200㎏,20040331,울산본부
2267,울산수산업협동조합,울산광역시 동구 동진5길 71,0522517333,냉동제조,암모니아,7664-41-7,213.7RT,19971222,울산본부
2268,효성화학(주)용연1공장,울산광역시 남구 처용로487번길 66 (성암동),0522089262,특정제조,염소,7782-50-5,4Ton,19960911,울산본부
2269,S-OIL(주) 제2공장,울산광역시 울주군 온산읍 온산로 68,0522312372,특정제조,VR+AR,0,8255.3Ton/day,19960215,울산본부
2270,S-OIL(주) 제2공장,울산광역시 울주군 온산읍 온산로 68,0522312372,특정제조,모노메틸아민,74-89-5,3284.35Ton/day,19961126,울산본부
2271,S-OIL(주) 제2공장,울산광역시 울주군 온산읍 온산로 68,0522312372,특정제조,CO Rich Gas,630-08-0,14620.35N㎥/day,20180509,울산본부
2272,S-OIL(주) 제2공장,울산광역시 울주군 온산읍 온산로 68,0522312372,특정제조,일산화탄소,630-08-0,193.52㎥,20180524,울산본부
2273,태광산업(주)석유화학2공장,울산광역시 남구 산안로 46 (여천동355-10),0522598680,특정제조,염소,7782-50-5,3Ton,19970308,울산본부
2274,태광산업(주)석유화학2공장,울산광역시 남구 산안로 46 (여천동355-10),0522598680,특고사용,암모니아,7664-41-7,113㎏,20120420,울산본부
2275,S-OIL(주) 제1공장,울산광역시 울주군 온산읍 온산로 68,0522313080,특정제조,벤젠,71-43-2,518.16Ton,19980528,울산본부
2276,S-OIL(주) 제1공장,울산광역시 울주군 온산읍 온산로 68,0522313080,특정제조,벤젠,71-43-2,567.5Ton/day,20110306,울산본부
2277,S-OIL(주) 제1공장,울산광역시 울주군 온산읍 온산로 68,0522313080,특정제조,벤젠,71-43-2,408Ton/day,20110306,울산본부
2278,S-OIL(주) 제1공장,울산광역시 울주군 온산읍 온산로 68,0522313080,특정제조,벤젠,71-43-2,231.504Ton/day,20180423,울산본부
2279,한국동서발전(주)울산발전본부,울산광역시 남구 용잠로 623 한국동서발전,07050004699,일반저장,암모니아,7664-41-7,33.458Ton,20140701,울산본부
2280,한국동서발전(주)울산발전본부,울산광역시 남구 용잠로 623 한국동서발전,07050004699,일반저장,암모니아,7664-41-7,33.458Ton,20140701,울산본부
2281,에스케이지오센트릭(주)-폴리머공장,울산광역시 남구 산업로 24,0522082905,특정제조,일산화탄소,630-08-0,98.57N㎥/day,19970205,울산본부
2282,태광산업(주)석유화학3공장,울산광역시 남구 부곡로 68,0522599694,특정제조,암모니아,7664-41-7,343Ton/day,19960531,울산본부
2283,태광산업(주)석유화학3공장,울산광역시 남구 부곡로 68,0522599694,특정제조,암모니아,7664-41-7,1312Ton,19960531,울산본부
2284,태광산업(주)석유화학3공장,울산광역시 남구 부곡로 68,0522599694,특정제조,암모니아,7664-41-7,1312Ton,19960531,울산본부
2285,태광산업(주)석유화학3공장,울산광역시 남구 부곡로 68,0522599694,특정제조,시안화수소,74-90-8,1.6Ton,19970301,울산본부
2286,태광산업(주)석유화학3공장,울산광역시 남구 부곡로 68,0522599694,특정제조,시안화수소,74-90-8,101Ton/day,19970301,울산본부
2287,태광산업(주)석유화학3공장,울산광역시 남구 부곡로 68,0522599694,특정제조,암모니아,7664-41-7,.48Ton/day,20090204,울산본부
2288,효성화학(주)용연2공장,울산광역시 남구 처용로487번길 65 (성암동),0522792013,특정제조,일산화탄소,630-08-0,59192.42N㎥/day,20141230,울산본부
2289,한국바스프(주)화성공장,울산광역시 남구 신여천로 27 한국바스프(주)화성공장,0522782132,특정제조,산화에틸렌,75-21-8,98.8Ton,20010412,울산본부
2290,한국바스프(주)화성공장,울산광역시 남구 신여천로 27 한국바스프(주)화성공장,0522782132,특정제조,산화에틸렌,75-21-8,261.6Ton/day,20010412,울산본부
2291,(주)덕양가스-달천공장,울산광역시 북구 농공단지2길 13,0522828100,일반판매,암모니아,7664-41-7,1200,20020823,울산본부
2292,(주)덕양가스-달천공장,울산광역시 북구 농공단지2길 13,0522828100,일반판매,일산화탄소,630-08-0,,20020823,울산본부
2293,(주)덕양가스-달천공장,울산광역시 북구 농공단지2길 13,0522828100,일반판매,황화수소,7783-06-4,,20020823,울산본부
2294,(주)덕양가스-달천공장,울산광역시 북구 농공단지2길 13,0522828100,일반판매,염소,7782-50-5,,20020823,울산본부
2295,(주)덕양가스-달천공장,울산광역시 북구 농공단지2길 13,0522828100,일반판매,아황산가스,7446-09-5,,20020823,울산본부
2296,대성테크(주)1공장,울산광역시 북구 농공단지4길 30 대성테크,0522952282,특고사용,암모니아,7664-41-7,300㎏,20000818,울산본부
2297,고려아연(주)온산제련소-2공장,울산광역시 울주군 온산읍 이진로 139,0522316033,특고사용,염소,7782-50-5,300㎏,20001026,울산본부
2298,바스프퍼포먼스폴리아마이드코리아(주),울산광역시 울주군 온산읍 공단로 160 (원산리 751),0522310881,특고사용,암모니아,7664-41-7,300㎏,20021128,울산본부
2299,(주)엘지화학 온산공장,울산광역시 울주군 온산읍 이진로 19,0522315081,특고사용,염소,7782-50-5,600㎏,20031107,울산본부
2300,(주)엘지화학 온산공장,울산광역시 울주군 온산읍 이진로 19,0522315081,특고사용,암모니아,7664-41-7,200㎏,20071018,울산본부
2301,(주)한국산업특수가스,울산광역시 울주군 웅촌면 은현작동로 242-13,0522666800,일반판매,암모니아,7664-41-7,0,20020207,울산본부
2302,에스케이에어코어(주) 울산CO2 공장,울산광역시 남구 처용로 72,0522561641,냉동제조,암모니아,7664-41-7,993.9RT,20030605,울산본부
2303,에스케이에어코어(주) 울산CO2 공장,울산광역시 남구 처용로 72,0522561641,냉동제조,암모니아,7664-41-7,844.84RT,20210524,울산본부
2304,대하특수가스,울산광역시 울주군 웅촌면 고연공단3길 25,0522693624,일반판매,산화에틸렌,75-21-8,0,20030517,울산본부
2305,(주)한화온산공장,울산광역시 울주군 온산읍 산남길 32,0522376516,일반제조,암모니아,7664-41-7,614Ton,20041014,울산본부
2306,(주)한화온산공장,울산광역시 울주군 온산읍 산남길 32,0522376516,일반제조,암모니아,7664-41-7,109.262Ton/day,20041014,울산본부
2307,(주)한화온산공장,울산광역시 울주군 온산읍 산남길 32,0522376516,일반제조,암모니아,7664-41-7,30Ton/day,20041014,울산본부
2308,(주)한화온산공장,울산광역시 울주군 온산읍 산남길 32,0522376516,일반제조,암모니아,7664-41-7,29.431Ton/day,20160211,울산본부
2309,대성테크(주)2공장,울산광역시 북구 농공단지4길 23-12 (주)대성테크,0522952282,특고사용,암모니아,7664-41-7,200㎏,20060425,울산본부
2310,(주)비지에프에코스페셜티,울산광역시 울주군 온산읍 이진로 100,0522310019,일반제조,불화수소,7664-39-3,28.08Ton,20070611,울산본부
2311,(주)비지에프에코스페셜티,울산광역시 울주군 온산읍 이진로 100,0522310019,일반제조,불소,7782-41-4,11524.1N㎥/day,20070719,울산본부
2312,(주)비지에프에코스페셜티,울산광역시 울주군 온산읍 이진로 100,0522310019,일반제조,불화수소,7664-39-3,69.3Ton/day,20070719,울산본부
2313,버슘머트리얼즈피엠코리아(유),울산광역시 남구 용연로98번길 48,0522594351,일반제조,불화수소,7664-39-3,5.24Ton/day,20080204,울산본부
2314,버슘머트리얼즈피엠코리아(유),울산광역시 남구 용연로98번길 48,0522594351,일반제조,암모니아,7664-41-7,4.95Ton,20051011,울산본부
2315,버슘머트리얼즈피엠코리아(유),울산광역시 남구 용연로98번길 48,0522594351,일반제조,암모니아,7664-41-7,67.35Ton,20051011,울산본부
2316,HFC(주),울산광역시 울주군 온산읍 화산로 263,0522785975,일반제조,산화에틸렌,75-21-8,5.644Ton/day,20080320,울산본부
2317,HFC(주),울산광역시 울주군 온산읍 화산로 263,0522785975,일반제조,산화에틸렌,75-21-8,23.2Ton,20080320,울산본부
2318,HFC(주),울산광역시 울주군 온산읍 화산로 263,0522785975,일반제조,산화에틸렌,75-21-8,3.2Ton/day,20250403,울산본부
2319,효성화학(주)용연3공장,울산광역시 남구 용연로 130 (용연동 529),0522790409,냉동제조,암모니아,7664-41-7,491.73RT,20090401,울산본부
2320,울산과학기술원,울산광역시 울주군 언양읍 유니스트길 50,0522178282,특고사용,모노실란,7803-62-5,7.097㎥,20161214,울산본부
2321,울산과학기술원,울산광역시 울주군 언양읍 유니스트길 50,0522178282,특고사용,GeH4 5% + He,7782-65-2,7.97㎥,20161214,울산본부
2322,울산과학기술원,울산광역시 울주군 언양읍 유니스트길 50,0522178282,특고사용,암모니아,7664-41-7,25.269㎏,20170410,울산본부
2323,울산과학기술원,울산광역시 울주군 언양읍 유니스트길 50,0522178282,특고사용,암모니아,7664-41-7,75.86㎏,20161214,울산본부
2324,울산과학기술원,울산광역시 울주군 언양읍 유니스트길 50,0522178282,특고사용,염소,7782-50-5,58.75㎏,20161214,울산본부
2325,울산과학기술원,울산광역시 울주군 언양읍 유니스트길 50,0522178282,특고사용,암모니아,7664-41-7,55.2㎏,20170224,울산본부
2326,울산과학기술원,울산광역시 울주군 언양읍 유니스트길 50,0522178282,특고사용,모노실란,7803-62-5,14.194㎥,20170224,울산본부
2327,울산과학기술원,울산광역시 울주군 언양읍 유니스트길 50,0522178282,특고사용,오불화인,7647-19-0,7.097㎥,20230601,울산본부
2328,(주)디더블유로지스틱스,울산광역시 울주군 삼남면 삼동로 17,0553832003,일반저장,육불화텅스텐,7783-82-6,7.08Ton,20100708,울산본부
2329,(주)디더블유로지스틱스,울산광역시 울주군 삼남면 삼동로 17,0553832003,일반저장,모노실란,7803-62-5,376㎥,20100708,울산본부
2330,에스케이지오센트릭(주)울산CLX,울산광역시 남구 신여천로 2(고사동),0522085318,특정제조,벤젠,71-43-2,84.2Ton/day,19970421,울산본부
2331,울산하늘공원,울산광역시 울주군 삼동면 보삼길 550,0522553882,특고사용,암모니아,7664-41-7,250㎏,20130417,울산본부
2332,(주)광림씨엔티,울산광역시 울주군 삼남면 가천금사길 246-4,0522647061,특고사용,암모니아,7664-41-7,200㎏,20120913,울산본부
2333,울산과학대학교,울산광역시 남구 대학로 57 (무거동) 57,0522793150,특고사용,염소,7782-50-5,58.75㎏,20121220,울산본부
2334,울산과학대학교,울산광역시 남구 대학로 57 (무거동) 57,0522793150,특고사용,모노실란,7803-62-5,7.1㎥,20121220,울산본부
2335,울산과학대학교,울산광역시 남구 대학로 57 (무거동) 57,0522793150,특고사용,암모니아,7664-41-7,25.26㎏,20121220,울산본부
2336,YB금속,울산광역시 울주군 온산읍 화산로 151,07046075056,특고사용,암모니아,7664-41-7,200㎏,20160106,울산본부
2337,울산아로마틱스(주),울산광역시 남구 처용로487번길 154,0522083352,특정제조,벤젠,71-43-2,1883Ton/day,20140404,울산본부
2338,(주)모던,울산광역시 북구 중산산업로 66,0522950660,일반판매,암모니아,7664-41-7,0,20150626,울산본부
2339,대진기업,울산광역시 북구 무룡1로 58,0522899533,특고사용,암모니아,7664-41-7,150㎏,20141204,울산본부
2340,(주)에스제이신소재,울산광역시 울주군 언양읍 반천산업로 92,0522635904,일반저장,모노실란,7803-62-5,587.84㎥,20151012,울산본부
2341,피유코어(주),울산광역시 남구 용잠로 255 (고사동 58-5),0522785335,특정제조,산화에틸렌,75-21-8,68.634Ton/day,19960918,울산본부
2342,피유코어(주),울산광역시 남구 용잠로 255 (고사동 58-5),0522785335,특정제조,산화에틸렌,75-21-8,60.075Ton,19960918,울산본부
2343,피유코어(주),울산광역시 남구 용잠로 255 (고사동 58-5),0522785335,특정제조,산화에틸렌,75-21-8,10Ton/day,19960918,울산본부
2344,피유코어(주),울산광역시 남구 용잠로 255 (고사동 58-5),0522785335,특정제조,산화에틸렌,75-21-8,44Ton,19960918,울산본부
2345,피유코어(주),울산광역시 남구 용잠로 255 (고사동 58-5),0522785335,특정제조,산화에틸렌,75-21-8,97.216Ton/day,20081119,울산본부
2346,(주)유니드,울산광역시 남구 상개로 142,0522790079,특정제조,염소,7782-50-5,170Ton,19960909,울산본부
2347,(주)유니드,울산광역시 남구 상개로 142,0522790079,특정제조,염소,7782-50-5,170Ton,19960909,울산본부
2348,(주)유니드,울산광역시 남구 상개로 142,0522790079,특정제조,염소,7782-50-5,375Ton/day,19960909,울산본부
2349,(주)유니드,울산광역시 남구 상개로 142,0522790079,특정제조,염소,7782-50-5,170Ton,19960909,울산본부
2350,(주)유니드,울산광역시 남구 상개로 142,0522790079,특정제조,염소,7782-50-5,170Ton,19960909,울산본부
2351,(주)화승가스테크 온산공장,울산광역시 울주군 온산읍 산남길 17-26,0512642080,일반제조,암모니아,7664-41-7,6.72Ton/day,20181218,울산본부
2352,(주)화승가스테크 온산공장,울산광역시 울주군 온산읍 산남길 17-26,0512642080,일반제조,암모니아,7664-41-7,11.975Ton,20181218,울산본부
2353,(주)화승가스테크 온산공장,울산광역시 울주군 온산읍 산남길 17-26,0512642080,일반제조,암모니아,7664-41-7,24.717Ton,20181218,울산본부
2354,한국에너지기술연구원(울산차세대전지연구개발센터),울산광역시 남구 테크노산업로55번길 25,0527022558,특고사용,모노게르만,7782-65-2,1.48㎥,20200122,울산본부
2355,한국에너지기술연구원(울산차세대전지연구개발센터),울산광역시 남구 테크노산업로55번길 25,0527022558,특고사용,모노실란,7803-62-5,6.956㎥,20200122,울산본부
2356,한국에너지기술연구원(울산차세대전지연구개발센터),울산광역시 남구 테크노산업로55번길 25,0527022558,특고사용,디보레인,19287-45-7,6.956㎥,20200122,울산본부
2357,한국에너지기술연구원(울산차세대전지연구개발센터),울산광역시 남구 테크노산업로55번길 25,0527022558,특고사용,포스핀,7803-51-2,6.956㎥,20200122,울산본부
2358,한국에너지기술연구원(울산차세대전지연구개발센터),울산광역시 남구 테크노산업로55번길 25,0527022558,특고사용,암모니아,7664-41-7,25.27㎏,20211118,울산본부
2359,주식회사 코리아에어텍,울산광역시 울주군 온산읍 온산로 134,0522786700,냉동제조,암모니아,7664-41-7,422.77RT,20190710,울산본부
2360,기초과학연구원,울산광역시 울주군 언양읍 유니스트길 50 다차원탄소재료연구단101동104호,0522175511,특고사용,암모니아,7664-41-7,26.27㎏,20191002,울산본부
2361,기초과학연구원,울산광역시 울주군 언양읍 유니스트길 50 다차원탄소재료연구단101동104호,0522175511,특고사용,염소,7782-50-5,58.75㎏,20191002,울산본부
2362,(주)영진특수,울산광역시 울주군 온산읍 화산로 110-26,0522585121,일반저장,삼불화붕소,7637-07-2,3.6Ton,20200225,울산본부
2363,(주)영진특수,울산광역시 울주군 온산읍 화산로 110-26,0522585121,일반저장,헥사플루오로프로판,690-39-1,.223Ton,20200225,울산본부
2364,엔에이치케미칼(주),울산광역시 울주군 온산읍 온산로 218,0522674700,일반제조,산화에틸렌,75-21-8,77.679Ton,20220609,울산본부
2365,엔에이치케미칼(주),울산광역시 울주군 온산읍 온산로 218,0522674700,일반제조,산화에틸렌,75-21-8,150.4Ton/day,20220609,울산본부
2366,(주)현대테크,울산광역시 남구 산업로 430-1,,일반판매,암모니아,7664-41-7,0,20230221,울산본부
2367,"한전산업개발(주) 울산에코사업처, 어프로티움(주)",울산광역시 남구 부곡동 산11-12 외 4필지,07048513382,냉동제조,암모니아,7664-41-7,2686.53RT,20231009,울산본부
2368,(주)이수스페셜티케미컬,울산광역시 울주군 온산읍 석당길 8,0522805919,특정제조,황화수소,7783-06-4,10805N㎥/day,19970421,울산본부
2369,(주)이수스페셜티케미컬,울산광역시 울주군 온산읍 석당길 8,0522805919,특정제조,황화수소,7783-06-4,15577.8N㎥/day,20191216,울산본부
2370,(주)이수스페셜티케미컬,울산광역시 울주군 온산읍 석당길 8,0522805919,특정제조,황화수소,7783-06-4,410.377N㎥/day,20221027,울산본부
2371,(주)이수스페셜티케미컬,울산광역시 울주군 온산읍 석당길 8,0522805919,특정제조,황화수소,7783-06-4,14070.986N㎥/day,20250430,울산본부
2372,(주)후성(연구소),울산광역시 남구 장생포로 256 (매암동),0522088176,일반제조,오불화인,7647-19-0,.002Ton/day,20240719,울산본부
2373,(주)후성(연구소),울산광역시 남구 장생포로 256 (매암동),0522088176,일반제조,오불화인,7647-19-0,.261Ton,20240719,울산본부
2374,효성네오켐(주)용연1공장,울산광역시 남구 처용로561번길 31 (성암동),,일반제조,암모니아,7664-41-7,3.6Ton/day,20070706,울산본부
2375,효성네오켐(주)용연1공장,울산광역시 남구 처용로561번길 31 (성암동),,일반제조,암모니아,7664-41-7,28.01Ton,20070706,울산본부
2376,효성네오켐(주)용연1공장,울산광역시 남구 처용로561번길 31 (성암동),,일반판매,염소,7782-50-5,2.025Ton,20200212,울산본부
2377,효성네오켐(주)용연2공장,울산광역시 남구 용연로50번길 89 (용연동),0221465496,일반제조,불화수소,7664-39-3,5.876Ton/day,20160108,울산본부
2378,효성네오켐(주)용연2공장,울산광역시 남구 용연로50번길 89 (용연동),0221465496,일반제조,암모니아,7664-41-7,1.845Ton/day,20160108,울산본부
2379,효성네오켐(주)용연2공장,울산광역시 남구 용연로50번길 89 (용연동),0221465496,일반제조,암모니아,7664-41-7,24.73Ton,20160108,울산본부
2380,효성네오켐(주)용연2공장,울산광역시 남구 용연로50번길 89 (용연동),0221465496,일반제조,불화수소,7664-39-3,5.876Ton/day,20170703,울산본부
2381,효성네오켐(주)용연2공장,울산광역시 남구 용연로50번길 89 (용연동),0221465496,일반제조,암모니아,7664-41-7,1.845Ton/day,20170703,울산본부
2382,한국센트럴글래스(주),울산광역시 남구 장생포로 336 (매암동),025553992,일반판매,트리메틸아민(TMA),75-50-3,56.82㎏,20251203,울산본부
2383,에스제이신소재,울산광역시 울주군 언양읍 유니스트길 50 울산과학기술원111동 403호,,특고사용,PG(SIH4/NF3),7803-62-5,7.003㎥,20251218,울산본부
2384,롯데케미칼 주식회사,대전광역시 유성구 가정북로 115 (장동),0428791215,특고사용,암모니아,7664-41-7,50.5㎏,20240103,대전광역본부
2385,롯데케미칼 주식회사,대전광역시 유성구 가정북로 115 (장동),0428791215,특고사용,암모니아,7664-41-7,75.81㎏,20250926,대전광역본부
2386,한국과학기술원,대전광역시 유성구 대학로 291 (구성동),0423502396,특고사용,모노실란,7803-62-5,7.1㎥,20130207,대전광역본부
2387,한국과학기술원,대전광역시 유성구 대학로 291 (구성동),0423502396,특고사용,암모니아,7664-41-7,50.54㎏,20130207,대전광역본부
2388,한국과학기술원,대전광역시 유성구 대학로 291 (구성동),0423502396,특고사용,염소,7782-50-5,58.75㎏,20130207,대전광역본부
2389,한국과학기술원,대전광역시 유성구 대학로 291 (구성동),0423502396,특고사용,암모니아,7664-41-7,25.26㎏,20140612,대전광역본부
2390,한국과학기술원,대전광역시 유성구 대학로 291 (구성동),0423502396,특고사용,모노실란,7803-62-5,14.2㎥,20140612,대전광역본부
2391,한국과학기술원,대전광역시 유성구 대학로 291 (구성동),0423502396,특고사용,염소,7782-50-5,25㎏,20140612,대전광역본부
2392,한국과학기술원,대전광역시 유성구 대학로 291 (구성동),0423502396,특고사용,암모니아,7664-41-7,5.48㎏,20150727,대전광역본부
2393,한국과학기술원,대전광역시 유성구 대학로 291 (구성동),0423502396,특고사용,염소,7782-50-5,12.75㎏,20150727,대전광역본부
2394,한국과학기술원,대전광역시 유성구 대학로 291 (구성동),0423502396,특고사용,모노실란,7803-62-5,6.96㎥,20150727,대전광역본부
2395,한국과학기술원,대전광역시 유성구 대학로 291 (구성동),0423502396,특고사용,암모니아,7664-41-7,25.27㎏,20141126,대전광역본부
2396,한국과학기술원,대전광역시 유성구 대학로 291 (구성동),0423502396,특고사용,암모니아,7664-41-7,25.27㎏,20180104,대전광역본부
2397,한국과학기술원,대전광역시 유성구 대학로 291 (구성동),0423502396,특고사용,염소,7782-50-5,12.5㎏,20190514,대전광역본부
2398,한국과학기술원,대전광역시 유성구 대학로 291 (구성동),0423502396,특고사용,암모니아,7664-41-7,25.27㎏,20210728,대전광역본부
2399,한국과학기술원,대전광역시 유성구 대학로 291 (구성동),0423502396,특고사용,암모니아,7664-41-7,25.27㎏,20220208,대전광역본부
2400,한국과학기술원,대전광역시 유성구 대학로 291 (구성동),0423502396,특고사용,암모니아,7664-41-7,25.27㎏,20230113,대전광역본부
2401,한국과학기술원,대전광역시 유성구 대학로 291 (구성동),0423502396,특고사용,암모니아,7664-41-7,116.128㎏,20230209,대전광역본부
2402,한국과학기술원,대전광역시 유성구 대학로 291 (구성동),0423502396,특고사용,암모니아,7664-41-7,25.72㎏,20240826,대전광역본부
2403,한국과학기술원,대전광역시 유성구 대학로 291 (구성동),0423502396,특고사용,암모니아,7664-41-7,25.3㎏,20241106,대전광역본부
2404,한전원자력연료(주),대전광역시 유성구 대덕대로989번길 242 (덕진동),0428681000,특고사용,암모니아,7664-41-7,700㎏,20101202,대전광역본부
2405,한국전자통신연구원,대전광역시 유성구 가정로 218 (가정동),0428606114,일반저장,암모니아,7664-41-7,.05Ton,19980910,대전광역본부
2406,한국전자통신연구원,대전광역시 유성구 가정로 218 (가정동),0428606114,일반저장,AsH3,7784-42-1,.019Ton,19980910,대전광역본부
2407,한국전자통신연구원,대전광역시 유성구 가정로 218 (가정동),0428606114,일반저장,SiF4,7783-61-1,.024Ton,19980910,대전광역본부
2408,한국전자통신연구원,대전광역시 유성구 가정로 218 (가정동),0428606114,일반저장,WF6,7783-82-6,.129Ton,19980910,대전광역본부
2409,한국전자통신연구원,대전광역시 유성구 가정로 218 (가정동),0428606114,일반저장,HCl,7647-01-0,.028Ton,19980910,대전광역본부
2410,한국전자통신연구원,대전광역시 유성구 가정로 218 (가정동),0428606114,일반저장,PH3,7803-51-2,.009Ton,19980910,대전광역본부
2411,한국전자통신연구원,대전광역시 유성구 가정로 218 (가정동),0428606114,일반저장,AsH3,7784-42-1,.019Ton,19980910,대전광역본부
2412,한국전자통신연구원,대전광역시 유성구 가정로 218 (가정동),0428606114,일반저장,H2S,7783-06-4,.032Ton,19980910,대전광역본부
2413,한국전자통신연구원,대전광역시 유성구 가정로 218 (가정동),0428606114,일반저장,BF3,7637-07-2,0Ton,19980910,대전광역본부
2414,한국전자통신연구원,대전광역시 유성구 가정로 218 (가정동),0428606114,일반저장,염소,7782-50-5,.058Ton,19980910,대전광역본부
2415,한국전자통신연구원,대전광역시 유성구 가정로 218 (가정동),0428606114,일반저장,SiH4,7803-62-5,14.194㎥,19980910,대전광역본부
2416,한국전자통신연구원,대전광역시 유성구 가정로 218 (가정동),0428606114,일반저장,PH3(1.5%)+H2,7803-51-2,7.097㎥,19980910,대전광역본부
2417,한국전자통신연구원,대전광역시 유성구 가정로 218 (가정동),0428606114,일반저장,암모니아,7664-41-7,.101Ton,19980910,대전광역본부
2418,한국전자통신연구원,대전광역시 유성구 가정로 218 (가정동),0428606114,일반저장,AsH3,7784-42-1,.019Ton,19980910,대전광역본부
2419,한국전자통신연구원,대전광역시 유성구 가정로 218 (가정동),0428606114,일반저장,AsH3(10%)+H2,7784-42-1,7.097㎥,19980910,대전광역본부
2420,한국전자통신연구원,대전광역시 유성구 가정로 218 (가정동),0428606114,일반저장,염소,7782-50-5,.058Ton,19980910,대전광역본부
2421,한국전자통신연구원,대전광역시 유성구 가정로 218 (가정동),0428606114,일반저장,염소,7782-50-5,.117Ton,19980910,대전광역본부
2422,한국전자통신연구원,대전광역시 유성구 가정로 218 (가정동),0428606114,일반저장,삼불화인,7783-55-3,.055㎥,19980910,대전광역본부
2423,한국전자통신연구원,대전광역시 유성구 가정로 218 (가정동),0428606114,일반저장,PH3,7803-51-2,.009Ton,19980910,대전광역본부
2424,한국전자통신연구원,대전광역시 유성구 가정로 218 (가정동),0428606114,일반저장,SiF4,7783-61-1,.024Ton,19980910,대전광역본부
2425,한국전자통신연구원,대전광역시 유성구 가정로 218 (가정동),0428606114,일반저장,SiH2Cl2,4109-96-0,.005Ton,19980910,대전광역본부
2426,한국전자통신연구원,대전광역시 유성구 가정로 218 (가정동),0428606114,일반저장,AsH3(10%)+H2,7784-42-1,7.097㎥,19980910,대전광역본부
2427,한국전자통신연구원,대전광역시 유성구 가정로 218 (가정동),0428606114,일반저장,GeH4(20%)+H2,7782-65-2,6.644㎥,19980910,대전광역본부
2428,한국전자통신연구원,대전광역시 유성구 가정로 218 (가정동),0428606114,일반저장,SiH2Cl2,4109-96-0,.01Ton,19980910,대전광역본부
2429,대전광역시 상수도사업본부 월평정수사업소,대전광역시 서구 신갈마로141번길 82,0427156422,일반저장,염소,7782-50-5,19Ton,19980610,대전광역본부
2430,대전광역시 상수도사업본부 송촌정수사업소,대전광역시 대덕구 송촌로 50 (송촌동),0427156341,일반저장,염소,7782-50-5,9Ton,19980610,대전광역본부
2431,한국전력공사전력연구원,대전광역시 유성구 문지로 105 (문지동) 한국전력연구원 (안전관리담당),0428655144,일반저장,일산화탄소,630-08-0,55.68㎥,20140618,대전광역본부
2432,한국전력공사전력연구원,대전광역시 유성구 문지로 105 (문지동) 한국전력연구원 (안전관리담당),0428655144,일반저장,반도체특수 혼합가스,0,55.68㎥,20140618,대전광역본부
2433,한국전력공사전력연구원,대전광역시 유성구 문지로 105 (문지동) 한국전력연구원 (안전관리담당),0428655144,일반저장,SO2(5%)+N2,7446-09-5,14.194㎥,20180615,대전광역본부
2434,한국전력공사전력연구원,대전광역시 유성구 문지로 105 (문지동) 한국전력연구원 (안전관리담당),0428655144,일반저장,NH3,7664-41-7,.822Ton,20180615,대전광역본부
2435,한국전력공사전력연구원,대전광역시 유성구 문지로 105 (문지동) 한국전력연구원 (안전관리담당),0428655144,특고사용,암모니아,7664-41-7,221.52㎏,20220714,대전광역본부
2436,한국전력공사전력연구원,대전광역시 유성구 문지로 105 (문지동) 한국전력연구원 (안전관리담당),0428655144,특고사용,암모니아,7664-41-7,222㎏,20220929,대전광역본부
2437,한국전력공사전력연구원,대전광역시 유성구 문지로 105 (문지동) 한국전력연구원 (안전관리담당),0428655144,특고사용,암모니아,7664-41-7,737㎏,20240712,대전광역본부
2438,한화솔루션(주)중앙연구소,대전광역시 유성구 가정로 76 (신성동),0428656549,일반제조,염소,7782-50-5,.118Ton,20140915,대전광역본부
2439,한화솔루션(주)중앙연구소,대전광역시 유성구 가정로 76 (신성동),0428656549,일반제조,염소,7782-50-5,28.8N㎥/day,20140915,대전광역본부
2440,한화솔루션(주)중앙연구소,대전광역시 유성구 가정로 76 (신성동),0428656549,특고사용,염소,7782-50-5,100㎏,20210106,대전광역본부
2441,한화솔루션(주)중앙연구소,대전광역시 유성구 가정로 76 (신성동),0428656549,특고사용,염소,7782-50-5,50㎏,20210106,대전광역본부
2442,한화솔루션(주)중앙연구소,대전광역시 유성구 가정로 76 (신성동),0428656549,특고사용,모노실란,7803-62-5,4.75㎥,20231103,대전광역본부
2443,한화솔루션(주)중앙연구소,대전광역시 유성구 가정로 76 (신성동),0428656549,특고사용,암모니아,7664-41-7,5.376㎏,20251125,대전광역본부
2444,한화솔루션(주)중앙연구소,대전광역시 유성구 가정로 76 (신성동),0428656549,특고사용,모노실란,7803-62-5,19㎥,20251205,대전광역본부
2445,한국화학연구원,대전광역시 유성구 가정로 141 (장동),0428607885,특고사용,모노실란,7803-62-5,7㎥,20140408,대전광역본부
2446,한국화학연구원,대전광역시 유성구 가정로 141 (장동),0428607885,특고사용,암모니아,7664-41-7,25.27㎏,20140408,대전광역본부
2447,한국화학연구원,대전광역시 유성구 가정로 141 (장동),0428607885,특고사용,암모니아,7664-41-7,25.56㎏,20220126,대전광역본부
2448,한국화학연구원,대전광역시 유성구 가정로 141 (장동),0428607885,특고사용,암모니아,7664-41-7,76.68㎏,20220126,대전광역본부
2449,한국에너지기술연구원,대전광역시 유성구 가정로 152 (장동),0428603290,특고사용,포스핀,7803-51-2,4.75㎥,20120227,대전광역본부
2450,한국에너지기술연구원,대전광역시 유성구 가정로 152 (장동),0428603290,특고사용,디보레인,19287-45-7,4.75㎥,20120227,대전광역본부
2451,한국에너지기술연구원,대전광역시 유성구 가정로 152 (장동),0428603290,특고사용,모노실란,7803-62-5,4.75㎥,20120227,대전광역본부
2452,한국에너지기술연구원,대전광역시 유성구 가정로 152 (장동),0428603290,특고사용,암모니아,7664-41-7,25.27㎏,20191120,대전광역본부
2453,한국에너지기술연구원,대전광역시 유성구 가정로 152 (장동),0428603290,특고사용,암모니아,7664-41-7,202.16㎏,20201113,대전광역본부
2454,한국에너지기술연구원,대전광역시 유성구 가정로 152 (장동),0428603290,일반저장,CO(10%)+He,630-08-0,7.097㎥,20211208,대전광역본부
2455,한국에너지기술연구원,대전광역시 유성구 가정로 152 (장동),0428603290,일반저장,CO(20%)+N2,630-08-0,7.097㎥,20211208,대전광역본부
2456,한국에너지기술연구원,대전광역시 유성구 가정로 152 (장동),0428603290,일반저장,일산화탄소,630-08-0,106.455㎥,20211208,대전광역본부
2457,한국에너지기술연구원,대전광역시 유성구 가정로 152 (장동),0428603290,일반저장,모노실란,7803-62-5,7.1㎥,20211223,대전광역본부
2458,한국에너지기술연구원,대전광역시 유성구 가정로 152 (장동),0428603290,일반저장,디보레인,19287-45-7,7.1㎥,20211223,대전광역본부
2459,한국에너지기술연구원,대전광역시 유성구 가정로 152 (장동),0428603290,일반저장,포스핀,7803-51-2,7.1㎥,20211223,대전광역본부
2460,한국에너지기술연구원,대전광역시 유성구 가정로 152 (장동),0428603290,일반저장,암모니아,7664-41-7,.002Ton,20211223,대전광역본부
2461,한국에너지기술연구원,대전광역시 유성구 가정로 152 (장동),0428603290,일반저장,모노실란,7803-62-5,7.1㎥,20211223,대전광역본부
2462,한국에너지기술연구원,대전광역시 유성구 가정로 152 (장동),0428603290,일반저장,암모니아,7664-41-7,.002Ton,20211223,대전광역본부
2463,한국에너지기술연구원,대전광역시 유성구 가정로 152 (장동),0428603290,특고사용,암모니아,7664-41-7,54.3㎏,20211222,대전광역본부
2464,한국에너지기술연구원,대전광역시 유성구 가정로 152 (장동),0428603290,특고사용,암모니아,7664-41-7,25.268㎏,20211222,대전광역본부
2465,한국에너지기술연구원,대전광역시 유성구 가정로 152 (장동),0428603290,일반저장,CO,630-08-0,99.358㎥,20220221,대전광역본부
2466,한국에너지기술연구원,대전광역시 유성구 가정로 152 (장동),0428603290,일반저장,암모니아,7664-41-7,.101Ton,20220510,대전광역본부
2467,한국에너지기술연구원,대전광역시 유성구 가정로 152 (장동),0428603290,특고사용,암모니아,7664-41-7,25.268㎏,20220725,대전광역본부
2468,한국에너지기술연구원,대전광역시 유성구 가정로 152 (장동),0428603290,일반저장,CO,630-08-0,99.358㎥,20221130,대전광역본부
2469,한국에너지기술연구원,대전광역시 유성구 가정로 152 (장동),0428603290,특고사용,암모니아,7664-41-7,25.27㎏,20250411,대전광역본부
2470,한국에너지기술연구원,대전광역시 유성구 가정로 152 (장동),0428603290,특고사용,암모니아,7664-41-7,50.54㎏,20250411,대전광역본부
2471,충남대학교,대전광역시 유성구 대학로 99 (궁동),0428216286,특고사용,모노실란,7803-62-5,6.96㎥,20160523,대전광역본부
2472,충남대학교,대전광역시 유성구 대학로 99 (궁동),0428216286,특고사용,암모니아,7664-41-7,25.268㎏,20240306,대전광역본부
2473,(주)우양,충청남도 서천군 장항읍 장산로 357 (창선1리),0419567171,냉동제조,암모니아,7664-41-7,105.4RT,19971215,대전광역본부
2474,호남물류(주),충청남도 논산시 연무읍 동안로 718,0417427000,냉동제조,암모니아,7664-41-7,175.14RT,20000319,대전광역본부
2475,복영냉동,충청남도 서천군 장항읍 장산로 306-15 복영냉동,0419564328,냉동제조,암모니아,7664-41-7,81.04RT,19980916,대전광역본부
2476,롯데칠성음료(주),대전광역시 대덕구 문평서로 57 (문평동),0429308188,냉동제조,암모니아,7664-41-7,395.5RT,19980510,대전광역본부
2477,한국중부발전(주) 보령발전본부,충청남도 보령시 오천면 오천해안로 89-37,07075112734,일반저장,암모니아,7664-41-7,146.9Ton,20050913,대전광역본부
2478,한국중부발전(주) 보령발전본부,충청남도 보령시 오천면 오천해안로 89-37,07075112734,일반저장,암모니아,7664-41-7,146.92Ton,20050913,대전광역본부
2479,한국중부발전(주) 보령발전본부,충청남도 보령시 오천면 오천해안로 89-37,07075112734,일반저장,암모니아,7664-41-7,146.9Ton,20050913,대전광역본부
2480,한국중부발전(주) 보령발전본부,충청남도 보령시 오천면 오천해안로 89-37,07075112734,일반저장,암모니아,7664-41-7,58.787Ton,20080313,대전광역본부
2481,한국중부발전(주) 보령발전본부,충청남도 보령시 오천면 오천해안로 89-37,07075112734,일반저장,암모니아,7664-41-7,58.787Ton,20080313,대전광역본부
2482,한국중부발전(주) 보령발전본부,충청남도 보령시 오천면 오천해안로 89-37,07075112734,냉동제조,암모니아,7664-41-7,418.5RT,20160822,대전광역본부
2483,남양유업(주) 세종공장,세종특별자치시 장군면 장기로 836-11,0418571551,냉동제조,암모니아,7664-41-7,947.6RT,19980613,대전광역본부
2484,공주냉동,충청남도 공주시 제민천1길 139,0418533361,냉동제조,암모니아,7664-41-7,9.3RT,19990308,대전광역본부
2485,(주)엘지화학,대전광역시 유성구 문지로 188 (문지동) (환경안전팀),0427193176,일반저장,모노실란,7803-62-5,7.097㎥,20160509,대전광역본부
2486,(주)엘지화학,대전광역시 유성구 문지로 188 (문지동) (환경안전팀),0427193176,일반저장,일산화탄소,630-08-0,28.388㎥,20160509,대전광역본부
2487,(주)엘지화학,대전광역시 유성구 문지로 188 (문지동) (환경안전팀),0427193176,일반저장,암모니아,7664-41-7,.051Ton,20160509,대전광역본부
2488,(주)엘지화학,대전광역시 유성구 문지로 188 (문지동) (환경안전팀),0427193176,특고사용,CO+H2+C3H6,630-08-0,7.097㎥,20220922,대전광역본부
2489,(주)엘지화학,대전광역시 유성구 문지로 188 (문지동) (환경안전팀),0427193176,특고사용,CO(50%)+H2,630-08-0,7.097㎥,20220922,대전광역본부
2490,(주)피에스지 연기공장,세종특별자치시 전동면 하노장5길 14,0448631661,일반충전,암모니아,7664-41-7,28.431Ton,19980530,대전광역본부
2491,대운냉장(주),세종특별자치시 연서면 아홉거리길 92 92,0448666402,냉동제조,암모니아,7664-41-7,46RT,19980929,대전광역본부
2492,논산계룡축산업협동조합 축산유통센타,충청남도 논산시 연무읍 신화길 35-14,0417423223,냉동제조,암모니아,7664-41-7,548.61RT,20200115,대전광역본부
2493,대한이연(주)1공장,대전광역시 대덕구 평촌2길 24 (평촌동) 24 대한이연(주),0429312365,특고사용,암모니아,7664-41-7,500㎏,19960311,대전광역본부
2494,대한이연(주)1공장,대전광역시 대덕구 평촌2길 24 (평촌동) 24 대한이연(주),0429312365,특고사용,암모니아,7664-41-7,295.6㎏,20150407,대전광역본부
2495,한국수자원공사,대전광역시 대덕구 신탄진로 200 (연축동),0634304272,일반저장,SO2,7446-09-5,.058Ton,20230507,대전광역본부
2496,한국수자원공사,대전광역시 대덕구 신탄진로 200 (연축동),0634304272,일반저장,CO,630-08-0,7.1㎥,20230507,대전광역본부
2497,한국표준과학연구원,대전광역시 유성구 가정로 267 (도룡동),0428685888,일반저장,아황산가스,7446-09-5,.117Ton,20171229,대전광역본부
2498,한국표준과학연구원,대전광역시 유성구 가정로 267 (도룡동),0428685888,일반저장,일산화질소,10102-43-9,6.96㎥,20171229,대전광역본부
2499,한국표준과학연구원,대전광역시 유성구 가정로 267 (도룡동),0428685888,일반저장,암모니아,7664-41-7,.05Ton,20171229,대전광역본부
2500,한국표준과학연구원,대전광역시 유성구 가정로 267 (도룡동),0428685888,일반저장,염소,7782-50-5,.117Ton,20171229,대전광역본부
2501,한국표준과학연구원,대전광역시 유성구 가정로 267 (도룡동),0428685888,일반저장,사불화규소,7783-61-1,.051Ton,20171229,대전광역본부
2502,한국표준과학연구원,대전광역시 유성구 가정로 267 (도룡동),0428685888,일반저장,디실란,1590-87-0,6.96㎥,20171229,대전광역본부
2503,한국표준과학연구원,대전광역시 유성구 가정로 267 (도룡동),0428685888,일반저장,Bromomethane(CH3BR),74-83-9,.075Ton,20171229,대전광역본부
2504,한국표준과학연구원,대전광역시 유성구 가정로 267 (도룡동),0428685888,일반저장,일산화탄소,630-08-0,13.92㎥,20171229,대전광역본부
2505,한국표준과학연구원,대전광역시 유성구 가정로 267 (도룡동),0428685888,일반저장,불소,7782-41-4,6.96㎥,20171229,대전광역본부
2506,한국표준과학연구원,대전광역시 유성구 가정로 267 (도룡동),0428685888,일반저장,황화수소,7783-06-4,.031Ton,20171229,대전광역본부
2507,한국표준과학연구원,대전광역시 유성구 가정로 267 (도룡동),0428685888,일반저장,포스겐,75-44-5,.062Ton,20171229,대전광역본부
2508,한국표준과학연구원,대전광역시 유성구 가정로 267 (도룡동),0428685888,일반저장,브롬화수소,10035-10-6,.058Ton,20171229,대전광역본부
2509,한국표준과학연구원,대전광역시 유성구 가정로 267 (도룡동),0428685888,특고사용,암모니아,7664-41-7,25.3㎏,20160926,대전광역본부
2510,한국표준과학연구원,대전광역시 유성구 가정로 267 (도룡동),0428685888,특고사용,염소,7782-50-5,59㎏,20160926,대전광역본부
2511,한국표준과학연구원,대전광역시 유성구 가정로 267 (도룡동),0428685888,특고사용,모노실란,7803-62-5,7.1㎥,20160926,대전광역본부
2512,한국표준과학연구원,대전광역시 유성구 가정로 267 (도룡동),0428685888,특고사용,모노실란,7803-62-5,7.1㎥,20160926,대전광역본부
2513,한국표준과학연구원,대전광역시 유성구 가정로 267 (도룡동),0428685888,일반저장,염소,7782-50-5,.058Ton,20200821,대전광역본부
2514,한국표준과학연구원,대전광역시 유성구 가정로 267 (도룡동),0428685888,일반저장,포스핀,7803-51-2,.014Ton,20200821,대전광역본부
2515,한국표준과학연구원,대전광역시 유성구 가정로 267 (도룡동),0428685888,일반저장,알진,7784-42-1,.055Ton,20200821,대전광역본부
2516,한국표준과학연구원,대전광역시 유성구 가정로 267 (도룡동),0428685888,일반저장,암모니아,7664-41-7,.025Ton,20200821,대전광역본부
2517,한국표준과학연구원,대전광역시 유성구 가정로 267 (도룡동),0428685888,특고사용,모노실란,7803-62-5,7.1㎥,20220323,대전광역본부
2518,한국기계연구원,대전광역시 유성구 가정북로 156 (장동),0428687762,일반저장,삼불화붕소,7637-07-2,.06Ton,20100316,대전광역본부
2519,한국기계연구원,대전광역시 유성구 가정북로 156 (장동),0428687762,일반저장,염소,7782-50-5,.059Ton,20100316,대전광역본부
2520,한국기계연구원,대전광역시 유성구 가정북로 156 (장동),0428687762,일반저장,NH3,7664-41-7,.065Ton,20160404,대전광역본부
2521,한국기계연구원,대전광역시 유성구 가정북로 156 (장동),0428687762,일반저장,일산화탄소,630-08-0,21.3㎥,20160404,대전광역본부
2522,한국기계연구원,대전광역시 유성구 가정북로 156 (장동),0428687762,일반저장,SO2,7446-09-5,.113Ton,20160404,대전광역본부
2523,한국기계연구원,대전광역시 유성구 가정북로 156 (장동),0428687762,일반저장,NO,10102-43-9,7.1㎥,20160404,대전광역본부
2524,한국기계연구원,대전광역시 유성구 가정북로 156 (장동),0428687762,일반저장,암모니아,7664-41-7,.521Ton,20170626,대전광역본부
2525,한국기계연구원,대전광역시 유성구 가정북로 156 (장동),0428687762,특고사용,암모니아,7664-41-7,25.27㎏,20220216,대전광역본부
2526,한국기계연구원,대전광역시 유성구 가정북로 156 (장동),0428687762,특고사용,암모니아,7664-41-7,25.27㎏,20220216,대전광역본부
2527,한국기계연구원,대전광역시 유성구 가정북로 156 (장동),0428687762,특고사용,암모니아,7664-41-7,25.27㎏,20221128,대전광역본부
2528,한국기계연구원,대전광역시 유성구 가정북로 156 (장동),0428687762,일반제조,암모니아,7664-41-7,19.642Ton/day,20250322,대전광역본부
2529,한국기계연구원,대전광역시 유성구 가정북로 156 (장동),0428687762,일반제조,암모니아,7664-41-7,3.003Ton,20250322,대전광역본부
2530,한국기계연구원,대전광역시 유성구 가정북로 156 (장동),0428687762,특고사용,암모니아,7664-41-7,14.2㎥,20240830,대전광역본부
2531,한국기계연구원,대전광역시 유성구 가정북로 156 (장동),0428687762,특고사용,모노실란,7803-62-5,7.097㎥,20250313,대전광역본부
2532,한국기계연구원,대전광역시 유성구 가정북로 156 (장동),0428687762,특고사용,디보레인,19287-45-7,14.194㎥,20250619,대전광역본부
2533,한국기계연구원,대전광역시 유성구 가정북로 156 (장동),0428687762,특고사용,암모니아,7664-41-7,25.3㎏,20251210,대전광역본부
2534,솔브레인(주) 제4공장,충청남도 공주시 공단길 34-11,0418521636,특고사용,암모니아,7664-41-7,50.537㎏,20231212,대전광역본부
2535,롯데웰푸드(주) 대전공장,대전광역시 대덕구 문평동로18번길 21 (문평동) 롯데웰푸드(주),0429305131,냉동제조,암모니아,7664-41-7,749.2RT,19981020,대전광역본부
2536,한국기초과학지원연구원,대전광역시 유성구 과학로 169-148,0428653607,특고사용,암모니아,7664-41-7,25.27㎏,20190130,대전광역본부
2537,(주)빙그레 논산공장,충청남도 논산시 가야곡면 동안로 1413-10,0417401193,냉동제조,암모니아,7664-41-7,1032.78RT,19981007,대전광역본부
2538,매일유업(주) 청양공장,충청남도 청양군 청양읍 충절로 1355-58,0419405367,냉동제조,암모니아,7664-41-7,364.26RT,19980427,대전광역본부
2539,우일수산(주),충청남도 서천군 장항읍 장항공단길 64 (환경공무부),0419558100,냉동제조,암모니아,7664-41-7,510.35RT,19990311,대전광역본부
2540,한국원자력연구원,대전광역시 유성구 대덕대로989번길 111 (덕진동),0428684971,특고사용,암모니아,7664-41-7,5.55㎏,20131212,대전광역본부
2541,한국원자력연구원,대전광역시 유성구 대덕대로989번길 111 (덕진동),0428684971,특고사용,염소,7782-50-5,25㎏,20121018,대전광역본부
2542,한국원자력연구원,대전광역시 유성구 대덕대로989번길 111 (덕진동),0428684971,특고사용,염소,7782-50-5,58.9㎏,20190114,대전광역본부
2543,한국원자력연구원,대전광역시 유성구 대덕대로989번길 111 (덕진동),0428684971,특고사용,염소,7782-50-5,58.9㎏,20240502,대전광역본부
2544,창성특수가스,세종특별자치시 전의면 의당전의로 958-21,0448631119,일반판매,SiH4/N2,7803-62-5,0,19980319,대전광역본부
2545,창성특수가스,세종특별자치시 전의면 의당전의로 958-21,0448631119,일반판매,포스핀,7803-51-2,0,19980319,대전광역본부
2546,창성특수가스,세종특별자치시 전의면 의당전의로 958-21,0448631119,일반판매,디보레인,19287-45-7,0,19980319,대전광역본부
2547,창성특수가스,세종특별자치시 전의면 의당전의로 958-21,0448631119,일반판매,일산화질소,10102-43-9,0,19980319,대전광역본부
2548,창성특수가스,세종특별자치시 전의면 의당전의로 958-21,0448631119,일반판매,염소,7782-50-5,0,19980319,대전광역본부
2549,창성특수가스,세종특별자치시 전의면 의당전의로 958-21,0448631119,일반판매,암모니아,7664-41-7,0,19980319,대전광역본부
2550,창성특수가스,세종특별자치시 전의면 의당전의로 958-21,0448631119,일반판매,SO2,7446-09-5,0,19980319,대전광역본부
2551,창성특수가스,세종특별자치시 전의면 의당전의로 958-21,0448631119,일반판매,CO,630-08-0,0,19980319,대전광역본부
2552,창성특수가스,세종특별자치시 전의면 의당전의로 958-21,0448631119,일반판매,황화수소,7783-06-4,0,19980319,대전광역본부
2553,창성특수가스,세종특별자치시 전의면 의당전의로 958-21,0448631119,일반판매,사불화규소,7783-61-1,0,19980319,대전광역본부
2554,창성특수가스,세종특별자치시 전의면 의당전의로 958-21,0448631119,일반판매,삼불화붕소,7637-07-2,0,19980319,대전광역본부
2555,디아이지에어가스 주식회사,대전광역시 대덕구 신일동로 45 (신일동),0429356612,일반제조,모노실란,7803-62-5,4890㎥,20010428,대전광역본부
2556,디아이지에어가스 주식회사,대전광역시 대덕구 신일동로 45 (신일동),0429356612,일반제조,모노실란,7803-62-5,748.8N㎥/day,20010428,대전광역본부
2557,디아이지에어가스 주식회사,대전광역시 대덕구 신일동로 45 (신일동),0429356612,특고사용,암모니아,7664-41-7,25.3㎏,20230828,대전광역본부
2558,대천식품,충청남도 보령시 해안로 125(구)케이씨냉동,0419353117,냉동제조,암모니아,7664-41-7,176.12RT,19980629,대전광역본부
2559,대천식품,충청남도 보령시 해안로 125(구)케이씨냉동,0419353117,냉동제조,암모니아,7664-41-7,64.58RT,20000629,대전광역본부
2560,디엘케미칼(주) 대덕연구소,대전광역시 유성구 신성남로 106 (신성동) HSE,0428697123,특고사용,삼불화붕소,7637-07-2,27㎏,20130425,대전광역본부
2561,솔브레인(주) 제2공장,충청남도 공주시 공단길 34-12,0418400215,특고사용,암모니아,7664-41-7,50.537㎏,20231212,대전광역본부
2562,애경케미칼 주식회사,대전광역시 유성구 신성남로 120,0428790030,특고사용,염소,7782-50-5,235㎏,20170811,대전광역본부
2563,한국수력원자력(주)중앙연구원,대전광역시 유성구 유성대로1312번길 70 (장동),0428705174,일반저장,암모니아,7664-41-7,.11Ton,20180313,대전광역본부
2564,타이슨푸드코리아 유한회사,세종특별자치시 전의면 산단길 121,0448629860,냉동제조,암모니아,7664-41-7,281.95RT,20130418,대전광역본부
2565,타이슨푸드코리아 유한회사,세종특별자치시 전의면 산단길 121,0448629860,냉동제조,암모니아,7664-41-7,103.08RT,20150918,대전광역본부
2566,오천영어조합법인(선진냉동),충청남도 보령시 해안로 505,0419333243,냉동제조,암모니아,7664-41-7,215.6RT,20020409,대전광역본부
2567,(주)세종산업가스,세종특별자치시 전동면 운주산로 638,0448659505,일반판매,포스핀,7803-51-2,0,20040603,대전광역본부
2568,(주)세종산업가스,세종특별자치시 전동면 운주산로 638,0448659505,일반판매,산화에틸렌,75-21-8,0,20040603,대전광역본부
2569,(주)세종산업가스,세종특별자치시 전동면 운주산로 638,0448659505,일반판매,삼불화붕소,7637-07-2,0,20040603,대전광역본부
2570,(주)세종산업가스,세종특별자치시 전동면 운주산로 638,0448659505,일반판매,디메틸아민(DMA),124-40-3,0,20040603,대전광역본부
2571,(주)세종산업가스,세종특별자치시 전동면 운주산로 638,0448659505,일반판매,브롬화수소,10035-10-6,0,20040603,대전광역본부
2572,(주)세종산업가스,세종특별자치시 전동면 운주산로 638,0448659505,일반판매,아황산가스,7446-09-5,0,20040603,대전광역본부
2573,(주)세종산업가스,세종특별자치시 전동면 운주산로 638,0448659505,일반판매,디실란,1590-87-0,0,20040603,대전광역본부
2574,(주)세종산업가스,세종특별자치시 전동면 운주산로 638,0448659505,일반판매,모노실란,7803-62-5,0,20040603,대전광역본부
2575,(주)세종산업가스,세종특별자치시 전동면 운주산로 638,0448659505,일반판매,염화수소,7647-01-0,0,20040603,대전광역본부
2576,(주)세종산업가스,세종특별자치시 전동면 운주산로 638,0448659505,일반판매,황화수소,7783-06-4,0,20040603,대전광역본부
2577,(주)세종산업가스,세종특별자치시 전동면 운주산로 638,0448659505,일반판매,삼염화붕소,10294-34-5,0,20040603,대전광역본부
2578,(주)세종산업가스,세종특별자치시 전동면 운주산로 638,0448659505,일반판매,사불화규소,7783-61-1,0,20040603,대전광역본부
2579,(주)세종산업가스,세종특별자치시 전동면 운주산로 638,0448659505,일반판매,염소,7782-50-5,0,20040603,대전광역본부
2580,(주)세종산업가스,세종특별자치시 전동면 운주산로 638,0448659505,일반판매,암모니아,7664-41-7,,20040603,대전광역본부
2581,(주)세종산업가스,세종특별자치시 전동면 운주산로 638,0448659505,일반판매,염화수소,7647-01-0,0,20040603,대전광역본부
2582,(주)세종산업가스,세종특별자치시 전동면 운주산로 638,0448659505,일반판매,일산화탄소,630-08-0,0,20040603,대전광역본부
2583,중부산업가스(주),세종특별자치시 부강면 시목부강로 622,0442752387,일반판매,암모니아,7664-41-7,0,20040605,대전광역본부
2584,고려제빙,충청남도 논산시 부적면 계백로1546번길 19,0417334124,냉동제조,암모니아,7664-41-7,31.1RT,20030729,대전광역본부
2585,나노종합기술원(한국과학기술원),대전광역시 유성구 대학로 291 (구성동) 운영정보실,0423662055,일반저장,브롬화수소,10035-10-6,.043Ton,20050418,대전광역본부
2586,나노종합기술원(한국과학기술원),대전광역시 유성구 대학로 291 (구성동) 운영정보실,0423662055,일반저장,모노실란,7803-62-5,6.92㎥,20050418,대전광역본부
2587,나노종합기술원(한국과학기술원),대전광역시 유성구 대학로 291 (구성동) 운영정보실,0423662055,일반저장,육불화텅스텐,7783-82-6,.019Ton,20050418,대전광역본부
2588,나노종합기술원(한국과학기술원),대전광역시 유성구 대학로 291 (구성동) 운영정보실,0423662055,일반저장,SIH4/H2,7803-62-5,6.92㎥,20050418,대전광역본부
2589,나노종합기술원(한국과학기술원),대전광역시 유성구 대학로 291 (구성동) 운영정보실,0423662055,일반저장,염화수소,7647-01-0,.006Ton,20050418,대전광역본부
2590,나노종합기술원(한국과학기술원),대전광역시 유성구 대학로 291 (구성동) 운영정보실,0423662055,일반저장,암모니아,7664-41-7,.1Ton,20050418,대전광역본부
2591,나노종합기술원(한국과학기술원),대전광역시 유성구 대학로 291 (구성동) 운영정보실,0423662055,일반저장,NO,10102-43-9,6.92㎥,20050418,대전광역본부
2592,나노종합기술원(한국과학기술원),대전광역시 유성구 대학로 291 (구성동) 운영정보실,0423662055,일반저장,일산화탄소,630-08-0,6.92㎥,20050418,대전광역본부
2593,나노종합기술원(한국과학기술원),대전광역시 유성구 대학로 291 (구성동) 운영정보실,0423662055,일반저장,포스핀,7803-51-2,2.52㎥,20050418,대전광역본부
2594,나노종합기술원(한국과학기술원),대전광역시 유성구 대학로 291 (구성동) 운영정보실,0423662055,일반저장,삼염화붕소,10294-34-5,.033Ton,20050418,대전광역본부
2595,나노종합기술원(한국과학기술원),대전광역시 유성구 대학로 291 (구성동) 운영정보실,0423662055,일반저장,염소,7782-50-5,.025Ton,20050418,대전광역본부
2596,대전광역시 상수도사업본부 신탄진정수사업소,대전광역시 대덕구 신탄진로756번안길 223 (용호동),0427156534,일반저장,염소,7782-50-5,18Ton,20050511,대전광역본부
2597,보령수산업협동조합,충청남도 보령시 대천항중앙길 78 보령수협제빙 냉동공장,0419325007,냉동제조,암모니아,7664-41-7,102.28RT,20060324,대전광역본부
2598,보령수산업협동조합,충청남도 보령시 대천항중앙길 78 보령수협제빙 냉동공장,0419325007,냉동제조,암모니아,7664-41-7,159.8RT,20140324,대전광역본부
2599,(주)PSG,세종특별자치시 전동면 하노장5길 14,0448631661,일반판매,브롬화수소,10035-10-6,0,20090430,대전광역본부
2600,(주)PSG,세종특별자치시 전동면 하노장5길 14,0448631661,일반판매,육불화텅스텐,7783-82-6,0,20090430,대전광역본부
2601,(주)PSG,세종특별자치시 전동면 하노장5길 14,0448631661,일반판매,염소,7782-50-5,0,20090430,대전광역본부
2602,(주)PSG,세종특별자치시 전동면 하노장5길 14,0448631661,일반판매,불소,7782-41-4,0,20090430,대전광역본부
2603,(주)PSG,세종특별자치시 전동면 하노장5길 14,0448631661,일반판매,황화수소,7783-06-4,0,20090430,대전광역본부
2604,(주)PSG,세종특별자치시 전동면 하노장5길 14,0448631661,일반판매,불화수소,7664-39-3,0,20090430,대전광역본부
2605,(주)PSG,세종특별자치시 전동면 하노장5길 14,0448631661,일반판매,일산화질소,10102-43-9,0,20090430,대전광역본부
2606,(주)PSG,세종특별자치시 전동면 하노장5길 14,0448631661,일반판매,포스핀,7803-51-2,0,20090430,대전광역본부
2607,(주)PSG,세종특별자치시 전동면 하노장5길 14,0448631661,일반판매,모노실란,7803-62-5,0,20090430,대전광역본부
2608,(주)PSG,세종특별자치시 전동면 하노장5길 14,0448631661,일반판매,일산화탄소,630-08-0,0,20090430,대전광역본부
2609,(주)PSG,세종특별자치시 전동면 하노장5길 14,0448631661,일반판매,염화수소,7647-01-0,0,20090430,대전광역본부
2610,(주)PSG,세종특별자치시 전동면 하노장5길 14,0448631661,일반판매,삼염화붕소,10294-34-5,0,20090430,대전광역본부
2611,(주)PSG,세종특별자치시 전동면 하노장5길 14,0448631661,일반판매,아황산가스,7446-09-5,0,20090430,대전광역본부
2612,(주)PSG,세종특별자치시 전동면 하노장5길 14,0448631661,일반판매,디실란,1590-87-0,0,20090430,대전광역본부
2613,(주)PSG,세종특별자치시 전동면 하노장5길 14,0448631661,일반판매,디메틸아민(DMA),124-40-3,0,20090430,대전광역본부
2614,(주)PSG,세종특별자치시 전동면 하노장5길 14,0448631661,일반판매,디보레인,19287-45-7,0,20090430,대전광역본부
2615,(주)PSG,세종특별자치시 전동면 하노장5길 14,0448631661,일반판매,모노게르만,7782-65-2,0,20090430,대전광역본부
2616,(주)뉴올,충청남도 공주시 정안면 정안농공단지길 41,0418588820,특고사용,암모니아,7664-41-7,400㎏,20121023,대전광역본부
2617,리드가스케미컬 주식회사,대전광역시 대덕구 대화로52번길 163 (대화동),0426281644,일반판매,염소,7782-50-5,0,20070305,대전광역본부
2618,리드가스케미컬 주식회사,대전광역시 대덕구 대화로52번길 163 (대화동),0426281644,일반판매,일산화탄소,630-08-0,0,20070305,대전광역본부
2619,리드가스케미컬 주식회사,대전광역시 대덕구 대화로52번길 163 (대화동),0426281644,일반판매,암모니아,7664-41-7,0,20070305,대전광역본부
2620,리드가스케미컬 주식회사,대전광역시 대덕구 대화로52번길 163 (대화동),0426281644,일반판매,암모니아,7664-41-7,0,20070305,대전광역본부
2621,에스케이이노베이션(주),대전광역시 유성구 엑스포로 325 (원촌동),0426098114,일반저장,SiH4,7803-62-5,7.097㎥,20180502,대전광역본부
2622,에스케이이노베이션(주),대전광역시 유성구 엑스포로 325 (원촌동),0426098114,일반제조,산화프로필렌,75-56-9,.012Ton/day,20220617,대전광역본부
2623,에스케이이노베이션(주),대전광역시 유성구 엑스포로 325 (원촌동),0426098114,특고사용,모노실란,7803-62-5,14.194㎥,20221205,대전광역본부
2624,에스케이이노베이션(주),대전광역시 유성구 엑스포로 325 (원촌동),0426098114,특고사용,암모니아,7664-41-7,83.332㎏,20221122,대전광역본부
2625,에스케이이노베이션(주),대전광역시 유성구 엑스포로 325 (원촌동),0426098114,일반제조,NH3,7664-41-7,.023N㎥/day,20240610,대전광역본부
2626,에스케이이노베이션(주),대전광역시 유성구 엑스포로 325 (원촌동),0426098114,일반제조,H2S,7783-06-4,.775N㎥/day,20240610,대전광역본부
2627,중앙산업가스(주),대전광역시 대덕구 대전로 1331 중앙산업가스,0426232201,일반판매,황화수소,7783-06-4,0,20050616,대전광역본부
2628,중앙산업가스(주),대전광역시 대덕구 대전로 1331 중앙산업가스,0426232201,일반판매,아황산가스,7446-09-5,0,20050616,대전광역본부
2629,중앙산업가스(주),대전광역시 대덕구 대전로 1331 중앙산업가스,0426232201,일반판매,염화수소,7647-01-0,0,20050616,대전광역본부
2630,중앙산업가스(주),대전광역시 대덕구 대전로 1331 중앙산업가스,0426232201,일반판매,디실란,1590-87-0,0,20050616,대전광역본부
2631,중앙산업가스(주),대전광역시 대덕구 대전로 1331 중앙산업가스,0426232201,일반판매,모노실란,7803-62-5,0,20050616,대전광역본부
2632,중앙산업가스(주),대전광역시 대덕구 대전로 1331 중앙산업가스,0426232201,일반판매,암모니아,7664-41-7,0,20050616,대전광역본부
2633,중앙산업가스(주),대전광역시 대덕구 대전로 1331 중앙산업가스,0426232201,일반판매,산화에틸렌,75-21-8,0,20050616,대전광역본부
2634,중앙산업가스(주),대전광역시 대덕구 대전로 1331 중앙산업가스,0426232201,일반판매,일산화질소,10102-43-9,0,20050616,대전광역본부
2635,(주)디엔에프,대전광역시 대덕구 대화로132번길 142 (대화동),0429327939,일반저장,암모니아,7664-41-7,1Ton,20080922,대전광역본부
2636,(주)디엔에프,대전광역시 대덕구 대화로132번길 142 (대화동),0429327939,일반저장,디메틸아민(DMA),124-40-3,.957Ton,20080922,대전광역본부
2637,(주)디엔에프,대전광역시 대덕구 대화로132번길 142 (대화동),0429327939,일반저장,암모니아,7664-41-7,.043Ton,20080922,대전광역본부
2638,(주)디엔에프,대전광역시 대덕구 대화로132번길 142 (대화동),0429327939,특고사용,암모니아,7664-41-7,51.54㎏,20241022,대전광역본부
2639,세종특별자치시 시설관리공단(은하수공원),세종특별자치시 정안세종로 1527 (산울동),0448501342,특고사용,암모니아,7664-41-7,225.806㎏,20200409,대전광역본부
2640,(주)비에스부여공장,충청남도 부여군 홍산면 비홍로 39-6,0418361045,특고사용,암모니아,7664-41-7,200㎏,20090315,대전광역본부
2641,(주)엠에스머트리얼즈,충청남도 공주시 우성면 군량골길 25-52,0418565551,일반충전,암모니아,7664-41-7,.005Ton,20100913,대전광역본부
2642,(주)엠에스머트리얼즈,충청남도 공주시 우성면 군량골길 25-52,0418565551,일반충전,일산화질소,10102-43-9,6.956㎥,20100913,대전광역본부
2643,(주)엠에스머트리얼즈,충청남도 공주시 우성면 군량골길 25-52,0418565551,일반충전,아황산가스,7446-09-5,.013Ton,20100913,대전광역본부
2644,(주)엠에스머트리얼즈,충청남도 공주시 우성면 군량골길 25-52,0418565551,일반충전,삼염화붕소,10294-34-5,.006Ton,20100913,대전광역본부
2645,(주)엠에스머트리얼즈,충청남도 공주시 우성면 군량골길 25-52,0418565551,일반충전,일산화탄소,630-08-0,1㎥,20100913,대전광역본부
2646,(주)엠에스머트리얼즈,충청남도 공주시 우성면 군량골길 25-52,0418565551,일반충전,염화메탄,74-87-3,1.334Ton,20151209,대전광역본부
2647,(주)엠에스머트리얼즈,충청남도 공주시 우성면 군량골길 25-52,0418565551,일반충전,염화수소,7647-01-0,4.851Ton,20171113,대전광역본부
2648,서천군수산업협동조합,충청남도 서천군 장항읍 장산로 354-3,0419566834,냉동제조,암모니아,7664-41-7,94.22RT,20100518,대전광역본부
2649,(주)아워홈계룡공장,충청남도 계룡시 두마면 제1산단로 26-21,0427199200,냉동제조,암모니아,7664-41-7,138RT,20100714,대전광역본부
2650,솔브레인(주) 제6공장,충청남도 공주시 공단길 44 (검상동),0418400227,일반저장,암모니아,7664-41-7,9.914Ton,20101203,대전광역본부
2651,솔브레인(주) 제6공장,충청남도 공주시 공단길 44 (검상동),0418400227,일반저장,암모니아,7664-41-7,19.829Ton,20101203,대전광역본부
2652,솔브레인(주) 제6공장,충청남도 공주시 공단길 44 (검상동),0418400227,일반저장,암모니아,7664-41-7,19.829Ton,20101203,대전광역본부
2653,솔브레인(주) 제6공장,충청남도 공주시 공단길 44 (검상동),0418400227,일반저장,암모니아,7664-41-7,19.829Ton,20101203,대전광역본부
2654,솔브레인(주) 제6공장,충청남도 공주시 공단길 44 (검상동),0418400227,일반저장,암모니아,7664-41-7,19.829Ton,20101203,대전광역본부
2655,솔브레인(주) 제6공장,충청남도 공주시 공단길 44 (검상동),0418400227,일반저장,불소,7782-41-4,483.2㎥,20160104,대전광역본부
2656,월드에너시스,대전광역시 유성구 원계산로 192 (계산동),0428236073,일반판매,포스겐,75-44-5,0,20100927,대전광역본부
2657,월드에너시스,대전광역시 유성구 원계산로 192 (계산동),0428236073,일반판매,황화수소,7783-06-4,0,20100927,대전광역본부
2658,월드에너시스,대전광역시 유성구 원계산로 192 (계산동),0428236073,일반판매,암모니아,7664-41-7,0,20100927,대전광역본부
2659,월드에너시스,대전광역시 유성구 원계산로 192 (계산동),0428236073,일반판매,염화수소,7647-01-0,0,20100927,대전광역본부
2660,월드에너시스,대전광역시 유성구 원계산로 192 (계산동),0428236073,일반충전,CO,630-08-0,7.097㎥,20220922,대전광역본부
2661,월드에너시스,대전광역시 유성구 원계산로 192 (계산동),0428236073,일반충전,CO,630-08-0,99.358㎥,20220922,대전광역본부
2662,(주)원익머트리얼즈,세종특별자치시 전의면 산단길 21-125,0432104300,일반제조,암모니아,7664-41-7,1.16Ton,20130422,대전광역본부
2663,(주)원익머트리얼즈,세종특별자치시 전의면 산단길 21-125,0432104300,일반제조,암모니아,7664-41-7,.036Ton/day,20130422,대전광역본부
2664,(주)원익머트리얼즈,세종특별자치시 전의면 산단길 21-125,0432104300,일반제조,일산화질소,10102-43-9,210㎥,20130422,대전광역본부
2665,(주)원익머트리얼즈,세종특별자치시 전의면 산단길 21-125,0432104300,일반제조,일산화질소,10102-43-9,210㎥,20130422,대전광역본부
2666,(주)원익머트리얼즈,세종특별자치시 전의면 산단길 21-125,0432104300,일반제조,일산화질소,10102-43-9,.053Ton/day,20130422,대전광역본부
2667,(주)원익머트리얼즈,세종특별자치시 전의면 산단길 21-125,0432104300,일반충전,염화수소,7647-01-0,3.341Ton,20161124,대전광역본부
2668,(주)원익머트리얼즈,세종특별자치시 전의면 산단길 21-125,0432104300,일반충전,불소,7782-41-4,28.388㎥,20161124,대전광역본부
2669,(주)원익머트리얼즈,세종특별자치시 전의면 산단길 21-125,0432104300,일반저장,암모니아,7664-41-7,.025Ton,20171222,대전광역본부
2670,공주시 추모공원(공주 나래원),충청남도 공주시 이인면 삼배실길 70,0418408985,특고사용,암모니아,7664-41-7,240㎏,20210405,대전광역본부
2671,램테크놀러지(주),충청남도 금산군 군북면 군북로 1056,0417546470,특고사용,암모니아,7664-41-7,950㎏,20110222,대전광역본부
2672,램테크놀러지(주),충청남도 금산군 군북면 군북로 1056,0417546470,일반저장,암모니아,7664-41-7,19.225Ton,20130823,대전광역본부
2673,스페셜가스,대전광역시 대덕구 신탄진로315번길 68 (신대동),0429338411,일반충전,암모니아,7664-41-7,.054Ton,20120910,대전광역본부
2674,스페셜가스,대전광역시 대덕구 신탄진로315번길 68 (신대동),0429338411,일반충전,황화수소,7783-06-4,6.96㎥,20120910,대전광역본부
2675,스페셜가스,대전광역시 대덕구 신탄진로315번길 68 (신대동),0429338411,일반충전,일산화탄소,630-08-0,6.96㎥,20120910,대전광역본부
2676,스페셜가스,대전광역시 대덕구 신탄진로315번길 68 (신대동),0429338411,일반충전,아황산가스,7446-09-5,6.96㎥,20120910,대전광역본부
2677,스페셜가스,대전광역시 대덕구 신탄진로315번길 68 (신대동),0429338411,일반판매,모노실란,7803-62-5,0,20120709,대전광역본부
2678,스페셜가스,대전광역시 대덕구 신탄진로315번길 68 (신대동),0429338411,일반판매,디실란,1590-87-0,0,20120709,대전광역본부
2679,스페셜가스,대전광역시 대덕구 신탄진로315번길 68 (신대동),0429338411,일반판매,암모니아,7664-41-7,0,20120709,대전광역본부
2680,스페셜가스,대전광역시 대덕구 신탄진로315번길 68 (신대동),0429338411,일반판매,염화수소,7647-01-0,0,20120709,대전광역본부
2681,스페셜가스,대전광역시 대덕구 신탄진로315번길 68 (신대동),0429338411,일반판매,일산화탄소,630-08-0,0,20120709,대전광역본부
2682,스페셜가스,대전광역시 대덕구 신탄진로315번길 68 (신대동),0429338411,일반판매,염소,7782-50-5,0,20120709,대전광역본부
2683,스페셜가스,대전광역시 대덕구 신탄진로315번길 68 (신대동),0429338411,일반판매,일산화질소,10102-43-9,0,20120709,대전광역본부
2684,스페셜가스,대전광역시 대덕구 신탄진로315번길 68 (신대동),0429338411,일반판매,아황산가스,7446-09-5,0,20120709,대전광역본부
2685,스페셜가스,대전광역시 대덕구 신탄진로315번길 68 (신대동),0429338411,일반판매,산화에틸렌,75-21-8,0,20120709,대전광역본부
2686,스페셜가스,대전광역시 대덕구 신탄진로315번길 68 (신대동),0429338411,일반판매,황화수소,7783-06-4,0,20120709,대전광역본부
2687,(주)솔로케미칼,세종특별자치시 전의면 세종로 3594,0448688984,일반판매,암모니아,7664-41-7,0,20120912,대전광역본부
2688,디아이지에어가스 주식회사,충청남도 공주시 공단길 57 (검상동),0414006100,일반제조,일산화탄소,630-08-0,806.4N㎥/day,20220221,대전광역본부
2689,디아이지에어가스 주식회사,충청남도 공주시 공단길 57 (검상동),0414006100,일반저장,NH3,7664-41-7,.005Ton,20220221,대전광역본부
2690,디아이지에어가스 주식회사,충청남도 공주시 공단길 57 (검상동),0414006100,일반저장,CO,630-08-0,99.358㎥,20220221,대전광역본부
2691,(주)제일가스산업,세종특별자치시 부강면 부강금호로 97,0442684001,일반판매,모노실란,7803-62-5,0,20120711,대전광역본부
2692,(주)제일가스산업,세종특별자치시 부강면 부강금호로 97,0442684001,일반판매,디실란,1590-87-0,0,20120711,대전광역본부
2693,(주)제일가스산업,세종특별자치시 부강면 부강금호로 97,0442684001,일반판매,황화수소,7783-06-4,0,20120711,대전광역본부
2694,(주)제일가스산업,세종특별자치시 부강면 부강금호로 97,0442684001,일반판매,산화에틸렌,75-21-8,0,20120711,대전광역본부
2695,(주)제일가스산업,세종특별자치시 부강면 부강금호로 97,0442684001,일반판매,아황산가스,7446-09-5,0,20120711,대전광역본부
2696,(주)제일가스산업,세종특별자치시 부강면 부강금호로 97,0442684001,일반판매,일산화질소,10102-43-9,0,20120711,대전광역본부
2697,(주)제일가스산업,세종특별자치시 부강면 부강금호로 97,0442684001,일반판매,염소,7782-50-5,0,20120711,대전광역본부
2698,(주)제일가스산업,세종특별자치시 부강면 부강금호로 97,0442684001,일반판매,일산화탄소,630-08-0,0,20120711,대전광역본부
2699,(주)제일가스산업,세종특별자치시 부강면 부강금호로 97,0442684001,일반판매,염화수소,7647-01-0,0,20120711,대전광역본부
2700,(주)제일가스산업,세종특별자치시 부강면 부강금호로 97,0442684001,일반판매,암모니아,7664-41-7,0,20120711,대전광역본부
2701,에어리퀴드어드밴스드머티어리얼즈코리아(주),세종특별자치시 전의면 산단길 21-171,0448610500,일반제조,모노게르만,7782-65-2,1034.32㎥,20120430,대전광역본부
2702,에어리퀴드어드밴스드머티어리얼즈코리아(주),세종특별자치시 전의면 산단길 21-171,0448610500,일반제조,모노게르만,7782-65-2,82.1㎥,20120430,대전광역본부
2703,에어리퀴드어드밴스드머티어리얼즈코리아(주),세종특별자치시 전의면 산단길 21-171,0448610500,일반제조,모노게르만,7782-65-2,29.6N㎥/day,20120430,대전광역본부
2704,에어리퀴드어드밴스드머티어리얼즈코리아(주),세종특별자치시 전의면 산단길 21-171,0448610500,일반제조,삼불화붕소,7637-07-2,4861㎥,20231211,대전광역본부
2705,한국중부발전(주) 신보령발전본부,충청남도 보령시 주교면 송도길 201 신보령발전본부,07075118157,일반저장,암모니아,7664-41-7,92.054Ton,20161024,대전광역본부
2706,한국중부발전(주) 신보령발전본부,충청남도 보령시 주교면 송도길 201 신보령발전본부,07075118157,일반저장,암모니아,7664-41-7,92.054Ton,20161024,대전광역본부
2707,(주)제이앤드에프,대전광역시 대덕구 대화로106번길 55 (대화동2공단비-5),07049071551,특고사용,암모니아,7664-41-7,314.5㎏,20140120,대전광역본부
2708,(주)광진,충청남도 보령시 황골길 47,0419361114,일반판매,암모니아,7664-41-7,0,20150902,대전광역본부
2709,(주)광진,충청남도 보령시 황골길 47,0419361114,일반판매,산화에틸렌,75-21-8,0,20150902,대전광역본부
2710,주식회사제니컴,대전광역시 유성구 배울1로 273,0424727458,특고사용,암모니아,7664-41-7,151.608㎏,20220923,대전광역본부
2711,엣지파운드리㈜,대전광역시 유성구 엑스포로 385 (문지동),0426201026,일반저장,B2H6/H2,19287-45-7,7.097㎥,20211203,대전광역본부
2712,엣지파운드리㈜,대전광역시 유성구 엑스포로 385 (문지동),0426201026,일반저장,염소,7782-50-5,58.75㎏,20211203,대전광역본부
2713,엣지파운드리㈜,대전광역시 유성구 엑스포로 385 (문지동),0426201026,일반저장,모노실란,7803-62-5,7.097㎥,20211203,대전광역본부
2714,엣지파운드리㈜,대전광역시 유성구 엑스포로 385 (문지동),0426201026,일반저장,암모니아,7664-41-7,25.326㎏,20211203,대전광역본부
2715,빙그레산업가스테크,대전광역시 동구 하소중로 66,0422732043,일반판매,암모니아,7664-41-7,0,20161124,대전광역본부
2716,빙그레산업가스테크,대전광역시 동구 하소중로 66,0422732043,일반판매,일산화탄소,630-08-0,0,20161124,대전광역본부
2717,(주)동양에이케이코리아,세종특별자치시 연동면 원합강1길 70,0448626082,특고사용,염소,7782-50-5,100㎏,20160420,대전광역본부
2718,에스케이트리켐(주),세종특별자치시 연동면 명학산단로 110-5,0449020228,특고사용,암모니아,7664-41-7,50.54㎏,20170425,대전광역본부
2719,에스케이트리켐(주),세종특별자치시 연동면 명학산단로 110-5,0449020228,특고사용,염소,7782-50-5,58.75㎏,20220930,대전광역본부
2720,에스케이트리켐(주),세종특별자치시 연동면 명학산단로 110-5,0449020228,특고사용,암모니아,7664-41-7,50.536㎏,20230210,대전광역본부
2721,에스케이트리켐(주),세종특별자치시 연동면 명학산단로 110-5,0449020228,일반판매,PF3,7783-55-3,385.648㎏,20231116,대전광역본부
2722,에스케이트리켐(주),세종특별자치시 연동면 명학산단로 110-5,0449020228,특고사용,삼불화인,7783-55-3,42.67㎏,20260211,대전광역본부
2723,에스엔텍,세종특별자치시 전의면 세종로 3906,0415348406,일반판매,염소,7782-50-5,0,20180719,대전광역본부
2724,에스엔텍,세종특별자치시 전의면 세종로 3906,0415348406,일반판매,산화에틸렌,75-21-8,0,20180719,대전광역본부
2725,에스엔텍,세종특별자치시 전의면 세종로 3906,0415348406,일반판매,아황산가스,7446-09-5,0,20180719,대전광역본부
2726,(주)아이브이웍스,대전광역시 유성구 엑스포로339번길 10-27,0423842200,일반저장,모노실란,7803-62-5,13.823㎥,20211208,대전광역본부
2727,(주)아이브이웍스,대전광역시 유성구 엑스포로339번길 10-27,0423842200,일반저장,암모니아,7664-41-7,.1Ton,20211208,대전광역본부
2728,(주)삼오특수가스(와동판매점),대전광역시 대덕구 신탄진로 317,0426222491,일반판매,암모니아,7664-41-7,0,20181122,대전광역본부
2729,(주)삼오특수가스(와동판매점),대전광역시 대덕구 신탄진로 317,0426222491,일반판매,일산화탄소,630-08-0,0,20181122,대전광역본부
2730,두원공업,세종특별자치시 연동면 응암2길 130,0448629651,특고사용,암모니아,7664-41-7,903.36㎏,20190208,대전광역본부
2731,솔브레인(주) 제3공장,충청남도 공주시 공단길 34-32,0418400268,특고사용,암모니아,7664-41-7,88.8㎏,20220704,대전광역본부
2732,솔브레인(주) 제3공장,충청남도 공주시 공단길 34-32,0418400268,일반판매,요오드화수소,10034-85-2,207.33㎥,20241023,대전광역본부
2733,솔브레인(주) 제3공장,충청남도 공주시 공단길 34-32,0418400268,일반판매,요오드화수소,10034-85-2,698.64㎏,20241023,대전광역본부
2734,(주)디엔에프(대화2공장),대전광역시 대덕구 대전로1331번길 190,0429327939,특고사용,암모니아,7664-41-7,101.08㎏,20231204,대전광역본부
2735,솔브레인(주) 제5공장,충청남도 공주시 공단길 40 (검상동),0418400268,일반저장,불소,7782-41-4,483.2㎥,20190902,대전광역본부
2736,충남열처리,대전광역시 대덕구 대화로32번길 132,0426736917,특고사용,암모니아,7664-41-7,200㎏,20190515,대전광역본부
2737,제이엔에프(주),충청남도 공주시 정안면 정안농공단지길 32-172,0418573666,특고사용,암모니아,7664-41-7,25.263㎏,20200420,대전광역본부
2738,(주)진화금속,세종특별자치시 전동면 노장공단길 36,0448628482,특고사용,암모니아,7664-41-7,236.52㎏,20201103,대전광역본부
2739,버슘머트리얼즈코리아,대전광역시 유성구 엑스포로339번길 10-5,07041348266,특고사용,암모니아,7664-41-7,25.268㎏,20220906,대전광역본부
2740,(주)이엔코아,대전광역시 대덕구 신일서로67번길 52 A3,0429326668,특고사용,암모니아,7664-41-7,75.81㎏,20250204,대전광역본부
2741,에스케이온(주) 대전사업장,대전광역시 유성구 엑스포로 325,0221215114,특고사용,모노실란,7803-62-5,7.097㎥,20240516,대전광역본부
2742,솔브레인(주) 제10공장,충청남도 공주시 공단길 28,0418400268,일반저장,불소,7782-41-4,592.2㎥,20221014,대전광역본부
2743,인투코어테크놀로지(주),대전광역시 유성구 죽동로 77,0428629411,특고사용,암모니아,7664-41-7,25.27㎏,20220218,대전광역본부
2744,한국에너지기술연구원(태양광기업공동활용연구센터),대전광역시 유성구 국제과학6로 6 (신동),,특고사용,암모니아,7664-41-7,101.08㎏,20230830,대전광역본부
2745,한국에너지기술연구원(태양광기업공동활용연구센터),대전광역시 유성구 국제과학6로 6 (신동),,특고사용,1%B2H6/H2,19287-45-7,7.1㎥,20230830,대전광역본부
2746,한국에너지기술연구원(태양광기업공동활용연구센터),대전광역시 유성구 국제과학6로 6 (신동),,특고사용,포스핀+수소,7803-51-2,14.2㎥,20230830,대전광역본부
2747,한국에너지기술연구원(태양광기업공동활용연구센터),대전광역시 유성구 국제과학6로 6 (신동),,특고사용,모노실란,7803-62-5,28.2㎥,20230830,대전광역본부
2748,한국에너지기술연구원(태양광기업공동활용연구센터),대전광역시 유성구 국제과학6로 6 (신동),,특고사용,5%B2H6/N2,19287-45-7,14.2㎥,20230830,대전광역본부
2749,SK스페셜티/SK머티리얼즈퍼포먼스/그룹포틴테크놀로지스코리아 주식회사,세종특별자치시 연동면 명학산단로 130,,일반저장,염소,7782-50-5,.025Ton,20220401,대전광역본부
2750,SK스페셜티/SK머티리얼즈퍼포먼스/그룹포틴테크놀로지스코리아 주식회사,세종특별자치시 연동면 명학산단로 130,,일반저장,모노실란,7803-62-5,14.194㎥,20220401,대전광역본부
2751,SK스페셜티/SK머티리얼즈퍼포먼스/그룹포틴테크놀로지스코리아 주식회사,세종특별자치시 연동면 명학산단로 130,,일반저장,디실란,1590-87-0,.039Ton,20220401,대전광역본부
2752,SK스페셜티/SK머티리얼즈퍼포먼스/그룹포틴테크놀로지스코리아 주식회사,세종특별자치시 연동면 명학산단로 130,,일반저장,FNO,10102-43-9,.402㎥,20220401,대전광역본부
2753,SK스페셜티/SK머티리얼즈퍼포먼스/그룹포틴테크놀로지스코리아 주식회사,세종특별자치시 연동면 명학산단로 130,,일반저장,불소,7782-41-4,7.097㎥,20220401,대전광역본부
2754,SK스페셜티/SK머티리얼즈퍼포먼스/그룹포틴테크놀로지스코리아 주식회사,세종특별자치시 연동면 명학산단로 130,,일반저장,암모니아,7664-41-7,.025Ton,20220401,대전광역본부
2755,SK스페셜티/SK머티리얼즈퍼포먼스/그룹포틴테크놀로지스코리아 주식회사,세종특별자치시 연동면 명학산단로 130,,일반저장,B2H6,19287-45-7,7.097㎥,20220401,대전광역본부
2756,SK스페셜티/SK머티리얼즈퍼포먼스/그룹포틴테크놀로지스코리아 주식회사,세종특별자치시 연동면 명학산단로 130,,일반저장,암모니아,7664-41-7,.05Ton,20220401,대전광역본부
2757,SK스페셜티/SK머티리얼즈퍼포먼스/그룹포틴테크놀로지스코리아 주식회사,세종특별자치시 연동면 명학산단로 130,,일반저장,모노실란,7803-62-5,7.097㎥,20220401,대전광역본부
2758,(주)이맥케미칼,대전광역시 유성구 유성대로1184번길 38,0428675222,특고사용,암모니아,7664-41-7,5.4㎏,20221013,대전광역본부
2759,한국노블가스(주),대전광역시 대덕구 신탄진로349번길 26 (와동),0429323300,일반충전,삼불화붕소,7637-07-2,.072Ton,20250702,대전광역본부
2760,한국노블가스(주),대전광역시 대덕구 신탄진로349번길 26 (와동),0429323300,일반충전,불소,7782-41-4,7.097㎥,20250702,대전광역본부
2761,한국노블가스(주),대전광역시 대덕구 신탄진로349번길 26 (와동),0429323300,일반충전,염소,7782-50-5,.059Ton,20250702,대전광역본부
2762,한국노블가스(주),대전광역시 대덕구 신탄진로349번길 26 (와동),0429323300,일반충전,일산화질소,10102-43-9,7.097㎥,20250702,대전광역본부
2763,한국노블가스(주),대전광역시 대덕구 신탄진로349번길 26 (와동),0429323300,일반충전,SiF4,7783-61-1,7.097㎥,20250702,대전광역본부
2764,(주)리가스 제3공장,대전광역시 대덕구 대덕대로1284번길 17 (신일동),,일반충전,염화규소,10026-04-7,6.96㎥,20240930,대전광역본부
2765,(주)리가스 제3공장,대전광역시 대덕구 대덕대로1284번길 17 (신일동),,일반충전,일산화질소,10102-43-9,20.88㎥,20240930,대전광역본부
2766,(주)리가스 제3공장,대전광역시 대덕구 대덕대로1284번길 17 (신일동),,일반충전,사불화유황,7783-60-0,.018Ton,20240930,대전광역본부
2767,(주)리가스 제3공장,대전광역시 대덕구 대덕대로1284번길 17 (신일동),,일반충전,포스겐,75-44-5,.013Ton,20240930,대전광역본부
2768,(주)리가스 제3공장,대전광역시 대덕구 대덕대로1284번길 17 (신일동),,일반충전,황화수소,7783-06-4,.014Ton,20240930,대전광역본부
2769,(주)리가스 제3공장,대전광역시 대덕구 대덕대로1284번길 17 (신일동),,일반충전,사불화규소,7783-61-1,6.96㎥,20240930,대전광역본부
2770,(주)리가스 제3공장,대전광역시 대덕구 대덕대로1284번길 17 (신일동),,일반충전,디보란,19287-45-7,.006Ton,20240930,대전광역본부
2771,(주)리가스 제3공장,대전광역시 대덕구 대덕대로1284번길 17 (신일동),,일반충전,모노실란,7803-62-5,20.88㎥,20240930,대전광역본부
2772,(주)리가스 제3공장,대전광역시 대덕구 대덕대로1284번길 17 (신일동),,일반충전,브롬화수소,10035-10-6,.005Ton,20240930,대전광역본부
2773,(주)리가스 제3공장,대전광역시 대덕구 대덕대로1284번길 17 (신일동),,일반충전,Bromomethane(CH3BR),74-83-9,.016Ton,20240930,대전광역본부
2774,(주)리가스 제3공장,대전광역시 대덕구 대덕대로1284번길 17 (신일동),,일반충전,암모니아,7664-41-7,.011Ton,20240930,대전광역본부
2775,(주)리가스 제3공장,대전광역시 대덕구 대덕대로1284번길 17 (신일동),,일반충전,BCL3,10294-34-5,.061Ton,20240930,대전광역본부
2776,(주)리가스 제3공장,대전광역시 대덕구 대덕대로1284번길 17 (신일동),,일반충전,불화수소,7664-39-3,.013Ton,20240930,대전광역본부
2777,(주)리가스 제3공장,대전광역시 대덕구 대덕대로1284번길 17 (신일동),,일반충전,디실란,1590-87-0,.013Ton,20240930,대전광역본부
2778,(주)리가스 제3공장,대전광역시 대덕구 대덕대로1284번길 17 (신일동),,일반충전,트리메틸아민(TMA),75-50-3,.006Ton,20240930,대전광역본부
2779,(주)리가스 제3공장,대전광역시 대덕구 대덕대로1284번길 17 (신일동),,일반충전,이산화질소,10102-44-0,.065Ton,20240930,대전광역본부
2780,(주)리가스 제3공장,대전광역시 대덕구 대덕대로1284번길 17 (신일동),,일반충전,삼염화붕소,10294-34-5,.015Ton,20240930,대전광역본부
2781,(주)리가스 제3공장,대전광역시 대덕구 대덕대로1284번길 17 (신일동),,일반충전,일산화탄소,630-08-0,34.8㎥,20240930,대전광역본부
2782,(주)리가스 제3공장,대전광역시 대덕구 대덕대로1284번길 17 (신일동),,일반충전,SO2,7446-09-5,.059Ton,20240930,대전광역본부
2783,(주)리가스 제3공장,대전광역시 대덕구 대덕대로1284번길 17 (신일동),,일반충전,염소,7782-50-5,.059Ton,20240930,대전광역본부
2784,(주)리가스 제3공장,대전광역시 대덕구 대덕대로1284번길 17 (신일동),,일반충전,불소,7782-41-4,.011Ton,20240930,대전광역본부
2785,(주)리가스 제3공장,대전광역시 대덕구 대덕대로1284번길 17 (신일동),,일반충전,포스핀,7803-51-2,.033Ton,20240930,대전광역본부
2786,(주)리가스 제3공장,대전광역시 대덕구 대덕대로1284번길 17 (신일동),,일반충전,시안화수소,74-90-8,.001Ton,20240930,대전광역본부
2787,(주)리가스 제3공장,대전광역시 대덕구 대덕대로1284번길 17 (신일동),,일반충전,산화에틸렌,75-21-8,.008Ton,20240930,대전광역본부
2788,(주)리가스 제3공장,대전광역시 대덕구 대덕대로1284번길 17 (신일동),,일반충전,GEH4,7782-65-2,.029Ton,20240930,대전광역본부
2789,주식회사 레이크머티리얼즈 세종벤처밸리지점,세종특별자치시 전동면 벤처산단3로 17,0448653660,일반저장,염화메탄,74-87-3,28.708Ton,20250306,대전광역본부
2790,머티리얼즈파크 주식회사,충청남도 공주시 공단길 34-32 (검상동),,일반판매,요오드화수소,10034-85-2,207.33㎥,20250307,대전광역본부
2791,머티리얼즈파크 주식회사,충청남도 공주시 공단길 34-32 (검상동),,일반판매,요오드화수소,10034-85-2,698.64㎏,20250307,대전광역본부
2792,가스켐테크놀로지(주)공주지점,충청남도 공주시 이인면 만수리 587,0415817411,일반저장,B2H6,19287-45-7,248.5㎥,20250821,대전광역본부
2793,가스켐테크놀로지(주)공주지점,충청남도 공주시 이인면 만수리 587,0415817411,일반저장,BF3,7637-07-2,248.5㎥,20250821,대전광역본부
2794,가스켐테크놀로지(주)공주지점,충청남도 공주시 이인면 만수리 587,0415817411,일반저장,PH3,7803-51-2,248.5㎥,20250821,대전광역본부
2795,가스켐테크놀로지(주)공주지점,충청남도 공주시 이인면 만수리 587,0415817411,일반판매,염소,7782-50-5,0,20250919,대전광역본부
2796,가스켐테크놀로지(주)공주지점,충청남도 공주시 이인면 만수리 587,0415817411,일반판매,암모니아,7664-41-7,0,20250919,대전광역본부
2797,(주)아이작리서치,대전광역시 유성구 국제과학21로 50,07088104200,특고사용,암모니아,7664-41-7,25.268㎏,20250617,대전광역본부
2798,아이쓰리시스템(주),대전광역시 유성구 구룡동 823-1,0428209500,일반저장,CL2,7782-50-5,.059Ton,20251216,대전광역본부
2799,아이쓰리시스템(주),대전광역시 유성구 구룡동 823-1,0428209500,일반저장,SIH4/H2,7803-62-5,7.097㎥,20251216,대전광역본부
2800,창신화학(주),전라남도 여수시 여수산단로 534,0616855581,냉동제조,암모니아,7664-41-7,380RT,19900829,전남동부지사
2801,창신화학(주),전라남도 여수시 여수산단로 534,0616855581,냉동제조,암모니아,7664-41-7,74RT,19900829,전남동부지사
2802,순천 남정정수장,전라남도 순천시 남정5길 40 남정정수장,0617498979,일반저장,염소,7782-50-5,5Ton,19970318,전남동부지사
2803,아이씨케미칼,전라남도 여수시 여수산단4로 80,0616856717,일반저장,산화에틸렌,75-21-8,35.16Ton,19960624,전남동부지사
2804,남해화학(주),전라남도 여수시 여수산단로 1384,0616885772,특정제조,암모니아,7664-41-7,0Ton/day,19980324,전남동부지사
2805,남해화학(주),전라남도 여수시 여수산단로 1384,0616885772,일반저장,암모니아,7664-41-7,25000.46Ton,,전남동부지사
2806,남해화학(주),전라남도 여수시 여수산단로 1384,0616885772,일반저장,암모니아,7664-41-7,18000Ton,,전남동부지사
2807,남해화학(주),전라남도 여수시 여수산단로 1384,0616885772,일반저장,암모니아,7664-41-7,18000Ton,,전남동부지사
2808,남해화학(주),전라남도 여수시 여수산단로 1384,0616885772,일반저장,암모니아,7664-41-7,18000Ton,,전남동부지사
2809,남해화학(주),전라남도 여수시 여수산단로 1384,0616885772,냉동제조,암모니아,7664-41-7,147.6RT,19991210,전남동부지사
2810,남해화학(주),전라남도 여수시 여수산단로 1384,0616885772,냉동제조,암모니아,7664-41-7,178RT,,전남동부지사
2811,남해화학(주),전라남도 여수시 여수산단로 1384,0616885772,냉동제조,암모니아,7664-41-7,230RT,,전남동부지사
2812,남해화학(주),전라남도 여수시 여수산단로 1384,0616885772,특정제조,암모니아,7664-41-7,345.6Ton/day,19990324,전남동부지사
2813,남해화학(주),전라남도 여수시 여수산단로 1384,0616885772,특정제조,암모니아,7664-41-7,345.6Ton/day,19990324,전남동부지사
2814,남해화학(주),전라남도 여수시 여수산단로 1384,0616885772,냉동제조,암모니아,7664-41-7,716.9RT,20030829,전남동부지사
2815,남해화학(주),전라남도 여수시 여수산단로 1384,0616885772,냉동제조,암모니아,7664-41-7,115.4RT,20080715,전남동부지사
2816,남해화학(주),전라남도 여수시 여수산단로 1384,0616885772,냉동제조,암모니아,7664-41-7,116.76RT,20240820,전남동부지사
2817,남해화학(주),전라남도 여수시 여수산단로 1384,0616885772,냉동제조,암모니아,7664-41-7,607.71RT,20240820,전남동부지사
2818,(주)엘지화학\_여수공장,전라남도 여수시 여수산단2로 55,0237733300,냉동제조,암모니아,7664-41-7,970.56RT,,전남동부지사
2819,(주)엘지화학\_여수공장,전라남도 여수시 여수산단2로 55,0237733300,냉동제조,암모니아,7664-41-7,491.62RT,,전남동부지사
2820,(주)엘지화학\_여수공장,전라남도 여수시 여수산단2로 55,0237733300,냉동제조,암모니아,7664-41-7,368RT,,전남동부지사
2821,(주)엘지화학\_여수공장,전라남도 여수시 여수산단2로 55,0237733300,냉동제조,암모니아,7664-41-7,480.1RT,,전남동부지사
2822,(주)엘지화학\_여수공장,전라남도 여수시 여수산단2로 55,0237733300,냉동제조,암모니아,7664-41-7,42RT,,전남동부지사
2823,(주)엘지화학\_여수공장,전라남도 여수시 여수산단2로 55,0237733300,냉동제조,암모니아,7664-41-7,130.5RT,,전남동부지사
2824,(주)엘지화학\_여수공장,전라남도 여수시 여수산단2로 55,0237733300,냉동제조,암모니아,7664-41-7,307.6RT,,전남동부지사
2825,(주)엘지화학\_여수공장,전라남도 여수시 여수산단2로 55,0237733300,냉동제조,암모니아,7664-41-7,368RT,,전남동부지사
2826,(주)엘지화학\_여수공장,전라남도 여수시 여수산단2로 55,0237733300,냉동제조,암모니아,7664-41-7,796RT,,전남동부지사
2827,(주)엘지화학\_여수공장,전라남도 여수시 여수산단2로 55,0237733300,특정제조,NH3,7664-41-7,653518N㎥/day,20250729,전남동부지사
2828,(주)엘지화학\_여수공장,전라남도 여수시 여수산단2로 55,0237733300,냉동제조,암모니아,7664-41-7,229.76RT,,전남동부지사
2829,태경케미컬(주)여수공장,전라남도 여수시 여수산단4로 60,0616856238,냉동제조,암모니아,7664-41-7,993.2RT,19830602,전남동부지사
2830,태경케미컬(주)여수공장,전라남도 여수시 여수산단4로 60,0616856238,냉동제조,암모니아,7664-41-7,268.9RT,19830602,전남동부지사
2831,여수시상수도사업소(학용정수장),전라남도 여수시 여천길 10,0616594928,일반저장,염소,7782-50-5,5Ton,19960910,전남동부지사
2832,(주)엘지화학\_엔씨씨옥소알콜공장(여수NCC),전라남도 여수시 여수산단4로 58,0616893117,냉동제조,암모니아,7664-41-7,1920.4RT,19961007,전남동부지사
2833,(주)엘지화학\_엔씨씨옥소알콜공장(여수NCC),전라남도 여수시 여수산단4로 58,0616893117,특정제조,암모니아,7664-41-7,2.55Ton,19960809,전남동부지사
2834,(주)엘지화학\_엔씨씨옥소알콜공장(여수NCC),전라남도 여수시 여수산단4로 58,0616893117,냉동제조,암모니아,7664-41-7,885RT,,전남동부지사
2835,(주)엘지화학\_SM공장,전라남도 여수시 여수산단로 951,0616806523,특정제조,벤젠,71-43-2,598Ton/day,19960616,전남동부지사
2836,롯데케미칼(주)여수1공장,전라남도 여수시 여수산단4로 53,0616882163,특정제조,산화에틸렌,75-21-8,302.4Ton/day,19960710,전남동부지사
2837,롯데케미칼(주)여수1공장,전라남도 여수시 여수산단4로 53,0616882163,특정제조,산화에틸렌,75-21-8,391.5Ton,19960710,전남동부지사
2838,롯데케미칼(주)여수1공장,전라남도 여수시 여수산단4로 53,0616882163,특정제조,산화에틸렌,75-21-8,117.45Ton,19960710,전남동부지사
2839,롯데케미칼(주)여수1공장,전라남도 여수시 여수산단4로 53,0616882163,특정제조,산화에틸렌,75-21-8,117.45Ton,19960710,전남동부지사
2840,롯데케미칼(주)여수1공장,전라남도 여수시 여수산단4로 53,0616882163,특정제조,산화에틸렌,75-21-8,583.88Ton/day,19960710,전남동부지사
2841,롯데케미칼(주)여수1공장,전라남도 여수시 여수산단4로 53,0616882163,냉동제조,암모니아,7664-41-7,238.6RT,19970718,전남동부지사
2842,롯데케미칼(주)여수1공장,전라남도 여수시 여수산단4로 53,0616882163,특정제조,산화에틸렌,75-21-8,306.768Ton/day,19990710,전남동부지사
2843,롯데케미칼(주)여수1공장,전라남도 여수시 여수산단4로 53,0616882163,냉동제조,암모니아,7664-41-7,42RT,,전남동부지사
2844,롯데케미칼(주)여수1공장,전라남도 여수시 여수산단4로 53,0616882163,특정제조,산화에틸렌,75-21-8,122.896Ton/day,20080710,전남동부지사
2845,롯데케미칼(주)여수1공장,전라남도 여수시 여수산단4로 53,0616882163,특정제조,산화에틸렌,75-21-8,153.34Ton/day,20080710,전남동부지사
2846,롯데케미칼(주)여수1공장,전라남도 여수시 여수산단4로 53,0616882163,특정제조,산화에틸렌,75-21-8,146.84Ton/day,20100917,전남동부지사
2847,여천NCC(주)제1공장,전라남도 여수시 여수산단3로 2,0616886202,특정제조,벤젠,71-43-2,777.36Ton/day,19960809,전남동부지사
2848,금호피앤비화학(주)여수1공장,전라남도 여수시 여수산단2로 218,0616883688,특정제조,벤젠,71-43-2,1786.25Ton/day,20160329,전남동부지사
2849,금호피앤비화학(주)제2공장,전라남도 여수시 여수산단2로 46-53,0616883682,냉동제조,암모니아,7664-41-7,359.24RT,20030718,전남동부지사
2850,금호피앤비화학(주)제2공장,전라남도 여수시 여수산단2로 46-53,0616883682,냉동제조,암모니아,7664-41-7,1144.2RT,20080718,전남동부지사
2851,금호폴리켐(주) 여수1공장,전라남도 여수시 여수산단2로 116-46,0616882874,냉동제조,암모니아,7664-41-7,682.5RT,,전남동부지사
2852,금호폴리켐(주) 여수1공장,전라남도 여수시 여수산단2로 116-46,0616882874,특정제조,암모니아,7664-41-7,.036Ton/day,19980506,전남동부지사
2853,금호폴리켐(주) 여수1공장,전라남도 여수시 여수산단2로 116-46,0616882874,냉동제조,암모니아,7664-41-7,238.5RT,,전남동부지사
2854,금호폴리켐(주) 여수1공장,전라남도 여수시 여수산단2로 116-46,0616882874,특고사용,암모니아,7664-41-7,576㎏,19990506,전남동부지사
2855,금호폴리켐(주) 여수1공장,전라남도 여수시 여수산단2로 116-46,0616882874,특정제조,암모니아,7664-41-7,.01Ton/day,19990506,전남동부지사
2856,롯데케미칼(주)첨단소재여수공장,전라남도 여수시 여수산단로 334-27 (평여동),0616891302,냉동제조,암모니아,7664-41-7,368RT,20040731,전남동부지사
2857,롯데케미칼(주)첨단소재여수공장,전라남도 여수시 여수산단로 334-27 (평여동),0616891302,냉동제조,암모니아,7664-41-7,115RT,19960731,전남동부지사
2858,롯데케미칼(주)첨단소재여수공장,전라남도 여수시 여수산단로 334-27 (평여동),0616891302,냉동제조,암모니아,7664-41-7,358RT,20040731,전남동부지사
2859,롯데케미칼(주)첨단소재여수공장,전라남도 여수시 여수산단로 334-27 (평여동),0616891302,특정제조,아크릴로니트릴,107-13-1,415.584Ton/day,20121228,전남동부지사
2860,한국바스프(주),전라남도 여수시 여수산단2로 284 (화치동),0616807179,냉동제조,암모니아,7664-41-7,31.1RT,,전남동부지사
2861,한국바스프(주),전라남도 여수시 여수산단2로 284 (화치동),0616807179,특정제조,염소,7782-50-5,222164N㎥/day,19960630,전남동부지사
2862,한국바스프(주),전라남도 여수시 여수산단2로 284 (화치동),0616807179,냉동제조,암모니아,7664-41-7,1942RT,19970623,전남동부지사
2863,한국바스프(주),전라남도 여수시 여수산단2로 284 (화치동),0616807179,냉동제조,암모니아,7664-41-7,176.2RT,20160111,전남동부지사
2864,한국바스프(주),전라남도 여수시 여수산단2로 284 (화치동),0616807179,냉동제조,암모니아,7664-41-7,86.2RT,19970630,전남동부지사
2865,한국바스프(주),전라남도 여수시 여수산단2로 284 (화치동),0616807179,냉동제조,암모니아,7664-41-7,145.8RT,,전남동부지사
2866,한국바스프(주),전라남도 여수시 여수산단2로 284 (화치동),0616807179,특정제조,벤젠,71-43-2,452.844Ton/day,19920630,전남동부지사
2867,한국바스프(주),전라남도 여수시 여수산단2로 284 (화치동),0616807179,냉동제조,암모니아,7664-41-7,300RT,,전남동부지사
2868,한국바스프(주),전라남도 여수시 여수산단2로 284 (화치동),0616807179,냉동제조,암모니아,7664-41-7,2769.3RT,,전남동부지사
2869,한국바스프(주),전라남도 여수시 여수산단2로 284 (화치동),0616807179,냉동제조,암모니아,7664-41-7,1068.6RT,,전남동부지사
2870,한국바스프(주),전라남도 여수시 여수산단2로 284 (화치동),0616807179,냉동제조,암모니아,7664-41-7,1051.4RT,,전남동부지사
2871,한국바스프(주),전라남도 여수시 여수산단2로 284 (화치동),0616807179,특정제조,암모니아,7664-41-7,18.6Ton,20170720,전남동부지사
2872,한국바스프(주),전라남도 여수시 여수산단2로 284 (화치동),0616807179,특정제조,암모니아,7664-41-7,5.6Ton/day,20170720,전남동부지사
2873,금호석유화학(주)여수고무 제1공장,전라남도 여수시 여수산단3로 118,0616883136,냉동제조,암모니아,7664-41-7,2698.64RT,19960918,전남동부지사
2874,한화솔루션(주) 여수공장,전라남도 여수시 여수산단3로 117,027291220,특정제조,염화수소,7647-01-0,261615.2N㎥/day,19960328,전남동부지사
2875,한화솔루션(주) 여수공장,전라남도 여수시 여수산단3로 117,027291220,특정제조,염소,7782-50-5,2000Ton,19960328,전남동부지사
2876,한화솔루션(주) 여수공장,전라남도 여수시 여수산단3로 117,027291220,특정제조,염소,7782-50-5,1001.6Ton/day,19960328,전남동부지사
2877,한화솔루션(주) 여수공장,전라남도 여수시 여수산단3로 117,027291220,특정제조,염소,7782-50-5,400Ton,19960328,전남동부지사
2878,한화솔루션(주) 여수공장,전라남도 여수시 여수산단3로 117,027291220,냉동제조,암모니아,7664-41-7,132.1RT,,전남동부지사
2879,한화솔루션(주) 여수공장,전라남도 여수시 여수산단3로 117,027291220,특정제조,염소,7782-50-5,540Ton/day,20020328,전남동부지사
2880,한화솔루션(주) 여수공장,전라남도 여수시 여수산단3로 117,027291220,특정제조,염화수소,7647-01-0,390740.5N㎥/day,20030328,전남동부지사
2881,한화솔루션(주) 여수공장,전라남도 여수시 여수산단3로 117,027291220,특정제조,염소,7782-50-5,408Ton/day,20091127,전남동부지사
2882,한화솔루션(주) 여수공장,전라남도 여수시 여수산단3로 117,027291220,특정제조,염화수소,7647-01-0,242066.794N㎥/day,20161028,전남동부지사
2883,한화솔루션(주) 여수공장,전라남도 여수시 여수산단3로 117,027291220,특정제조,염소,7782-50-5,399Ton/day,20161102,전남동부지사
2884,한화솔루션(주) 여수공장,전라남도 여수시 여수산단3로 117,027291220,특정제조,염화수소,7647-01-0,338.815Ton/day,20191128,전남동부지사
2885,대동냉장,전라남도 여수시 남산로 60-16,0616416101,냉동제조,암모니아,7664-41-7,192.56RT,19961212,전남동부지사
2886,하정냉동,전라남도 여수시 국동남9길 17,0616424141,냉동제조,암모니아,7664-41-7,113RT,19961106,전남동부지사
2887,(주)에이치제이일화푸드 남부지점 구.흥진냉동,전라남도 여수시 국동남9길 15 (2층),0616442500,냉동제조,암모니아,7664-41-7,141.7RT,19960621,전남동부지사
2888,(주)대성물산,전라남도 순천시 해룡면 월전안길 24,0617242136,냉동제조,암모니아,7664-41-7,85.19RT,19960916,전남동부지사
2889,거문도수산업협동조합,전라남도 여수시 삼산면 거문길 57,0616668021,냉동제조,암모니아,7664-41-7,143.8RT,20031209,전남동부지사
2890,한화솔루션(주)TDI,전라남도 여수시 여수산단2로 46-47,0616884912,특정제조,염화수소,7647-01-0,112896N㎥/day,19960603,전남동부지사
2891,한화솔루션(주)TDI,전라남도 여수시 여수산단2로 46-47,0616884912,특정제조,포스겐,75-44-5,170.36Ton/day,19960603,전남동부지사
2892,한화솔루션(주)TDI,전라남도 여수시 여수산단2로 46-47,0616884912,특정제조,염화수소,7647-01-0,112896N㎥/day,20000603,전남동부지사
2893,한화솔루션(주)TDI,전라남도 여수시 여수산단2로 46-47,0616884912,특정제조,포스겐,75-44-5,170.36Ton/day,20000603,전남동부지사
2894,한화솔루션(주)TDI,전라남도 여수시 여수산단2로 46-47,0616884912,특정제조,포스겐,75-44-5,187.61Ton/day,20110408,전남동부지사
2895,한화솔루션(주)TDI,전라남도 여수시 여수산단2로 46-47,0616884912,특정제조,염화수소,7647-01-0,83350.1N㎥/day,20110408,전남동부지사
2896,한화솔루션(주)TDI,전라남도 여수시 여수산단2로 46-47,0616884912,특정제조,포스겐,75-44-5,82.84Ton/day,20200203,전남동부지사
2897,여천NCC(주)제2공장,전라남도 여수시 여수산단2로 46-20,0616886140,특정제조,벤젠,71-43-2,537.13Ton/day,19960925,전남동부지사
2898,여수시상수도사업소(둔덕정수장),전라남도 여수시 좌수영로 493-10,0616594928,일반저장,염소,7782-50-5,9Ton,19960910,전남동부지사
2899,한화에어로스페이스(주) 여수사업장,전라남도 여수시 신월로 411 (신월동),0616401226,특고사용,암모니아,7664-41-7,750㎏,19980605,전남동부지사
2900,한화에어로스페이스(주) 여수사업장,전라남도 여수시 신월로 411 (신월동),0616401226,특고사용,암모니아,7664-41-7,350㎏,20150630,전남동부지사
2901,(주)포스코광양제철소,"전라남도 광양시 폭포사랑길 20-26 제철소본부,(포스코 내)",0617902677,일반저장,일산화탄소,630-08-0,71㎥,20020515,전남동부지사
2902,(주)포스코광양제철소,"전라남도 광양시 폭포사랑길 20-26 제철소본부,(포스코 내)",0617902677,일반저장,암모니아,7664-41-7,52.7Ton,20070515,전남동부지사
2903,(주)포스코광양제철소,"전라남도 광양시 폭포사랑길 20-26 제철소본부,(포스코 내)",0617902677,일반저장,황화수소,7783-06-4,56.8㎥,20060515,전남동부지사
2904,(주)포스코광양제철소,"전라남도 광양시 폭포사랑길 20-26 제철소본부,(포스코 내)",0617902677,일반저장,암모니아,7664-41-7,52.7Ton,20070515,전남동부지사
2905,(주)유진 1공장,전라남도 여수시 망양로 514-16 ㈜유진,0616519211,냉동제조,암모니아,7664-41-7,180.06RT,19980427,전남동부지사
2906,한국남동발전(주)여수발전본부,전라남도 여수시 여수산단로 727,07088985065,일반저장,암모니아,7664-41-7,19.17Ton,20110627,전남동부지사
2907,한국남동발전(주)여수발전본부,전라남도 여수시 여수산단로 727,07088985065,일반저장,암모니아,7664-41-7,19.17Ton,20110627,전남동부지사
2908,한국남동발전(주)여수발전본부,전라남도 여수시 여수산단로 727,07088985065,일반저장,암모니아,7664-41-7,27.415Ton,20160331,전남동부지사
2909,한국남동발전(주)여수발전본부,전라남도 여수시 여수산단로 727,07088985065,일반저장,암모니아,7664-41-7,27.415Ton,20160331,전남동부지사
2910,금호미쓰이화학(주),전라남도 여수시 여수산단2로 305,0616885096,특정제조,포스겐,75-44-5,818.91Ton/day,19950901,전남동부지사
2911,금호미쓰이화학(주),전라남도 여수시 여수산단2로 305,0616885096,특정제조,포스겐,75-44-5,587.55Ton/day,20240806,전남동부지사
2912,금호미쓰이화학(주),전라남도 여수시 여수산단2로 305,0616885096,특정제조,CL2,7782-50-5,416.48Ton/day,20240618,전남동부지사
2913,나로도수산업협동조합,전라남도 고흥군 봉래면 나로도항길 135 (제빙냉동공장),0618408106,냉동제조,암모니아,7664-41-7,77.8RT,19980428,전남동부지사
2914,GS칼텍스(주),전라남도 여수시 여수산단로 918,0616802299,특정제조,벤젠,71-43-2,195Ton/day,19951005,전남동부지사
2915,GS칼텍스(주),전라남도 여수시 여수산단로 918,0616802299,특정제조,벤젠,71-43-2,909.5Ton/day,20001005,전남동부지사
2916,(주)엘지화학\_VCM공장,전라남도 여수시 여수산단로 1121,0616806523,특정제조,염소,7782-50-5,25Ton,19960516,전남동부지사
2917,(주)엘지화학\_VCM공장,전라남도 여수시 여수산단로 1121,0616806523,특정제조,염소,7782-50-5,5.78Ton/day,19960516,전남동부지사
2918,(주)엘지화학\_아크릴레이트공장,전라남도 여수시 산단중앙로 451,0616806911,냉동제조,암모니아,7664-41-7,299.9RT,,전남동부지사
2919,한화솔루션(주)제2공장,전라남도 여수시 여수산단로 349-31(월하동) 한화케미칼 제2공장,0616881154,특정제조,CO,630-08-0,384000N㎥/day,19970510,전남동부지사
2920,롯데케미칼(주)여수2공장,전라남도 여수시 여수산단2로 116-82,0616882164,냉동제조,암모니아,7664-41-7,716RT,20010320,전남동부지사
2921,롯데케미칼(주)여수2공장,전라남도 여수시 여수산단2로 116-82,0616882164,냉동제조,암모니아,7664-41-7,115RT,20010320,전남동부지사
2922,롯데케미칼(주)여수2공장,전라남도 여수시 여수산단2로 116-82,0616882164,냉동제조,암모니아,7664-41-7,15.4RT,20010320,전남동부지사
2923,롯데케미칼(주)여수2공장,전라남도 여수시 여수산단2로 116-82,0616882164,냉동제조,암모니아,7664-41-7,358RT,,전남동부지사
2924,(주)국보수산,전라남도 여수시 망양로 494-7,0616542556,냉동제조,암모니아,7664-41-7,92RT,19980427,전남동부지사
2925,새순천축산,전라남도 순천시 홍내교길 106,0617417030,냉동제조,암모니아,7664-41-7,92.6RT,19971220,전남동부지사
2926,(주)삼양냉장,전라남도 여수시 국동남8길 46 (국동),0616418001,냉동제조,암모니아,7664-41-7,286.6RT,19990209,전남동부지사
2927,에어리퀴드코리아(주),전라남도 여수시 여수산단2로 263,0616909730,특정제조,CO,630-08-0,1029.5㎥,20000314,전남동부지사
2928,에어리퀴드코리아(주),전라남도 여수시 여수산단2로 263,0616909730,특정제조,CO+Mix gas,630-08-0,347.8㎥,20000314,전남동부지사
2929,에어리퀴드코리아(주),전라남도 여수시 여수산단2로 263,0616909730,특정제조,BCL3,10294-34-5,6㎥,20000314,전남동부지사
2930,에어리퀴드코리아(주),전라남도 여수시 여수산단2로 263,0616909730,특정제조,일산화탄소,630-08-0,91104N㎥/day,20000314,전남동부지사
2931,에어리퀴드코리아(주),전라남도 여수시 여수산단2로 263,0616909730,특정제조,일산화탄소,630-08-0,287280N㎥/day,20030314,전남동부지사
2932,에어리퀴드코리아(주),전라남도 여수시 여수산단2로 263,0616909730,일반충전,일산화탄소,630-08-0,3360N㎥/day,20030314,전남동부지사
2933,에어리퀴드코리아(주),전라남도 여수시 여수산단2로 263,0616909730,특정제조,일산화탄소,630-08-0,252134.4N㎥/day,20191203,전남동부지사
2934,(주)엘지화학\_폴리카보네이트공장,전라남도 여수시 산단중앙로 473,0616806611,특정제조,일산화탄소,630-08-0,60238N㎥/day,20010426,전남동부지사
2935,(주)엘지화학\_폴리카보네이트공장,전라남도 여수시 산단중앙로 473,0616806611,특정제조,염소,7782-50-5,57369N㎥/day,20010426,전남동부지사
2936,(주)유진 2공장,전라남도 여수시 망양로 514-19 ㈜유진,0616519211,냉동제조,암모니아,7664-41-7,91RT,20011120,전남동부지사
2937,(주)창대피엔비,전라남도 여수시 망양로 482-6,0616517890,냉동제조,암모니아,7664-41-7,94RT,20020107,전남동부지사
2938,TKG휴켐스(주)(구.휴켐스(주)),전라남도 여수시 상암로 963,0616804614,특정제조,암모니아,7664-41-7,88.68Ton/day,19990625,전남동부지사
2939,TKG휴켐스(주)(구.휴켐스(주)),전라남도 여수시 상암로 963,0616804614,특정제조,암모니아,7664-41-7,88.68Ton/day,19990625,전남동부지사
2940,TKG휴켐스(주)(구.휴켐스(주)),전라남도 여수시 상암로 963,0616804614,특정제조,암모니아,7664-41-7,26.47Ton,20000625,전남동부지사
2941,TKG휴켐스(주)(구.휴켐스(주)),전라남도 여수시 상암로 963,0616804614,특정제조,암모니아,7664-41-7,324.768Ton/day,20000625,전남동부지사
2942,TKG휴켐스(주)(구.휴켐스(주)),전라남도 여수시 상암로 963,0616804614,특정제조,암모니아,7664-41-7,158.26Ton/day,19990625,전남동부지사
2943,TKG휴켐스(주)(구.휴켐스(주)),전라남도 여수시 상암로 963,0616804614,냉동제조,암모니아,7664-41-7,161.3RT,20110510,전남동부지사
2944,TKG휴켐스(주)(구.휴켐스(주)),전라남도 여수시 상암로 963,0616804614,특정제조,암모니아,7664-41-7,325.464Ton/day,20120903,전남동부지사
2945,TKG휴켐스(주)(구.휴켐스(주)),전라남도 여수시 상암로 963,0616804614,냉동제조,암모니아,7664-41-7,56.75RT,20200203,전남동부지사
2946,TKG휴켐스(주)(구.휴켐스(주)),전라남도 여수시 상암로 963,0616804614,특정제조,벤젠,71-43-2,672Ton/day,20210330,전남동부지사
2947,TKG휴켐스(주)(구.휴켐스(주)),전라남도 여수시 상암로 963,0616804614,특정제조,암모니아,7664-41-7,326.76Ton/day,20231222,전남동부지사
2948,TKG휴켐스(주)(구.휴켐스(주)),전라남도 여수시 상암로 963,0616804614,특정제조,벤젠,71-43-2,724.8Ton/day,20240228,전남동부지사
2949,코오롱인더스트리(주) 여수공장,전라남도 여수시 산단중앙로 213,0616909842,특정제조,BF3,7637-07-2,19N㎥/day,20210219,전남동부지사
2950,코오롱인더스트리(주) 여수공장,전라남도 여수시 산단중앙로 213,0616909842,특정제조,삼불화붕소,7637-07-2,1812㎥,,전남동부지사
2951,코오롱인더스트리(주) 여수공장,전라남도 여수시 산단중앙로 213,0616909842,특고사용,삼불화붕소,7637-07-2,3.02㎥,20221020,전남동부지사
2952,나진가스-구.(유)우성산업가스,전라남도 순천시 해룡면 율촌로 253,0617262346,일반판매,이산화질소,10102-44-0,0,20050215,전남동부지사
2953,나진가스-구.(유)우성산업가스,전라남도 순천시 해룡면 율촌로 253,0617262346,일반판매,아황산가스,7446-09-5,0,20050215,전남동부지사
2954,(주)대평,전라남도 광양시 항만7로 54 (도이동),0617928141,냉동제조,암모니아,7664-41-7,105.6RT,20060920,전남동부지사
2955,율촌제1지방산단 정배수지,전라남도 여수시 율촌면 율촌로 117,0617605491,특고사용,염소,7782-50-5,200㎏,20061116,전남동부지사
2956,여수수산업협동조합,전라남도 여수시 어항단지로 210,0616403032,냉동제조,암모니아,7664-41-7,289.95RT,20070928,전남동부지사
2957,(주)에스에프시(공장동),전라남도 여수시 여수산단1로 342-42 (화치동) 342-42,0616928300,일반저장,산화에틸렌,75-21-8,16.2Ton,20080425,전남동부지사
2958,(주)에스에프시(공장동),전라남도 여수시 여수산단1로 342-42 (화치동) 342-42,0616928300,일반저장,산화에틸렌,75-21-8,16.2Ton,20080425,전남동부지사
2959,(주)에스에프시(공장동),전라남도 여수시 여수산단1로 342-42 (화치동) 342-42,0616928300,일반저장,산화에틸렌,75-21-8,32.4Ton,20080425,전남동부지사
2960,(주)씨엠테크,전라남도 순천시 해룡면 율촌산단1로 19-15,0617212805,특고사용,암모니아,7664-41-7,200㎏,20080402,전남동부지사
2961,에어리퀴드코리아(주) 여수3공장,전라남도 여수시 여수산단2로 263,0616909730,특정제조,일산화탄소,630-08-0,183881N㎥/day,20090409,전남동부지사
2962,금호석유화학(주)여수고무 제2공장,전라남도 여수시 산단중앙로 331 금호석유화학,0616887309,특정제조,NH3,7664-41-7,1165990N㎥/day,20121203,전남동부지사
2963,(주)신비오켐,전라남도 여수시 여수산단로 734,0616846425,냉동제조,암모니아,7664-41-7,286.52RT,20090517,전남동부지사
2964,(주)코스코가스텍-구.엠케이산업가스(주),전라남도 광양시 광양읍 제철로 226,0617629666,일반판매,암모니아,7664-41-7,0,20110318,전남동부지사
2965,피케이씨(주) 여수공장- 구. 백광산업(주)여수공장,전라남도 여수시 산단중앙로 176 (화치동),0616800620,특정제조,염소,7782-50-5,619.7Ton,20120627,전남동부지사
2966,피케이씨(주) 여수공장- 구. 백광산업(주)여수공장,전라남도 여수시 산단중앙로 176 (화치동),0616800620,특정제조,염소,7782-50-5,121.224Ton/day,20120627,전남동부지사
2967,피케이씨(주) 여수공장- 구. 백광산업(주)여수공장,전라남도 여수시 산단중앙로 176 (화치동),0616800620,특정제조,염소,7782-50-5,90.5Ton,20120627,전남동부지사
2968,(주)엘지화학\_4AA공장,전라남도 여수시 여수산단로 334-27,0616893237,냉동제조,암모니아,7664-41-7,1413.8RT,20140303,전남동부지사
2969,금호폴리켐(주) 2공장,전라남도 여수시 산단중앙로 613,0618082503,특정제조,암모니아,7664-41-7,38.47N㎥/day,20130604,전남동부지사
2970,금호폴리켐(주) 2공장,전라남도 여수시 산단중앙로 613,0618082503,특정제조,암모니아,7664-41-7,78.15N㎥/day,20150604,전남동부지사
2971,금호폴리켐(주) 2공장,전라남도 여수시 산단중앙로 613,0618082503,특고사용,암모니아,7664-41-7,968㎏,20140331,전남동부지사
2972,금호폴리켐(주) 2공장,전라남도 여수시 산단중앙로 613,0618082503,특정제조,암모니아,7664-41-7,11.04N㎥/day,20241118,전남동부지사
2973,(주)쿱엔지니어링 구례지점,전라남도 구례군 용방면 용산로 107-48,0618966138,냉동제조,암모니아,7664-41-7,630.7RT,20130405,전남동부지사
2974,씨지앤율촌전력(주),전라남도 광양시 광양읍 인덕로 360-202,0617203208,일반저장,암모니아,7664-41-7,117.736Ton,20140508,전남동부지사
2975,(주)엘지화학\_엔씨씨2공장,전라남도 여수시 산단중앙로 535 (중흥동),0616893237,냉동제조,암모니아,7664-41-7,2017.72RT,,전남동부지사
2976,(주)엘지화학\_엔씨씨2공장,전라남도 여수시 산단중앙로 535 (중흥동),0616893237,냉동제조,암모니아,7664-41-7,2272.88RT,,전남동부지사
2977,(주)엘지화학\_엔씨씨2공장,전라남도 여수시 산단중앙로 535 (중흥동),0616893237,특정제조,벤젠,71-43-2,1066Ton/day,20250916,전남동부지사
2978,(주)엘지화학\_엔씨씨2공장,전라남도 여수시 산단중앙로 535 (중흥동),0616893237,특정제조,염소,7782-50-5,49272N㎥/day,20121205,전남동부지사
2979,(주)엘지화학\_엔씨씨2공장,전라남도 여수시 산단중앙로 535 (중흥동),0616893237,특정제조,염소,7782-50-5,296Ton,20121205,전남동부지사
2980,(주)엘지화학\_엔씨씨2공장,전라남도 여수시 산단중앙로 535 (중흥동),0616893237,특정제조,염소,7782-50-5,166Ton/day,20121205,전남동부지사
2981,한화솔루션(주)여수2,전라남도 여수시 산단중앙로 141-42 (화치동),0616905700,특정제조,Mixed DCPD,77-73-6,569.688Ton/day,20190130,전남동부지사
2982,롯데지에스화학(주),전라남도 여수시 여수산단4로 219,0616902620,특정제조,벤젠,71-43-2,896.5Ton/day,20241210,전남동부지사
2983,오씨아이(주)광양2공장,전라남도 광양시 태인1길 29,0617979615,특고사용,암모니아,7664-41-7,150㎏,20220210,전남동부지사
2984,"(주)엘지화학\_엔씨씨옥소알콜공장(Phenol,BPA공장)",전라남도 여수시 산단중앙로 501,0616806611,특정제조,벤젠,71-43-2,915.1Ton/day,20050218,전남동부지사
2985,엔이에스머티리얼즈(주),전라남도 여수시 여수산단로 1384 (낙포동),0619227476,특고사용,암모니아,7664-41-7,50㎏,20230712,전남동부지사
2986,(주)한화 여수사업장,전라남도 여수시 여수산단4로 255 (중흥동),,특정제조,암모니아,7664-41-7,3617.863Ton,20241018,전남동부지사
2987,(주)한화 여수사업장,전라남도 여수시 여수산단4로 255 (중흥동),,특정제조,암모니아,7664-41-7,36432N㎥/day,20241018,전남동부지사
2988,(주)한화 여수사업장,전라남도 여수시 여수산단4로 255 (중흥동),,특정제조,암모니아,7664-41-7,406.608Ton/day,20241018,전남동부지사
2989,(주)한화 여수사업장,전라남도 여수시 여수산단4로 255 (중흥동),,특정제조,암모니아,7664-41-7,3617.863Ton,20241018,전남동부지사
2990,(주)한화 여수사업장,전라남도 여수시 여수산단4로 255 (중흥동),,일반충전,모노실란,7803-62-5,25208㎥,20241202,전남동부지사
2991,(주)한화 여수사업장,전라남도 여수시 여수산단4로 255 (중흥동),,특고사용,암모니아,7664-41-7,432㎏,20241022,전남동부지사
2992,케이앤에이치특수가스(주),전라남도 여수시 여수산단2로 223-84 (화치동),0618066690,냉동제조,암모니아,7664-41-7,423.37RT,,전남동부지사
2993,(주)포스포,전라남도 광양시 광양읍 세풍산단1로 39,0617639061,일반저장,염소,7782-50-5,1.379Ton,20250710,전남동부지사
2994,롯데정밀화학(주)여수공장,전라남도 여수시 여수산단4로 53,,특정제조,산화에틸렌,75-21-8,20.64Ton/day,20231206,전남동부지사
2995,(주)빙그레,경기도 남양주시 다산순환로 45 (다산동),0315607905,냉동제조,암모니아,7664-41-7,697.6RT,19881214,경기북부지사
2996,의정부냉동식품(주),경기도 의정부시 장곡로364번길 9,0318463312,냉동제조,암모니아,7664-41-7,226.78RT,19960605,경기북부지사
2997,(주)빙그레 (도농2공장),경기도 남양주시 미금로 57 (다산동),0315607905,냉동제조,암모니아,7664-41-7,484.74RT,19960614,경기북부지사
2998,(주)빙그레 (도농2공장),경기도 남양주시 미금로 57 (다산동),0315607905,냉동제조,암모니아,7664-41-7,714.36RT,19970614,경기북부지사
2999,강북아리수정수센터 취수장,경기도 남양주시 와부읍 경강로 682,0231465800,일반저장,염소,7782-50-5,64Ton,19980129,경기북부지사
3000,강북아리수정수센터 취수장,경기도 남양주시 와부읍 경강로 682,0231465800,일반저장,염소,7782-50-5,24Ton,20110713,경기북부지사
3001,강북아리수정수센터 정수장,경기도 남양주시 고산로 171 (삼패동),0231465811,일반저장,염소,7782-50-5,19Ton,19970728,경기북부지사
3002,연천군맑은물관리사업소,경기도 연천군 군남면 솔너머길 101,0318394331,일반저장,염소,7782-50-5,5Ton,20000127,경기북부지사
3003,풀무원샘물(주),경기도 포천시 이동면 화동로1870번길 142-24,03180890508,냉동제조,암모니아,7664-41-7,112.3RT,20130515,경기북부지사
3004,풀무원샘물(주),경기도 포천시 이동면 화동로1870번길 142-24,03180890508,냉동제조,암모니아,7664-41-7,15.81RT,20161115,경기북부지사
3005,동두천드림파워(주),경기도 동두천시 쇠목길 110 (광암동),03180823000,일반저장,암모니아,7664-41-7,52.155Ton,20140819,경기북부지사
3006,포천민자발전(주),경기도 포천시 신북면 청신로1526번길 19,03180896042,일반저장,암모니아,7664-41-7,34.926Ton,20160713,경기북부지사
3007,포천민자발전(주),경기도 포천시 신북면 청신로1526번길 19,03180896042,일반저장,암모니아,7664-41-7,34.926Ton,20160713,경기북부지사
3008,(주)오성선재,경기도 포천시 신북면 호국로2378번길 28,0315433697,특고사용,암모니아,7664-41-7,200㎏,20160613,경기북부지사
3009,파티친구,경기도 포천시 소흘읍 부흥로 323,0318668279,일반판매,사불화메탄,75-73-0,0,20160614,경기북부지사
3010,강원산업가스,"경기도 가평군 상면 율길리 295,295-4,295-6,295-8",024398585,일반판매,사불화메탄,75-73-0,0,20221215,경기북부지사
3011,샘가스코리아 유한회사,경기도 가평군 상면 조종로 1643,03111111111,일반판매,R600a,75-28-5,0,20221215,경기북부지사
3012,샘가스코리아 유한회사,경기도 가평군 상면 조종로 1643,03111111111,일반판매,사불화메탄,75-73-0,0,20221215,경기북부지사
3013,대성의료종합가스,경기도 가평군 청평면 남가로 1909,0315857871,일반판매,산화에틸렌,75-21-8,0,20100617,경기북부지사
3014,(주)천일가스,경상북도 포항시 남구 호동로 33,0542771001,일반충전,암모니아,7664-41-7,10Ton,19961128,경북동부지사
3015,(주)포스코,경상북도 포항시 남구 동해안로 6262,0542201630,일반저장,암모니아,7664-41-7,50.227Ton,20040218,경북동부지사
3016,(주)포스코,경상북도 포항시 남구 동해안로 6262,0542201630,일반저장,암모니아,7664-41-7,50.227Ton,20040218,경북동부지사
3017,(주)포스코,경상북도 포항시 남구 동해안로 6262,0542201630,일반저장,암모니아,7664-41-7,5.2Ton,20090218,경북동부지사
3018,(주)포스코,경상북도 포항시 남구 동해안로 6262,0542201630,일반저장,암모니아,7664-41-7,5.2Ton,20090218,경북동부지사
3019,(주)포스코,경상북도 포항시 남구 동해안로 6262,0542201630,일반저장,암모니아,7664-41-7,14.6Ton,20200806,경북동부지사
3020,(주)포스코,경상북도 포항시 남구 동해안로 6262,0542201630,일반저장,암모니아,7664-41-7,14.6Ton,20200806,경북동부지사
3021,(주)포스코,경상북도 포항시 남구 동해안로 6262,0542201630,일반저장,암모니아,7664-41-7,9.786Ton,20201028,경북동부지사
3022,(주)포스코,경상북도 포항시 남구 동해안로 6262,0542201630,일반저장,암모니아,7664-41-7,9.786Ton,20201028,경북동부지사
3023,정화식품주식회사(냉동지점),경상북도 포항시 북구 해동로 313,0542421065,냉동제조,암모니아,7664-41-7,99.7RT,19970319,경북동부지사
3024,포항제빙(주),경상북도 포항시 북구 해동로 291,0542472213,냉동제조,암모니아,7664-41-7,78.8RT,19961220,경북동부지사
3025,동성냉장,경상북도 포항시 남구 호미곶면 일출로707번길 56,0542849089,냉동제조,암모니아,7664-41-7,47RT,19961021,경북동부지사
3026,포항공과대학교,경상북도 포항시 남구 청암로 77,0542798644,특고사용,디실란,1590-87-0,110㎥,20070424,경북동부지사
3027,포항공과대학교,경상북도 포항시 남구 청암로 77,0542798644,특고사용,포스핀,7803-51-2,.17㎥,20070509,경북동부지사
3028,포항공과대학교,경상북도 포항시 남구 청암로 77,0542798644,특고사용,염소,7782-50-5,45.45㎏,20070509,경북동부지사
3029,포항공과대학교,경상북도 포항시 남구 청암로 77,0542798644,특고사용,암모니아,7664-41-7,22.7㎏,20070509,경북동부지사
3030,포항공과대학교,경상북도 포항시 남구 청암로 77,0542798644,특고사용,디보레인,19287-45-7,.14㎥,20070509,경북동부지사
3031,포항공과대학교,경상북도 포항시 남구 청암로 77,0542798644,특고사용,모노게르만,7782-65-2,.2㎏,20070509,경북동부지사
3032,포항공과대학교,경상북도 포항시 남구 청암로 77,0542798644,특고사용,모노실란,7803-62-5,2㎥,20080414,경북동부지사
3033,포항공과대학교,경상북도 포항시 남구 청암로 77,0542798644,특고사용,포스핀,7803-51-2,.4㎥,20080414,경북동부지사
3034,포항공과대학교,경상북도 포항시 남구 청암로 77,0542798644,특고사용,암모니아,7664-41-7,50㎏,20230324,경북동부지사
3035,(주)피엠씨바이오제닉스코리아,경상북도 경주시 유림로13번길 64,0547704560,일반제조,암모니아,7664-41-7,11.94Ton,19960310,경북동부지사
3036,(주)풍산 안강사업장,경상북도 경주시 안강읍 호국로 2606-10,0547606114,특고사용,암모니아,7664-41-7,100㎏,20190812,경북동부지사
3037,남양유업 주식회사 경주공장,경상북도 경주시 산업로 4443-7,0547765011,냉동제조,암모니아,7664-41-7,717RT,19971010,경북동부지사
3038,강구수산업협동조합,경상북도 영덕군 강구면 영덕대게로 68,0547329112,냉동제조,암모니아,7664-41-7,98.266RT,20231130,경북동부지사
3039,울릉군수산업협동조합,경상북도 울릉군 울릉읍 봉래1길 19-42,0547918012,냉동제조,암모니아,7664-41-7,244.3RT,20001001,경북동부지사
3040,울진후포수산업협동조합,경상북도 울진군 후포면 울진대게로 132,0547871339,냉동제조,암모니아,7664-41-7,206.76RT,19960329,경북동부지사
3041,삼양산업(주),경상북도 포항시 북구 흥해읍 동해대로 1887,0542620033,일반판매,암모니아,7664-41-7,0,19961011,경북동부지사
3042,포항수산업협동조합,경상북도 포항시 북구 청하면 해안로 2453,0542465567,냉동제조,암모니아,7664-41-7,53.22RT,19970218,경북동부지사
3043,(주)에어퍼스트,경상북도 포항시 남구 대송로101번길 35 (장흥동),0542853401,냉동제조,암모니아,7664-41-7,130RT,,경북동부지사
3044,울진죽변수산업협동조합,경상북도 울진군 죽변면 죽변항길 217,0547837485,냉동제조,암모니아,7664-41-7,264.74RT,19960818,경북동부지사
3045,울진죽변수산업협동조합,경상북도 울진군 죽변면 죽변항길 217,0547837485,냉동제조,암모니아,7664-41-7,86.6RT,20030818,경북동부지사
3046,(주)포스코,경상북도 포항시 남구 인덕로 50,0542204959,특고사용,암모니아,7664-41-7,100㎏,20161018,경북동부지사
3047,(주)포스코,경상북도 포항시 남구 인덕로 50,0542204959,특고사용,암모니아,7664-41-7,200㎏,20230602,경북동부지사
3048,(주)포스코,경상북도 포항시 남구 인덕로 50,0542204959,일반저장,황화수소,7783-06-4,1.615Ton,20241025,경북동부지사
3049,(재)포항산업과학연구원,경상북도 포항시 남구 지곡로127번길 65,0542796280,특고사용,염소,7782-50-5,235㎏,20170323,경북동부지사
3050,(재)포항산업과학연구원,경상북도 포항시 남구 지곡로127번길 65,0542796280,특고사용,실란+디실란,1590-87-0,14.194㎥,20200406,경북동부지사
3051,(재)포항산업과학연구원,경상북도 포항시 남구 지곡로127번길 65,0542796280,특고사용,일산화탄소,630-08-0,56.4㎥,20260206,경북동부지사
3052,영덕북부수산업협동조합,경상북도 영덕군 축산면 축산항길 85-7,0557325001,냉동제조,암모니아,7664-41-7,199.3RT,20050202,경북동부지사
3053,구룡포수산업협동조합,경상북도 포항시 남구 구룡포읍 호미로 180-92,0542765535,냉동제조,암모니아,7664-41-7,186.2RT,20060929,경북동부지사
3054,경주시수산업협동조합,경상북도 경주시 감포읍 감포항구길 61,0547759855,냉동제조,암모니아,7664-41-7,179.27RT,20060926,경북동부지사
3055,흥국제선(주)포항공장,경상북도 포항시 남구 장흥로39번길 70,0542851350,특고사용,암모니아,7664-41-7,200㎏,20071107,경북동부지사
3056,(주)가스원,경상북도 경주시 외동읍 내외로 390-21,0547777812,일반판매,암모니아,7664-41-7,0,20130820,경북동부지사
3057,동해가스산업(주),경상북도 포항시 북구 청하면 동해대로 2083,0542543399,일반판매,암모니아,7664-41-7,0,20100716,경북동부지사
3058,가스쏠루나(주),경상북도 포항시 남구 연일로 342-7,0542938686,일반판매,암모니아,7664-41-7,0,20090204,경북동부지사
3059,(재)포항산업과학연구원,경상북도 포항시 남구 청암로 67,0542796278,특고사용,암모니아,7664-41-7,113㎏,20241119,경북동부지사
3060,서한엔티엔베어링(주),경상북도 경주시 건천읍 용명공단길 173-49,0547508000,특고사용,암모니아,7664-41-7,400㎏,20230407,경북동부지사
3061,서한엔티엔베어링(주),경상북도 경주시 건천읍 용명공단길 173-49,0547508000,일반저장,암모니아,7664-41-7,4.908Ton,20251114,경북동부지사
3062,이비덴그라파이트코리아(주),경상북도 포항시 북구 흥해읍 영일만산단남로75번길 41,0542713051,일반저장,염소,7782-50-5,.117Ton,20190920,경북동부지사
3063,(주)동보경주천북공장,경상북도 경주시 천북면 천북산단로 261,0547052551,특고사용,암모니아,7664-41-7,500㎏,20151118,경북동부지사
3064,비엘가스텍,경상북도 경주시 양남면 망정길 11-72,0547444501,일반판매,암모니아,7664-41-7,0,20100311,경북동부지사
3065,포항수산업협동조합,경상북도 포항시 남구 희망대로 1310,0542470856,냉동제조,암모니아,7664-41-7,189.6RT,20171030,경북동부지사
3066,(주)K-TECH,경상북도 경주시 안강읍 두류길 89-22,0547626037,특고사용,염소,7782-50-5,117.5㎏,20170310,경북동부지사
3067,(주)가소,경상북도 포항시 북구 청하면 동해대로 2083,07047545524,일반판매,황화수소,7783-06-4,0,20180313,경북동부지사
3068,(주)가소,경상북도 포항시 북구 청하면 동해대로 2083,07047545524,일반판매,포스핀,7803-51-2,0,20180313,경북동부지사
3069,(주)가소,경상북도 포항시 북구 청하면 동해대로 2083,07047545524,일반판매,디보레인,19287-45-7,0,20180313,경북동부지사
3070,(주)가소,경상북도 포항시 북구 청하면 동해대로 2083,07047545524,일반판매,염화수소,7647-01-0,0,20180313,경북동부지사
3071,(주)지피케이,경상북도 경주시 건천읍 하늘마루길 18-10,0547534500,일반충전,R600a,75-28-5,2.16Ton,20200806,경북동부지사
3072,(주)디와이열처리,경상북도 경주시 강동면 강동산단로 60,0547625124,특고사용,암모니아,7664-41-7,110㎏,20200206,경북동부지사
3073,(재)포항테크노파크,경상북도 포항시 남구 지곡로 394,0542232268,특고사용,CO,630-08-0,14㎥,20221102,경북동부지사
3074,에너지머티리얼즈(주),경상북도 포항시 북구 흥해읍 영일만산단로234번길 90,0547278583,특고사용,암모니아,7664-41-7,50㎏,20240508,경북동부지사
3075,포스코홀딩스(주),경상북도 포항시 남구 지곡로127번길 65,0542226791,특고사용,암모니아,7664-41-7,338.76㎏,20210610,경북동부지사
3076,(주)클린코리아 안강공장,경상북도 경주시 안강읍 두류길 162,0547627672,특고사용,암모니아,7664-41-7,452㎏,20240531,경북동부지사
3077,(주)클린코리아 안강공장,경상북도 경주시 안강읍 두류길 162,0547627672,특고사용,암모니아,7664-41-7,113㎏,20240531,경북동부지사
3078,한국해양과학기술원,경상북도 울진군 죽변면 해양과학길 48,,특고사용,암모니아,7664-41-7,5.4㎏,20241219,경북동부지사
3079,에이치디현대오일뱅크(주),충청남도 서산시 대산읍 평신2로 182,0416605048,일반저장,NH3+Air,7664-41-7,180㎥,20210518,충남본부
3080,에이치디현대오일뱅크(주),충청남도 서산시 대산읍 평신2로 182,0416605048,특정제조,벤젠,71-43-2,232Ton/day,19980116,충남본부
3081,엠이엠씨코리아(주),충청남도 천안시 서북구 성거읍 망향로 854(엠이엠씨코리아),0415504070,특고사용,암모니아,7664-41-7,50.54㎏,20110113,충남본부
3082,엠이엠씨코리아(주),충청남도 천안시 서북구 성거읍 망향로 854(엠이엠씨코리아),0415504070,일반저장,B2H6/H2,19287-45-7,14㎥,20130123,충남본부
3083,엠이엠씨코리아(주),충청남도 천안시 서북구 성거읍 망향로 854(엠이엠씨코리아),0415504070,특고사용,모노실란,7803-62-5,7㎥,20130109,충남본부
3084,엠이엠씨코리아(주),충청남도 천안시 서북구 성거읍 망향로 854(엠이엠씨코리아),0415504070,특고사용,포스핀,7803-51-2,7㎥,20130109,충남본부
3085,엠이엠씨코리아(주),충청남도 천안시 서북구 성거읍 망향로 854(엠이엠씨코리아),0415504070,일반저장,SiH4,7803-62-5,14.194㎥,20210806,충남본부
3086,(주)피케이엘,충청남도 천안시 서북구 2공단3로 15,0415290330,특고사용,염소,7782-50-5,176.25㎏,20231207,충남본부
3087,(주)피케이엘,충청남도 천안시 서북구 2공단3로 15,0415290330,특고사용,염소,7782-50-5,58.75㎏,20231207,충남본부
3088,태광냉동(주) 본점,충청남도 태안군 태안읍 서해로 2014 태광냉동,0416752333,냉동제조,암모니아,7664-41-7,62.01RT,19970405,충남본부
3089,(주)마니커 천안지점,충청남도 천안시 동남구 동면 화복로 551,0415696000,냉동제조,암모니아,7664-41-7,461.56RT,20120914,충남본부
3090,동양냉동,충청남도 홍성군 구항면 충서로 869,0416322533,냉동제조,암모니아,7664-41-7,56.85RT,19990519,충남본부
3091,농업회사법인(주) 진센,충청남도 서산시 고북면 내포로 2236-37,0416637222,냉동제조,암모니아,7664-41-7,200.42RT,19960729,충남본부
3092,삼보냉동,충청남도 당진시 송악읍 대섬길 4-45 삼보냉동,0413566677,냉동제조,암모니아,7664-41-7,48.38RT,19970625,충남본부
3093,농업회사법인 (주)신우에프에스,충청남도 서산시 고북면 고북1로 343-22,0416637250,냉동제조,암모니아,7664-41-7,757.95RT,20170814,충남본부
3094,어프로티움 주식회사,충청남도 서산시 대산읍 독곶1로 41,0416813544,일반판매,암모니아,7664-41-7,0,19990329,충남본부
3095,어프로티움 주식회사,충청남도 서산시 대산읍 독곶1로 41,0416813544,일반판매,아황산가스,7446-09-5,0,19990329,충남본부
3096,어프로티움 주식회사,충청남도 서산시 대산읍 독곶1로 41,0416813544,일반판매,염소,7782-50-5,0,19990329,충남본부
3097,어프로티움 주식회사,충청남도 서산시 대산읍 독곶1로 41,0416813544,일반판매,일산화탄소,630-08-0,0,19990329,충남본부
3098,어프로티움 주식회사,충청남도 서산시 대산읍 독곶1로 41,0416813544,일반판매,염화수소,7647-01-0,0,19990329,충남본부
3099,어프로티움 주식회사,충청남도 서산시 대산읍 독곶1로 41,0416813544,일반판매,황화수소,7783-06-4,0,19990329,충남본부
3100,어프로티움 주식회사,충청남도 서산시 대산읍 독곶1로 41,0416813544,냉동제조,암모니아,7664-41-7,358RT,,충남본부
3101,어프로티움 주식회사,충청남도 서산시 대산읍 독곶1로 41,0416813544,냉동제조,암모니아,7664-41-7,153RT,,충남본부
3102,어프로티움 주식회사,충청남도 서산시 대산읍 독곶1로 41,0416813544,일반충전,일산화질소,10102-43-9,6.956㎥,20150824,충남본부
3103,어프로티움 주식회사,충청남도 서산시 대산읍 독곶1로 41,0416813544,일반충전,염화수소,7647-01-0,28.14㎏,20150824,충남본부
3104,어프로티움 주식회사,충청남도 서산시 대산읍 독곶1로 41,0416813544,일반충전,황화수소,7783-06-4,31.97㎏,20150824,충남본부
3105,어프로티움 주식회사,충청남도 서산시 대산읍 독곶1로 41,0416813544,일반충전,일산화탄소,630-08-0,6.956㎥,20150824,충남본부
3106,어프로티움 주식회사,충청남도 서산시 대산읍 독곶1로 41,0416813544,일반충전,아황산가스,7446-09-5,118.98㎏,20150824,충남본부
3107,어프로티움 주식회사,충청남도 서산시 대산읍 독곶1로 41,0416813544,일반충전,암모니아,7664-41-7,25.27㎏,20150824,충남본부
3108,대덕가스(주),충청남도 천안시 서북구 직산읍 직산로 186 대덕가스공업,0415831156,일반판매,GeF4,7783-58-6,0,20070706,충남본부
3109,가스켐테크놀로지(주),충청남도 천안시 서북구 성환읍 와룡길 350,0415817411,일반판매,C2H4O+CO2,75-21-8,100,19940731,충남본부
3110,태경케미컬(주),충청남도 서산시 대산읍 독곶2로 96-43 사무실,0416813191,냉동제조,암모니아,7664-41-7,736RT,19971113,충남본부
3111,그린케미칼(주),충청남도 서산시 대산읍 독곶2로 103,0416615000,특정제조,산화에틸렌,75-21-8,48Ton,19960813,충남본부
3112,그린케미칼(주),충청남도 서산시 대산읍 독곶2로 103,0416615000,특정제조,암모니아,7664-41-7,52.8Ton,19960813,충남본부
3113,그린케미칼(주),충청남도 서산시 대산읍 독곶2로 103,0416615000,특정제조,암모니아,7664-41-7,10.2Ton/day,19960813,충남본부
3114,그린케미칼(주),충청남도 서산시 대산읍 독곶2로 103,0416615000,특정제조,산화에틸렌,75-21-8,48Ton,19960813,충남본부
3115,그린케미칼(주),충청남도 서산시 대산읍 독곶2로 103,0416615000,특정제조,산화에틸렌,75-21-8,48Ton,19960813,충남본부
3116,그린케미칼(주),충청남도 서산시 대산읍 독곶2로 103,0416615000,특정제조,산화에틸렌,75-21-8,76.8Ton/day,20120713,충남본부
3117,그린케미칼(주),충청남도 서산시 대산읍 독곶2로 103,0416615000,냉동제조,암모니아,7664-41-7,618.92RT,20150511,충남본부
3118,대일수산,충청남도 태안군 근흥면 안흥1길 77,0416741780,냉동제조,암모니아,7664-41-7,28.2RT,19980405,충남본부
3119,대일수산,충청남도 태안군 근흥면 안흥1길 77,0416741780,냉동제조,암모니아,7664-41-7,98.62RT,19980405,충남본부
3120,사조산업(주),충청남도 천안시 서북구 직산읍 성진로 378,0415810011,냉동제조,암모니아,7664-41-7,307RT,19960406,충남본부
3121,수협중앙회천안물류센터,충청남도 천안시 동남구 병천면 봉항로 133,0415640036,냉동제조,암모니아,7664-41-7,181RT,19960310,충남본부
3122,한국자동차연구원,충청남도 천안시 동남구 풍세면 풍세로 303,0415593026,특고사용,암모니아,7664-41-7,112㎏,20230726,충남본부
3123,한국자동차연구원,충청남도 천안시 동남구 풍세면 풍세로 303,0415593026,특고사용,암모니아,7664-41-7,50㎏,20240726,충남본부
3124,당진산업가스(주),충청남도 당진시 송악읍 송악로 418 당진산소충전소,0413575544,일반판매,암모니아,7664-41-7,0,19970902,충남본부
3125,한국동서발전(주) 당진화력본부,충청남도 당진시 석문면 교로길 30,07050002618,일반저장,암모니아,7664-41-7,58.53Ton,20050116,충남본부
3126,한국동서발전(주) 당진화력본부,충청남도 당진시 석문면 교로길 30,07050002618,일반저장,암모니아,7664-41-7,58.53Ton,20050116,충남본부
3127,한국동서발전(주) 당진화력본부,충청남도 당진시 석문면 교로길 30,07050002618,일반저장,암모니아,7664-41-7,58.53Ton,20050116,충남본부
3128,한국동서발전(주) 당진화력본부,충청남도 당진시 석문면 교로길 30,07050002618,일반저장,암모니아,7664-41-7,98.41Ton,20060116,충남본부
3129,한국동서발전(주) 당진화력본부,충청남도 당진시 석문면 교로길 30,07050002618,일반저장,암모니아,7664-41-7,98.41Ton,20060116,충남본부
3130,상미식품(주),충청남도 천안시 동남구 수신면 수신로 503,0415521072,냉동제조,암모니아,7664-41-7,292.52RT,19960819,충남본부
3131,상미식품(주),충청남도 천안시 동남구 수신면 수신로 503,0415521072,냉동제조,암모니아,7664-41-7,215.45RT,20131219,충남본부
3132,현대제철(주) 당진공장,충청남도 당진시 송악읍 북부산업로 1480,0416801821,일반저장,암모니아,7664-41-7,71.1Ton,20091123,충남본부
3133,현대제철(주) 당진공장,충청남도 당진시 송악읍 북부산업로 1480,0416801821,일반저장,암모니아,7664-41-7,71.1Ton,20091123,충남본부
3134,현대제철(주) 당진공장,충청남도 당진시 송악읍 북부산업로 1480,0416801821,일반저장,암모니아,7664-41-7,.107Ton,20170202,충남본부
3135,현대제철(주) 당진공장,충청남도 당진시 송악읍 북부산업로 1480,0416801821,일반저장,암모니아,7664-41-7,18.694Ton,20240524,충남본부
3136,현대제철(주) 당진공장,충청남도 당진시 송악읍 북부산업로 1480,0416801821,일반저장,암모니아,7664-41-7,18.694Ton,20240524,충남본부
3137,한국서부발전(주)태안발전본부,충청남도 태안군 원북면 발전로 457 건설본부,07050073005,일반저장,암모니아,7664-41-7,58.5Ton,20251001,충남본부
3138,한국서부발전(주)태안발전본부,충청남도 태안군 원북면 발전로 457 건설본부,07050073005,일반저장,암모니아,7664-41-7,58.5Ton,20251001,충남본부
3139,한국서부발전(주)태안발전본부,충청남도 태안군 원북면 발전로 457 건설본부,07050073005,일반저장,암모니아,7664-41-7,58.5Ton,20251001,충남본부
3140,한국서부발전(주)태안발전본부,충청남도 태안군 원북면 발전로 457 건설본부,07050073005,일반저장,암모니아,7664-41-7,106Ton,20250926,충남본부
3141,한국서부발전(주)태안발전본부,충청남도 태안군 원북면 발전로 457 건설본부,07050073005,일반저장,암모니아,7664-41-7,106Ton,20250926,충남본부
3142,한국서부발전(주)태안발전본부,충청남도 태안군 원북면 발전로 457 건설본부,07050073005,일반저장,암모니아,7664-41-7,114.313Ton,20160818,충남본부
3143,한국서부발전(주)태안발전본부,충청남도 태안군 원북면 발전로 457 건설본부,07050073005,일반저장,암모니아,7664-41-7,114.313Ton,20160818,충남본부
3144,한국서부발전(주)태안발전본부,충청남도 태안군 원북면 발전로 457 건설본부,07050073005,일반저장,암모니아,7664-41-7,114.313Ton,20160818,충남본부
3145,한국서부발전(주)태안발전본부,충청남도 태안군 원북면 발전로 457 건설본부,07050073005,일반저장,암모니아,7664-41-7,23.94Ton,20180818,충남본부
3146,한국서부발전(주)태안발전본부,충청남도 태안군 원북면 발전로 457 건설본부,07050073005,일반저장,암모니아,7664-41-7,23.94Ton,20180818,충남본부
3147,롯데웰푸드(주),충청남도 천안시 서북구 2공단4로 19,0416201893,냉동제조,암모니아,7664-41-7,1254.83RT,20050118,충남본부
3148,롯데웰푸드(주),충청남도 천안시 서북구 2공단4로 19,0416201893,냉동제조,암모니아,7664-41-7,2144.03RT,20050118,충남본부
3149,롯데웰푸드(주),충청남도 천안시 서북구 2공단4로 19,0416201893,냉동제조,암모니아,7664-41-7,265.8RT,20050118,충남본부
3150,롯데웰푸드(주),충청남도 천안시 서북구 2공단4로 19,0416201893,냉동제조,암모니아,7664-41-7,116.1RT,20050118,충남본부
3151,(주)삼양수산,충청남도 서산시 수석산업로 64 (수석동),0416645911,냉동제조,암모니아,7664-41-7,137.4RT,19980731,충남본부
3152,(주)삼양수산,충청남도 서산시 수석산업로 64 (수석동),0416645911,냉동제조,암모니아,7664-41-7,119.8RT,20200511,충남본부
3153,(주)엘지화학,충청남도 서산시 대산읍 독곶1로 54,0416612047,특정제조,벤젠,71-43-2,586.95Ton/day,19961130,충남본부
3154,(주)엘지화학,충청남도 서산시 대산읍 독곶1로 54,0416612047,특정제조,산화에틸렌,75-21-8,124.48Ton,19961130,충남본부
3155,(주)엘지화학,충청남도 서산시 대산읍 독곶1로 54,0416612047,특정제조,산화에틸렌,75-21-8,240Ton/day,19961130,충남본부
3156,(주)엘지화학,충청남도 서산시 대산읍 독곶1로 54,0416612047,냉동제조,암모니아,7664-41-7,504.7RT,20131129,충남본부
3157,(주)엘지화학,충청남도 서산시 대산읍 독곶1로 54,0416612047,냉동제조,암모니아,7664-41-7,504.7RT,20131129,충남본부
3158,(주)엘지화학,충청남도 서산시 대산읍 독곶1로 54,0416612047,냉동제조,암모니아,7664-41-7,723.4RT,19960705,충남본부
3159,(주)엘지화학,충청남도 서산시 대산읍 독곶1로 54,0416612047,냉동제조,암모니아,7664-41-7,2893.12RT,19960705,충남본부
3160,(주)엘지화학,충청남도 서산시 대산읍 독곶1로 54,0416612047,냉동제조,암모니아,7664-41-7,77.4RT,20211102,충남본부
3161,(주)엘지화학,충청남도 서산시 대산읍 독곶1로 54,0416612047,냉동제조,암모니아,7664-41-7,73.8RT,20211102,충남본부
3162,(주)엘지화학,충청남도 서산시 대산읍 독곶1로 54,0416612047,냉동제조,암모니아,7664-41-7,2630.79RT,20080814,충남본부
3163,(주)엘지화학,충청남도 서산시 대산읍 독곶1로 54,0416612047,특정제조,벤젠,71-43-2,2443Ton/day,20121213,충남본부
3164,(주)엘지화학,충청남도 서산시 대산읍 독곶1로 54,0416612047,특고사용,암모니아,7664-41-7,277㎏,20210518,충남본부
3165,한국기술교육대학교,충청남도 천안시 동남구 병천면 가전리 307(한국기술교육대학교),0415602561,특고사용,암모니아,7664-41-7,25.27㎏,20210323,충남본부
3166,한국기술교육대학교,충청남도 천안시 동남구 병천면 가전리 307(한국기술교육대학교),0415602561,특고사용,모노실란,7803-62-5,14.19㎥,20210323,충남본부
3167,한화토탈에너지스주식회사,충청남도 서산시 대산읍 독곶2로 103,0416606382,특정제조,벤젠,71-43-2,984.3Ton/day,19961123,충남본부
3168,한화토탈에너지스주식회사,충청남도 서산시 대산읍 독곶2로 103,0416606382,특정제조,벤젠,71-43-2,2396.4Ton/day,19961123,충남본부
3169,한화토탈에너지스주식회사,충청남도 서산시 대산읍 독곶2로 103,0416606382,특정제조,산화에틸렌,75-21-8,160.1Ton,19961123,충남본부
3170,한화토탈에너지스주식회사,충청남도 서산시 대산읍 독곶2로 103,0416606382,특정제조,산화에틸렌,75-21-8,160.1Ton,19961123,충남본부
3171,한화토탈에너지스주식회사,충청남도 서산시 대산읍 독곶2로 103,0416606382,특정제조,산화에틸렌,75-21-8,408Ton/day,19961123,충남본부
3172,한화토탈에너지스주식회사,충청남도 서산시 대산읍 독곶2로 103,0416606382,냉동제조,암모니아,7664-41-7,505RT,19910624,충남본부
3173,한화토탈에너지스주식회사,충청남도 서산시 대산읍 독곶2로 103,0416606382,냉동제조,암모니아,7664-41-7,288RT,19910624,충남본부
3174,한화토탈에너지스주식회사,충청남도 서산시 대산읍 독곶2로 103,0416606382,냉동제조,암모니아,7664-41-7,72.9RT,20171212,충남본부
3175,한화토탈에너지스주식회사,충청남도 서산시 대산읍 독곶2로 103,0416606382,특정제조,벤젠,71-43-2,1693.1Ton/day,20140521,충남본부
3176,한화토탈에너지스주식회사,충청남도 서산시 대산읍 독곶2로 103,0416606382,냉동제조,암모니아,7664-41-7,179.34RT,20140117,충남본부
3177,선도화학(주),충청남도 서산시 대산읍 죽엽로 363,0416636465,냉동제조,암모니아,7664-41-7,299.9RT,19980327,충남본부
3178,선도화학(주),충청남도 서산시 대산읍 죽엽로 363,0416636465,냉동제조,암모니아,7664-41-7,299.9RT,19980327,충남본부
3179,선도화학(주),충청남도 서산시 대산읍 죽엽로 363,0416636465,냉동제조,암모니아,7664-41-7,483.18RT,19980327,충남본부
3180,선도화학(주),충청남도 서산시 대산읍 죽엽로 363,0416636465,냉동제조,암모니아,7664-41-7,142RT,19980327,충남본부
3181,선도화학(주),충청남도 서산시 대산읍 죽엽로 363,0416636465,냉동제조,암모니아,7664-41-7,299.9RT,19980327,충남본부
3182,선도화학(주),충청남도 서산시 대산읍 죽엽로 363,0416636465,냉동제조,암모니아,7664-41-7,480RT,19980327,충남본부
3183,에어리퀴드코리아(주),충청남도 천안시 서북구 3공단1로 88,0416210102,일반충전,일산화탄소,630-08-0,14㎥,20071012,충남본부
3184,에어리퀴드코리아(주),충청남도 천안시 서북구 3공단1로 88,0416210102,일반판매,육불화텅스텐,7783-82-6,0,20031012,충남본부
3185,에어리퀴드코리아(주),충청남도 천안시 서북구 3공단1로 88,0416210102,일반판매,일산화탄소,630-08-0,0,20031012,충남본부
3186,에어리퀴드코리아(주),충청남도 천안시 서북구 3공단1로 88,0416210102,일반판매,불소,7782-41-4,0,20031012,충남본부
3187,에어리퀴드코리아(주),충청남도 천안시 서북구 3공단1로 88,0416210102,일반판매,암모니아,7664-41-7,,20031012,충남본부
3188,에어리퀴드코리아(주),충청남도 천안시 서북구 3공단1로 88,0416210102,일반충전,일산화탄소,630-08-0,6.96㎥,20071012,충남본부
3189,에어리퀴드코리아(주),충청남도 천안시 서북구 3공단1로 88,0416210102,일반충전,일산화탄소,630-08-0,6.956㎥,20150127,충남본부
3190,한국생산기술연구원,충청남도 천안시 서북구 입장면 양대기로길 89 (안전보건팀),0415898194,특고사용,암모니아,7664-41-7,345.156㎏,20230315,충남본부
3191,유성기업(주),충청남도 아산시 둔포면 아산밸리동로 22,0415395008,일반저장,암모니아,7664-41-7,8.044Ton,20010116,충남본부
3192,유성기업(주),충청남도 아산시 둔포면 아산밸리동로 22,0415395008,특고사용,암모니아,7664-41-7,451.61㎏,20160116,충남본부
3193,(주)큐에스아이,충청남도 천안시 서북구 성거읍 천흥8길 17 큐에스아이(주),0414105073,특고사용,모노실란,7803-62-5,18.6㎥,20110207,충남본부
3194,(주)큐에스아이,충청남도 천안시 서북구 성거읍 천흥8길 17 큐에스아이(주),0414105073,특고사용,암모니아,7664-41-7,25.3㎏,20010513,충남본부
3195,(주)큐에스아이,충청남도 천안시 서북구 성거읍 천흥8길 17 큐에스아이(주),0414105073,특고사용,염소,7782-50-5,10㎏,20020513,충남본부
3196,(주)큐에스아이,충청남도 천안시 서북구 성거읍 천흥8길 17 큐에스아이(주),0414105073,특고사용,삼염화붕소,10294-34-5,10㎏,20020513,충남본부
3197,(주)큐에스아이,충청남도 천안시 서북구 성거읍 천흥8길 17 큐에스아이(주),0414105073,일반저장,모노실란,7803-62-5,21.3㎥,20131018,충남본부
3198,(주)큐에스아이,충청남도 천안시 서북구 성거읍 천흥8길 17 큐에스아이(주),0414105073,일반저장,알진,7784-42-1,.059Ton,20131018,충남본부
3199,(주)큐에스아이,충청남도 천안시 서북구 성거읍 천흥8길 17 큐에스아이(주),0414105073,일반저장,포스핀,7803-51-2,21.3㎥,20131018,충남본부
3200,남양유업(주)천안신공장,충청남도 천안시 동남구 목천읍 교천지산길 331-55 남양유업,0416215700,냉동제조,암모니아,7664-41-7,238.58RT,20020401,충남본부
3201,남양유업(주)천안신공장,충청남도 천안시 동남구 목천읍 교천지산길 331-55 남양유업,0416215700,냉동제조,암모니아,7664-41-7,667.6RT,20020401,충남본부
3202,코닝정밀소재(주),충청남도 아산시 탕정면 탕정로 212,0415203124,특고사용,암모니아,7664-41-7,50.54㎏,20210217,충남본부
3203,(주)홍주미트(홍성축산물공판장),충청남도 홍성군 광천읍 홍남로 578-46,0416307000,냉동제조,암모니아,7664-41-7,715.74RT,20220413,충남본부
3204,(주)케이비지,충청남도 천안시 동남구 성남면 대흥신덕길 84-19,0415236201,특고사용,암모니아,7664-41-7,200㎏,20040910,충남본부
3205,유진산업가스(주),충청남도 당진시 송악읍 월곡로 240,0413583657,일반판매,염소,7782-50-5,0,20041015,충남본부
3206,유진산업가스(주),충청남도 당진시 송악읍 월곡로 240,0413583657,일반판매,시안화수소,74-90-8,0,20041015,충남본부
3207,유진산업가스(주),충청남도 당진시 송악읍 월곡로 240,0413583657,일반판매,황화수소,7783-06-4,0,20041015,충남본부
3208,유진산업가스(주),충청남도 당진시 송악읍 월곡로 240,0413583657,일반판매,일산화탄소,630-08-0,0,20041015,충남본부
3209,유진산업가스(주),충청남도 당진시 송악읍 월곡로 240,0413583657,일반판매,암모니아,7664-41-7,0,20041015,충남본부
3210,유진산업가스(주),충청남도 당진시 송악읍 월곡로 240,0413583657,일반판매,산화에틸렌,75-21-8,0,20041015,충남본부
3211,유진산업가스(주),충청남도 당진시 송악읍 월곡로 240,0413583657,일반판매,브롬화수소,10035-10-6,0,20041015,충남본부
3212,유진산업가스(주),충청남도 당진시 송악읍 월곡로 240,0413583657,일반판매,삼염화붕소,10294-34-5,0,20041015,충남본부
3213,유진산업가스(주),충청남도 당진시 송악읍 월곡로 240,0413583657,일반판매,삼불화붕소,7637-07-2,0,20041015,충남본부
3214,에어프로덕츠코리아(주) 탕정공장(A-3),충청남도 아산시 탕정면 탕정로 380-33,0415388605,일반저장,모노실란,7803-62-5,6172.32㎥,20140727,충남본부
3215,린데코리아 주식회사 1공장,충청남도 아산시 탕정면 탕정로 380-43,0415377352,일반제조,모노실란,7803-62-5,655.2N㎥/day,20080701,충남본부
3216,에어프로덕츠코리아(주) 탕정공장(T-7),충청남도 아산시 탕정면 삼성로 165-24,0415388602,일반저장,암모니아,7664-41-7,12.1Ton,20040806,충남본부
3217,에어프로덕츠코리아(주) 탕정공장(T-7),충청남도 아산시 탕정면 삼성로 165-24,0415388602,일반저장,암모니아,7664-41-7,12.1Ton,20040806,충남본부
3218,에어프로덕츠코리아(주) 탕정공장(T-7),충청남도 아산시 탕정면 삼성로 165-24,0415388602,일반저장,모노실란,7803-62-5,6460.562㎥,20040806,충남본부
3219,삼성디스플레이㈜ 아산1사업장,충청남도 아산시 탕정면 삼성로 181,0415358246,일반저장,암모니아,7664-41-7,1.892Ton,20040804,충남본부
3220,삼성디스플레이㈜ 아산1사업장,충청남도 아산시 탕정면 삼성로 181,0415358246,일반저장,20%PH3/H2,7803-51-2,13.6㎥,20040804,충남본부
3221,삼성디스플레이㈜ 아산1사업장,충청남도 아산시 탕정면 삼성로 181,0415358246,일반저장,20%PH3/H2,7803-51-2,56㎥,20050804,충남본부
3222,삼성디스플레이㈜ 아산1사업장,충청남도 아산시 탕정면 삼성로 181,0415358246,일반저장,암모니아,7664-41-7,1.896Ton,20050804,충남본부
3223,삼성디스플레이㈜ 아산1사업장,충청남도 아산시 탕정면 삼성로 181,0415358246,일반저장,염소,7782-50-5,1.238Ton,20070804,충남본부
3224,삼성디스플레이㈜ 아산1사업장,충청남도 아산시 탕정면 삼성로 181,0415358246,일반저장,모노실란,7803-62-5,0㎥,20070804,충남본부
3225,삼성디스플레이㈜ 아산1사업장,충청남도 아산시 탕정면 삼성로 181,0415358246,일반저장,포스핀,7803-51-2,341.35㎥,20070804,충남본부
3226,삼성디스플레이㈜ 아산1사업장,충청남도 아산시 탕정면 삼성로 181,0415358246,일반저장,암모니아,7664-41-7,0Ton,20070804,충남본부
3227,삼성디스플레이㈜ 아산1사업장,충청남도 아산시 탕정면 삼성로 181,0415358246,일반저장,염소,7782-50-5,4.7Ton,20100804,충남본부
3228,삼성디스플레이㈜ 아산1사업장,충청남도 아산시 탕정면 삼성로 181,0415358246,일반저장,BF3,7637-07-2,8.4㎥,20220204,충남본부
3229,삼성디스플레이㈜ 아산1사업장,충청남도 아산시 탕정면 삼성로 181,0415358246,일반저장,BCL3,10294-34-5,4.536Ton,20220204,충남본부
3230,삼성디스플레이㈜ 아산1사업장,충청남도 아산시 탕정면 삼성로 181,0415358246,일반저장,염소,7782-50-5,4.704Ton,20220204,충남본부
3231,삼성디스플레이㈜ 아산1사업장,충청남도 아산시 탕정면 삼성로 181,0415358246,일반저장,암모니아,7664-41-7,3Ton,20240204,충남본부
3232,삼성디스플레이㈜ 아산1사업장,충청남도 아산시 탕정면 삼성로 181,0415358246,일반저장,CL2,7782-50-5,3.85Ton,20240204,충남본부
3233,삼성디스플레이㈜ 아산1사업장,충청남도 아산시 탕정면 삼성로 181,0415358246,일반저장,삼염화붕소,10294-34-5,3.397Ton,20240204,충남본부
3234,(주)한농화성 대산공장,충청남도 서산시 대산읍 독곶2로 96-75,0416819152,일반제조,산화에틸렌,75-21-8,49.775Ton,20050614,충남본부
3235,(주)한농화성 대산공장,충청남도 서산시 대산읍 독곶2로 96-75,0416819152,일반제조,산화에틸렌,75-21-8,49.775Ton,20050614,충남본부
3236,(주)한농화성 대산공장,충청남도 서산시 대산읍 독곶2로 96-75,0416819152,일반제조,산화에틸렌,75-21-8,29.9Ton,20050614,충남본부
3237,(주)한농화성 대산공장,충청남도 서산시 대산읍 독곶2로 96-75,0416819152,일반제조,산화에틸렌,75-21-8,89.924Ton/day,20080614,충남본부
3238,(주)한농화성 대산공장,충청남도 서산시 대산읍 독곶2로 96-75,0416819152,일반제조,산화에틸렌,75-21-8,53.381Ton/day,20200717,충남본부
3239,(주)한농화성 대산공장,충청남도 서산시 대산읍 독곶2로 96-75,0416819152,일반제조,산화에틸렌,75-21-8,38.88Ton/day,20220707,충남본부
3240,서산수협제빙냉동냉장공장,충청남도 태안군 근흥면 신진부두길 24,0416749961,냉동제조,암모니아,7664-41-7,139.64RT,20041025,충남본부
3241,동우에이치에스티(주),충청남도 당진시 순성면 틀모시로 46-5,0413533071,특고사용,암모니아,7664-41-7,600㎏,20050602,충남본부
3242,동우에이치에스티(주),충청남도 당진시 순성면 틀모시로 46-5,0413533071,일반저장,암모니아,7664-41-7,8.399Ton,20171127,충남본부
3243,롯데케미칼(주),충청남도 서산시 대산읍 독곶1로 82,0416895114,특정제조,벤젠,71-43-2,1284Ton/day,19960524,충남본부
3244,롯데케미칼(주),충청남도 서산시 대산읍 독곶1로 82,0416895114,특정제조,산화에틸렌,75-21-8,1673.2Ton,19980524,충남본부
3245,롯데케미칼(주),충청남도 서산시 대산읍 독곶1로 82,0416895114,특정제조,산화에틸렌,75-21-8,744.048Ton/day,19970524,충남본부
3246,롯데케미칼(주),충청남도 서산시 대산읍 독곶1로 82,0416895114,냉동제조,암모니아,7664-41-7,93.96RT,19971222,충남본부
3247,롯데케미칼(주),충청남도 서산시 대산읍 독곶1로 82,0416895114,냉동제조,암모니아,7664-41-7,158.9RT,19971222,충남본부
3248,롯데케미칼(주),충청남도 서산시 대산읍 독곶1로 82,0416895114,냉동제조,암모니아,7664-41-7,233.66RT,19971222,충남본부
3249,롯데케미칼(주),충청남도 서산시 대산읍 독곶1로 82,0416895114,특정제조,일산화탄소,630-08-0,3.84N㎥/day,20100524,충남본부
3250,한국메티슨특수가스(주),충청남도 아산시 음봉면 음봉면로 94,0415397474,일반충전,삼염화붕소,10294-34-5,.45Ton,20060122,충남본부
3251,한국메티슨특수가스(주),충청남도 아산시 음봉면 음봉면로 94,0415397474,일반충전,디보레인,19287-45-7,26.07㎥,20060122,충남본부
3252,한국메티슨특수가스(주),충청남도 아산시 음봉면 음봉면로 94,0415397474,일반판매,황화수소,7783-06-4,0,20060122,충남본부
3253,한국메티슨특수가스(주),충청남도 아산시 음봉면 음봉면로 94,0415397474,일반판매,포스핀,7803-51-2,0,20060122,충남본부
3254,한국메티슨특수가스(주),충청남도 아산시 음봉면 음봉면로 94,0415397474,일반판매,암모니아,7664-41-7,0,20060122,충남본부
3255,한국메티슨특수가스(주),충청남도 아산시 음봉면 음봉면로 94,0415397474,일반판매,알진,7784-42-1,0,20060122,충남본부
3256,한국메티슨특수가스(주),충청남도 아산시 음봉면 음봉면로 94,0415397474,일반판매,브롬화수소,10035-10-6,0,20060122,충남본부
3257,한국메티슨특수가스(주),충청남도 아산시 음봉면 음봉면로 94,0415397474,일반판매,삼불화붕소,7637-07-2,0,20060122,충남본부
3258,한국메티슨특수가스(주),충청남도 아산시 음봉면 음봉면로 94,0415397474,일반판매,브롬화메탄,74-83-9,0,20060122,충남본부
3259,한국메티슨특수가스(주),충청남도 아산시 음봉면 음봉면로 94,0415397474,일반충전,삼불화붕소,7637-07-2,61.5㎥,20070122,충남본부
3260,한국메티슨특수가스(주),충청남도 아산시 음봉면 음봉면로 94,0415397474,일반제조,염소,7782-50-5,19.996Ton,20070122,충남본부
3261,한국메티슨특수가스(주),충청남도 아산시 음봉면 음봉면로 94,0415397474,일반제조,염소,7782-50-5,.353Ton,20070122,충남본부
3262,한국메티슨특수가스(주),충청남도 아산시 음봉면 음봉면로 94,0415397474,일반제조,염소,7782-50-5,2.736Ton/day,20070122,충남본부
3263,한국메티슨특수가스(주),충청남도 아산시 음봉면 음봉면로 94,0415397474,일반충전,포스핀,7803-51-2,13.58㎥,20090122,충남본부
3264,한국메티슨특수가스(주),충청남도 아산시 음봉면 음봉면로 94,0415397474,일반충전,모노게르만,7782-65-2,24.48㎥,20080122,충남본부
3265,한국메티슨특수가스(주),충청남도 아산시 음봉면 음봉면로 94,0415397474,일반저장,암모니아,7664-41-7,11.72Ton,,충남본부
3266,한국메티슨특수가스(주),충청남도 아산시 음봉면 음봉면로 94,0415397474,일반제조,브롬화수소,10035-10-6,.9Ton/day,20110122,충남본부
3267,한국메티슨특수가스(주),충청남도 아산시 음봉면 음봉면로 94,0415397474,일반제조,브롬화수소,10035-10-6,1.498Ton,20110122,충남본부
3268,한국메티슨특수가스(주),충청남도 아산시 음봉면 음봉면로 94,0415397474,일반충전,디보레인,19287-45-7,5904.704㎥,20180122,충남본부
3269,한국메티슨특수가스(주),충청남도 아산시 음봉면 음봉면로 94,0415397474,일반충전,B2H6+N2,19287-45-7,866.016㎥,20180122,충남본부
3270,한국메티슨특수가스(주),충청남도 아산시 음봉면 음봉면로 94,0415397474,일반충전,B2H6+He,19287-45-7,828.432㎥,20180122,충남본부
3271,한국메티슨특수가스(주),충청남도 아산시 음봉면 음봉면로 94,0415397474,일반충전,B2H6+H2,19287-45-7,723.312㎥,20180122,충남본부
3272,한국메티슨특수가스(주),충청남도 아산시 음봉면 음봉면로 94,0415397474,일반충전,디보레인,19287-45-7,20.72㎥,20180122,충남본부
3273,한국메티슨특수가스(주),충청남도 아산시 음봉면 음봉면로 94,0415397474,일반충전,디보레인,19287-45-7,38.465㎥,20180722,충남본부
3274,한국메티슨특수가스(주),충청남도 아산시 음봉면 음봉면로 94,0415397474,일반제조,디보레인,19287-45-7,11.648㎥,20180722,충남본부
3275,한국메티슨특수가스(주),충청남도 아산시 음봉면 음봉면로 94,0415397474,일반제조,디보레인,19287-45-7,45.744N㎥/day,20180722,충남본부
3276,한국메티슨특수가스(주),충청남도 아산시 음봉면 음봉면로 94,0415397474,일반판매,CO,630-08-0,0,20200122,충남본부
3277,한국메티슨특수가스(주),충청남도 아산시 음봉면 음봉면로 94,0415397474,일반판매,H2S,7783-06-4,0,20200122,충남본부
3278,한국메티슨특수가스(주),충청남도 아산시 음봉면 음봉면로 94,0415397474,일반판매,NH3,7664-41-7,0,20200122,충남본부
3279,한국메티슨특수가스(주),충청남도 아산시 음봉면 음봉면로 94,0415397474,일반판매,CL2,7782-50-5,0,20200122,충남본부
3280,한국메티슨특수가스(주),충청남도 아산시 음봉면 음봉면로 94,0415397474,일반판매,BF3,7637-07-2,0,20200122,충남본부
3281,한국메티슨특수가스(주),충청남도 아산시 음봉면 음봉면로 94,0415397474,일반판매,SO2,7446-09-5,0,20200122,충남본부
3282,한국메티슨특수가스(주),충청남도 아산시 음봉면 음봉면로 94,0415397474,일반판매,NO,10102-43-9,0,20200122,충남본부
3283,한국메티슨특수가스(주),충청남도 아산시 음봉면 음봉면로 94,0415397474,일반판매,PF3,7783-55-3,0,20200122,충남본부
3284,한국메티슨특수가스(주),충청남도 아산시 음봉면 음봉면로 94,0415397474,일반판매,브롬화수소,10035-10-6,0,20200122,충남본부
3285,한국메티슨특수가스(주),충청남도 아산시 음봉면 음봉면로 94,0415397474,일반충전,CL2,7782-50-5,.352Ton,20220722,충남본부
3286,한국메티슨특수가스(주),충청남도 아산시 음봉면 음봉면로 94,0415397474,일반충전,B11F3,7637-07-2,13.912㎥,20230722,충남본부
3287,한국분말야금(주),충청남도 아산시 인주면 인주산단로 111,0415383814,일반저장,암모니아,7664-41-7,12Ton,20050713,충남본부
3288,에이피시스템(주)천안지점,충청남도 천안시 서북구 입장면 위례성로 1942,0317761857,특고사용,모노실란,7803-62-5,7.1㎥,20221028,충남본부
3289,에이피시스템(주)천안지점,충청남도 천안시 서북구 입장면 위례성로 1942,0317761857,특고사용,암모니아,7664-41-7,23㎏,20221028,충남본부
3290,(주)케이씨씨실리콘 대죽공장,충청남도 서산시 대산읍 대죽2로 35 안전팀,0416608965,특정제조,염화메탄,74-87-3,132.5Ton/day,20070528,충남본부
3291,(주)케이씨씨실리콘 대죽공장,충청남도 서산시 대산읍 대죽2로 35 안전팀,0416608965,냉동제조,암모니아,7664-41-7,1257.9RT,20070528,충남본부
3292,(주)케이씨씨실리콘 대죽공장,충청남도 서산시 대산읍 대죽2로 35 안전팀,0416608965,냉동제조,암모니아,7664-41-7,717RT,20070528,충남본부
3293,(주)케이씨씨실리콘 대죽공장,충청남도 서산시 대산읍 대죽2로 35 안전팀,0416608965,특정제조,염화메탄,74-87-3,137.1Ton/day,20070528,충남본부
3294,(주)케이씨씨실리콘 대죽공장,충청남도 서산시 대산읍 대죽2로 35 안전팀,0416608965,특정제조,염화메탄,74-87-3,1089.6Ton,20070528,충남본부
3295,(주)대일이노텍,충청남도 서산시 음암면 노루골길 79,0416610500,특고사용,암모니아,7664-41-7,900㎏,20070601,충남본부
3296,세메스(주),충청남도 천안시 서북구 직산읍 4산단5길 77,0416208094,일반저장,암모니아,7664-41-7,.051Ton,20111207,충남본부
3297,세메스(주),충청남도 천안시 서북구 직산읍 4산단5길 77,0416208094,일반저장,10%PH3/H2,7803-51-2,7.097㎥,20111207,충남본부
3298,세메스(주),충청남도 천안시 서북구 직산읍 4산단5길 77,0416208094,일반저장,PF3,7783-55-3,.01Ton,20111207,충남본부
3299,세메스(주),충청남도 천안시 서북구 직산읍 4산단5길 77,0416208094,일반저장,일산화탄소,630-08-0,21.291㎥,20111207,충남본부
3300,세메스(주),충청남도 천안시 서북구 직산읍 4산단5길 77,0416208094,일반저장,염소,7782-50-5,.058Ton,20111207,충남본부
3301,린데코리아(주) 인주공장,충청남도 아산시 인주면 인주산단로 123-30,0415385700,일반판매,0.95%F2/3.5%Ar/Ne,7782-41-4,0,20080313,충남본부
3302,태선주식회사,충청남도 아산시 도고면 도고산로 641,0415334544,특고사용,암모니아,7664-41-7,900㎏,20080204,충남본부
3303,현대제철(주)일관제철소관제센터(C지구),충청남도 당진시 송악읍 북부산업로 1480 현대스틸,0416801826,일반저장,암모니아,7664-41-7,142Ton,20130925,충남본부
3304,창신화학(주),충청남도 서산시 대산읍 독곶1로 52-3,0416677833,냉동제조,암모니아,7664-41-7,716RT,20090301,충남본부
3305,한화에어로스페이스(주),충청남도 아산시 둔포면 아산밸리남로 144,0415387692,특고사용,암모니아,7664-41-7,200㎏,20101025,충남본부
3306,삼성디스플레이(주),충청남도 천안시 서북구 번영로 467 삼성모바일디스플레이(주),0415995238,일반저장,사불화메탄,75-73-0,.143Ton,20060707,충남본부
3307,삼성디스플레이(주),충청남도 천안시 서북구 번영로 467 삼성모바일디스플레이(주),0415995238,일반저장,삼염화붕소,10294-34-5,.331Ton,20060707,충남본부
3308,삼성디스플레이(주),충청남도 천안시 서북구 번영로 467 삼성모바일디스플레이(주),0415995238,일반저장,암모니아,7664-41-7,.701Ton,20060707,충남본부
3309,삼성디스플레이(주),충청남도 천안시 서북구 번영로 467 삼성모바일디스플레이(주),0415995238,일반저장,염소,7782-50-5,.235Ton,20060707,충남본부
3310,삼성디스플레이(주),충청남도 천안시 서북구 번영로 467 삼성모바일디스플레이(주),0415995238,일반저장,염소,7782-50-5,.117Ton,20060707,충남본부
3311,삼성디스플레이(주),충청남도 천안시 서북구 번영로 467 삼성모바일디스플레이(주),0415995238,일반저장,모노실란,7803-62-5,194.1㎥,20060707,충남본부
3312,삼성디스플레이(주),충청남도 천안시 서북구 번영로 467 삼성모바일디스플레이(주),0415995238,일반저장,포스핀,7803-51-2,21.3㎥,20060707,충남본부
3313,삼성디스플레이(주),충청남도 천안시 서북구 번영로 467 삼성모바일디스플레이(주),0415995238,일반저장,디보레인,19287-45-7,21.3㎥,20060707,충남본부
3314,삼성디스플레이(주),충청남도 천안시 서북구 번영로 467 삼성모바일디스플레이(주),0415995238,일반저장,삼불화붕소,7637-07-2,21.3㎥,20060707,충남본부
3315,(주)삼양케이씨아이,충청남도 서산시 대산읍 대죽1로 221,0416607900,일반저장,염화메탄,74-87-3,4.7Ton,20090109,충남본부
3316,(주)서해냉동,충청남도 태안군 근흥면 근흥로 978-34,0416731251,냉동제조,암모니아,7664-41-7,277.7RT,20090421,충남본부
3317,(주)동남합성대산1공장,충청남도 서산시 대산읍 죽엽로 413-97,0416614800,일반제조,산화에틸렌,75-21-8,39.35Ton/day,20110602,충남본부
3318,(주)동남합성대산1공장,충청남도 서산시 대산읍 죽엽로 413-97,0416614800,일반제조,산화에틸렌,75-21-8,35.17Ton,20110602,충남본부
3319,(주)동남합성대산1공장,충청남도 서산시 대산읍 죽엽로 413-97,0416614800,일반제조,산화에틸렌,75-21-8,35.17Ton,20110602,충남본부
3320,현대그린파워(주),충청남도 당진시 송산면 북부산업로 1526,0416807632,일반저장,암모니아,7664-41-7,37.52Ton,20100625,충남본부
3321,현대그린파워(주),충청남도 당진시 송산면 북부산업로 1526,0416807632,일반저장,암모니아,7664-41-7,37.52Ton,20100625,충남본부
3322,(주)네오열처리 예산공장,충청남도 예산군 삽교읍 두루머리길 8,0413375470,특고사용,암모니아,7664-41-7,700㎏,20100415,충남본부
3323,(주)에이치케이머티리얼즈,충청남도 천안시 동남구 성남면 대흥1길 173-67,0415522566,일반충전,모노게르만,7782-65-2,13.91㎥,20140930,충남본부
3324,(주)에이치케이머티리얼즈,충청남도 천안시 동남구 성남면 대흥1길 173-67,0415522566,일반제조,GEH4,7782-65-2,33.6N㎥/day,20240330,충남본부
3325,(주)에이치케이머티리얼즈,충청남도 천안시 동남구 성남면 대흥1길 173-67,0415522566,일반제조,GEH4,7782-65-2,383.4㎥,20240330,충남본부
3326,중원산업가스(주),충청남도 당진시 역천로 39,0413575008,일반판매,염화메탄,74-87-3,0,20120328,충남본부
3327,중원산업가스(주),충청남도 당진시 역천로 39,0413575008,일반판매,산화에틸렌,75-21-8,0,20120328,충남본부
3328,중원산업가스(주),충청남도 당진시 역천로 39,0413575008,일반판매,암모니아,7664-41-7,0,20120328,충남본부
3329,바스프한농화성솔루션스(주),"충청남도 서산시 대산읍 죽엽로 409-1 ,",0416686951,일반제조,산화에틸렌,75-21-8,107.267Ton/day,20101014,충남본부
3330,삼성디스플레이(주)\_아산2캠퍼스,충청남도 아산시 탕정면 탕정로 380-2,0415351760,일반저장,암모니아,7664-41-7,4Ton,20100804,충남본부
3331,삼성디스플레이(주)\_아산2캠퍼스,충청남도 아산시 탕정면 탕정로 380-2,0415351760,일반저장,PH3/H2,7803-51-2,42㎥,20100804,충남본부
3332,삼성디스플레이(주)\_아산2캠퍼스,충청남도 아산시 탕정면 탕정로 380-2,0415351760,일반저장,암모니아,7664-41-7,3Ton,20100204,충남본부
3333,삼성디스플레이(주)\_아산2캠퍼스,충청남도 아산시 탕정면 탕정로 380-2,0415351760,일반저장,PH3/H2,7803-51-2,28㎥,20100204,충남본부
3334,삼성디스플레이(주)\_아산2캠퍼스,충청남도 아산시 탕정면 탕정로 380-2,0415351760,일반저장,삼불화붕소,7637-07-2,16㎥,20100804,충남본부
3335,삼성디스플레이(주)\_아산2캠퍼스,충청남도 아산시 탕정면 탕정로 380-2,0415351760,일반저장,삼염화붕소,10294-34-5,.94Ton,20100804,충남본부
3336,삼성디스플레이(주)\_아산2캠퍼스,충청남도 아산시 탕정면 탕정로 380-2,0415351760,일반저장,염소,7782-50-5,2.938Ton,20100804,충남본부
3337,삼성디스플레이(주)\_아산2캠퍼스,충청남도 아산시 탕정면 탕정로 380-2,0415351760,일반저장,암모니아,7664-41-7,7.5Ton,20140804,충남본부
3338,삼성디스플레이(주)\_아산2캠퍼스,충청남도 아산시 탕정면 탕정로 380-2,0415351760,일반저장,PH3/H2,7803-51-2,14.2㎥,20140804,충남본부
3339,삼성디스플레이(주)\_아산2캠퍼스,충청남도 아산시 탕정면 탕정로 380-2,0415351760,일반저장,삼염화붕소,10294-34-5,2.82Ton,20140804,충남본부
3340,삼성디스플레이(주)\_아산2캠퍼스,충청남도 아산시 탕정면 탕정로 380-2,0415351760,일반저장,염소,7782-50-5,8.813Ton,20140804,충남본부
3341,삼성디스플레이(주)\_아산2캠퍼스,충청남도 아산시 탕정면 탕정로 380-2,0415351760,일반저장,삼불화붕소,7637-07-2,49.7㎥,20140804,충남본부
3342,삼성디스플레이(주)\_아산2캠퍼스,충청남도 아산시 탕정면 탕정로 380-2,0415351760,일반저장,염소,7782-50-5,3.52Ton,20150804,충남본부
3343,삼성디스플레이(주)\_아산2캠퍼스,충청남도 아산시 탕정면 탕정로 380-2,0415351760,일반저장,삼염화붕소,10294-34-5,.94Ton,20150804,충남본부
3344,삼성디스플레이(주)\_아산2캠퍼스,충청남도 아산시 탕정면 탕정로 380-2,0415351760,일반저장,삼불화붕소,7637-07-2,9㎥,20150804,충남본부
3345,삼성디스플레이(주)\_아산2캠퍼스,충청남도 아산시 탕정면 탕정로 380-2,0415351760,일반저장,4.5%HCl/0.9%H2/Ne,7647-01-0,39㎥,20190804,충남본부
3346,삼성디스플레이(주)\_아산2캠퍼스,충청남도 아산시 탕정면 탕정로 380-2,0415351760,일반저장,4.5%HCl/0.9%H2/Ne,7647-01-0,26㎥,20190804,충남본부
3347,삼성디스플레이(주)\_아산2캠퍼스,충청남도 아산시 탕정면 탕정로 380-2,0415351760,일반저장,CL2,7782-50-5,4.7Ton,20220204,충남본부
3348,한화모멘텀 주식회사 본관,충청남도 아산시 둔포면 아산밸리로 312 한화모멘텀 주식회사,0415891100,특고사용,암모니아,7664-41-7,50.54㎏,20211224,충남본부
3349,한화모멘텀 주식회사 본관,충청남도 아산시 둔포면 아산밸리로 312 한화모멘텀 주식회사,0415891100,특고사용,포스핀,7803-51-2,7.097㎥,20211224,충남본부
3350,한화모멘텀 주식회사 본관,충청남도 아산시 둔포면 아산밸리로 312 한화모멘텀 주식회사,0415891100,특고사용,모노실란,7803-62-5,14.194㎥,20211224,충남본부
3351,(주)팸테크놀로지,충청남도 아산시 인주면 인주산단로 123-34,0415383782,일반제조,암모니아,7664-41-7,16.471Ton,20110729,충남본부
3352,(주)팸테크놀로지,충청남도 아산시 인주면 인주산단로 123-34,0415383782,일반제조,암모니아,7664-41-7,17.625Ton/day,20110729,충남본부
3353,(주)팸테크놀로지,충청남도 아산시 인주면 인주산단로 123-34,0415383782,일반제조,암모니아,7664-41-7,17.625Ton/day,20110729,충남본부
3354,(주)팸테크놀로지,충청남도 아산시 인주면 인주산단로 123-34,0415383782,일반제조,암모니아,7664-41-7,16.471Ton,20110729,충남본부
3355,(주)팸테크놀로지,충청남도 아산시 인주면 인주산단로 123-34,0415383782,일반제조,암모니아,7664-41-7,29.203Ton,20160129,충남본부
3356,(주)팸테크놀로지,충청남도 아산시 인주면 인주산단로 123-34,0415383782,일반제조,암모니아,7664-41-7,35.251Ton/day,20160129,충남본부
3357,(주)동남합성대산2공장,충청남도 서산시 대산읍 죽엽로 373,0416614800,일반제조,산화에틸렌,75-21-8,49.14Ton,20110927,충남본부
3358,(주)동남합성대산2공장,충청남도 서산시 대산읍 죽엽로 373,0416614800,일반제조,산화에틸렌,75-21-8,49.165Ton,20110927,충남본부
3359,(주)동남합성대산2공장,충청남도 서산시 대산읍 죽엽로 373,0416614800,일반제조,산화에틸렌,75-21-8,61.152Ton/day,20110927,충남본부
3360,(주)포인트엔지니어링,충청남도 아산시 둔포면 아산밸리로 89,07044657333,특고사용,염소,7782-50-5,58.75㎏,20170217,충남본부
3361,(주)포인트엔지니어링,충청남도 아산시 둔포면 아산밸리로 89,07044657333,특고사용,암모니아,7664-41-7,25.269㎏,20180217,충남본부
3362,(주)동보아산공장,충청남도 아산시 둔포면 아산밸리로 172,0414206100,특고사용,암모니아,7664-41-7,100㎏,20110225,충남본부
3363,(주)명화금속,충청남도 당진시 신평면 신평길 225-136,0413598800,특고사용,암모니아,7664-41-7,800㎏,20120517,충남본부
3364,한국특수가스(주),충청남도 서산시 음암면 석동로 394,0416817814,일반판매,암모니아,7664-41-7,0,20130708,충남본부
3365,삼성전자(주),충청남도 천안시 서북구 번영로 465 (성성동) 삼성전자(주) 천안캠퍼스,0415990286,일반저장,암모니아,7664-41-7,.101Ton,20171227,충남본부
3366,삼성전자(주),충청남도 천안시 서북구 번영로 465 (성성동) 삼성전자(주) 천안캠퍼스,0415990286,일반저장,염소,7782-50-5,0Ton,20171227,충남본부
3367,삼성전자(주),충청남도 천안시 서북구 번영로 465 (성성동) 삼성전자(주) 천안캠퍼스,0415990286,일반저장,염화수소,7647-01-0,0Ton,20171227,충남본부
3368,삼성전자(주),충청남도 천안시 서북구 번영로 465 (성성동) 삼성전자(주) 천안캠퍼스,0415990286,일반저장,모노실란,7803-62-5,0Ton,20171227,충남본부
3369,삼성전자(주),충청남도 천안시 서북구 번영로 465 (성성동) 삼성전자(주) 천안캠퍼스,0415990286,일반저장,포스핀,7803-51-2,0㎥,20171227,충남본부
3370,삼성전자(주),충청남도 천안시 서북구 번영로 465 (성성동) 삼성전자(주) 천안캠퍼스,0415990286,일반저장,모노실란,7803-62-5,27.84㎥,20171227,충남본부
3371,삼성전자(주),충청남도 천안시 서북구 번영로 465 (성성동) 삼성전자(주) 천안캠퍼스,0415990286,일반저장,HCl/Xe/H2/Ne,7647-01-0,27.84㎥,20171227,충남본부
3372,삼성전자(주),충청남도 천안시 서북구 번영로 465 (성성동) 삼성전자(주) 천안캠퍼스,0415990286,일반저장,염소,7782-50-5,.234Ton,20171227,충남본부
3373,삼성전자(주),충청남도 천안시 서북구 번영로 465 (성성동) 삼성전자(주) 천안캠퍼스,0415990286,일반저장,NH3,7664-41-7,.053Ton,20240905,충남본부
3374,삼성전자(주),충청남도 천안시 서북구 번영로 465 (성성동) 삼성전자(주) 천안캠퍼스,0415990286,일반저장,NH3,7664-41-7,.107Ton,20240905,충남본부
3375,푸드렐라(주),충청남도 아산시 둔포면 충무로 1342,07043724028,냉동제조,암모니아,7664-41-7,206.16RT,20140314,충남본부
3376,단국대학교천안캠퍼스산학협력단,"충청남도 천안시 동남구 단대로 119 (안서동,단국대학교천안캠퍼스내)",0415506194,특고사용,암모니아,7664-41-7,56.5㎏,20230419,충남본부
3377,신건냉동산업 어업회사법인 주식회사,충청남도 홍성군 갈산면 갈산로 227-67,0416310912,냉동제조,암모니아,7664-41-7,181.77RT,20140731,충남본부
3378,한국동서발전(주) 당진화력본부,충청남도 당진시 석문면 교로길 30,0413511356,일반저장,암모니아,7664-41-7,111.86Ton,20151103,충남본부
3379,한국동서발전(주) 당진화력본부,충청남도 당진시 석문면 교로길 30,0413511356,일반저장,암모니아,7664-41-7,111.86Ton,20151103,충남본부
3380,한국동서발전(주) 당진화력본부,충청남도 당진시 석문면 교로길 30,0413511356,일반저장,암모니아,7664-41-7,111.86Ton,20151103,충남본부
3381,케이피엑스일렉트로켐(주) 천안공장,충청남도 천안시 동남구 풍세면 풍세산단3로 70,0415905842,특고사용,암모니아,7664-41-7,5㎏,20140708,충남본부
3382,태화엘앤씨(주),충청남도 예산군 예산읍 간양길166번길 16-8,0220067646,일반충전,산화에틸렌,75-21-8,.69Ton,20150306,충남본부
3383,(주)덕산테코피아 천안사업장,충청남도 천안시 동남구 성남면 5산단3로 30,0416298200,일반저장,염소,7782-50-5,2Ton,20151117,충남본부
3384,(주)덕산테코피아 천안사업장,충청남도 천안시 동남구 성남면 5산단3로 30,0416298200,일반저장,염소,7782-50-5,4Ton,20181117,충남본부
3385,(주)덕산테코피아 천안사업장,충청남도 천안시 동남구 성남면 5산단3로 30,0416298200,일반저장,염소,7782-50-5,8Ton,20181117,충남본부
3386,(주)덕산테코피아 천안사업장,충청남도 천안시 동남구 성남면 5산단3로 30,0416298200,일반저장,암모니아,7664-41-7,.05Ton,20201117,충남본부
3387,천일테크,충청남도 천안시 동남구 성남면 석곡3길 23,0415541010,특고사용,암모니아,7664-41-7,150㎏,20151103,충남본부
3388,(주)대명특수가스,충청남도 천안시 동남구 성남면 성남로 230-37,0415720839,일반판매,일산화질소,10102-43-9,0,20160329,충남본부
3389,(주)대명특수가스,충청남도 천안시 동남구 성남면 성남로 230-37,0415720839,일반판매,아황산가스,7446-09-5,0,20160329,충남본부
3390,(주)대명특수가스,충청남도 천안시 동남구 성남면 성남로 230-37,0415720839,일반판매,염소,7782-50-5,0,20160329,충남본부
3391,(주)대명특수가스,충청남도 천안시 동남구 성남면 성남로 230-37,0415720839,일반판매,염화수소,7647-01-0,0,20160329,충남본부
3392,(주)대명특수가스,충청남도 천안시 동남구 성남면 성남로 230-37,0415720839,일반판매,사불화메탄,75-73-0,0,20160329,충남본부
3393,(주)대명특수가스,충청남도 천안시 동남구 성남면 성남로 230-37,0415720839,일반판매,황화수소,7783-06-4,0,20160329,충남본부
3394,(주)대명특수가스,충청남도 천안시 동남구 성남면 성남로 230-37,0415720839,일반판매,일산화탄소,630-08-0,0,20160329,충남본부
3395,(주)대명특수가스,충청남도 천안시 동남구 성남면 성남로 230-37,0415720839,일반판매,브롬화수소,10035-10-6,0,20160329,충남본부
3396,(주)대명특수가스,충청남도 천안시 동남구 성남면 성남로 230-37,0415720839,일반판매,불화수소,7664-39-3,0,20160329,충남본부
3397,(주)대명특수가스,충청남도 천안시 동남구 성남면 성남로 230-37,0415720839,일반판매,육불화텅스텐,7783-82-6,0,20160329,충남본부
3398,(주)대명특수가스,충청남도 천안시 동남구 성남면 성남로 230-37,0415720839,일반판매,암모니아,7664-41-7,0,20160329,충남본부
3399,(주)레이크머티리얼즈,충청남도 천안시 동남구 성남면 5산단4로 41,0444149436,일반저장,디메틸아민(DMA),124-40-3,2.073Ton,20181005,충남본부
3400,(주)레이크머티리얼즈,충청남도 천안시 동남구 성남면 5산단4로 41,0444149436,일반저장,염화메탄,74-87-3,2.82Ton,20181005,충남본부
3401,칸토덴카코리아(주),충청남도 천안시 동남구 성남면 용원1길 30-29,0415232360,일반판매,사불화메탄,75-73-0,0,20161130,충남본부
3402,칸토덴카코리아(주),충청남도 천안시 동남구 성남면 용원1길 30-29,0415232360,일반판매,사불화규소,7783-61-1,0,20161130,충남본부
3403,칸토덴카코리아(주),충청남도 천안시 동남구 성남면 용원1길 30-29,0415232360,일반판매,헥사플루오로프로판,690-39-1,0,20161130,충남본부
3404,칸토덴카코리아(주),충청남도 천안시 동남구 성남면 용원1길 30-29,0415232360,일반판매,플루오르화 퍼플루오로아세틸,354-34-7,0,20161130,충남본부
3405,제이아이금속(주),충청남도 서산시 성연면 해성길 65 A동,0416636533,특고사용,염소,7782-50-5,470㎏,20181001,충남본부
3406,한국엔에스케이주식회사천안공장,충청남도 천안시 동남구 수신면 5산단7로 11,0414116291,특고사용,암모니아,7664-41-7,225.8㎏,20161212,충남본부
3407,장인열처리(주),충청남도 아산시 둔포면 아산밸리로387번길 15,0415471072,특고사용,암모니아,7664-41-7,600㎏,20171025,충남본부
3408,(주)화인트로,충청남도 아산시 음봉면 아산온천로 528-21,0414236700,특고사용,암모니아,7664-41-7,677.42㎏,20181221,충남본부
3409,(주)삼원열처리지점,충청남도 아산시 둔포면 아산밸리로388번길 34 1957,0414273071,일반저장,암모니아,7664-41-7,9.99Ton,20180224,충남본부
3410,(주)이엔에프테크놀로지 천안공장,충청남도 천안시 동남구 성남면 5산단3로 14,0415395838,일반제조,암모니아,7664-41-7,105.753Ton/day,20181003,충남본부
3411,(주)이엔에프테크놀로지 천안공장,충청남도 천안시 동남구 성남면 5산단3로 14,0415395838,일반제조,암모니아,7664-41-7,29.203Ton,20181003,충남본부
3412,(주)이엔에프테크놀로지 천안공장,충청남도 천안시 동남구 성남면 5산단3로 14,0415395838,일반제조,암모니아,7664-41-7,29.203Ton,20181003,충남본부
3413,하나머티리얼즈(주) 아산사업장,충청남도 아산시 음봉면 연암율금로 77-24,0414101218,특고사용,암모니아,7664-41-7,50.538㎏,20180614,충남본부
3414,칸토덴카화인프로덕츠한국(주),충청남도 천안시 동남구 수신면 5산단1로 176,0415694562,일반제조,염소,7782-50-5,2Ton,20210709,충남본부
3415,칸토덴카화인프로덕츠한국(주),충청남도 천안시 동남구 수신면 5산단1로 176,0415694562,특고사용,PF3,7783-55-3,14.95㎏,20240809,충남본부
3416,칸토덴카화인프로덕츠한국(주),충청남도 천안시 동남구 수신면 5산단1로 176,0415694562,특고사용,CL2,7782-50-5,58.75㎏,20240809,충남본부
3417,(주)브이씨티이,충청남도 아산시 음봉면 아산밸리로387번길 105,0414245120,특고사용,암모니아,7664-41-7,696㎏,20180827,충남본부
3418,(주)삼양사,충청남도 천안시 동남구 풍세면 풍세산단로 33,0415532313,냉동제조,암모니아,7664-41-7,69.07RT,20190327,충남본부
3419,(주)삼양사,충청남도 천안시 동남구 풍세면 풍세산단로 33,0415532313,냉동제조,암모니아,7664-41-7,101.03RT,20190327,충남본부
3420,(주)삼양사,충청남도 천안시 동남구 풍세면 풍세산단로 33,0415532313,냉동제조,암모니아,7664-41-7,101.03RT,20190327,충남본부
3421,(주)삼양사,충청남도 천안시 동남구 풍세면 풍세산단로 33,0415532313,냉동제조,암모니아,7664-41-7,69.07RT,20190327,충남본부
3422,주식회사 메가터치,충청남도 천안시 서북구 3공단2로 42,0414127149,특고사용,암모니아,7664-41-7,50.22㎏,20190328,충남본부
3423,주식회사 메가터치,충청남도 천안시 서북구 3공단2로 42,0414127149,특고사용,염소,7782-50-5,116.8㎏,20190328,충남본부
3424,주식회사 메가터치,충청남도 천안시 서북구 3공단2로 42,0414127149,특고사용,모노실란,7803-62-5,14.1㎥,20190328,충남본부
3425,주식회사 에이치앤이루자,충청남도 아산시 둔포면 신남리 216-7,07086803152,특고사용,모노실란,7803-62-5,27.824㎥,20190626,충남본부
3426,주식회사 에이치앤이루자,충청남도 아산시 둔포면 신남리 216-7,07086803152,특고사용,NH3,7664-41-7,101.076㎏,20190626,충남본부
3427,대전충남양돈농협,충청남도 천안시 동남구 성남면 5산단1로 81 대전충남양돈농협,0415792375,냉동제조,암모니아,7664-41-7,2134.16RT,20200110,충남본부
3428,대전충남양돈농협,충청남도 천안시 동남구 성남면 5산단1로 81 대전충남양돈농협,0415792375,냉동제조,암모니아,7664-41-7,349.28RT,20200110,충남본부
3429,에어리퀴드솔루션즈코리아(유),충청남도 천안시 동남구 성남면 5산단1로 156-18,0415807304,특고사용,암모니아,7664-41-7,25.27㎏,20200207,충남본부
3430,에어리퀴드솔루션즈코리아(유),충청남도 천안시 동남구 성남면 5산단1로 156-18,0415807304,일반충전,모노실란,7803-62-5,21.291㎥,20200303,충남본부
3431,에어리퀴드솔루션즈코리아(유),충청남도 천안시 동남구 성남면 5산단1로 156-18,0415807304,일반충전,SO2,7446-09-5,.817Ton,20200303,충남본부
3432,에어리퀴드솔루션즈코리아(유),충청남도 천안시 동남구 성남면 5산단1로 156-18,0415807304,일반충전,LASAL 201,0,24.12㎥,20200303,충남본부
3433,에어리퀴드솔루션즈코리아(유),충청남도 천안시 동남구 성남면 5산단1로 156-18,0415807304,일반충전,육불화텅스텐,7783-82-6,.427Ton,20200904,충남본부
3434,천안열처리,충청남도 천안시 서북구 직산읍 미륵산길 32,0415831072,특고사용,암모니아,7664-41-7,108.7㎏,20210312,충남본부
3435,다이킨첨단머티리얼즈코리아(주),충청남도 당진시 송산면 가곡로 100,0413544312,일반충전,PF3,7783-55-3,.654Ton,20240807,충남본부
3436,디에스엠(주)예산공장,충청남도 예산군 신암면 용산로 71-15,0416322280,특고사용,염소,7782-50-5,58.75㎏,20240417,충남본부
3437,메르센코리아(주),충청남도 천안시 서북구 3공단2로 53,0415376319,특고사용,염소,7782-50-5,235㎏,20220620,충남본부
3438,공공시설관리사업소,충청남도 홍성군 금마면 금마로516번길 85,0416309823,특고사용,암모니아,7664-41-7,217㎏,20211111,충남본부
3439,수경화학주식회사,충청남도 예산군 신양면 차동로 286,0318199780,일반판매,이산화질소,10102-44-0,0,20220506,충남본부
3440,에드워드코리아 주식회사,충청남도 아산시 탕정면 갈산리 821,0415300100,일반저장,불소,7782-41-4,85.164㎥,20240123,충남본부
3441,에드워드코리아 주식회사,충청남도 아산시 탕정면 갈산리 821,0415300100,일반저장,디실란,1590-87-0,.039Ton,20240123,충남본부
3442,에드워드코리아 주식회사,충청남도 아산시 탕정면 갈산리 821,0415300100,일반저장,암모니아,7664-41-7,.202Ton,20240123,충남본부
3443,에드워드코리아 주식회사,충청남도 아산시 탕정면 갈산리 821,0415300100,일반저장,사불화규소,7783-61-1,.272Ton,20240123,충남본부
3444,에드워드코리아 주식회사,충청남도 아산시 탕정면 갈산리 821,0415300100,일반저장,모노실란,7803-62-5,14.194㎥,20240123,충남본부
3445,에드워드코리아 주식회사,충청남도 아산시 탕정면 갈산리 821,0415300100,일반저장,염소,7782-50-5,.059Ton,20240123,충남본부
3446,에드워드코리아 주식회사,충청남도 아산시 탕정면 갈산리 821,0415300100,일반저장,아황산가스,7446-09-5,.059Ton,20240123,충남본부
3447,(재)충남테크노파크,충청남도 천안시 서북구 직산읍 직산로 136,0415890925,특고사용,암모니아,7664-41-7,50.538㎏,20250224,충남본부
3448,(재)충남테크노파크,충청남도 천안시 서북구 직산읍 직산로 136,0415890925,특고사용,BF3,7637-07-2,.738㎥,20250224,충남본부
3449,(재)충남테크노파크,충청남도 천안시 서북구 직산읍 직산로 136,0415890925,특고사용,모노실란,7803-62-5,13.912㎥,20250224,충남본부
3450,(재)충남테크노파크,충청남도 천안시 서북구 직산읍 직산로 136,0415890925,특고사용,염소,7782-50-5,117.5㎏,20250224,충남본부
3451,(재)충남테크노파크,충청남도 천안시 서북구 직산읍 직산로 136,0415890925,일반저장,20%PH3/H2,7803-51-2,13.912㎥,20260115,충남본부
3452,(주)경산,충청남도 서산시 대산읍 대죽산업로 105 (주)경산,,일반제조,산화에틸렌,75-21-8,99.099Ton,20240605,충남본부
3453,(주)경산,충청남도 서산시 대산읍 대죽산업로 105 (주)경산,,일반제조,산화에틸렌,75-21-8,1274.4Ton/day,20240605,충남본부
3454,(주)경산,충청남도 서산시 대산읍 대죽산업로 105 (주)경산,,일반제조,산화에틸렌,75-21-8,99.099Ton,20240605,충남본부
3455,(주)그로그코리아,충청남도 아산시 영인면 신봉리 549-24,0415829993,일반저장,0.1%B2H6+H2,19287-45-7,49.7㎥,20250507,충남본부
3456,(주)그로그코리아,충청남도 아산시 영인면 신봉리 549-24,0415829993,일반저장,H2S,7783-06-4,.032Ton,20250507,충남본부
3457,(주)그로그코리아,충청남도 아산시 영인면 신봉리 549-24,0415829993,일반저장,NH3,7664-41-7,.151Ton,20250507,충남본부
3458,(주)그로그코리아,충청남도 아산시 영인면 신봉리 549-24,0415829993,일반저장,10%F2+N2,7782-41-4,14.2㎥,20250507,충남본부
3459,(주)그로그코리아,충청남도 아산시 영인면 신봉리 549-24,0415829993,일반저장,5%F2+N2,7782-41-4,14.2㎥,20250507,충남본부
3460,(주)그로그코리아,충청남도 아산시 영인면 신봉리 549-24,0415829993,일반저장,모노실란,7803-62-5,49.7㎥,20250507,충남본부
3461,(주)그로그코리아,충청남도 아산시 영인면 신봉리 549-24,0415829993,일반저장,HCl,7647-01-0,35.5㎥,20250507,충남본부
3462,(주)그로그코리아,충청남도 아산시 영인면 신봉리 549-24,0415829993,일반저장,SO2,7446-09-5,.057Ton,20250507,충남본부
3463,(주)알디솔루션,충청남도 천안시 서북구 입장면 망향로 1225,0424851222,일반저장,일산화탄소,630-08-0,283.88㎥,20241025,충남본부
3464,(주)에이치앤이루자 2공장,충청남도 아산시 둔포면 아산밸리북로 103,07086804100,특고사용,20%PH3/H2,7803-51-2,7.097㎥,20241015,충남본부
3465,(주)에이치앤이루자 2공장,충청남도 아산시 둔포면 아산밸리북로 103,07086804100,특고사용,삼불화붕소,7637-07-2,7.097㎥,20241015,충남본부
3466,(주)덕양가스,충청남도 당진시 석문면 산단3로2길 50,0413538299,일반충전,SO2,7446-09-5,.058Ton,20251024,충남본부
3467,(주)덕양가스,충청남도 당진시 석문면 산단3로2길 50,0413538299,일반충전,H2S,7783-06-4,.031Ton,20251024,충남본부
3468,(주)덕양가스,충청남도 당진시 석문면 산단3로2길 50,0413538299,일반충전,이산화질소,10102-44-0,.062Ton,20251024,충남본부
3469,(주)덕양가스,충청남도 당진시 석문면 산단3로2길 50,0413538299,일반충전,일산화질소,10102-43-9,7㎥,20251024,충남본부
3470,(주)덕양가스,충청남도 당진시 석문면 산단3로2길 50,0413538299,일반충전,일산화탄소,630-08-0,7㎥,20251024,충남본부
3471,(주)덕양가스,충청남도 당진시 석문면 산단3로2길 50,0413538299,일반충전,암모니아,7664-41-7,.025Ton,20251024,충남본부
3472,한국메티슨특수가스(주)인주공장,충청남도 아산시 인주면 해암리 2-2,,일반제조,BF3,7637-07-2,2122.003㎥,,충남본부
3473,한국메티슨특수가스(주)인주공장,충청남도 아산시 인주면 해암리 2-2,,일반제조,B2H6,19287-45-7,141.94㎥,,충남본부
3474,한국메티슨특수가스(주)인주공장,충청남도 아산시 인주면 해암리 2-2,,일반제조,BF3,7637-07-2,56.776㎥,,충남본부
3475,한국메티슨특수가스(주)인주공장,충청남도 아산시 인주면 해암리 2-2,,일반제조,B2H6,19287-45-7,53.664N㎥/day,,충남본부
3476,(주)엘케이켐,충청남도 천안시 서북구 성거읍 성거산단2로 104,0415850530,특고사용,염소,7782-50-5,117.5㎏,20251106,충남본부
3477,영등포아리수정수센터,서울특별시 영등포구 노들로 11,0231465643,일반저장,염소,7782-50-5,9Ton,19961001,서울남부지사
3478,영등포아리수정수센터,서울특별시 영등포구 노들로 11,0231465643,일반저장,염소,7782-50-5,10Ton,20100401,서울남부지사
3479,롯데웰푸드(주),서울특별시 영등포구 양평로21길 25,0226706725,냉동제조,암모니아,7664-41-7,842.09RT,19980603,서울남부지사
3480,(주)영동상사,서울특별시 구로구 구일로 166,0226975706,일반판매,이산화질소,10102-44-0,0,19970107,서울남부지사
3481,중앙대학교,서울특별시 동작구 흑석로6길 61 중앙대학교 310관 시설팀,028206099,특고사용,암모니아,7664-41-7,25.268㎏,20220428,서울남부지사
3482,케이디시스템,서울특별시 영등포구 도림로141길 34,0226799855,특고사용,암모니아,7664-41-7,115㎏,20040730,서울남부지사
3483,동진열처리,서울특별시 금천구 시흥대로123길 88,028641072,특고사용,암모니아,7664-41-7,100㎏,20090811,서울남부지사
3484,화성진공열처리,서울특별시 영등포구 도림로147길 12,0236672585,특고사용,암모니아,7664-41-7,200㎏,20130513,서울남부지사
3485,두성프러스주얼리,서울특별시 영등포구 대방천로 36,028324881,특고사용,암모니아,7664-41-7,100㎏,20130913,서울남부지사
3486,동부금형열처리,서울특별시 금천구 두산로 30 (독산동),028076466,특고사용,암모니아,7664-41-7,200㎏,20150515,서울남부지사
3487,코오롱인더스트리(주),서울특별시 강서구 마곡동로 110 중앙감시실,0221991130,특고사용,삼불화붕소,7637-07-2,3.02㎥,20211104,서울남부지사
3488,뚝도 아리수정수센터(자양통합취수장),서울특별시 광진구 강변북로 292 자양취수장,0231462231,일반저장,염소,7782-50-5,55Ton,19960611,서울동부지사
3489,뚝도 아리수정수센터(정수장),서울특별시 성동구 왕십리로 27,0231465546,일반저장,염소,7782-50-5,18Ton,20110901,서울동부지사
3490,건국대학교,서울특별시 광진구 능동로 120,024503147,특고사용,암모니아,7664-41-7,25㎏,20240402,서울동부지사
3491,서울과학기술대학교,서울특별시 노원구 공릉로 232 시설과 기계지원팀,029706151,특고사용,암모니아,7664-41-7,5.484㎏,20241217,서울동부지사
3492,서울과학기술대학교,서울특별시 노원구 공릉로 232 시설과 기계지원팀,029706151,특고사용,암모니아,7664-41-7,50.6㎏,20250407,서울동부지사
3493,구의아리수정수센터,서울특별시 광진구 광나루로 571(구의동),0231465401,일반저장,염소,7782-50-5,16Ton,20120305,서울동부지사
3494,경희대학교,"서울특별시 동대문구 경희대로 26 이과대학 서관 408호, 307호 (산학협력센터)",029610040,특고사용,암모니아,7664-41-7,51㎏,20211013,서울동부지사
3495,경희대학교,"서울특별시 동대문구 경희대로 26 이과대학 서관 408호, 307호 (산학협력센터)",029610040,특고사용,암모니아,7664-41-7,25.27㎏,20250901,서울동부지사
3496,(재)씨젠의료재단,서울특별시 동대문구 답십리로 288 (장안동),0220473600,특고사용,암모니아,7664-41-7,25.269㎏,20250818,서울동부지사
3497,서울시립대학교,"서울특별시 동대문구 서울시립대로 163 (전농동) 서울시립대학교 제2공학관 105,106호",,특고사용,CL2,7782-50-5,58.75㎏,20250407,서울동부지사
3498,부산광역시상수도사업본부 화명정수사업소,"부산광역시 북구 와석장터로 45, 시설팀",0516694812,일반저장,염소,7782-50-5,18Ton,20220404,부산북부지사
3499,(주)지이스트 냉동,부산광역시 기장군 기장읍 기장해안로 640,0517235570,냉동제조,암모니아,7664-41-7,263.98RT,20071228,부산북부지사
3500,(주)덕신사,부산광역시 금정구 공단서로 25 (금사동),0517976621,특고사용,암모니아,7664-41-7,200㎏,20140415,부산북부지사
3501,재단법인 부산테크노파크,부산광역시 금정구 부산대학로63번길 2 (장전동) 부산테크노파크 파워반도체상용화센터 (안전관리자),0515103946,특고사용,모노실란,7803-62-5,7.1㎥,20150701,부산북부지사
3502,재단법인 부산테크노파크,부산광역시 금정구 부산대학로63번길 2 (장전동) 부산테크노파크 파워반도체상용화센터 (안전관리자),0515103946,특고사용,암모니아,7664-41-7,25.27㎏,20190522,부산북부지사
3503,재단법인 부산테크노파크,부산광역시 금정구 부산대학로63번길 2 (장전동) 부산테크노파크 파워반도체상용화센터 (안전관리자),0515103946,특고사용,염소,7782-50-5,58.75㎏,20150701,부산북부지사
3504,일진엔티에스(주),부산광역시 기장군 장안읍 명례산단6로 162,0518311700,특고사용,암모니아,7664-41-7,848㎏,20170907,부산북부지사
3505,에스케이파워텍 주식회사,부산광역시 기장군 장안읍 의과학4로 2 파워반도체 상용화센터,0517274815,특고사용,CL2,7782-50-5,117.5㎏,20230224,부산북부지사
3506,에스케이파워텍 주식회사,부산광역시 기장군 장안읍 의과학4로 2 파워반도체 상용화센터,0517274815,특고사용,SiH4,7803-62-5,14.2㎥,20230224,부산북부지사
3507,에스케이파워텍 주식회사,부산광역시 기장군 장안읍 의과학4로 2 파워반도체 상용화센터,0517274815,특고사용,NH3,7664-41-7,50.54㎏,20230224,부산북부지사
3508,에스케이파워텍 주식회사,부산광역시 기장군 장안읍 의과학4로 2 파워반도체 상용화센터,0517274815,특고사용,모노실란,7803-62-5,63.9㎥,20240403,부산북부지사
3509,광진실업(주) 기장공장,부산광역시 기장군 장안읍 오리산단로 106,0512049101,특고사용,암모니아,7664-41-7,997㎏,20231023,부산북부지사
3510,(주)에이치에스켐텍,경기도 안산시 단원구 별망로 522 (원시동740),0314918973,일반저장,염소,7782-50-5,25.01Ton,19990528,경기서부지사
3511,(주)유한화학,경기도 안산시 단원구 지원로 45 (성곡동678-1),0314885800,일반저장,암모니아,7664-41-7,.8Ton,20140307,경기서부지사
3512,(주)유한화학,경기도 안산시 단원구 지원로 45 (성곡동678-1),0314885800,일반저장,염화수소,7647-01-0,.18Ton,20140307,경기서부지사
3513,광명시친환경사업본부(노온정수장),경기도 광명시 범안로 777-21,0226802100,일반저장,염소,7782-50-5,16Ton,19951115,경기서부지사
3514,주식회사 팜한농(반월공장),경기도 안산시 단원구 해안로 131 (목내동),0313622242,냉동제조,암모니아,7664-41-7,350.83RT,19961029,경기서부지사
3515,주식회사 팜한농(반월공장),경기도 안산시 단원구 해안로 131 (목내동),0313622242,냉동제조,암모니아,7664-41-7,307.56RT,20130107,경기서부지사
3516,한양대학교 ERICA(시설팀),경기도 안산시 상록구 한양대학로 55 한양대학교 시설팀,0314004443,특고사용,암모니아,7664-41-7,2.56㎥,20211129,경기서부지사
3517,한양대학교 ERICA(시설팀),경기도 안산시 상록구 한양대학로 55 한양대학교 시설팀,0314004443,특고사용,모노실란,7803-62-5,7.1㎥,20220805,경기서부지사
3518,한양대학교 ERICA(시설팀),경기도 안산시 상록구 한양대학로 55 한양대학교 시설팀,0314004443,특고사용,염소,7782-50-5,58.75㎏,20220805,경기서부지사
3519,한양대학교 ERICA(시설팀),경기도 안산시 상록구 한양대학로 55 한양대학교 시설팀,0314004443,특고사용,암모니아,7664-41-7,25.27㎏,20220805,경기서부지사
3520,(주)종근당바이오 안산공장,경기도 안산시 단원구 신원로 292 (목내동) (목내동454),0314891023,특고사용,암모니아,7664-41-7,300㎏,20160104,경기서부지사
3521,에스티팜(주),"경기도 시흥시 협력로 231 (시화공단1나802호, 정왕동 1241-2번지)",0314993002,특고사용,암모니아,7664-41-7,486㎏,20120827,경기서부지사
3522,굴포공공하수처리시설,경기도 부천시 오정구 벌말로 220 굴포천하수종말처리장,0326784855,일반저장,염소,7782-50-5,1Ton,20050307,경기서부지사
3523,굴포공공하수처리시설,경기도 부천시 오정구 벌말로 220 굴포천하수종말처리장,0326784855,일반저장,아황산가스,7446-09-5,1Ton,20050307,경기서부지사
3524,롯데웰푸드(주)안산공장,경기도 안산시 단원구 성곡로 32,0313645503,냉동제조,암모니아,7664-41-7,176.14RT,20100312,경기서부지사
3525,(주)GS반월열병합발전,경기도 안산시 단원구 해안로 404 (초지동661),0313633513,일반저장,암모니아,7664-41-7,59Ton,20060801,경기서부지사
3526,대원냉동산업사,경기도 부천시 오정구 신흥로416번길 17,0326725848,냉동제조,암모니아,7664-41-7,198.23RT,19960905,경기서부지사
3527,버슘머트리얼즈코리아(주),경기도 시흥시 협력로 143 (정왕동),0314884114,일반제조,사불화규소,7783-61-1,.33Ton/day,20010203,경기서부지사
3528,버슘머트리얼즈코리아(주),경기도 시흥시 협력로 143 (정왕동),0314884114,일반충전,디보레인,19287-45-7,70.97㎥,19960203,경기서부지사
3529,버슘머트리얼즈코리아(주),경기도 시흥시 협력로 143 (정왕동),0314884114,일반충전,삼불화붕소,7637-07-2,7.097㎥,19960203,경기서부지사
3530,버슘머트리얼즈코리아(주),경기도 시흥시 협력로 143 (정왕동),0314884114,일반충전,포스핀,7803-51-2,49.679㎥,19960203,경기서부지사
3531,버슘머트리얼즈코리아(주),경기도 시흥시 협력로 143 (정왕동),0314884114,일반제조,B2H6+H2,19287-45-7,3347.8㎥,20190207,경기서부지사
3532,버슘머트리얼즈코리아(주),경기도 시흥시 협력로 143 (정왕동),0314884114,일반제조,디보레인,19287-45-7,.039Ton/day,20190207,경기서부지사
3533,버슘머트리얼즈코리아(주),경기도 시흥시 협력로 143 (정왕동),0314884114,일반저장,B2H6+N2,19287-45-7,42.582㎥,20210714,경기서부지사
3534,버슘머트리얼즈코리아(주),경기도 시흥시 협력로 143 (정왕동),0314884114,일반저장,B2H6/H2,19287-45-7,56.776㎥,20210714,경기서부지사
3535,(주)한국화공,경기도 부천시 오정구 신흥로390번길 14,0326723458,일반충전,산화에틸렌,75-21-8,1.02Ton,19960820,경기서부지사
3536,한일화학(주),경기도 시흥시 공단1대로80번길 17 한일화학(주),0314983161,일반충전,암모니아,7664-41-7,20Ton,19951012,경기서부지사
3537,(주)동진이노켐,경기도 시흥시 소망공원로 16(정왕동 1236 시화공단 1라 101호),0313190011,특고사용,염소,7782-50-5,10㎏,20230118,경기서부지사
3538,(주)동진이노켐,경기도 시흥시 소망공원로 16(정왕동 1236 시화공단 1라 101호),0313190011,특고사용,암모니아,7664-41-7,5㎏,20230118,경기서부지사
3539,온세미컨덕터코리아(주),경기도 부천시 원미구 평천로850번길 55,0326801094,일반저장,염화수소,7647-01-0,6.468Ton,20110503,경기서부지사
3540,온세미컨덕터코리아(주),경기도 부천시 원미구 평천로850번길 55,0326801094,일반저장,모노실란,7803-62-5,28.388㎥,20110503,경기서부지사
3541,온세미컨덕터코리아(주),경기도 부천시 원미구 평천로850번길 55,0326801094,일반저장,암모니아,7664-41-7,.101Ton,20110503,경기서부지사
3542,온세미컨덕터코리아(주),경기도 부천시 원미구 평천로850번길 55,0326801094,일반저장,SIH4/H2,7803-62-5,14.194㎥,20110503,경기서부지사
3543,온세미컨덕터코리아(주),경기도 부천시 원미구 평천로850번길 55,0326801094,일반저장,모노실란,7803-62-5,56.776㎥,20111103,경기서부지사
3544,온세미컨덕터코리아(주),경기도 부천시 원미구 평천로850번길 55,0326801094,일반저장,암모니아,7664-41-7,.152Ton,20111103,경기서부지사
3545,온세미컨덕터코리아(주),경기도 부천시 원미구 평천로850번길 55,0326801094,일반저장,염소,7782-50-5,.353Ton,20111103,경기서부지사
3546,온세미컨덕터코리아(주),경기도 부천시 원미구 평천로850번길 55,0326801094,일반저장,브롬화수소,10035-10-6,.113Ton,20111103,경기서부지사
3547,온세미컨덕터코리아(주),경기도 부천시 원미구 평천로850번길 55,0326801094,일반저장,포스핀/질소,7803-51-2,42.582㎥,20111103,경기서부지사
3548,온세미컨덕터코리아(주),경기도 부천시 원미구 평천로850번길 55,0326801094,일반저장,일산화탄소,630-08-0,14.194㎥,20111103,경기서부지사
3549,온세미컨덕터코리아(주),경기도 부천시 원미구 평천로850번길 55,0326801094,일반저장,SiH4,7803-62-5,85.164㎥,20211214,경기서부지사
3550,온세미컨덕터코리아(주),경기도 부천시 원미구 평천로850번길 55,0326801094,일반저장,NO,10102-43-9,141.94㎥,20211214,경기서부지사
3551,온세미컨덕터코리아(주),경기도 부천시 원미구 평천로850번길 55,0326801094,일반저장,5%PH3/N2,7803-51-2,28.388㎥,20211214,경기서부지사
3552,온세미컨덕터코리아(주),경기도 부천시 원미구 평천로850번길 55,0326801094,일반저장,일산화탄소,630-08-0,42.582㎥,20211214,경기서부지사
3553,온세미컨덕터코리아(주),경기도 부천시 원미구 평천로850번길 55,0326801094,일반저장,염소,7782-50-5,.353Ton,20211214,경기서부지사
3554,온세미컨덕터코리아(주),경기도 부천시 원미구 평천로850번길 55,0326801094,일반저장,암모니아,7664-41-7,.202Ton,20211214,경기서부지사
3555,온세미컨덕터코리아(주),경기도 부천시 원미구 평천로850번길 55,0326801094,일반저장,B2H6+N2,19287-45-7,14.194㎥,20211214,경기서부지사
3556,온세미컨덕터코리아(주),경기도 부천시 원미구 평천로850번길 55,0326801094,일반저장,5%B2H6/N2,19287-45-7,14.194㎥,20211214,경기서부지사
3557,온세미컨덕터코리아(주),경기도 부천시 원미구 평천로850번길 55,0326801094,일반저장,사불화규소,7783-61-1,.055Ton,20211214,경기서부지사
3558,동광화학,경기도 부천시 원미구 옥산로 229,0326754800,일반충전,암모니아,7664-41-7,8Ton,19950717,경기서부지사
3559,서울우유협동조합 안산공장,경기도 안산시 단원구 성곡로 153,0314913867,냉동제조,암모니아,7664-41-7,912RT,19960918,경기서부지사
3560,서울우유협동조합 안산공장,경기도 안산시 단원구 성곡로 153,0314913867,냉동제조,암모니아,7664-41-7,238.5RT,19960918,경기서부지사
3561,(주)한국화공기술,경기도 부천시 오정구 신흥로390번길 14,0326836661,일반판매,산화에틸렌,75-21-8,0,19960917,경기서부지사
3562,알앤디케미컬주식회사,"경기도 안산시 상록구 선진로 12, 5호",0314387718,일반판매,R600a,75-28-5,0,20001214,경기서부지사
3563,한일금속공업(주),경기도 시흥시 산기대학로 232 (시화공단 3나103),0314980326,특고사용,암모니아,7664-41-7,0㎏,19980828,경기서부지사
3564,한일금속공업(주),경기도 시흥시 산기대학로 232 (시화공단 3나103),0314980326,특고사용,암모니아,7664-41-7,500㎏,19980828,경기서부지사
3565,한국질화열처리(주),경기도 시흥시 마유로144번길 76 한국가스질화 (시화공단 3라314호),0314985284,특고사용,암모니아,7664-41-7,850㎏,19970604,경기서부지사
3566,동미금속(주),경기도 시흥시 마유로144번길 22 (시화공단 3라114호),0314990882,특고사용,암모니아,7664-41-7,200㎏,20020208,경기서부지사
3567,(주)파세코,경기도 안산시 단원구 원시로 248,0315995731,일반제조,R600a,75-28-5,39.528Ton/day,20190405,경기서부지사
3568,(주)파세코,경기도 안산시 단원구 원시로 248,0315995731,일반제조,R600a,75-28-5,.46Ton,20190405,경기서부지사
3569,진성열처리공업(주),경기도 부천시 원미구 원미로201번길 75,0326674226,특고사용,암모니아,7664-41-7,250㎏,19980407,경기서부지사
3570,진성열처리공업(주),경기도 부천시 원미구 원미로201번길 75,0326674226,특고사용,암모니아,7664-41-7,700㎏,20130528,경기서부지사
3571,대광기업사,경기도 시흥시 경기과기대로 83 (시화공단 3마220),0314970367,특고사용,암모니아,7664-41-7,200㎏,20061214,경기서부지사
3572,아세아제지(주)시화공장,경기도 시흥시 서해안로 231,0314996366,특고사용,암모니아,7664-41-7,200㎏,20170208,경기서부지사
3573,아세아제지(주)시화공장,경기도 시흥시 서해안로 231,0314996366,특고사용,암모니아,7664-41-7,220㎏,20190328,경기서부지사
3574,(주)서진오토모티브,경기도 시흥시 공단1대로 313 (시화공단 3나609),0314961500,특고사용,암모니아,7664-41-7,200㎏,19980708,경기서부지사
3575,디아이지에어가스(주),경기도 안산시 단원구 산단로 128 (원시동),03180997500,일반판매,일산화탄소,630-08-0,0,20010522,경기서부지사
3576,디아이지에어가스(주),경기도 안산시 단원구 산단로 128 (원시동),03180997500,일반판매,염소,7782-50-5,0,20010522,경기서부지사
3577,디아이지에어가스(주),경기도 안산시 단원구 산단로 128 (원시동),03180997500,일반판매,디메틸아민(DMA),124-40-3,0,20010522,경기서부지사
3578,디아이지에어가스(주),경기도 안산시 단원구 산단로 128 (원시동),03180997500,일반판매,디실란,1590-87-0,0,20010522,경기서부지사
3579,디아이지에어가스(주),경기도 안산시 단원구 산단로 128 (원시동),03180997500,일반판매,아황산가스,7446-09-5,0,20010522,경기서부지사
3580,디아이지에어가스(주),경기도 안산시 단원구 산단로 128 (원시동),03180997500,일반판매,트리메틸아민(TMA),75-50-3,0,20010522,경기서부지사
3581,디아이지에어가스(주),경기도 안산시 단원구 산단로 128 (원시동),03180997500,일반판매,삼불화붕소,7637-07-2,0,20010522,경기서부지사
3582,디아이지에어가스(주),경기도 안산시 단원구 산단로 128 (원시동),03180997500,일반판매,포스핀,7803-51-2,0,20010522,경기서부지사
3583,디아이지에어가스(주),경기도 안산시 단원구 산단로 128 (원시동),03180997500,일반판매,포스겐,75-44-5,0,20010522,경기서부지사
3584,디아이지에어가스(주),경기도 안산시 단원구 산단로 128 (원시동),03180997500,일반판매,암모니아,7664-41-7,0,20010522,경기서부지사
3585,디아이지에어가스(주),경기도 안산시 단원구 산단로 128 (원시동),03180997500,일반판매,일산화질소,10102-43-9,0,20010522,경기서부지사
3586,디아이지에어가스(주),경기도 안산시 단원구 산단로 128 (원시동),03180997500,일반판매,염화수소,7647-01-0,0,20010522,경기서부지사
3587,디아이지에어가스(주),경기도 안산시 단원구 산단로 128 (원시동),03180997500,일반판매,황화수소,7783-06-4,0,20010522,경기서부지사
3588,디아이지에어가스(주),경기도 안산시 단원구 산단로 128 (원시동),03180997500,일반판매,브롬화메탄,74-83-9,0,20010522,경기서부지사
3589,디아이지에어가스(주),경기도 안산시 단원구 산단로 128 (원시동),03180997500,일반판매,염화메탄,74-87-3,0,20010522,경기서부지사
3590,디아이지에어가스(주),경기도 안산시 단원구 산단로 128 (원시동),03180997500,일반판매,산화에틸렌,75-21-8,0,20010522,경기서부지사
3591,디아이지에어가스(주),경기도 안산시 단원구 산단로 128 (원시동),03180997500,일반충전,일산화탄소,630-08-0,6.96㎥,20020522,경기서부지사
3592,디아이지에어가스(주),경기도 안산시 단원구 산단로 128 (원시동),03180997500,일반충전,아황산가스,7446-09-5,6.96㎥,20020522,경기서부지사
3593,디아이지에어가스(주),경기도 안산시 단원구 산단로 128 (원시동),03180997500,일반충전,일산화질소,10102-43-9,6.96㎥,20020522,경기서부지사
3594,디아이지에어가스(주),경기도 안산시 단원구 산단로 128 (원시동),03180997500,일반충전,염화수소,7647-01-0,.056Ton,20020522,경기서부지사
3595,디아이지에어가스(주),경기도 안산시 단원구 산단로 128 (원시동),03180997500,특고사용,암모니아,7664-41-7,25.27㎏,20240619,경기서부지사
3596,(주)고려제지,경기도 시흥시 군자천로 99 (시화공단2마401),0314967213,특고사용,암모니아,7664-41-7,150㎏,20200615,경기서부지사
3597,(주)영진,경기도 부천시 오정구 오정로 38,0326744221,특고사용,암모니아,7664-41-7,950㎏,20130516,경기서부지사
3598,희성촉매(주),경기도 시흥시 소망공원로 91 (정왕동) (시화공단 1다507),0314965521,일반저장,암모니아,7664-41-7,.1Ton,20100802,경기서부지사
3599,희성촉매(주),경기도 시흥시 소망공원로 91 (정왕동) (시화공단 1다507),0314965521,일반저장,염소,7782-50-5,.21Ton,20110202,경기서부지사
3600,희성촉매(주),경기도 시흥시 소망공원로 91 (정왕동) (시화공단 1다507),0314965521,일반저장,암모니아,7664-41-7,.1Ton,20110202,경기서부지사
3601,일신금속공업(주),경기도 안산시 단원구 강촌로139번길 91 일신금속공업(주),0314913700,특고사용,암모니아,7664-41-7,200㎏,19990210,경기서부지사
3602,(주)도솔,경기도 시흥시 공단1대로132번길 32 (주)도솔 (시화공단2다108호),0314992156,특고사용,암모니아,7664-41-7,200㎏,19990528,경기서부지사
3603,농협경제지주주식회사 부천축산물공판장,경기도 부천시 오정구 송내대로518번길 71 (냉동기계실),0326205036,냉동제조,암모니아,7664-41-7,485.04RT,19990825,경기서부지사
3604,농협경제지주주식회사 부천축산물공판장,경기도 부천시 오정구 송내대로518번길 71 (냉동기계실),0326205036,냉동제조,암모니아,7664-41-7,277.98RT,20000825,경기서부지사
3605,동성금형열처리,경기도 시흥시 마유로118번길 87 동성금형열처리 (시화공단 3라613호),0314997071,특고사용,암모니아,7664-41-7,225.6㎏,20181204,경기서부지사
3606,동성금형열처리,경기도 시흥시 마유로118번길 87 동성금형열처리 (시화공단 3라613호),0314997071,특고사용,암모니아,7664-41-7,676.8㎏,20181204,경기서부지사
3607,(주)경동와이어,"경기도 시흥시 공단1대로28번길 105(1351-9번지,시화공단 1마201호)",0314328445,특고사용,암모니아,7664-41-7,200㎏,20000120,경기서부지사
3608,부천시까치울정수장,경기도 부천시 오정구 길주로 691-0 까치울정수장,0326503352,일반저장,염소,7782-50-5,16Ton,20010323,경기서부지사
3609,중원소결금속,경기도 시흥시 마유로144번길 85 (시화공단 3라305호),0314319393,특고사용,암모니아,7664-41-7,200㎏,20000818,경기서부지사
3610,구일무산화열처리,경기도 부천시 원미구 정주로 57,0326717973,특고사용,암모니아,7664-41-7,200㎏,20010410,경기서부지사
3611,대한광통신(주),경기도 안산시 단원구 장자골로 49,0314895147,특고사용,염소,7782-50-5,587.5㎏,20180427,경기서부지사
3612,서울바이오시스(주),경기도 안산시 단원구 산단로163번길 65-16,0313643434,일반저장,포스핀,7803-51-2,28.4㎥,20110726,경기서부지사
3613,서울바이오시스(주),경기도 안산시 단원구 산단로163번길 65-16,0313643434,일반저장,SiH4/N2,7803-62-5,85.2㎥,20110726,경기서부지사
3614,서울바이오시스(주),경기도 안산시 단원구 산단로163번길 65-16,0313643434,일반저장,염소,7782-50-5,.597Ton,20110726,경기서부지사
3615,동양열처리 2공장,경기도 시흥시 마유로118번길 107,0314319223,특고사용,암모니아,7664-41-7,221.504㎏,20250919,경기서부지사
3616,버슘머트리얼즈코리아(주),경기도 안산시 단원구 장자골로 82,0315996800,일반판매,GeH4/H2,7782-65-2,444.4,20000807,경기서부지사
3617,버슘머트리얼즈코리아(주),경기도 안산시 단원구 장자골로 82,0315996800,일반판매,B2H6/H2,19287-45-7,450.97,20000807,경기서부지사
3618,버슘머트리얼즈코리아(주),경기도 안산시 단원구 장자골로 82,0315996800,일반판매,PH3/H2,7803-51-2,419.31,20000807,경기서부지사
3619,천일고주파열처리,경기도 부천시 오정구 신흥로441번길 59,0326779746,특고사용,암모니아,7664-41-7,100㎏,20031129,경기서부지사
3620,대도열처리공업,경기도 시흥시 마유로186번길 97 (시화공단 3다407),0314999898,특고사용,암모니아,7664-41-7,200㎏,20191022,경기서부지사
3621,주식회사 진덕금속열처리,경기도 시흥시 마유로186번길 103,0314979748,특고사용,암모니아,7664-41-7,200㎏,20160712,경기서부지사
3622,대성금속열처리,경기도 시흥시 마유로32번길 75 (시화공단 3바 314),0314889627,특고사용,암모니아,7664-41-7,100㎏,20050304,경기서부지사
3623,(주)디비하이텍부천공장,경기도 부천시 원미구 수도로 90,0326804426,특고사용,디보레인,19287-45-7,320㎏,19980821,경기서부지사
3624,(주)디비하이텍부천공장,경기도 부천시 원미구 수도로 90,0326804426,특고사용,모노실란,7803-62-5,1488㎏,19980821,경기서부지사
3625,(주)우창금속,경기도 안산시 단원구 해안로 309-14 우창금속 9B-50L,0314920933,특고사용,암모니아,7664-41-7,200㎏,20060113,경기서부지사
3626,우진열처리,경기도 부천시 오정구 석천로468번길 28,0326744256,특고사용,암모니아,7664-41-7,100㎏,20051018,경기서부지사
3627,중앙금속열처리,경기도 시흥시 공단1대로28번길 31 (1239-6 번지 중앙금속열처리),0313190253,특고사용,암모니아,7664-41-7,100㎏,20060317,경기서부지사
3628,이화금형열처리,경기도 시흥시 군자로 286-20 이화금형열처리,0313144116,특고사용,암모니아,7664-41-7,150㎏,20070518,경기서부지사
3629,동양열처리,경기도 시흥시 마유로118번길 108 시화공단 3라520호,0314322861,특고사용,암모니아,7664-41-7,221.504㎏,20240611,경기서부지사
3630,(주)엠지케이,경기도 안산시 단원구 대선로 58,0325552491,일반판매,디메틸아민(DMA),124-40-3,0,20090113,경기서부지사
3631,(주)엠지케이,경기도 안산시 단원구 대선로 58,0325552491,일반판매,디실란,1590-87-0,0,20090113,경기서부지사
3632,(주)엠지케이,경기도 안산시 단원구 대선로 58,0325552491,일반판매,SO2,7446-09-5,0,20090113,경기서부지사
3633,(주)엠지케이,경기도 안산시 단원구 대선로 58,0325552491,일반판매,일산화질소,10102-43-9,0,20090113,경기서부지사
3634,(주)엠지케이,경기도 안산시 단원구 대선로 58,0325552491,일반판매,SiH4/N2,7803-62-5,0,20090113,경기서부지사
3635,(주)엠지케이,경기도 안산시 단원구 대선로 58,0325552491,일반판매,불소,7782-41-4,0,20090113,경기서부지사
3636,(주)엠지케이,경기도 안산시 단원구 대선로 58,0325552491,일반판매,황화수소,7783-06-4,0,20090113,경기서부지사
3637,서울반도체(주),경기도 안산시 단원구 산단로163번길 97-11 서울반도체 1B-25L,0313643435,일반저장,암모니아,7664-41-7,11.59Ton,20110724,경기서부지사
3638,서울반도체(주),경기도 안산시 단원구 산단로163번길 97-11 서울반도체 1B-25L,0313643435,일반저장,암모니아,7664-41-7,11.59Ton,20110724,경기서부지사
3639,서울반도체(주),경기도 안산시 단원구 산단로163번길 97-11 서울반도체 1B-25L,0313643435,일반저장,암모니아,7664-41-7,11.59Ton,20110724,경기서부지사
3640,동아진공열처리,경기도 부천시 원미구 길주로425번길 14,0326838145,특고사용,암모니아,7664-41-7,50㎏,20121126,경기서부지사
3641,삼미산업,경기도 부천시 오정구 오정로 50-23,0326790026,특고사용,암모니아,7664-41-7,50㎏,20121126,경기서부지사
3642,(주)다산,경기도 안산시 단원구 만해로169번길 56 (주)다산,0314948341,특고사용,암모니아,7664-41-7,200㎏,20130125,경기서부지사
3643,가달하이테크,경기도 광명시 광명로 571,0226181251,특고사용,암모니아,7664-41-7,100㎏,20130722,경기서부지사
3644,주식회사풍산정밀,경기도 시흥시 마유로144번길 77 (주)풍산정밀,0314988692,특고사용,암모니아,7664-41-7,100㎏,20130729,경기서부지사
3645,부광시즈,경기도 시흥시 범안로266번길 55,0313184352,특고사용,암모니아,7664-41-7,200㎏,20131209,경기서부지사
3646,한국생산기술연구원 시흥뿌리기술지원센터,경기도 시흥시 서해안로 113-58,03180848874,특고사용,암모니아,7664-41-7,113㎏,20180118,경기서부지사
3647,드림열처리주식회사,경기도 안산시 단원구 번영로82번길 18 (성곡동),0314981602,특고사용,암모니아,7664-41-7,200㎏,20141104,경기서부지사
3648,금광산업,경기도 부천시 오정구 오정로 184,0326751270,특고사용,암모니아,7664-41-7,150㎏,20160415,경기서부지사
3649,태암열처리(가원열처리),경기도 부천시 오정구 오정로96번길 7-19,0326837700,특고사용,암모니아,7664-41-7,100㎏,20160804,경기서부지사
3650,(주)성원에이치티,경기도 시흥시 마유로186번길 97 (시화공단3다407),0314999898,특고사용,암모니아,7664-41-7,225.6㎏,20161116,경기서부지사
3651,동아금형열처리,경기도 부천시 오정구 오정로133번길 28,0326761071,특고사용,암모니아,7664-41-7,100㎏,20180105,경기서부지사
3652,산돌산업,경기도 안산시 단원구 진흥로10번안길 8,0313193101,특고사용,암모니아,7664-41-7,225.8㎏,20180619,경기서부지사
3653,버슘머트리얼즈피엠코리아,경기도 시흥시 협력로 143,0314884115,일반제조,암모니아,7664-41-7,1.42Ton,20191129,경기서부지사
3654,버슘머트리얼즈피엠코리아,경기도 시흥시 협력로 143,0314884115,일반제조,모노실란,7803-62-5,166.93N㎥/day,20191129,경기서부지사
3655,버슘머트리얼즈피엠코리아,경기도 시흥시 협력로 143,0314884115,일반제조,모노실란,7803-62-5,6172.32㎥,20191129,경기서부지사
3656,버슘머트리얼즈피엠코리아,경기도 시흥시 협력로 143,0314884115,일반제조,암모니아,7664-41-7,1321.2N㎥/day,20191129,경기서부지사
3657,한국공학대학교(창업보육센터),경기도 시흥시 산기대학로 237 (행정처 시설안전팀),03180410167,특고사용,암모니아,7664-41-7,75.81㎏,20200113,경기서부지사
3658,한국공학대학교(창업보육센터),경기도 시흥시 산기대학로 237 (행정처 시설안전팀),03180410167,특고사용,모노실란,7803-62-5,7㎥,20200113,경기서부지사
3659,(주)대림진공열처리,경기도 시흥시 공단1대로332번길 71 (정왕1동),0314338661,특고사용,암모니아,7664-41-7,169.5㎏,20200129,경기서부지사
3660,(주)에스엔,경기도 안산시 단원구 엠티브이4로 3,0314947337,일반저장,암모니아,7664-41-7,23.008Ton,20211223,경기서부지사
3661,(주)에스엔,경기도 안산시 단원구 엠티브이4로 3,0314947337,일반제조,NH3,7664-41-7,23Ton,,경기서부지사
3662,(주)에스엔,경기도 안산시 단원구 엠티브이4로 3,0314947337,일반제조,NH3,7664-41-7,1065.6N㎥/day,,경기서부지사
3663,대주전자재료(주),경기도 시흥시 시화벤처로 133,0314982901,특고사용,모노실란,7803-62-5,14.2㎥,20250418,경기서부지사
3664,(주)제이오(안산2공장),경기도 안산시 단원구 시화벤처로 651 (성곡동),,특고사용,CL2,7782-50-5,117.5㎏,20250819,경기서부지사
3665,인테그리스코리아(주),경기도 안산시 상록구 한양대학로 55 (사동) 한양대학교 부지내,03180369807,특고사용,암모니아,7664-41-7,25.268㎏,20250220,경기서부지사
3666,(주)다인금속,경기도 시흥시 공단1대로260번안길 53 (정왕동),0314345305,특고사용,암모니아,7664-41-7,200㎏,20240911,경기서부지사
3667,율촌화학(주)전자소재공장,경기도 안산시 단원구 범지기로 78 (원시동),,특고사용,암모니아,7664-41-7,25.3㎏,20250520,경기서부지사
3668,율촌화학(주)전자소재공장,경기도 안산시 단원구 범지기로 78 (원시동),,특고사용,모노실란,7803-62-5,7.1㎥,20250520,경기서부지사
3669,노벨리스코리아주식회사,경상북도 영주시 적서공단로 23,0546307114,일반저장,염소,7782-50-5,3Ton,20140430,경북북부지사
3670,노벨리스코리아주식회사,경상북도 영주시 적서공단로 23,0546307114,일반저장,염소,7782-50-5,.21Ton,20121030,경북북부지사
3671,(주)영풍석포제련소,경상북도 봉화군 석포면 승부길 16 영풍산업(주)석포제련소,0546797261,일반저장,염소,7782-50-5,1.07Ton,19990901,경북북부지사
3672,(주)영풍석포제련소,경상북도 봉화군 석포면 승부길 16 영풍산업(주)석포제련소,0546797261,일반저장,염소,7782-50-5,1.07Ton,19990901,경북북부지사
3673,(주)영풍석포제련소,경상북도 봉화군 석포면 승부길 16 영풍산업(주)석포제련소,0546797261,일반저장,염소,7782-50-5,1.07Ton,19990901,경북북부지사
3674,동방산업가스,경상북도 안동시 풍산읍 절뒤길 34,0548587593,일반판매,암모니아,7664-41-7,0,19970409,경북북부지사
3675,(주)케이티앤지영주공장(원료가공부),경상북도 영주시 적서공단로 179,0546393121,냉동제조,암모니아,7664-41-7,23.5RT,20030401,경북북부지사
3676,에스케이스페셜티(주)-1공장,경상북도 영주시 가흥공단로 59-33,0546308358,일반제조,암모니아,7664-41-7,21.93Ton,20041229,경북북부지사
3677,에스케이스페셜티(주)-1공장,경상북도 영주시 가흥공단로 59-33,0546308358,일반제조,불화수소,7664-39-3,21.32Ton/day,20041229,경북북부지사
3678,에스케이스페셜티(주)-1공장,경상북도 영주시 가흥공단로 59-33,0546308358,일반제조,암모니아,7664-41-7,532.8㎥,20041229,경북북부지사
3679,에스케이스페셜티(주)-1공장,경상북도 영주시 가흥공단로 59-33,0546308358,일반제조,디실란,1590-87-0,50.05Ton/day,20121116,경북북부지사
3680,에스케이스페셜티(주)-1공장,경상북도 영주시 가흥공단로 59-33,0546308358,일반제조,디실란,1590-87-0,3.09Ton,20121116,경북북부지사
3681,에스케이스페셜티(주)-1공장,경상북도 영주시 가흥공단로 59-33,0546308358,일반제조,디실란,1590-87-0,48.77Ton,20121116,경북북부지사
3682,에스케이스페셜티(주)-1공장,경상북도 영주시 가흥공단로 59-33,0546308358,일반제조,디실란,1590-87-0,3.09Ton,20121116,경북북부지사
3683,에스케이스페셜티(주)-1공장,경상북도 영주시 가흥공단로 59-33,0546308358,일반제조,디실란,1590-87-0,3.09Ton,20121116,경북북부지사
3684,에스케이스페셜티(주)-1공장,경상북도 영주시 가흥공단로 59-33,0546308358,일반제조,모노실란,7803-62-5,6172.32㎥,20121116,경북북부지사
3685,에스케이스페셜티(주)-1공장,경상북도 영주시 가흥공단로 59-33,0546308358,일반제조,육불화텅스텐,7783-82-6,109.8Ton/day,20160801,경북북부지사
3686,에스케이스페셜티(주)-1공장,경상북도 영주시 가흥공단로 59-33,0546308358,일반제조,육불화텅스텐,7783-82-6,219.6Ton/day,20170913,경북북부지사
3687,에스케이스페셜티(주)-2공장,경상북도 영주시 가흥공단로 82,0546308358,일반제조,모노클로로실란,13465-78-6,4.003Ton,20101229,경북북부지사
3688,에스케이스페셜티(주)-2공장,경상북도 영주시 가흥공단로 82,0546308358,일반제조,모노클로로실란,13465-78-6,2.8Ton,20101229,경북북부지사
3689,에스케이스페셜티(주)-2공장,경상북도 영주시 가흥공단로 82,0546308358,일반제조,모노클로로실란,13465-78-6,2.68Ton/day,20101229,경북북부지사
3690,에스케이스페셜티(주)-2공장,경상북도 영주시 가흥공단로 82,0546308358,일반제조,불화수소,7664-39-3,21.32Ton/day,20121229,경북북부지사
3691,에스케이스페셜티(주)-2공장,경상북도 영주시 가흥공단로 82,0546308358,일반제조,불화수소,7664-39-3,42.64Ton/day,20101229,경북북부지사
3692,에스케이스페셜티(주)-2공장,경상북도 영주시 가흥공단로 82,0546308358,일반제조,불화수소,7664-39-3,42.64Ton/day,20101229,경북북부지사
3693,에스케이스페셜티(주)-2공장,경상북도 영주시 가흥공단로 82,0546308358,일반제조,암모니아,7664-41-7,532.8N㎥/day,20101229,경북북부지사
3694,에스케이스페셜티(주)-2공장,경상북도 영주시 가흥공단로 82,0546308358,일반제조,불화수소,7664-39-3,42.64Ton/day,20101229,경북북부지사
3695,에스케이스페셜티(주)-2공장,경상북도 영주시 가흥공단로 82,0546308358,일반제조,불화수소,7664-39-3,42.64Ton/day,20101229,경북북부지사
3696,에스케이스페셜티(주)-2공장,경상북도 영주시 가흥공단로 82,0546308358,일반제조,암모니아,7664-41-7,21.97Ton,20101229,경북북부지사
3697,에스케이스페셜티(주)-2공장,경상북도 영주시 가흥공단로 82,0546308358,일반제조,암모니아,7664-41-7,21.97Ton,20101229,경북북부지사
3698,에스케이스페셜티(주)-2공장,경상북도 영주시 가흥공단로 82,0546308358,냉동제조,암모니아,7664-41-7,32.6RT,20100308,경북북부지사
3699,(주)나노,경상북도 상주시 청리면 마공공단로 60,0545335887,특고사용,암모니아,7664-41-7,250㎏,20120910,경북북부지사
3700,국제신라종합가스,경상북도 상주시 공성면 오촌길 97,0544531090,일반판매,아황산가스,7446-09-5,0,20101007,경북북부지사
3701,국제신라종합가스,경상북도 상주시 공성면 오촌길 97,0544531090,일반판매,암모니아,7664-41-7,0,20101007,경북북부지사
3702,경북대학교 과학기술대학,경상북도 상주시 경상대로 2559 경북대학교상주캠퍼스,0545301330,특고사용,암모니아,7664-41-7,25.27㎏,20220310,경북북부지사
3703,주식회사 베어링아트,경상북도 영주시 장수면 반구로 105,0546311696,특고사용,암모니아,7664-41-7,700㎏,20150122,경북북부지사
3704,에스케이스페셜티(주),경상북도 영주시 가흥공단로 59-84,0546308358,일반판매,브롬화수소,10035-10-6,0,20230530,경북북부지사
3705,에스케이스페셜티(주),경상북도 영주시 가흥공단로 59-84,0546308358,일반판매,삼불화인,7783-55-3,0,20230530,경북북부지사
3706,에스케이스페셜티(주),경상북도 영주시 가흥공단로 59-84,0546308358,일반판매,염화수소,7647-01-0,0,20230530,경북북부지사
3707,에스케이스페셜티(주),경상북도 영주시 가흥공단로 59-84,0546308358,일반판매,알진,7784-42-1,0,20230530,경북북부지사
3708,에스케이스페셜티(주),경상북도 영주시 가흥공단로 59-84,0546308358,일반판매,포스핀,7803-51-2,0,20230530,경북북부지사
3709,에스케이스페셜티(주),경상북도 영주시 가흥공단로 59-84,0546308358,일반판매,사불화규소,7783-61-1,0,20230530,경북북부지사
3710,에스케이레조낙주식회사,경상북도 영주시 가흥공단로 71,0546308485,일반제조,불화수소,7664-39-3,.598Ton/day,20171218,경북북부지사
3711,주식회사태산기연,경상북도 영주시 장수면 장수로220번길 51-19,0546310083,특고사용,암모니아,7664-41-7,282.3㎏,20190709,경북북부지사
3712,에스케이스페셜티(주)연구소,경상북도 영주시 가흥공단로 59-50,0546308358,특고사용,암모니아,7664-41-7,50.6㎏,20200508,경북북부지사
3713,그룹포틴테크놀로지스코리아주식회사,경상북도 상주시 청리면 마공공단로 80-16,,일반저장,암모니아,7664-41-7,.051Ton,20230620,경북북부지사
3714,그룹포틴테크놀로지스코리아주식회사,경상북도 상주시 청리면 마공공단로 80-16,,특고사용,암모니아,7664-41-7,25.57㎏,20230302,경북북부지사
3715,에스케이스페셜티(주)연구소,경상북도 영주시 가흥공단로 110 (상줄동),,특고사용,디보레인,19287-45-7,2.09㎥,20241106,경북북부지사
3716,에스케이스페셜티(주)연구소,경상북도 영주시 가흥공단로 110 (상줄동),,특고사용,모노실란,7803-62-5,4.91㎥,20241106,경북북부지사
3717,에스케이스페셜티(주)연구소,경상북도 영주시 가흥공단로 110 (상줄동),,특고사용,PF3,7783-55-3,7.1㎥,20241106,경북북부지사
3718,에스케이스페셜티(주)연구소,경상북도 영주시 가흥공단로 110 (상줄동),,특고사용,디실란,1590-87-0,44.76㎏,20241106,경북북부지사
3719,(주)동양화학,전라남도 영암군 신북면 신북공단로 73-16 (주)동양화학,0614721810,일반충전,암모니아,7664-41-7,20Ton,19871018,전남서부지사
3720,몽탄정수장,전라남도 무안군 몽탄면 몽탄로 1149,0612704149,일반저장,염소,7782-50-5,8Ton,19910930,전남서부지사
3721,삼진물산(주),전라남도 목포시 산정공단로 36,0612706113,냉동제조,암모니아,7664-41-7,238.4RT,19970519,전남서부지사
3722,거창제빙,전라남도 목포시 대양로 41,0612772291,냉동제조,암모니아,7664-41-7,113.7RT,19960920,전남서부지사
3723,영진농산,전라남도 무안군 청계면 도대로 25 영진농수산,0614543033,냉동제조,암모니아,7664-41-7,140RT,19961231,전남서부지사
3724,삼정농산,전라남도 무안군 청계면 무안로 274 삼정농수산,0614532980,냉동제조,암모니아,7664-41-7,99.1RT,19960611,전남서부지사
3725,(주)에프엔디 해제공장,전라남도 무안군 해제면 현해로 1481-34 (주)에프엔디,0614534964,냉동제조,암모니아,7664-41-7,96.74RT,19991215,전남서부지사
3726,대불제빙,전라남도 영암군 삼호읍 대아로 141 대불제빙,07094612819,냉동제조,암모니아,7664-41-7,86.22RT,20010718,전남서부지사
3727,(유)목포냉동,전라남도 목포시 연산로 252,0612792186,냉동제조,암모니아,7664-41-7,97RT,20020328,전남서부지사
3728,신안군수협흑산지점,전라남도 신안군 흑산면 흑산일주로 2-33,0612465321,냉동제조,암모니아,7664-41-7,81.86RT,20041028,전남서부지사
3729,(주)신영아이스,전라남도 무안군 삼향읍 영산로 1392-7 신영아이스,0612823161,냉동제조,암모니아,7664-41-7,284.25RT,20050526,전남서부지사
3730,재단법인녹색에너지연구원,전라남도 목포시 삼향천로 177 (석현동),0612881000,특고사용,암모니아,7664-41-7,25.26㎏,20111117,전남서부지사
3731,재단법인녹색에너지연구원,전라남도 목포시 삼향천로 177 (석현동),0612881000,특고사용,모노실란,7803-62-5,7.1㎥,20111117,전남서부지사
3732,재단법인녹색에너지연구원,전라남도 목포시 삼향천로 177 (석현동),0612881000,특고사용,사불화규소,7783-61-1,7.1㎥,20111117,전남서부지사
3733,재단법인녹색에너지연구원,전라남도 목포시 삼향천로 177 (석현동),0612881000,특고사용,디보란,19287-45-7,7.1㎥,20130802,전남서부지사
3734,재단법인녹색에너지연구원,전라남도 목포시 삼향천로 177 (석현동),0612881000,특고사용,포스핀,7803-51-2,7.1㎥,20130802,전남서부지사
3735,재단법인녹색에너지연구원,전라남도 목포시 삼향천로 177 (석현동),0612881000,특고사용,모노게르만,7782-65-2,7.1㎥,20130802,전남서부지사
3736,신안군수협수산물저장처리시설,전라남도 신안군 지도읍 지도증도로 197,2754856,냉동제조,암모니아,7664-41-7,106.9RT,20131118,전남서부지사
3737,(주)금화,전라남도 무안군 청계면 청계공단1길 128,0614508812,냉동제조,암모니아,7664-41-7,72.91RT,20140530,전남서부지사
3738,삼진냉동(주),전라남도 목포시 공단중앙로 75-22,0612735300,냉동제조,암모니아,7664-41-7,143.1RT,19961223,전남서부지사
3739,목포수산업협동조합,전라남도 목포시 고하대로597번길 94,0612400362,냉동제조,암모니아,7664-41-7,236.84RT,20201015,전남서부지사
3740,목포수산업협동조합,전라남도 목포시 고하대로597번길 94,0612400362,냉동제조,암모니아,7664-41-7,283.29RT,20220922,전남서부지사
3741,(주)성문,전라남도 영암군 삼호읍 소등로 105,0614649696,특고사용,암모니아,7664-41-7,108.602㎏,20241008,전남서부지사
3742,가온이엔에스주식회사,전라남도 목포시 신항로294번길 22 (달동),0518320105,특고사용,암모니아,7664-41-7,56㎏,20250728,전남서부지사
3743,진주시 맑은물사업소 정수과 1정수장,경상남도 진주시 남강로1번길 38(판문동),0557492528,일반저장,염소,7782-50-5,6Ton,19871127,경남서부지사
3744,진주시 맑은물사업소 정수과 2정수장,경상남도 진주시 진양호로125번길 22-35(평거동),0557494600,일반저장,염소,7782-50-5,8Ton,19871127,경남서부지사
3745,남해군수산업협동조합,경상남도 남해군 미조면 미조로 288,0558676528,냉동제조,암모니아,7664-41-7,900.96RT,20040604,경남서부지사
3746,금양수산(주),경상남도 사천시 대방길 68 금양수산(주),0558327201,냉동제조,암모니아,7664-41-7,294.42RT,19961030,경남서부지사
3747,동림제빙냉동,경상남도 사천시 등대길 45,0558335656,냉동제조,암모니아,7664-41-7,241.02RT,19960720,경남서부지사
3748,성창수산(주),경상남도 사천시 등대길 65 성창수산(주),0558334989,냉동제조,암모니아,7664-41-7,170.6RT,19960731,경남서부지사
3749,(주)다나식품,경상남도 사천시 중촌2길 11,0558351988,냉동제조,암모니아,7664-41-7,35.5RT,19971121,경남서부지사
3750,(주)다움,경상남도 사천시 송포공단길 81-10,0558344564,냉동제조,암모니아,7664-41-7,348RT,20000630,경남서부지사
3751,설정제빙,경상남도 진주시 돗골로 47,0557556700,냉동제조,암모니아,7664-41-7,75.8RT,19961128,경남서부지사
3752,금성냉장(주)1공장,경상남도 통영시 남망길 106,0556431551,냉동제조,암모니아,7664-41-7,88.6RT,19960311,경남서부지사
3753,통영수산업협동조합,경상남도 통영시 동호안길 33,0556507862,냉동제조,암모니아,7664-41-7,341.17RT,19960725,경남서부지사
3754,진주시 맑은물사업소 정수과 취수장,경상남도 진주시 남강로1번길 105-38(판문동),0557494598,일반저장,염소,7782-50-5,10Ton,19871127,경남서부지사
3755,대동기어(주),경상남도 사천시 사남면 공단1로 42,0558512313,일반저장,암모니아,7664-41-7,.5Ton,20100414,경남서부지사
3756,제일제빙냉동(주),경상남도 사천시 서동 346-33번지,0558326666,냉동제조,암모니아,7664-41-7,160.6RT,19960625,경남서부지사
3757,한국남동발전(주) 삼천포발전본부,경상남도 고성군 하이면 하이로 1,07088982099,일반저장,암모니아,7664-41-7,238.3Ton,20050215,경남서부지사
3758,한국남동발전(주) 삼천포발전본부,경상남도 고성군 하이면 하이로 1,07088982099,일반저장,암모니아,7664-41-7,108.49Ton,20050215,경남서부지사
3759,한국남동발전(주) 삼천포발전본부,경상남도 고성군 하이면 하이로 1,07088982099,일반제조,암모니아,7664-41-7,9.964Ton,20210629,경남서부지사
3760,한국남부발전(주) 하동발전본부,경상남도 하동군 금성면 경제산업로 509,07077131036,일반저장,암모니아,7664-41-7,305.8Ton,20050315,경남서부지사
3761,해상냉장,경상남도 사천시 노대길 26 해상냉장,0558331145,냉동제조,암모니아,7664-41-7,67.46RT,19970425,경남서부지사
3762,금성냉장(주)2공장,경상남도 통영시 남망길 88,0556431551,냉동제조,암모니아,7664-41-7,163.8RT,20010329,경남서부지사
3763,경상국립대학교,경상남도 진주시 진주대로 501 사무국시설과,"0557723093,1730",특고사용,암모니아,7664-41-7,25.268㎏,20241029,경남서부지사
3764,경상국립대학교,경상남도 진주시 진주대로 501 사무국시설과,"0557723093,1730",특고사용,모노실란,7803-62-5,7.097㎥,20241029,경남서부지사
3765,서울우유협동조합,경상남도 거창군 거창읍 거함대로 3372-71,0559401404,냉동제조,암모니아,7664-41-7,1073RT,20050712,경남서부지사
3766,서울우유협동조합,경상남도 거창군 거창읍 거함대로 3372-71,0559401404,냉동제조,암모니아,7664-41-7,254.93RT,20060712,경남서부지사
3767,삼천포수산업협동조합,경상남도 사천시 팔포3길 56-51,0558333101,냉동제조,암모니아,7664-41-7,181RT,20040827,경남서부지사
3768,통영수산업협동조합,경상남도 통영시 동호안길 33,0556507862,냉동제조,암모니아,7664-41-7,187.8RT,20040722,경남서부지사
3769,(주)아이스올리,경상남도 산청군 금서면 친환경로 2461-9,0559734800,냉동제조,암모니아,7664-41-7,160.14RT,20060412,경남서부지사
3770,대양냉장,경상남도 통영시 장좌로 85-10,0556413113,냉동제조,암모니아,7664-41-7,200.7RT,20060907,경남서부지사
3771,금성냉장(주),경상남도 통영시 남망길 106,0556431551,냉동제조,암모니아,7664-41-7,253.9RT,20080327,경남서부지사
3772,(주)에이알알루미늄,경상남도 사천시 사남면 공단2로 146,0558553377,특고사용,염소,7782-50-5,120㎏,20250523,경남서부지사
3773,(주)락토메이슨,경상남도 진주시 문산읍 월아산로950번길 13-10,0557555355,특고사용,암모니아,7664-41-7,200㎏,20150806,경남서부지사
3774,(주)락토메이슨,경상남도 진주시 문산읍 월아산로950번길 13-10,0557555355,특고사용,암모니아,7664-41-7,950㎏,20200521,경남서부지사
3775,대원식품(주),경상남도 통영시 산양읍 논아랫개길 31,0556421093,냉동제조,암모니아,7664-41-7,71.08RT,20220915,경남서부지사
3776,(주)대경열처리진주지점,경상남도 진주시 사봉면 산업단지로44번길 50,,특고사용,암모니아,7664-41-7,800㎏,20150127,경남서부지사
3777,(주)아이스올리,경상남도 산청군 금서면 친환경로 2461-15,0559734800,냉동제조,암모니아,7664-41-7,239.2RT,20170510,경남서부지사
3778,고성그린파워 주식회사,경상남도 고성군 하이면 하이로 34,07078407086,일반저장,NH3,7664-41-7,299.16Ton,20200925,경남서부지사
3779,(주)아이스올리,경상남도 산청군 금서면 친환경로 2431-16 (주)아이스올리3공장,0559741031,냉동제조,암모니아,7664-41-7,404.12RT,20220527,경남서부지사
3780,대원식품(주),경상남도 통영시 산양읍 논아랫개길 15,0555421023,냉동제조,암모니아,7664-41-7,73.36RT,20230116,경남서부지사
3781,(주)MS가스고성영업소,경상남도 고성군 동해면 조선특구로 1236 (EK중공업 내),0513255501,일반충전,NH3,7664-41-7,18.681Ton,20250123,경남서부지사
3782,주식회사 상우케미칼,인천광역시 남동구 청능대로448번길 149-37 (107B-4L),0328164412,일반저장,염소,7782-50-5,4Ton,19961230,인천본부
3783,(주)일성화학,인천광역시 남동구 남동서로316번길 20 (14B-2L),0328123001,일반저장,염소,7782-50-5,5Ton,19970519,인천본부
3784,천일식품(주),인천광역시 남동구 앵고개로 426 천일냉동,0328207983,냉동제조,암모니아,7664-41-7,300RT,19990614,인천본부
3785,농협경제지주(주)한육우판매사업소,인천광역시 중구 축항대로22번길 6,0328830016,냉동제조,암모니아,7664-41-7,598.6RT,19991103,인천본부
3786,씨제이제일제당(주)인천냉동식품공장,인천광역시 중구 서해대로 168,0328909924,냉동제조,암모니아,7664-41-7,922.2RT,20131202,인천본부
3787,(주)삼양사인천2공장,인천광역시 중구 축항대로290번길 121 (신흥동3가),0328808255,냉동제조,암모니아,7664-41-7,74.31RT,20170629,인천본부
3788,(주)삼양사인천2공장,인천광역시 중구 축항대로290번길 121 (신흥동3가),0328808255,냉동제조,암모니아,7664-41-7,180.12RT,20190422,인천본부
3789,수협중앙회 급식사업부 (구:수협 인천가공물류센터),인천광역시 중구 축항대로 50,0328904617,냉동제조,암모니아,7664-41-7,214.5RT,20000430,인천본부
3790,씨제이제일제당(주)인천3공장,인천광역시 중구 축항대로87번길 30,0328808877,냉동제조,암모니아,7664-41-7,125RT,20171213,인천본부
3791,(주)동보 1공장,인천광역시 남동구 비류대로 646 (남촌동),0328122357,특고사용,암모니아,7664-41-7,200㎏,19980401,인천본부
3792,동서식품(주) (1공장),인천광역시 부평구 새벌로 55,0325003592,냉동제조,암모니아,7664-41-7,2632.5RT,20080627,인천본부
3793,동서식품(주) (1공장),인천광역시 부평구 새벌로 55,0325003592,냉동제조,암모니아,7664-41-7,153RT,20090821,인천본부
3794,경원물산(주),인천광역시 중구 연안부두로99번길 15 경원물산(주),0328884202,냉동제조,암모니아,7664-41-7,112RT,19991105,인천본부
3795,일해냉동,인천광역시 중구 연안부두로 16-1,0328892265,냉동제조,암모니아,7664-41-7,110RT,19991114,인천본부
3796,남동정수사업소,인천광역시 남동구 백범로 26,0327202613,일반저장,염소,7782-50-5,9Ton,19961218,인천본부
3797,희창물산(주),인천광역시 중구 축항대로86번길 138 희창물산㈜ 지하,0328890381,냉동제조,암모니아,7664-41-7,371RT,19991025,인천본부
3798,아시아케미칼(주),인천광역시 부평구 안남로 391,0325250080,일반충전,산화에틸렌,75-21-8,.985Ton,19960507,인천본부
3799,대덕가스(주),인천광역시 남동구 남동서로330번길 46 (남촌동),0328123701,일반판매,암모니아,7664-41-7,1000㎏,20100610,인천본부
3800,SK인천석유화학(주),인천광역시 서구 봉수대로 415 SHE기술관리팀,0325705269,특고사용,암모니아,7664-41-7,200㎏,19980802,인천본부
3801,에스엘지(주),인천광역시 남동구 청능대로484번길 8-41 (고잔동),0324426868,일반판매,암모니아,7664-41-7,0,19960729,인천본부
3802,에스엘지(주),인천광역시 남동구 청능대로484번길 8-41 (고잔동),0324426868,일반판매,SO2,7446-09-5,0,19960729,인천본부
3803,리더스산업가스,인천광역시 남동구 고잔로 35 (고잔동),0324422300,일반판매,이산화질소,10102-44-0,0,19960729,인천본부
3804,(주)금강브레이징,인천광역시 남동구 남동동로 389 (남촌동),0328140999,특고사용,암모니아,7664-41-7,100㎏,19980529,인천본부
3805,인천수산업협동조합,인천광역시 중구 축항대로22번길 39,0328855309,냉동제조,암모니아,7664-41-7,195.4RT,19990727,인천본부
3806,(주)금강산업열처리,인천광역시 남동구 남동대로410번길 61 (남촌동) 공단32-13,0328141415,특고사용,암모니아,7664-41-7,800㎏,19980211,인천본부
3807,동진열처리,인천광역시 서구 원전로48번길 16,0325646014,특고사용,암모니아,7664-41-7,50㎏,20001010,인천본부
3808,인하대학교,인천광역시 미추홀구 인하로 100,0328608366,특고사용,포스핀,7803-51-2,7.097㎥,20231114,인천본부
3809,인하대학교,인천광역시 미추홀구 인하로 100,0328608366,특고사용,모노실란,7803-62-5,7.097㎥,20231114,인천본부
3810,인하대학교,인천광역시 미추홀구 인하로 100,0328608366,특고사용,염소,7782-50-5,58.75㎏,20231114,인천본부
3811,인하대학교,인천광역시 미추홀구 인하로 100,0328608366,특고사용,암모니아,7664-41-7,25.27㎏,20231114,인천본부
3812,인하대학교,인천광역시 미추홀구 인하로 100,0328608366,특고사용,암모니아,7664-41-7,25.27㎏,20251210,인천본부
3813,인하대학교,인천광역시 미추홀구 인하로 100,0328608366,특고사용,염소,7782-50-5,25.27㎏,20251210,인천본부
3814,엘티메탈(주),인천광역시 남동구 남동대로 117 (고잔동) 공단123-2,0328209741,특고사용,염소,7782-50-5,80㎏,20000211,인천본부
3815,씨제이제일제당주식회사\_인천1공장,인천광역시 중구 아암대로 20\_환경안전팀,0328909302,냉동제조,암모니아,7664-41-7,49.23RT,20250707,인천본부
3816,(주)삼원열처리,인천광역시 남동구 남동동로138번길 91 (98B-8L),0328133071,일반저장,암모니아,7664-41-7,8Ton,19970303,인천본부
3817,삼공기어공업(주) 제1공장,인천광역시 남동구 앵고개로654번길 64 (고잔동),0328213030,특고사용,암모니아,7664-41-7,100㎏,20110516,인천본부
3818,유신정밀공업(주),인천광역시 남동구 능허대로577번길 124 (고잔동),0328503500,특고사용,암모니아,7664-41-7,950㎏,20181226,인천본부
3819,보문열처리,인천광역시 남동구 능허대로595번길 103 (고잔동),0328151199,특고사용,암모니아,7664-41-7,200㎏,20050419,인천본부
3820,선도산업(주),인천광역시 서구 사렴로65번길 42 (경서동),0325681451,일반판매,암모니아,7664-41-7,0,20000515,인천본부
3821,선도산업(주),인천광역시 서구 사렴로65번길 42 (경서동),0325681451,일반판매,아황산가스,7446-09-5,0,20000515,인천본부
3822,선도산업(주),인천광역시 서구 사렴로65번길 42 (경서동),0325681451,일반판매,염소,7782-50-5,0,20000515,인천본부
3823,선도산업(주),인천광역시 서구 사렴로65번길 42 (경서동),0325681451,일반판매,염화수소,7647-01-0,0,20000515,인천본부
3824,(주)삼우화학,인천광역시 서구 건지로97번길 26 (석남동),0325796688,일반저장,염소,7782-50-5,6Ton,20000628,인천본부
3825,(주)한화,인천광역시 서구 북항로 268,0325737478,일반충전,암모니아,7664-41-7,11280Ton,19991215,인천본부
3826,(주)한화,인천광역시 서구 북항로 268,0325737478,냉동제조,암모니아,7664-41-7,369.4RT,20071122,인천본부
3827,(주)포스코인터내셔널 (구:포스코에너지(주)),인천광역시 서구 중봉대로405번길 314,0325808545,일반저장,암모니아,7664-41-7,4Ton,20181220,인천본부
3828,엘에스지스카이셰프코리아(주),인천광역시 중구 공항로 272 인천공항,0327445215,냉동제조,암모니아,7664-41-7,495.86RT,20010326,인천본부
3829,(주)광창산업,인천광역시 남동구 남동서로84번길 64 (고잔동),0328168277,특고사용,암모니아,7664-41-7,100㎏,20001106,인천본부
3830,영재공업(주),인천광역시 남동구 앵고개로653번길 59 (고잔동),0328199000,특고사용,암모니아,7664-41-7,50㎏,20130109,인천본부
3831,인천광역시 상수도사업본부 수산정수사업소,"인천광역시 남동구 소래로 541, 2층(수산동)",0327202821,일반저장,염소,7782-50-5,9Ton,20010802,인천본부
3832,(주)경인종합에이치타,인천광역시 서구 거북로24번길 12,0325798151,특고사용,암모니아,7664-41-7,150㎏,20030522,인천본부
3833,한국남동발전(주)영흥발전본부,인천광역시 옹진군 영흥면 영흥남로293번길 75,07088983519,일반저장,암모니아,7664-41-7,111.51Ton,20030511,인천본부
3834,한국남동발전(주)영흥발전본부,인천광역시 옹진군 영흥면 영흥남로293번길 75,07088983519,일반저장,암모니아,7664-41-7,111.51Ton,20030511,인천본부
3835,한국남동발전(주)영흥발전본부,인천광역시 옹진군 영흥면 영흥남로293번길 75,07088983519,일반저장,암모니아,7664-41-7,111.51Ton,20030511,인천본부
3836,한국남동발전(주)영흥발전본부,인천광역시 옹진군 영흥면 영흥남로293번길 75,07088983519,일반저장,암모니아,7664-41-7,111.51Ton,20030511,인천본부
3837,한국남동발전(주)영흥발전본부,인천광역시 옹진군 영흥면 영흥남로293번길 75,07088983519,일반저장,암모니아,7664-41-7,130.4Ton,20140217,인천본부
3838,한국남동발전(주)영흥발전본부,인천광역시 옹진군 영흥면 영흥남로293번길 75,07088983519,일반저장,암모니아,7664-41-7,130.4Ton,20140217,인천본부
3839,(주)동성나이프,인천광역시 남동구 남동동로93번길 19 (고잔동),0328228766,특고사용,암모니아,7664-41-7,200㎏,20050805,인천본부
3840,(주)하나하드닝,인천광역시 서구 원창로89번길 6,0325768335,특고사용,암모니아,7664-41-7,200㎏,20060424,인천본부
3841,(주)명인금속,인천광역시 부평구 세월천로 189-9 (청천동),0325264084,특고사용,암모니아,7664-41-7,200㎏,20060411,인천본부
3842,삼양금속열처리,인천광역시 서구 세자봉로100번길 31-1,0325640352,특고사용,암모니아,7664-41-7,100㎏,20070419,인천본부
3843,인천공항에너지(주),인천광역시 중구 영종해안북로1050번길 78-43,0324500699,일반저장,암모니아,7664-41-7,14.9Ton,20070919,인천본부
3844,(주)세인금속,인천광역시 남동구 앵고개로 527 (고잔동) (공단100-15),0328184961,특고사용,암모니아,7664-41-7,200㎏,20080827,인천본부
3845,(주)한남코퍼레이션,인천광역시 서구 건지로 193,0325745885,특고사용,염소,7782-50-5,100㎏,20130412,인천본부
3846,한빛열처리,인천광역시 서구 보도진로18번길 19,0325824550,특고사용,암모니아,7664-41-7,100㎏,20110720,인천본부
3847,(주)세텍,인천광역시 서구 원당대로262번길 36,0327611081,특고사용,암모니아,7664-41-7,200㎏,20121129,인천본부
3848,티오케이첨단재료(주),인천광역시 연수구 첨단대로60번길 45,0328502085,일반저장,NH3+He,7664-41-7,1.48㎥,20140621,인천본부
3849,(유)스태츠칩팩코리아,인천광역시 중구 자유무역로 191,0323403763,일반저장,모노실란,7803-62-5,14.2㎥,20240930,인천본부
3850,(주)지케이에스,인천광역시 서구 검단천로356번길 5,0325759093,특고사용,암모니아,7664-41-7,900㎏,20141209,인천본부
3851,아삽스틸코리아(주),인천광역시 남동구 남동서로83번길 6 공단116-8,0328214300,특고사용,암모니아,7664-41-7,217.2㎏,20161019,인천본부
3852,앰코테크놀로지코리아주식회사,인천광역시 연수구 송도미래로 150,0327285094,특고사용,모노실란,7803-62-5,23.27㎥,20161004,인천본부
3853,앰코테크놀로지코리아주식회사,인천광역시 연수구 송도미래로 150,0327285094,특고사용,암모니아,7664-41-7,68.1㎏,20161004,인천본부
3854,창성에이치티,인천광역시 서구 보도진로73번길 22,0328182973,특고사용,암모니아,7664-41-7,250㎏,20170914,인천본부
3855,코웨이(주)인천지점,인천광역시 남동구 남동대로155번길 98,0328207099,일반제조,R600a,75-28-5,.345Ton,20190118,인천본부
3856,코웨이(주)인천지점,인천광역시 남동구 남동대로155번길 98,0328207099,일반제조,R600a,75-28-5,2.592Ton/day,20190118,인천본부
3857,(주)코뿔소,인천광역시 서구 보듬로 23(오류동),0325657753,특고사용,암모니아,7664-41-7,900㎏,20190212,인천본부
3858,(주)조은,인천광역시 남동구 남동동로123번길 34,0328150775,특고사용,암모니아,7664-41-7,200㎏,20190429,인천본부
3859,(주)케이에스엠,인천광역시 서구 보듬로 116,0319800118,특고사용,암모니아,7664-41-7,25.27㎏,20240328,인천본부
3860,삼정가스공업(주)강화지점,인천광역시 강화군 불은면 불은북로 83,0325751441,일반판매,아황산가스,7446-09-5,0,20201224,인천본부
3861,삼정가스공업(주)강화지점,인천광역시 강화군 불은면 불은북로 83,0325751441,일반판매,일산화탄소,630-08-0,0,20201224,인천본부
3862,삼정가스공업(주)강화지점,인천광역시 강화군 불은면 불은북로 83,0325751441,일반판매,암모니아,7664-41-7,0,20201224,인천본부
3863,삼정가스공업(주)강화지점,인천광역시 강화군 불은면 불은북로 83,0325751441,일반판매,불소,7782-41-4,0,20201224,인천본부
3864,삼정가스공업(주)강화지점,인천광역시 강화군 불은면 불은북로 83,0325751441,일반판매,삼염화붕소,10294-34-5,0,20201224,인천본부
3865,삼정가스공업(주)강화지점,인천광역시 강화군 불은면 불은북로 83,0325751441,일반판매,황화수소,7783-06-4,0,20201224,인천본부
3866,삼정가스공업(주)강화지점,인천광역시 강화군 불은면 불은북로 83,0325751441,일반판매,염소,7782-50-5,0,20201224,인천본부
3867,수협중앙회 급식사업부,인천광역시 중구 축항대로 50,0328889601,냉동제조,암모니아,7664-41-7,324.94RT,20200901,인천본부
3868,(주)집합건물과사람들,인천광역시 서구 북항로207번길 80 (원창동),,냉동제조,암모니아,7664-41-7,1495.38RT,20240429,인천본부
3869,삼중테크(주),인천광역시 서구 정서진로 410 (환경산업연구단지 B동 PT-B07호),07070124531,특고사용,암모니아,7664-41-7,25.27㎏,20220525,인천본부
3870,아텍시스템,인천광역시 부평구 안남로369번길 18 (청천동),0325088060,특고사용,모노실란,7803-62-5,7.1㎥,20251022,인천본부
3871,하남시친환경사업소(하남시정수장),경기도 하남시 검단산로 320 (창우동),0317906445,일반저장,염소,7782-50-5,6Ton,19960307,경기동부지사
3872,광암아리수정수센터,경기도 하남시 서하남로 293 (광암동),0222034669,일반저장,염소,7782-50-5,16Ton,19961205,경기동부지사
3873,삼성전자(주)기흥사업장,경기도 용인시 기흥구 삼성2로 95 삼성전자(기흥방재환경그룹),0312095191,일반저장,암모니아,7664-41-7,89.969Ton,20090915,경기동부지사
3874,삼성전자(주)기흥사업장,경기도 용인시 기흥구 삼성2로 95 삼성전자(기흥방재환경그룹),0312095191,일반저장,암모니아,7664-41-7,2Ton,20120915,경기동부지사
3875,삼성전자(주)기흥사업장,경기도 용인시 기흥구 삼성2로 95 삼성전자(기흥방재환경그룹),0312095191,일반충전,암모니아,7664-41-7,10685㎥,20170315,경기동부지사
3876,삼성전자(주)기흥사업장,경기도 용인시 기흥구 삼성2로 95 삼성전자(기흥방재환경그룹),0312095191,일반충전,암모니아,7664-41-7,6.05Ton,20170315,경기동부지사
3877,삼성전자(주)기흥사업장,경기도 용인시 기흥구 삼성2로 95 삼성전자(기흥방재환경그룹),0312095191,일반저장,SIH4/H2,7803-62-5,56.8㎥,20250807,경기동부지사
3878,롯데칠성음료(주),경기도 광주시 양벌로 257,0317907953,냉동제조,암모니아,7664-41-7,366.98RT,19960618,경기동부지사
3879,(주)선진에프에스,경기도 이천시 대월면 사동로 76,0316441840,냉동제조,암모니아,7664-41-7,164.06RT,20140508,경기동부지사
3880,(주)그린,경기도 용인시 처인구 양지면 중부대로 2453-36 양지냉장,0313362278,냉동제조,암모니아,7664-41-7,182.84RT,19960825,경기동부지사
3881,테크센드포토마스크(주),경기도 이천시 신둔면 원적로290번길 91,0316301675,특고사용,염소,7782-50-5,100㎏,20060621,경기동부지사
3882,에이스냉장(주)용인사업소,경기도 용인시 기흥구 중부대로 714,0312826161,냉동제조,암모니아,7664-41-7,220RT,19970415,경기동부지사
3883,효성티앤씨(주)광주냉동창고,경기도 광주시 순암로 536-7,0317633611,냉동제조,암모니아,7664-41-7,140.4RT,19970221,경기동부지사
3884,주식회사 아이린냉장,경기도 용인시 처인구 양지면 중부대로 2605 아이린냉장,0313372016,냉동제조,암모니아,7664-41-7,232.33RT,19960707,경기동부지사
3885,(주)오로라씨에스,경기도 용인시 기흥구 중부대로684번길 14,0312817445,냉동제조,암모니아,7664-41-7,255RT,19961121,경기동부지사
3886,오비맥주(주)이천공장,경기도 이천시 부발읍 경충대로 2314,0316308216,냉동제조,암모니아,7664-41-7,3356RT,19961006,경기동부지사
3887,오비맥주(주)이천공장,경기도 이천시 부발읍 경충대로 2314,0316308216,특고사용,염소,7782-50-5,900㎏,19980714,경기동부지사
3888,에이플주식회사,경기도 이천시 대월면 대초로 17,0316343903,냉동제조,암모니아,7664-41-7,375.33RT,20230406,경기동부지사
3889,경인냉장(주),경기도 광주시 경충대로 1502,0317644116,냉동제조,암모니아,7664-41-7,110.4RT,19960825,경기동부지사
3890,고려종합물류(주),경기도 용인시 기흥구 덕영대로 1994 고려종합물류(주),0312816511,냉동제조,암모니아,7664-41-7,197RT,19970308,경기동부지사
3891,강동냉장(주),경기도 용인시 기흥구 동탄기흥로 776 (고매동),0312862841,냉동제조,암모니아,7664-41-7,354.1RT,19970329,경기동부지사
3892,(주)유상,경기도 용인시 기흥구 동탄기흥로 741 유상냉장,0312864001,냉동제조,암모니아,7664-41-7,247.7RT,19961106,경기동부지사
3893,에스케이하이닉스주식회사,경기도 이천시 부발읍 경충대로 2091,03151856977,일반저장,모노실란,7803-62-5,8991㎥,20150403,경기동부지사
3894,에스케이하이닉스주식회사,경기도 이천시 부발읍 경충대로 2091,03151856977,일반저장,암모니아,7664-41-7,42.78Ton,20170403,경기동부지사
3895,에스케이하이닉스주식회사,경기도 이천시 부발읍 경충대로 2091,03151856977,일반저장,암모니아,7664-41-7,48.268Ton,20201003,경기동부지사
3896,태광산업가스(주),경기도 이천시 진상미로 2315 (장록동),0316353628,일반판매,불화수소,7664-39-3,0,19960617,경기동부지사
3897,태광산업가스(주),경기도 이천시 진상미로 2315 (장록동),0316353628,일반판매,염화수소,7647-01-0,0,19960617,경기동부지사
3898,태광산업가스(주),경기도 이천시 진상미로 2315 (장록동),0316353628,일반판매,브롬화수소,10035-10-6,0,19960617,경기동부지사
3899,태광산업가스(주),경기도 이천시 진상미로 2315 (장록동),0316353628,일반판매,일산화질소,10102-43-9,0,19960617,경기동부지사
3900,태광산업가스(주),경기도 이천시 진상미로 2315 (장록동),0316353628,일반판매,염소,7782-50-5,0,19960617,경기동부지사
3901,태광산업가스(주),경기도 이천시 진상미로 2315 (장록동),0316353628,일반판매,일산화탄소,630-08-0,0,19960617,경기동부지사
3902,태광산업가스(주),경기도 이천시 진상미로 2315 (장록동),0316353628,일반판매,산화에틸렌,75-21-8,0,19960617,경기동부지사
3903,태광산업가스(주),경기도 이천시 진상미로 2315 (장록동),0316353628,일반판매,아황산가스,7446-09-5,0,19960617,경기동부지사
3904,태광산업가스(주),경기도 이천시 진상미로 2315 (장록동),0316353628,일반판매,암모니아,7664-41-7,0,19960617,경기동부지사
3905,태광산업가스(주),경기도 이천시 진상미로 2315 (장록동),0316353628,일반판매,사불화규소,7783-61-1,0,19960617,경기동부지사
3906,동양산업가스(주),경기도 광주시 곤지암읍 경충대로 820,0317646635,일반판매,일산화탄소,630-08-0,0,19990608,경기동부지사
3907,동양산업가스(주),경기도 광주시 곤지암읍 경충대로 820,0317646635,일반판매,아황산가스,7446-09-5,0,19990608,경기동부지사
3908,동양산업가스(주),경기도 광주시 곤지암읍 경충대로 820,0317646635,일반판매,염화수소,7647-01-0,0,19990608,경기동부지사
3909,동양산업가스(주),경기도 광주시 곤지암읍 경충대로 820,0317646635,일반충전,아황산가스,7446-09-5,.5Ton,20151024,경기동부지사
3910,오성냉동,경기도 광주시 곤지암읍 신만로436번길 18,0317648456,냉동제조,암모니아,7664-41-7,98RT,19960901,경기동부지사
3911,로얄물류(주),경기도 성남시 분당구 대왕판교로 95,0317134121,냉동제조,암모니아,7664-41-7,123.75RT,19950803,경기동부지사
3912,희창냉장(주),경기도 용인시 처인구 모현읍 포은대로 892,0313390274,냉동제조,암모니아,7664-41-7,353RT,19970317,경기동부지사
3913,(주)베이지박스투,경기도 용인시 기흥구 고매로43번길 1,0312868262,냉동제조,암모니아,7664-41-7,116.4RT,19961219,경기동부지사
3914,동양섬유(주)여주지점,경기도 여주시 삼교1길 9-7 (삼교동),0318812167,냉동제조,암모니아,7664-41-7,232RT,19960414,경기동부지사
3915,동양섬유(주)여주지점,경기도 여주시 삼교1길 9-7 (삼교동),0318812167,냉동제조,암모니아,7664-41-7,182.12RT,20010414,경기동부지사
3916,주현냉동,경기도 광주시 초월읍 대쌍령길 13,0317667711,냉동제조,암모니아,7664-41-7,222RT,19960722,경기동부지사
3917,(주)동양냉동,경기도 용인시 처인구 이동읍 백옥대로144번길 36-10,0313368128,냉동제조,암모니아,7664-41-7,203.82RT,19970923,경기동부지사
3918,현대건설(주),경기도 용인시 기흥구 마북로240번길 17-6 현대건설연구소,027460117,일반제조,CO,630-08-0,14.194㎥,20251114,경기동부지사
3919,(주)견우푸드,경기도 광주시 곤지암읍 경충대로498번길 131,0317692944,냉동제조,암모니아,7664-41-7,215.26RT,19971211,경기동부지사
3920,삼영전자공업(주),경기도 성남시 중원구 사기막골로 47 (상대원동),0317402175,특고사용,암모니아,7664-41-7,516㎏,20130327,경기동부지사
3921,주성엔지니어링(주),경기도 광주시 오포읍 오포로 240,0317607282,특고사용,암모니아,7664-41-7,50.536㎏,20250620,경기동부지사
3922,성남시장례문화사업소,경기도 성남시 중원구 순암로 787 (갈현동),0317293515,특고사용,암모니아,7664-41-7,200㎏,20150507,경기동부지사
3923,에어프로덕츠코리아(주),경기도 용인시 기흥구 농서로46번길 3 (농서동),03180050311,일반저장,모노실란,7803-62-5,10485.6㎥,20010515,경기동부지사
3924,(주)동아산업가스,경기도 광주시 중앙로349번길 42 (송정동),0317653655,일반판매,염화수소,7647-01-0,0,20150609,경기동부지사
3925,(주)동아산업가스,경기도 광주시 중앙로349번길 42 (송정동),0317653655,일반판매,삼염화붕소,10294-34-5,0,20150609,경기동부지사
3926,(주)동아산업가스,경기도 광주시 중앙로349번길 42 (송정동),0317653655,일반판매,염소,7782-50-5,0,20150609,경기동부지사
3927,(주)동아산업가스,경기도 광주시 중앙로349번길 42 (송정동),0317653655,일반판매,육불화텅스텐,7783-82-6,0,20150609,경기동부지사
3928,(주)동아산업가스,경기도 광주시 중앙로349번길 42 (송정동),0317653655,일반판매,황화수소,7783-06-4,0,20150609,경기동부지사
3929,(주)동아산업가스,경기도 광주시 중앙로349번길 42 (송정동),0317653655,일반판매,브롬화수소,10035-10-6,0,20150609,경기동부지사
3930,(주)동아산업가스,경기도 광주시 중앙로349번길 42 (송정동),0317653655,일반판매,불화수소,7664-39-3,0,20150609,경기동부지사
3931,(주)동아산업가스,경기도 광주시 중앙로349번길 42 (송정동),0317653655,일반판매,아황산가스,7446-09-5,0,20150609,경기동부지사
3932,(주)동아산업가스,경기도 광주시 중앙로349번길 42 (송정동),0317653655,일반판매,암모니아,7664-41-7,0,20150609,경기동부지사
3933,(주)동아산업가스,경기도 광주시 중앙로349번길 42 (송정동),0317653655,일반판매,디보레인,19287-45-7,0,20150609,경기동부지사
3934,(주)동아산업가스,경기도 광주시 중앙로349번길 42 (송정동),0317653655,일반판매,디실란,1590-87-0,0,20150609,경기동부지사
3935,(주)동아산업가스,경기도 광주시 중앙로349번길 42 (송정동),0317653655,일반판매,일산화질소,10102-43-9,0,20150609,경기동부지사
3936,(주)동아산업가스,경기도 광주시 중앙로349번길 42 (송정동),0317653655,일반판매,산화에틸렌,75-21-8,0,20150609,경기동부지사
3937,(주)동아산업가스,경기도 광주시 중앙로349번길 42 (송정동),0317653655,일반판매,일산화탄소,630-08-0,0,20150609,경기동부지사
3938,(주)지수아이엔씨,경기도 용인시 처인구 백암면 한택로88번길 260,03169585397,냉동제조,암모니아,7664-41-7,265.71RT,20011217,경기동부지사
3939,고등기술연구원연구조합,경기도 용인시 처인구 백암면 고안로51번길 175-28,0313307135,일반저장,일산화탄소,630-08-0,568.7㎥,20100630,경기동부지사
3940,고등기술연구원연구조합,경기도 용인시 처인구 백암면 고안로51번길 175-28,0313307135,특고사용,암모니아,7664-41-7,50.538㎏,20190502,경기동부지사
3941,고등기술연구원연구조합,경기도 용인시 처인구 백암면 고안로51번길 175-28,0313307135,특고사용,염소,7782-50-5,10㎏,20220928,경기동부지사
3942,고등기술연구원연구조합,경기도 용인시 처인구 백암면 고안로51번길 175-28,0313307135,일반저장,암모니아,7664-41-7,3Ton,,경기동부지사
3943,고등기술연구원연구조합,경기도 용인시 처인구 백암면 고안로51번길 175-28,0313307135,일반저장,암모니아,7664-41-7,.5Ton,,경기동부지사
3944,고등기술연구원연구조합,경기도 용인시 처인구 백암면 고안로51번길 175-28,0313307135,일반저장,암모니아,7664-41-7,.5Ton,,경기동부지사
3945,고등기술연구원연구조합,경기도 용인시 처인구 백암면 고안로51번길 175-28,0313307135,일반저장,암모니아,7664-41-7,.5Ton,,경기동부지사
3946,고등기술연구원연구조합,경기도 용인시 처인구 백암면 고안로51번길 175-28,0313307135,일반저장,암모니아,7664-41-7,.5Ton,,경기동부지사
3947,(주)삼일냉장,경기도 광주시 곤지암읍 경충대로311번길 17,0317693113,냉동제조,암모니아,7664-41-7,105.42RT,20030414,경기동부지사
3948,오씨아이(주)중앙연구소,경기도 성남시 중원구 사기막골로62번길 61 (상대원동),0317309700,특고사용,모노실란,7803-62-5,21.3㎥,20241227,경기동부지사
3949,(주)하나유통,경기도 용인시 처인구 원삼면 미평로 84 LotteMart물류센터,0313223331,냉동제조,암모니아,7664-41-7,177.14RT,20030129,경기동부지사
3950,(주)신우냉장,경기도 광주시 도척면 국사봉로 75,0317648309,냉동제조,암모니아,7664-41-7,258.1RT,20031226,경기동부지사
3951,MG골드,"경기도 성남시 중원구 순환로 165 (상대원동,포스테크노613호\~616호,715호,716호)",0317375300,특고사용,암모니아,7664-41-7,250㎏,20130327,경기동부지사
3952,(주)푸드머스,경기도 용인시 처인구 원삼면 맹리로2번길 31,0313332018,냉동제조,암모니아,7664-41-7,263.49RT,20050701,경기동부지사
3953,(주)푸드머스,경기도 용인시 처인구 원삼면 맹리로2번길 31,0313332018,냉동제조,암모니아,7664-41-7,101RT,20080130,경기동부지사
3954,(주)푸드머스,경기도 용인시 처인구 원삼면 맹리로2번길 31,0313332018,냉동제조,암모니아,7664-41-7,326.06RT,20160630,경기동부지사
3955,강동냉장(주)강동제2냉장,경기도 용인시 기흥구 농서로 51 (농서동),0312756811,냉동제조,암모니아,7664-41-7,147.7RT,20060421,경기동부지사
3956,(주)유진테크,경기도 용인시 처인구 양지면 추계로 42,0313303842,일반저장,브롬화수소,10035-10-6,.121Ton,20240119,경기동부지사
3957,(주)유진테크,경기도 용인시 처인구 양지면 추계로 42,0313303842,일반저장,염소,7782-50-5,.059Ton,20240119,경기동부지사
3958,(주)유진테크,경기도 용인시 처인구 양지면 추계로 42,0313303842,일반저장,포스핀,7803-51-2,7.097㎥,20240119,경기동부지사
3959,(주)유진테크,경기도 용인시 처인구 양지면 추계로 42,0313303842,일반저장,암모니아,7664-41-7,.177Ton,20240119,경기동부지사
3960,"린데코리아(주) (화성2공장, 모노실란 헬륨)",경기도 용인시 기흥구 삼성2로96번길 23(농서동),0313378120,일반저장,모노실란,7803-62-5,12790.3㎥,20120508,경기동부지사
3961,브이엠(주),경기도 이천시 마장면 서이천로 58-47,0316451018,특고사용,염소,7782-50-5,58.75㎏,20190327,경기동부지사
3962,브이엠(주),경기도 이천시 마장면 서이천로 58-47,0316451018,특고사용,사불화규소,7783-61-1,6.96㎥,20230223,경기동부지사
3963,브이엠(주),경기도 이천시 마장면 서이천로 58-47,0316451018,특고사용,NH3,7664-41-7,25.27㎏,20251106,경기동부지사
3964,에어코리아(주),경기도 여주시 주내로 799-16 (멱곡동),0318814106,일반판매,암모니아,7664-41-7,0,20070529,경기동부지사
3965,에어코리아(주),경기도 여주시 주내로 799-16 (멱곡동),0318814106,일반충전,염소,7782-50-5,.01㎥,20070605,경기동부지사
3966,에어코리아(주),경기도 여주시 주내로 799-16 (멱곡동),0318814106,일반충전,불화수소,7664-39-3,3㎥,20070605,경기동부지사
3967,에어코리아(주),경기도 여주시 주내로 799-16 (멱곡동),0318814106,일반충전,NO,10102-43-9,6.96㎥,20200605,경기동부지사
3968,에어코리아(주),경기도 여주시 주내로 799-16 (멱곡동),0318814106,일반충전,BF3,7637-07-2,6.96㎥,20200605,경기동부지사
3969,에어코리아(주),경기도 여주시 주내로 799-16 (멱곡동),0318814106,일반충전,BCL3,10294-34-5,6.96㎥,20200605,경기동부지사
3970,에어코리아(주),경기도 여주시 주내로 799-16 (멱곡동),0318814106,일반충전,염소,7782-50-5,6.96㎥,20200605,경기동부지사
3971,에어코리아(주),경기도 여주시 주내로 799-16 (멱곡동),0318814106,일반충전,불소,7782-41-4,6.96㎥,20200605,경기동부지사
3972,에어코리아(주),경기도 여주시 주내로 799-16 (멱곡동),0318814106,일반충전,일산화탄소,630-08-0,6.96㎥,20200605,경기동부지사
3973,에어코리아(주),경기도 여주시 주내로 799-16 (멱곡동),0318814106,일반충전,암모니아,7664-41-7,.025Ton,20200605,경기동부지사
3974,에어코리아(주),경기도 여주시 주내로 799-16 (멱곡동),0318814106,일반충전,사불화규소,7783-61-1,6.96㎥,20200605,경기동부지사
3975,에어코리아(주),경기도 여주시 주내로 799-16 (멱곡동),0318814106,일반충전,SO2,7446-09-5,6.96㎥,20200605,경기동부지사
3976,에어코리아(주),경기도 여주시 주내로 799-16 (멱곡동),0318814106,일반충전,H2S,7783-06-4,6.96㎥,20200605,경기동부지사
3977,에어코리아(주),경기도 여주시 주내로 799-16 (멱곡동),0318814106,일반충전,육불화텅스텐,7783-82-6,6.96㎥,20200605,경기동부지사
3978,에어코리아(주),경기도 여주시 주내로 799-16 (멱곡동),0318814106,일반충전,디실란,1590-87-0,6.96㎥,20200605,경기동부지사
3979,동양하이테크산업(주),경기도 용인시 처인구 원삼면 죽양대로1626번길 10,0313358101,일반충전,암모니아,7664-41-7,28Ton,20070809,경기동부지사
3980,(주)이마트 여주물류센터,경기도 여주시 웅골로 161 (가업동),0318875051,냉동제조,암모니아,7664-41-7,650.3RT,20080523,경기동부지사
3981,(주)에셀,경기도 용인시 처인구 백암면 죽양대로 755 상일리베가구,0313231871,특고사용,암모니아,7664-41-7,250㎏,20130208,경기동부지사
3982,(주)한국나노가스,경기도 여주시 강천면 강문로 464,0318839333,일반충전,황화수소,7783-06-4,.032Ton,20110522,경기동부지사
3983,(주)한국나노가스,경기도 여주시 강천면 강문로 464,0318839333,일반충전,이산화황,7446-09-5,.059Ton,20110522,경기동부지사
3984,(주)한국나노가스,경기도 여주시 강천면 강문로 464,0318839333,일반충전,암모니아,7664-41-7,.025Ton,20110522,경기동부지사
3985,(주)한국나노가스,경기도 여주시 강천면 강문로 464,0318839333,일반충전,일산화질소,10102-43-9,4.61㎥,20110522,경기동부지사
3986,(주)한국나노가스,경기도 여주시 강천면 강문로 464,0318839333,일반충전,일산화탄소,630-08-0,4.61㎥,20110522,경기동부지사
3987,(주)보광비즈랩,경기도 광주시 도척면 방도길 50,024140041,일반판매,산화에틸렌,75-21-8,0,20101117,경기동부지사
3988,씨제이프레시웨이(주),경기도 이천시 마장면 덕평로 811,0317765600,냉동제조,암모니아,7664-41-7,339.76RT,20100226,경기동부지사
3989,에이스냉장(주)기흥사업소,"경기도 용인시 기흥구 원고매로 29 (고매동,외3필지)",0312847057,냉동제조,암모니아,7664-41-7,370.75RT,20111209,경기동부지사
3990,(주)유니온가스,경기도 용인시 처인구 남사면 원암로 370-1,0313221285,일반판매,산화에틸렌,75-21-8,0,20131126,경기동부지사
3991,(주)유니온가스,경기도 용인시 처인구 남사면 원암로 370-1,0313221285,일반판매,일산화탄소,630-08-0,0,20131126,경기동부지사
3992,(주)유니온가스,경기도 용인시 처인구 남사면 원암로 370-1,0313221285,일반판매,염화수소,7647-01-0,0,20131126,경기동부지사
3993,(주)유니온가스,경기도 용인시 처인구 남사면 원암로 370-1,0313221285,일반판매,삼염화붕소,10294-34-5,0,20131126,경기동부지사
3994,(주)유니온가스,경기도 용인시 처인구 남사면 원암로 370-1,0313221285,일반판매,염소,7782-50-5,0,20131126,경기동부지사
3995,(주)유니온가스,경기도 용인시 처인구 남사면 원암로 370-1,0313221285,일반판매,삼불화붕소,7637-07-2,0,20131126,경기동부지사
3996,(주)유니온가스,경기도 용인시 처인구 남사면 원암로 370-1,0313221285,일반판매,육불화텅스텐,7783-82-6,0,20131126,경기동부지사
3997,(주)유니온가스,경기도 용인시 처인구 남사면 원암로 370-1,0313221285,일반판매,불소,7782-41-4,0,20131126,경기동부지사
3998,(주)유니온가스,경기도 용인시 처인구 남사면 원암로 370-1,0313221285,일반판매,황화수소,7783-06-4,0,20131126,경기동부지사
3999,(주)유니온가스,경기도 용인시 처인구 남사면 원암로 370-1,0313221285,일반판매,브롬화수소,10035-10-6,0,20131126,경기동부지사
4000,(주)유니온가스,경기도 용인시 처인구 남사면 원암로 370-1,0313221285,일반판매,불화수소,7664-39-3,0,20131126,경기동부지사
4001,(주)유니온가스,경기도 용인시 처인구 남사면 원암로 370-1,0313221285,일반판매,일산화질소,10102-43-9,0,20131126,경기동부지사
4002,(주)유니온가스,경기도 용인시 처인구 남사면 원암로 370-1,0313221285,일반판매,디실란,1590-87-0,0,20131126,경기동부지사
4003,(주)유니온가스,경기도 용인시 처인구 남사면 원암로 370-1,0313221285,일반판매,디보레인,19287-45-7,0,20131126,경기동부지사
4004,(주)유니온가스,경기도 용인시 처인구 남사면 원암로 370-1,0313221285,일반판매,암모니아,7664-41-7,0,20131126,경기동부지사
4005,(주)유니온가스,경기도 용인시 처인구 남사면 원암로 370-1,0313221285,일반판매,아황산가스,7446-09-5,0,20131126,경기동부지사
4006,(주)유니온가스,경기도 용인시 처인구 남사면 원암로 370-1,0313221285,일반판매,모노실란,7803-62-5,0,20131126,경기동부지사
4007,롯데쇼핑(주)롯데슈퍼신갈물류센타,경기도 용인시 기흥구 하갈로86번길 46 (하갈동),0316935262,냉동제조,암모니아,7664-41-7,482.4RT,20120330,경기동부지사
4008,에이치엘홀딩스주식회사,경기도 광주시 도척면 도척로 401-98,0317987804,냉동제조,암모니아,7664-41-7,703.74RT,20120615,경기동부지사
4009,(주)이마트,경기도 이천시 부발읍 경충대로 2330-73,03180105110,냉동제조,암모니아,7664-41-7,726RT,20120926,경기동부지사
4010,(주)이마트,경기도 이천시 부발읍 경충대로 2330-73,03180105110,냉동제조,암모니아,7664-41-7,18.46RT,20121129,경기동부지사
4011,(주)에어코,경기도 용인시 처인구 이동읍 이원로 328,0313358744,일반판매,암모니아,7664-41-7,0,20141001,경기동부지사
4012,(주)에어코,경기도 용인시 처인구 이동읍 이원로 328,0313358744,일반판매,산화에틸렌,75-21-8,0,20141001,경기동부지사
4013,에이스냉장(주)처인사업소,경기도 용인시 처인구 중부대로 1022-1 (삼가동),0313388454,냉동제조,암모니아,7664-41-7,335.7RT,20140708,경기동부지사
4014,(주)세미켐가스,경기도 광주시 진토길21번길 39 (목동),0317653163,일반판매,암모니아,7664-41-7,0,20140717,경기동부지사
4015,(주)세미켐가스,경기도 광주시 진토길21번길 39 (목동),0317653163,일반판매,암모니아,7664-41-7,0,20140717,경기동부지사
4016,성강특수가스,경기도 용인시 처인구 남사면 각궁로 252-38,,일반판매,염화수소,7647-01-0,0,20161018,경기동부지사
4017,성강특수가스,경기도 용인시 처인구 남사면 각궁로 252-38,,일반판매,염소,7782-50-5,0,20161018,경기동부지사
4018,성강특수가스,경기도 용인시 처인구 남사면 각궁로 252-38,,일반판매,아황산가스,7446-09-5,0,20161018,경기동부지사
4019,성강특수가스,경기도 용인시 처인구 남사면 각궁로 252-38,,일반판매,일산화질소,10102-43-9,0,20161018,경기동부지사
4020,성강특수가스,경기도 용인시 처인구 남사면 각궁로 252-38,,일반판매,산화에틸렌,75-21-8,0,20161018,경기동부지사
4021,성강특수가스,경기도 용인시 처인구 남사면 각궁로 252-38,,일반판매,황화수소,7783-06-4,0,20161018,경기동부지사
4022,성강특수가스,경기도 용인시 처인구 남사면 각궁로 252-38,,일반판매,암모니아,7664-41-7,0,20161018,경기동부지사
4023,(주)한화,경기도 성남시 분당구 판교로 305 (삼평동),03180925251,특고사용,암모니아,7664-41-7,151.62㎏,20160706,경기동부지사
4024,(주)한화,경기도 성남시 분당구 판교로 305 (삼평동),03180925251,특고사용,모노실란,7803-62-5,7.1㎥,20220225,경기동부지사
4025,신양메디슨(주),경기도 이천시 진상미로 1766-20,0236630203,일반판매,산화에틸렌,75-21-8,0,20190426,경기동부지사
4026,신양메디슨(주),경기도 이천시 진상미로 1766-20,0236630203,일반판매,불소,7782-41-4,0,20190426,경기동부지사
4027,신양메디슨(주),경기도 이천시 진상미로 1766-20,0236630203,일반판매,사불화규소,7783-61-1,0,20190426,경기동부지사
4028,신양메디슨(주),경기도 이천시 진상미로 1766-20,0236630203,일반판매,일산화질소,10102-43-9,0,20190426,경기동부지사
4029,신양메디슨(주),경기도 이천시 진상미로 1766-20,0236630203,일반판매,디보레인,19287-45-7,0,20190426,경기동부지사
4030,신양메디슨(주),경기도 이천시 진상미로 1766-20,0236630203,일반판매,암모니아,7664-41-7,0,20190426,경기동부지사
4031,신양메디슨(주),경기도 이천시 진상미로 1766-20,0236630203,일반판매,포스핀,7803-51-2,0,20190426,경기동부지사
4032,신양메디슨(주),경기도 이천시 진상미로 1766-20,0236630203,일반판매,일산화탄소,630-08-0,0,20190426,경기동부지사
4033,신양메디슨(주),경기도 이천시 진상미로 1766-20,0236630203,일반판매,염소,7782-50-5,0,20190426,경기동부지사
4034,신양메디슨(주),경기도 이천시 진상미로 1766-20,0236630203,일반판매,황화수소,7783-06-4,0,20190426,경기동부지사
4035,동아금속주름관(주),경기도 용인시 처인구 백암면 죽양대로 956-10,0313222691,특고사용,암모니아,7664-41-7,959.82㎏,20200826,경기동부지사
4036,진양메인티넌스(주)\_\[죽양대로1182\],경기도 용인시 처인구 백암면 죽양대로 1182,0313234116,냉동제조,암모니아,7664-41-7,93.92RT,20201023,경기동부지사
4037,진양메인티넌스(주)\_\[죽양대로1182\],경기도 용인시 처인구 백암면 죽양대로 1182,0313234116,냉동제조,암모니아,7664-41-7,397.76RT,20201023,경기동부지사
4038,진양메인티넌스(주)\_\[죽양대로1182\],경기도 용인시 처인구 백암면 죽양대로 1182,0313234116,냉동제조,암모니아,7664-41-7,321.6RT,20201023,경기동부지사
4039,진양메인티넌스(주)\_\[죽양대로1182\],경기도 용인시 처인구 백암면 죽양대로 1182,0313234116,냉동제조,암모니아,7664-41-7,233.38RT,20201023,경기동부지사
4040,(주)스카이웍스필터솔루션즈코리아,경기도 용인시 처인구 백암면 고안로51번길 175-28,0313307114,특고사용,암모니아,7664-41-7,25.269㎏,20200707,경기동부지사
4041,(주)스카이웍스필터솔루션즈코리아,경기도 용인시 처인구 백암면 고안로51번길 175-28,0313307114,특고사용,염소,7782-50-5,25.269㎏,20200707,경기동부지사
4042,(주)스카이웍스필터솔루션즈코리아,경기도 용인시 처인구 백암면 고안로51번길 175-28,0313307114,특고사용,모노실란,7803-62-5,7.097㎥,20200707,경기동부지사
4043,(주)포톤웨이브,경기도 용인시 처인구 백암면 고안로51번길 175-28,0313232552,특고사용,암모니아,7664-41-7,101.076㎏,20200924,경기동부지사
4044,원진물류 주식회사,경기도 용인시 처인구 양지면 죽양대로 2136,025570714,냉동제조,암모니아,7664-41-7,624.03RT,20210119,경기동부지사
4045,(주)서플러스글로벌,경기도 용인시 처인구 남사읍 서촌로 56,0317281483,특고사용,염소,7782-50-5,58.75㎏,20220407,경기동부지사
4046,(주)서플러스글로벌,경기도 용인시 처인구 남사읍 서촌로 56,0317281483,특고사용,암모니아,7664-41-7,25.268㎏,20240216,경기동부지사
4047,(주)피티씨,경기도 용인시 처인구 양지면 중부대로 2374-39,0313351602,특고사용,CL2,7782-50-5,58.8㎏,20230601,경기동부지사
4048,하나종합가스,경기도 여주시 여양2로 56 (천송동),0318862894,일반판매,일산화탄소,630-08-0,0,20220105,경기동부지사
4049,영진아이엔디(주),경기도 이천시 마장면 중부대로 617,0316313331,특고사용,모노실란,7803-62-5,7㎥,20210506,경기동부지사
4050,(주)나노엑스코리아,경기도 용인시 처인구 원삼면 이원로1072번길 26,0312306806,일반저장,암모니아,7664-41-7,.026Ton,20230307,경기동부지사
4051,(주)나노엑스코리아,경기도 용인시 처인구 원삼면 이원로1072번길 26,0312306806,일반저장,염소,7782-50-5,.058㎏,20230307,경기동부지사
4052,(주)에스에이치머티리얼즈,경기도 용인시 처인구 남사읍 각궁로 252-26,0314482334,일반판매,암모니아,7664-41-7,0,20221216,경기동부지사
4053,(주)에스에이치머티리얼즈,경기도 용인시 처인구 남사읍 각궁로 252-26,0314482334,일반판매,염소,7782-50-5,0,20221216,경기동부지사
4054,(주)에스에이치머티리얼즈,경기도 용인시 처인구 남사읍 각궁로 252-26,0314482334,일반판매,브롬화수소,10035-10-6,0,20221216,경기동부지사
4055,(주)에스에이치머티리얼즈,경기도 용인시 처인구 남사읍 각궁로 252-26,0314482334,일반판매,디보레인,19287-45-7,0,20221216,경기동부지사
4056,(주)에스에이치머티리얼즈,경기도 용인시 처인구 남사읍 각궁로 252-26,0314482334,일반판매,포스핀,7803-51-2,0,20221216,경기동부지사
4057,(주)에스에이치머티리얼즈,경기도 용인시 처인구 남사읍 각궁로 252-26,0314482334,일반판매,요오드화수소,10034-85-2,0,20221216,경기동부지사
4058,(주)에스에이치머티리얼즈,경기도 용인시 처인구 남사읍 각궁로 252-26,0314482334,일반판매,삼불화붕소,7637-07-2,0,20221216,경기동부지사
4059,(주)씨디앤원,경기도 이천시 호법면 중부대로798번길 106,0312140095,냉동제조,암모니아,7664-41-7,344.87RT,20230215,경기동부지사
4060,주식회사에이씨엠리서치코리아,"경기도 용인시 처인구 백암면 고안로51번길 175-28, IAE고등기술연구원",0220254733,특고사용,암모니아,7664-41-7,5.536㎏,20220725,경기동부지사
4061,주식회사에이씨엠리서치코리아,"경기도 용인시 처인구 백암면 고안로51번길 175-28, IAE고등기술연구원",0220254733,특고사용,모노실란,7803-62-5,14.194㎥,20220725,경기동부지사
4062,(주)성도이엔지,"경기도 용인시 처인구 남사읍 당하로 130 , (주)성도이엔지",0262445327,냉동제조,암모니아,7664-41-7,538.7RT,20230531,경기동부지사
4063,에이치디현대오일뱅크(주),"경기도 용인시 기흥구 마북로240번길 17-10 , 17-9, 마북동 102-34",0312708629,일반제조,암모니아,7664-41-7,.007Ton/day,20240206,경기동부지사
4064,에이치디현대오일뱅크(주),"경기도 용인시 기흥구 마북로240번길 17-10 , 17-9, 마북동 102-34",0312708629,일반제조,암모니아,7664-41-7,.05Ton,20240206,경기동부지사
4065,농업회사법인(주)순우리,경기도 용인시 처인구 이동읍 덕성산단2로 45,0317266400,냉동제조,암모니아,7664-41-7,446.66RT,20250217,경기동부지사
4066,명지대학교(제3공학관),경기도 용인시 처인구 명지로 116 (남동),0313241702,특고사용,NH3,7664-41-7,25.268㎏,20241125,경기동부지사
4067,(주)에이치케이머티리얼즈,경기도 용인시 처인구 이동읍 덕성리 448-33,,일반제조,일산화질소,10102-43-9,3096.128N㎥/day,,경기동부지사
4068,(주)에이치케이머티리얼즈,경기도 용인시 처인구 이동읍 덕성리 448-33,,일반제조,일산화질소,10102-43-9,.6Ton/day,,경기동부지사
4069,(주)에이치케이머티리얼즈,경기도 용인시 처인구 이동읍 덕성리 448-33,,일반제조,GEH4,7782-65-2,33.6N㎥/day,,경기동부지사
4070,김포시맑은물사업본부,경기도 김포시 고촌읍 신곡로 152,0319805130,일반저장,염소,7782-50-5,10Ton,19961115,경기중부지사
4071,단일시스켐(주),경기도 김포시 양촌읍 황금로24번길 76,0319815544,일반판매,산화에틸렌,75-21-8,0,20001110,경기중부지사
4072,(주)현대가스텍 신진특수가스지점,경기도 김포시 옹주물로 110 (감정동) 1층,0319848486,일반판매,암모니아,7664-41-7,0,19970404,경기중부지사
4073,(주)리골드,경기도 김포시 통진읍 대서명로 42-30,0319876000,특고사용,암모니아,7664-41-7,200㎏,20130201,경기중부지사
4074,(주)배성,경기도 김포시 대곶면 대곶서로185번길 83,0319870542,특고사용,암모니아,7664-41-7,200㎏,19990826,경기중부지사
4075,(주)하나테크,경기도 김포시 통진읍 흥신로 220-17,0319889953,일반저장,암모니아,7664-41-7,.96Ton,20140728,경기중부지사
4076,금오가스(주),경기도 파주시 광탄면 장지산로 388,0319419354,일반판매,염소,7782-50-5,0,20110708,경기중부지사
4077,금오가스(주),경기도 파주시 광탄면 장지산로 388,0319419354,일반판매,브롬화수소,10035-10-6,0,20110708,경기중부지사
4078,금오가스(주),경기도 파주시 광탄면 장지산로 388,0319419354,일반판매,암모니아,7664-41-7,0,20110708,경기중부지사
4079,금오가스(주),경기도 파주시 광탄면 장지산로 388,0319419354,일반판매,산화에틸렌,75-21-8,0,20110708,경기중부지사
4080,엘지디스플레이(주),경기도 파주시 월롱면 엘지로 245 안전기획팀,0319330766,일반저장,포스핀,7803-51-2,42.59㎥,20090916,경기중부지사
4081,엘지디스플레이(주),경기도 파주시 월롱면 엘지로 245 안전기획팀,0319330766,일반저장,포스핀,7803-51-2,471㎥,20090916,경기중부지사
4082,엘지디스플레이(주),경기도 파주시 월롱면 엘지로 245 안전기획팀,0319330766,일반저장,염소,7782-50-5,4.7Ton,20090916,경기중부지사
4083,엘지디스플레이(주),경기도 파주시 월롱면 엘지로 245 안전기획팀,0319330766,일반저장,암모니아,7664-41-7,48Ton,20080916,경기중부지사
4084,엘지디스플레이(주),경기도 파주시 월롱면 엘지로 245 안전기획팀,0319330766,일반저장,모노실란,7803-62-5,6680㎥,20080916,경기중부지사
4085,엘지디스플레이(주),경기도 파주시 월롱면 엘지로 245 안전기획팀,0319330766,일반저장,BCL3,10294-34-5,1.093Ton,20110916,경기중부지사
4086,엘지디스플레이(주),경기도 파주시 월롱면 엘지로 245 안전기획팀,0319330766,일반저장,B11F3,7637-07-2,27.16㎥,20110916,경기중부지사
4087,엘지디스플레이(주),경기도 파주시 월롱면 엘지로 245 안전기획팀,0319330766,일반저장,20%PH3/H2,7803-51-2,28.4㎥,20110916,경기중부지사
4088,엘지디스플레이(주),경기도 파주시 월롱면 엘지로 245 안전기획팀,0319330766,일반저장,염소,7782-50-5,4.7Ton,20110916,경기중부지사
4089,엘지디스플레이(주),경기도 파주시 월롱면 엘지로 245 안전기획팀,0319330766,일반저장,모노실란,7803-62-5,10020㎥,20110916,경기중부지사
4090,엘지디스플레이(주),경기도 파주시 월롱면 엘지로 245 안전기획팀,0319330766,일반저장,암모니아,7664-41-7,36Ton,20110916,경기중부지사
4091,엘지디스플레이(주),경기도 파주시 월롱면 엘지로 245 안전기획팀,0319330766,일반저장,4.5%HCl/0.9%H2/Ne,7647-01-0,63.9㎥,20110316,경기중부지사
4092,엘지디스플레이(주),경기도 파주시 월롱면 엘지로 245 안전기획팀,0319330766,일반저장,BF3,7637-07-2,5.13㎥,20110316,경기중부지사
4093,엘지디스플레이(주),경기도 파주시 월롱면 엘지로 245 안전기획팀,0319330766,일반저장,모노실란,7803-62-5,49.7㎥,20120316,경기중부지사
4094,엘지디스플레이(주),경기도 파주시 월롱면 엘지로 245 안전기획팀,0319330766,일반저장,암모니아,7664-41-7,.202Ton,20120316,경기중부지사
4095,엘지디스플레이(주),경기도 파주시 월롱면 엘지로 245 안전기획팀,0319330766,일반저장,염소,7782-50-5,.176Ton,20120316,경기중부지사
4096,엘지디스플레이(주),경기도 파주시 월롱면 엘지로 245 안전기획팀,0319330766,일반저장,염화수소,7647-01-0,.005Ton,20120316,경기중부지사
4097,엘지디스플레이(주),경기도 파주시 월롱면 엘지로 245 안전기획팀,0319330766,일반저장,5%B2H6/N2,19287-45-7,0㎥,20120316,경기중부지사
4098,엘지디스플레이(주),경기도 파주시 월롱면 엘지로 245 안전기획팀,0319330766,일반저장,20%PH3/H2,7803-51-2,7.1㎥,20120316,경기중부지사
4099,엘지디스플레이(주),경기도 파주시 월롱면 엘지로 245 안전기획팀,0319330766,일반저장,4.5%HCl/0.9%H2/Ne,7647-01-0,2.66㎥,20120316,경기중부지사
4100,엘지디스플레이(주),경기도 파주시 월롱면 엘지로 245 안전기획팀,0319330766,일반저장,4.5%HCl/0.9%H2/Ne,7647-01-0,157.3㎥,20160916,경기중부지사
4101,엘지디스플레이(주),경기도 파주시 월롱면 엘지로 245 안전기획팀,0319330766,일반저장,염소,7782-50-5,2.35Ton,20190624,경기중부지사
4102,엘지디스플레이(주),경기도 파주시 월롱면 엘지로 245 안전기획팀,0319330766,일반저장,암모니아,7664-41-7,24Ton,20190624,경기중부지사
4103,엘지디스플레이(주),경기도 파주시 월롱면 엘지로 245 안전기획팀,0319330766,일반저장,모노실란,7803-62-5,6680㎥,20190624,경기중부지사
4104,엘지디스플레이(주),경기도 파주시 월롱면 엘지로 245 안전기획팀,0319330766,일반저장,B11F3,7637-07-2,27.16㎥,20190624,경기중부지사
4105,엘지디스플레이(주),경기도 파주시 월롱면 엘지로 245 안전기획팀,0319330766,일반저장,20%PH3/H2,7803-51-2,28.4㎥,20190624,경기중부지사
4106,엘지디스플레이(주),경기도 파주시 월롱면 엘지로 245 안전기획팀,0319330766,일반저장,4.5%HCl/0.9%H2/Ne,7647-01-0,48.4㎥,20220922,경기중부지사
4107,디아이지에어가스(주)파주공장,경기도 파주시 월롱면 엘씨디로 284,0319578525,일반제조,모노실란,7803-62-5,3113㎥,20110919,경기중부지사
4108,디아이지에어가스(주)파주공장,경기도 파주시 월롱면 엘씨디로 284,0319578525,일반판매,삼불화붕소,7637-07-2,60㎏,20060919,경기중부지사
4109,디아이지에어가스(주)파주공장,경기도 파주시 월롱면 엘씨디로 284,0319578525,일반판매,일산화탄소,630-08-0,34㎥,20060919,경기중부지사
4110,디아이지에어가스(주)파주공장,경기도 파주시 월롱면 엘씨디로 284,0319578525,일반판매,암모니아,7664-41-7,17500㎥,20060919,경기중부지사
4111,디아이지에어가스(주)파주공장,경기도 파주시 월롱면 엘씨디로 284,0319578525,일반판매,염소,7782-50-5,14688㎏,20060919,경기중부지사
4112,디아이지에어가스(주)파주공장,경기도 파주시 월롱면 엘씨디로 284,0319578525,일반판매,포스핀,7803-51-2,696㎥,20060919,경기중부지사
4113,(주)조일케미칼,경기도 파주시 법원읍 술이홀로934번길 38,0319597171,일반저장,염소,7782-50-5,4Ton,20051007,경기중부지사
4114,(주)제이피엠,경기도 김포시 대곶면 송마로73번길 93-1,0319970324,특고사용,암모니아,7664-41-7,900㎏,20150825,경기중부지사
4115,개성공업지구 관리위원회 용수공급시설,북한 개성공업지구 봉동반,00632443,일반저장,염소,7782-50-5,7Ton,20071009,경기중부지사
4116,스미세이케미칼(주),경기도 파주시 월롱면 엘씨디로 284,0319497690,일반제조,암모니아,7664-41-7,12.1Ton/day,20090409,경기중부지사
4117,스미세이케미칼(주),경기도 파주시 월롱면 엘씨디로 284,0319497690,일반제조,암모니아,7664-41-7,3.07Ton,20090409,경기중부지사
4118,스미세이케미칼(주),경기도 파주시 월롱면 엘씨디로 284,0319497690,일반제조,암모니아,7664-41-7,3.07Ton,20090409,경기중부지사
4119,스미세이케미칼(주),경기도 파주시 월롱면 엘씨디로 284,0319497690,일반제조,암모니아,7664-41-7,23.35Ton,20090409,경기중부지사
4120,스미세이케미칼(주),경기도 파주시 월롱면 엘씨디로 284,0319497690,일반제조,암모니아,7664-41-7,3.07Ton,20090409,경기중부지사
4121,(주)한양정밀,경기도 김포시 양촌읍 황금로89번길 140,0325789951,일반저장,암모니아,7664-41-7,9.36Ton,20200522,경기중부지사
4122,대연가스산업,경기도 김포시 통진읍 검암1로 109,0319853651,일반판매,사불화메탄,75-73-0,0,20140321,경기중부지사
4123,(주)대한특수가스,"경기도 김포시 하성면 하성로 710 양택로251-11,257-8,257-9,251-2",07041714801,일반판매,산화에틸렌,75-21-8,0,20110315,경기중부지사
4124,(주)대한특수가스,"경기도 김포시 하성면 하성로 710 양택로251-11,257-8,257-9,251-2",07041714801,일반판매,암모니아,7664-41-7,0,20110315,경기중부지사
4125,(주)대한특수가스,"경기도 김포시 하성면 하성로 710 양택로251-11,257-8,257-9,251-2",07041714801,일반충전,산화에틸렌,75-21-8,.77Ton,20140627,경기중부지사
4126,솔브레인(주) 1공장,경기도 파주시 문산읍 돈유2로 29 솔브레인(주),0318498974,특고사용,암모니아,7664-41-7,10.75㎏,20250723,경기중부지사
4127,(주)삼성플렉스,경기도 김포시 양촌읍 삼도로174번길 50,0319982701,특고사용,암모니아,7664-41-7,200㎏,20110428,경기중부지사
4128,삼정에너지(주),경기도 파주시 탄현면 축현산단로 28,0319450261,일반판매,불소,7782-41-4,0,20140218,경기중부지사
4129,삼정에너지(주),경기도 파주시 탄현면 축현산단로 28,0319450261,일반판매,불화수소,7664-39-3,0,20140218,경기중부지사
4130,삼정에너지(주),경기도 파주시 탄현면 축현산단로 28,0319450261,일반판매,황화수소,7783-06-4,0,20140218,경기중부지사
4131,삼정에너지(주),경기도 파주시 탄현면 축현산단로 28,0319450261,일반판매,독성가스(혼합가스),0,0,20140218,경기중부지사
4132,삼정에너지(주),경기도 파주시 탄현면 축현산단로 28,0319450261,일반판매,일산화질소,10102-43-9,0,20140218,경기중부지사
4133,삼정에너지(주),경기도 파주시 탄현면 축현산단로 28,0319450261,일반판매,산화에틸렌,75-21-8,0,20140218,경기중부지사
4134,삼정에너지(주),경기도 파주시 탄현면 축현산단로 28,0319450261,일반판매,육불화텅스텐,7783-82-6,0,20140218,경기중부지사
4135,삼정에너지(주),경기도 파주시 탄현면 축현산단로 28,0319450261,일반판매,사불화규소,7783-61-1,0,20140218,경기중부지사
4136,삼정에너지(주),경기도 파주시 탄현면 축현산단로 28,0319450261,일반판매,브롬화수소,10035-10-6,0,20140218,경기중부지사
4137,삼정에너지(주),경기도 파주시 탄현면 축현산단로 28,0319450261,일반판매,염소,7782-50-5,0,20140218,경기중부지사
4138,삼정에너지(주),경기도 파주시 탄현면 축현산단로 28,0319450261,일반판매,삼염화붕소,10294-34-5,0,20140218,경기중부지사
4139,삼정에너지(주),경기도 파주시 탄현면 축현산단로 28,0319450261,일반판매,염화수소,7647-01-0,0,20140218,경기중부지사
4140,삼정에너지(주),경기도 파주시 탄현면 축현산단로 28,0319450261,일반판매,일산화탄소,630-08-0,0,20140218,경기중부지사
4141,삼정에너지(주),경기도 파주시 탄현면 축현산단로 28,0319450261,일반판매,아황산가스,7446-09-5,0,20140218,경기중부지사
4142,삼정에너지(주),경기도 파주시 탄현면 축현산단로 28,0319450261,일반판매,암모니아,7664-41-7,0,20140218,경기중부지사
4143,삼정에너지(주),경기도 파주시 탄현면 축현산단로 28,0319450261,일반판매,포스핀,7803-51-2,0,20140218,경기중부지사
4144,삼정에너지(주),경기도 파주시 탄현면 축현산단로 28,0319450261,일반판매,디보레인,19287-45-7,0,20140218,경기중부지사
4145,(주)두본후렉시블,경기도 김포시 양촌읍 황금4로 117,0319854820,특고사용,암모니아,7664-41-7,230㎏,20230217,경기중부지사
4146,(주)쎌바이오텍,경기도 김포시 월곶면 애기봉로409번길 50,0319876205,특고사용,암모니아,7664-41-7,250㎏,20191205,경기중부지사
4147,복지종합가스(주),경기도 파주시 파평면 파평산로 538,0319595510,일반판매,암모니아,7664-41-7,0,20140214,경기중부지사
4148,한국섬유소재연구원,경기도 양주시 남면 화합로668번길 118-21(ECO-CELL실용화기술팀 서영호님),0318600952,일반제조,암모니아,7664-41-7,9.979Ton,20140708,경기중부지사
4149,한국섬유소재연구원,경기도 양주시 남면 화합로668번길 118-21(ECO-CELL실용화기술팀 서영호님),0318600952,일반제조,암모니아,7664-41-7,17.081Ton/day,20140708,경기중부지사
4150,(주)쌍용테크,경기도 김포시 통진읍 고정1로 32,0319873660,특고사용,암모니아,7664-41-7,200㎏,20131129,경기중부지사
4151,(주)우리소결,경기도 김포시 양촌읍 삼도로 34 가동,0319838051,특고사용,암모니아,7664-41-7,200㎏,20140702,경기중부지사
4152,신아열처리,경기도 김포시 대곶면 대곶로430번길 26,0319868455,특고사용,암모니아,7664-41-7,200㎏,20230413,경기중부지사
4153,YJ테크,경기도 김포시 양촌읍 황금3로8번길 27,0319985654,특고사용,암모니아,7664-41-7,950㎏,20150624,경기중부지사
4154,(주)씨엘씬터,경기도 김포시 대곶면 대곶북로68번길 54-21,0319978053,특고사용,암모니아,7664-41-7,847.5㎏,20160623,경기중부지사
4155,(주)씨엔테크,경기도 김포시 대곶면 율마로151번길 41,0319982833,특고사용,암모니아,7664-41-7,226㎏,20160704,경기중부지사
4156,(주)아이엔아이분말야금,경기도 김포시 하성면 애기봉로774번길 77,0319882951,특고사용,암모니아,7664-41-7,200㎏,20180622,경기중부지사
4157,(주)신성금속,경기도 김포시 월곶면 군하로 230,0319895457,특고사용,암모니아,7664-41-7,950㎏,20190122,경기중부지사
4158,(주)엔에스메탈,경기도 김포시 대곶면 소래로41번길 40,0319965700,특고사용,암모니아,7664-41-7,959.7㎏,20190808,경기중부지사
4159,(주)태성엠에스텍,경기도 김포시 양촌읍 황금로 292,0314311526,일반저장,암모니아,7664-41-7,.903Ton,20191218,경기중부지사
4160,선진분말야금(주),경기도 김포시 양촌읍 황금로258번길 34,0325640527,특고사용,암모니아,7664-41-7,959.65㎏,20200422,경기중부지사
4161,서울우유협동조합,경기도 양주시 은현면 예원대학로 62 서울우유협동조합 (냉동실),0319288474,냉동제조,암모니아,7664-41-7,224.93RT,20200827,경기중부지사
4162,서울우유협동조합,경기도 양주시 은현면 예원대학로 62 서울우유협동조합 (냉동실),0319288474,냉동제조,암모니아,7664-41-7,116.04RT,20200827,경기중부지사
4163,서울우유협동조합,경기도 양주시 은현면 예원대학로 62 서울우유협동조합 (냉동실),0319288474,냉동제조,암모니아,7664-41-7,116.04RT,20200827,경기중부지사
4164,서울우유협동조합,경기도 양주시 은현면 예원대학로 62 서울우유협동조합 (냉동실),0319288474,냉동제조,암모니아,7664-41-7,116.04RT,20200827,경기중부지사
4165,서울우유협동조합,경기도 양주시 은현면 예원대학로 62 서울우유협동조합 (냉동실),0319288474,냉동제조,암모니아,7664-41-7,170.45RT,20200827,경기중부지사
4166,서울우유협동조합,경기도 양주시 은현면 예원대학로 62 서울우유협동조합 (냉동실),0319288474,냉동제조,암모니아,7664-41-7,170.45RT,20200827,경기중부지사
4167,서울우유협동조합,경기도 양주시 은현면 예원대학로 62 서울우유협동조합 (냉동실),0319288474,냉동제조,암모니아,7664-41-7,184.8RT,20200827,경기중부지사
4168,경기열처리,경기도 김포시 양촌읍 황금3로8번길 63,0319970255,특고사용,암모니아,7664-41-7,150㎏,20191223,경기중부지사
4169,(주)제이투가스,경기도 김포시 통진읍 애기봉로681번길 81,0319819942,일반판매,일산화질소,10102-43-9,0,20220725,경기중부지사
4170,(주)제이투가스,경기도 김포시 통진읍 애기봉로681번길 81,0319819942,일반판매,산화에틸렌,75-21-8,0,20220725,경기중부지사
4171,(주)제이투가스,경기도 김포시 통진읍 애기봉로681번길 81,0319819942,일반판매,암모니아,7664-41-7,0,20220725,경기중부지사
4172,(주)제이투가스,경기도 김포시 통진읍 애기봉로681번길 81,0319819942,일반판매,일산화탄소,630-08-0,0,20220725,경기중부지사
4173,한국산업가스,경기도 양주시 광적면 화합로74번길 103,,일반판매,이산화질소,10102-44-0,0,20230712,경기중부지사
4174,인베니아(주),경기도 파주시 문산읍 돈유3로 55,027889100,특고사용,염소,7782-50-5,58.75㎏,20230113,경기중부지사
4175,정엔지니어링,경기도 김포시 대곶면 소래로 15,0319836386,특고사용,암모니아,7664-41-7,960㎏,20231019,경기중부지사
4176,한국정밀강구(주),경기도 양주시 남면 감악산로199번길 71-63,0318665821,특고사용,암모니아,7664-41-7,217㎏,20240322,경기중부지사
4177,충주시상수도사업소,충청북도 충주시 중원대로 3036(단월동) 외 1(충주시 상단3길 24),0438503763,일반저장,염소,7782-50-5,4Ton,19970130,충북북부지사
4178,충주시상수도사업소,충청북도 충주시 중원대로 3036(단월동) 외 1(충주시 상단3길 24),0438503763,일반저장,염소,7782-50-5,4Ton,19960130,충북북부지사
4179,단일시스켐(주)음성지점,충청북도 음성군 음성읍 한불로69번길 12-7,0438721331,일반판매,SIH4/H2,7803-62-5,0,19871015,충북북부지사
4180,단일시스켐(주)음성지점,충청북도 음성군 음성읍 한불로69번길 12-7,0438721331,일반판매,CL2,7782-50-5,0,19871015,충북북부지사
4181,단일시스켐(주)음성지점,충청북도 음성군 음성읍 한불로69번길 12-7,0438721331,일반판매,SO2,7446-09-5,0,19871015,충북북부지사
4182,단일시스켐(주)음성지점,충청북도 음성군 음성읍 한불로69번길 12-7,0438721331,일반판매,NO,10102-43-9,0,19871015,충북북부지사
4183,단일시스켐(주)음성지점,충청북도 음성군 음성읍 한불로69번길 12-7,0438721331,일반판매,NH3,7664-41-7,0,19871015,충북북부지사
4184,단일시스켐(주)음성지점,충청북도 음성군 음성읍 한불로69번길 12-7,0438721331,일반판매,CO,630-08-0,0,19871015,충북북부지사
4185,단일시스켐(주)음성지점,충청북도 음성군 음성읍 한불로69번길 12-7,0438721331,일반판매,H2S,7783-06-4,0,19871015,충북북부지사
4186,단일시스켐(주)음성지점,충청북도 음성군 음성읍 한불로69번길 12-7,0438721331,일반판매,PH3,7803-51-2,0,19871015,충북북부지사
4187,단일시스켐(주)음성지점,충청북도 음성군 음성읍 한불로69번길 12-7,0438721331,일반충전,산화에틸렌,75-21-8,.69Ton,20041130,충북북부지사
4188,세건종합가스,충청북도 충주시 주덕읍 능말1길 61,0438521163,일반판매,암모니아,7664-41-7,0,20190410,충북북부지사
4189,비알코리아(주),충청북도 음성군 삼성면 금일로 955-25,0438790901,냉동제조,암모니아,7664-41-7,171.3RT,19970802,충북북부지사
4190,비알코리아(주),충청북도 음성군 삼성면 금일로 955-25,0438790901,냉동제조,암모니아,7664-41-7,207.2RT,20111214,충북북부지사
4191,(주)농협목우촌가금본부음성육가공공장,충청북도 음성군 금왕읍 대금로1278번길 81,0438790072,냉동제조,암모니아,7664-41-7,782.23RT,20191115,충북북부지사
4192,(주)농협목우촌가금본부음성육가공공장,충청북도 음성군 금왕읍 대금로1278번길 81,0438790072,냉동제조,암모니아,7664-41-7,624.8RT,20101031,충북북부지사
4193,(주)박달재LPC,충청북도 제천시 봉양읍 의암로 19,0436422000,냉동제조,암모니아,7664-41-7,352.24RT,20000306,충북북부지사
4194,(주)디비하이텍,충청북도 음성군 감곡면 상우안길 73,0438799119,일반저장,포스핀/헬륨,7803-51-2,13.912㎥,20001108,충북북부지사
4195,(주)디비하이텍,충청북도 음성군 감곡면 상우안길 73,0438799119,일반저장,모노실란,7803-62-5,493.876㎥,20001108,충북북부지사
4196,(주)디비하이텍,충청북도 음성군 감곡면 상우안길 73,0438799119,일반저장,삼불화붕소,7637-07-2,.07Ton,20001108,충북북부지사
4197,(주)디비하이텍,충청북도 음성군 감곡면 상우안길 73,0438799119,일반저장,사불화규소,7783-61-1,2.043Ton,20001108,충북북부지사
4198,(주)디비하이텍,충청북도 음성군 감곡면 상우안길 73,0438799119,일반저장,암모니아,7664-41-7,1.01Ton,20001108,충북북부지사
4199,(주)디비하이텍,충청북도 음성군 감곡면 상우안길 73,0438799119,일반저장,알진,7784-42-1,.058Ton,20001108,충북북부지사
4200,(주)디비하이텍,충청북도 음성군 감곡면 상우안길 73,0438799119,일반저장,디보레인,19287-45-7,1.472㎥,20001108,충북북부지사
4201,(주)디비하이텍,충청북도 음성군 감곡면 상우안길 73,0438799119,일반저장,일산화탄소,630-08-0,43.423㎥,20001108,충북북부지사
4202,(주)디비하이텍,충청북도 음성군 감곡면 상우안길 73,0438799119,일반저장,염화수소,7647-01-0,.675Ton,20001108,충북북부지사
4203,(주)디비하이텍,충청북도 음성군 감곡면 상우안길 73,0438799119,일반저장,암모니아,7664-41-7,.505Ton,20001108,충북북부지사
4204,(주)디비하이텍,충청북도 음성군 감곡면 상우안길 73,0438799119,일반저장,염소,7782-50-5,.587Ton,20001108,충북북부지사
4205,(주)디비하이텍,충청북도 음성군 감곡면 상우안길 73,0438799119,일반저장,브롬화수소,10035-10-6,.979Ton,20001108,충북북부지사
4206,(주)디비하이텍,충청북도 음성군 감곡면 상우안길 73,0438799119,일반저장,사불화규소,7783-61-1,1.43Ton,20001108,충북북부지사
4207,(주)디비하이텍,충청북도 음성군 감곡면 상우안길 73,0438799119,일반저장,브롬화수소,10035-10-6,.489Ton,20001108,충북북부지사
4208,(주)디비하이텍,충청북도 음성군 감곡면 상우안길 73,0438799119,일반저장,일산화질소,10102-43-9,139.12㎥,20001108,충북북부지사
4209,(주)디비하이텍,충청북도 음성군 감곡면 상우안길 73,0438799119,일반저장,염소,7782-50-5,.587Ton,20001108,충북북부지사
4210,(주)디비하이텍,충청북도 음성군 감곡면 상우안길 73,0438799119,일반저장,포스핀,7803-51-2,.501Ton,20001108,충북북부지사
4211,(주)디비하이텍,충청북도 음성군 감곡면 상우안길 73,0438799119,일반저장,일산화질소,10102-43-9,28.4㎥,20170607,충북북부지사
4212,(주)디비하이텍,충청북도 음성군 감곡면 상우안길 73,0438799119,일반저장,모노실란,7803-62-5,198.8㎥,20170607,충북북부지사
4213,(주)디비하이텍,충청북도 음성군 감곡면 상우안길 73,0438799119,일반저장,SIH4/H2,7803-62-5,14.2㎥,20170607,충북북부지사
4214,(주)디비하이텍,충청북도 음성군 감곡면 상우안길 73,0438799119,일반저장,0.95%F2/1.25%Kr/Ne,7782-41-4,56.8㎥,20170607,충북북부지사
4215,(주)디비하이텍,충청북도 음성군 감곡면 상우안길 73,0438799119,일반저장,BCL3,10294-34-5,.354Ton,20170607,충북북부지사
4216,(주)디비하이텍,충청북도 음성군 감곡면 상우안길 73,0438799119,일반저장,B2H6/H2,19287-45-7,14.2㎥,20170607,충북북부지사
4217,(주)디비하이텍,충청북도 음성군 감곡면 상우안길 73,0438799119,일반저장,0.95%F2/3.5%Ar/Ne,7782-41-4,14.2㎥,20170607,충북북부지사
4218,(주)디비하이텍,충청북도 음성군 감곡면 상우안길 73,0438799119,일반저장,사불화규소,7783-61-1,.408Ton,20170607,충북북부지사
4219,(주)디비하이텍,충청북도 음성군 감곡면 상우안길 73,0438799119,일반저장,암모니아,7664-41-7,.555Ton,20170607,충북북부지사
4220,(주)디비하이텍,충청북도 음성군 감곡면 상우안길 73,0438799119,일반저장,브롬화수소,10035-10-6,.462Ton,20170607,충북북부지사
4221,(주)디비하이텍,충청북도 음성군 감곡면 상우안길 73,0438799119,일반저장,염소,7782-50-5,.705Ton,20170607,충북북부지사
4222,(주)디비하이텍,충청북도 음성군 감곡면 상우안길 73,0438799119,일반저장,5%B2H6/N2,19287-45-7,14.2㎥,20170607,충북북부지사
4223,(주)디비하이텍,충청북도 음성군 감곡면 상우안길 73,0438799119,일반저장,B2H6/H2,19287-45-7,14.2㎥,20170607,충북북부지사
4224,(주)디비하이텍,충청북도 음성군 감곡면 상우안길 73,0438799119,일반저장,일산화탄소,630-08-0,42.6㎥,20170607,충북북부지사
4225,(주)디비하이텍,충청북도 음성군 감곡면 상우안길 73,0438799119,일반저장,암모니아,7664-41-7,.151Ton,20170607,충북북부지사
4226,풀무원식품 주식회사,충청북도 음성군 대소면 대소산단로 58,0435304700,냉동제조,암모니아,7664-41-7,86.8RT,20030423,충북북부지사
4227,풀무원식품 주식회사,충청북도 음성군 대소면 대소산단로 58,0435304700,냉동제조,암모니아,7664-41-7,56.2RT,20060423,충북북부지사
4228,풀무원식품 주식회사,충청북도 음성군 대소면 대소산단로 58,0435304700,냉동제조,암모니아,7664-41-7,56.2RT,20080423,충북북부지사
4229,(주)TNP,충청북도 충주시 충주산단1로 185,0438441331,특고사용,암모니아,7664-41-7,200㎏,20211103,충북북부지사
4230,에이치디현대에너지솔루션(주),충청북도 음성군 소이면 소이로 313,0438716826,일반저장,모노실란,7803-62-5,383.56㎥,20090429,충북북부지사
4231,에이치디현대에너지솔루션(주),충청북도 음성군 소이면 소이로 313,0438716826,일반저장,암모니아,7664-41-7,2.252Ton,20090429,충북북부지사
4232,에이치디현대에너지솔루션(주),충청북도 음성군 소이면 소이로 313,0438716826,일반저장,5%PH3/N2,7803-51-2,14.2㎥,20090429,충북북부지사
4233,에이치디현대에너지솔루션(주),충청북도 음성군 소이면 소이로 313,0438716826,특고사용,모노실란,7803-62-5,14.2㎥,20231205,충북북부지사
4234,에이치디현대에너지솔루션(주),충청북도 음성군 소이면 소이로 313,0438716826,특고사용,1%B2H6/H2,19287-45-7,7.1㎥,20231205,충북북부지사
4235,에이치디현대에너지솔루션(주),충청북도 음성군 소이면 소이로 313,0438716826,일반저장,포스핀+수소,7803-51-2,468㎥,20250310,충북북부지사
4236,농협경제지주(주)음성축산물공판장,충청북도 음성군 삼성면 청용로 183-9,0438807302,냉동제조,암모니아,7664-41-7,1269.8RT,20100916,충북북부지사
4237,엑소후레쉬물류(주),충청북도 음성군 대소면 대물로 36,0439236307,냉동제조,암모니아,7664-41-7,1178.4RT,20110218,충북북부지사
4238,주식회사 와이지원 충주공장,충청북도 충주시 충주산단3로 68,0437225900,특고사용,암모니아,7664-41-7,228㎏,20130412,충북북부지사
4239,주식회사 와이지원 충주공장,충청북도 충주시 충주산단3로 68,0437225900,일반저장,염화수소,7647-01-0,.264Ton,20160822,충북북부지사
4240,주식회사 와이지원 충주공장,충청북도 충주시 충주산단3로 68,0437225900,일반저장,일산화탄소,630-08-0,56㎥,20160822,충북북부지사
4241,주식회사 와이지원 충주공장,충청북도 충주시 충주산단3로 68,0437225900,일반저장,황화수소,7783-06-4,.192Ton,20160822,충북북부지사
4242,주식회사 와이지원 충주공장,충청북도 충주시 충주산단3로 68,0437225900,특고사용,암모니아,7664-41-7,50.6㎏,20190111,충북북부지사
4243,버슘머트리얼즈코리아주식회사,충청북도 음성군 원남면 원남산단로 261,0437507400,일반저장,암모니아,7664-41-7,.025Ton,20200922,충북북부지사
4244,켐가스코리아(주),충청북도 음성군 원남면 원남산단로 226,0438733591,일반판매,염소,7782-50-5,0,20140304,충북북부지사
4245,켐가스코리아(주),충청북도 음성군 원남면 원남산단로 226,0438733591,일반판매,염화수소,7647-01-0,0,20140304,충북북부지사
4246,켐가스코리아(주),충청북도 음성군 원남면 원남산단로 226,0438733591,일반판매,불소,7782-41-4,0,20140304,충북북부지사
4247,켐가스코리아(주),충청북도 음성군 원남면 원남산단로 226,0438733591,일반판매,브롬화수소,10035-10-6,0,20140304,충북북부지사
4248,켐가스코리아(주),충청북도 음성군 원남면 원남산단로 226,0438733591,일반판매,황화수소,7783-06-4,0,20140304,충북북부지사
4249,켐가스코리아(주),충청북도 음성군 원남면 원남산단로 226,0438733591,일반판매,포스핀,7803-51-2,0,20140304,충북북부지사
4250,켐가스코리아(주),충청북도 음성군 원남면 원남산단로 226,0438733591,일반판매,산화에틸렌,75-21-8,0,20140304,충북북부지사
4251,켐가스코리아(주),충청북도 음성군 원남면 원남산단로 226,0438733591,일반판매,반도체특수 혼합가스,0,0,20140304,충북북부지사
4252,켐가스코리아(주),충청북도 음성군 원남면 원남산단로 226,0438733591,일반판매,디보레인,19287-45-7,0,20140304,충북북부지사
4253,켐가스코리아(주),충청북도 음성군 원남면 원남산단로 226,0438733591,일반판매,일산화탄소,630-08-0,0,20140304,충북북부지사
4254,켐가스코리아(주),충청북도 음성군 원남면 원남산단로 226,0438733591,일반판매,삼불화인,7783-55-3,0,20140304,충북북부지사
4255,켐가스코리아(주),충청북도 음성군 원남면 원남산단로 226,0438733591,일반판매,일산화질소,10102-43-9,0,20140304,충북북부지사
4256,켐가스코리아(주),충청북도 음성군 원남면 원남산단로 226,0438733591,일반판매,삼염화붕소,10294-34-5,0,20140304,충북북부지사
4257,켐가스코리아(주),충청북도 음성군 원남면 원남산단로 226,0438733591,일반판매,삼불화붕소,7637-07-2,0,20140304,충북북부지사
4258,켐가스코리아(주),충청북도 음성군 원남면 원남산단로 226,0438733591,일반판매,모노실란,7803-62-5,0,20140304,충북북부지사
4259,켐가스코리아(주),충청북도 음성군 원남면 원남산단로 226,0438733591,일반판매,암모니아,7664-41-7,0,20140304,충북북부지사
4260,켐가스코리아(주),충청북도 음성군 원남면 원남산단로 226,0438733591,일반판매,디메틸아민(DMA),124-40-3,0,20140304,충북북부지사
4261,켐가스코리아(주),충청북도 음성군 원남면 원남산단로 226,0438733591,일반충전,PH3,7803-51-2,14.194㎥,20230511,충북북부지사
4262,한국가스안전공사,충청북도 음성군 맹동면 원중로 1390,15444500,특고사용,H2S+CH4,7783-06-4,70.97㎥,20251010,충북북부지사
4263,롯데칠성음료(주)충주2공장,충청북도 충주시 대소원면 메가폴리스로 87,0438701646,냉동제조,암모니아,7664-41-7,197.21RT,20170217,충북북부지사
4264,롯데칠성음료(주)충주2공장,충청북도 충주시 대소원면 메가폴리스로 87,0438701646,냉동제조,암모니아,7664-41-7,1731.93RT,20170217,충북북부지사
4265,(주)건화,충청북도 음성군 금왕읍 덕금로 943,0438826133,냉동제조,암모니아,7664-41-7,357.34RT,20160527,충북북부지사
4266,주식회사대한엠피에스,충청북도 음성군 소이면 소이로41번길 9-17,0438730231,냉동제조,암모니아,7664-41-7,59.07RT,20160923,충북북부지사
4267,주식회사대한엠피에스,충청북도 음성군 소이면 소이로41번길 9-17,0438730231,냉동제조,암모니아,7664-41-7,35.35RT,20160923,충북북부지사
4268,에이치티엠(HTM),충청북도 제천시 한방엑스포로 40,0436468185,특고사용,암모니아,7664-41-7,400㎏,20180115,충북북부지사
4269,주식회사 천보,충청북도 충주시 주덕읍 중원산업로 312,07048652510,특고사용,암모니아,7664-41-7,50㎏,20190308,충북북부지사
4270,미풍,충청북도 음성군 대소면 대동로428번길 51,,일반판매,R600a,75-28-5,0,20200427,충북북부지사
4271,(주)에이티에스가스,충청북도 음성군 삼성면 금일로 679-71,18991845,일반판매,H2S,7783-06-4,0,20200923,충북북부지사
4272,(주)메디오젠충주원료공장,충청북도 충주시 대소원면 메가폴리스3로 16,0438421940,일반저장,NH3,7664-41-7,4.892Ton,20230808,충북북부지사
4273,(주)원익머트리얼즈,충청북도 충주시 대소원면 메가폴리스3로 102 3,0432104600,일반제조,암모니아,7664-41-7,5.443Ton/day,20250428,충북북부지사
4274,(주)원익머트리얼즈,충청북도 충주시 대소원면 메가폴리스3로 102 3,0432104600,일반제조,암모니아,7664-41-7,28.066Ton,20250428,충북북부지사
4275,(주)원익머트리얼즈,충청북도 충주시 대소원면 메가폴리스3로 102 3,0432104600,일반제조,암모니아,7664-41-7,15096N㎥/day,20250428,충북북부지사
4276,(주)메디오젠,충청북도 제천시 바이오밸리1로 120 (왕암동),0436444216,특고사용,암모니아,7664-41-7,217.204㎏,20240906,충북북부지사
4277,(주)메디오젠,충청북도 제천시 바이오밸리1로 120 (왕암동),0436444216,특고사용,암모니아,7664-41-7,434.409㎏,20240906,충북북부지사
