연번,인허가기관,시도,시군구,업체명,소재지,대표전화,업종,처리방법
1,한강유역환경청,서울특별시,강남구,(주)동명엔터프라이즈,서울 강남구 역삼동839-11 동명빌딩,02-566-8359,수집·운반업,수집·운반
2,한강유역환경청,서울특별시,강동구,(주)경기개발에너지,"서울 강동구 올림픽로 834(암사동,한강시티라이프 610호)",02-482-4782,수집·운반업,수집·운반
3,한강유역환경청,서울특별시,강동구,주식회사 에스티모빅,"서울특별시 강동구 천중로 201 3층 (길동,코튼빌딩)",02-472-5517,수집·운반업,수집·운반
4,한강유역환경청,서울특별시,관악구,(주)녹색사람들,서울 관악구 봉천동1592-9 동산빌딩3층 2,02-857-5100,수집·운반업,수집·운반
5,한강유역환경청,서울특별시,영등포구,덕양엔지니어링(주),서울 영등포구 양평동5가 122,02-2636-0997,수집·운반업,수집·운반
6,한강유역환경청,서울특별시,은평구,삼희환경,서울 은평구 응암동 91-5(2층),02-356-6037,수집·운반업,수집·운반
7,한강유역환경청,서울특별시,서대문구,(주)마이누리,"서울 서대문구 응암로 94, 2층",1800-8845,수집·운반업,수집·운반
8,한강유역환경청,서울특별시,양천구,(주)동부티엔에스,서울특별시 양천구 신정로 167 서부트럭터미널C동 1125호,02-2613-4500,수집·운반업,수집·운반
9,한강유역환경청,서울특별시,구로구,(주)서울산업컨설팅,"서울 구로구 오리로 1290, 4층",02-2683-2386,수집·운반업,수집·운반
10,한강유역환경청,서울특별시,서초구,(주)경희,서울 서초구 서초동 1714-16 원동빌딩 403호,1544-2532,수집·운반업,수집·운반
11,한강유역환경청,서울특별시,송파구,(주)삼표,"서울 송파구 올림픽로 493, N빌딩 8층(풍납동)",02-6270-0514,수집·운반업,수집·운반
12,한강유역환경청,인천광역시,강화군,(주)한강건설환경,인천 강화군 불은면 신현리1-4,032-937-4117,수집·운반업,수집·운반
13,한강유역환경청,인천광역시,계양구,인성코퍼레이션(주),인천 계양구 서운동서운산업로 47번길8,032-555-7971,수집·운반업,수집·운반
14,한강유역환경청,인천광역시,남동구,(주)지앤에스환경,인천 남동구 고잔동630 비동 240호,032-815-3187,수집·운반업,수집·운반
15,한강유역환경청,인천광역시,남동구,(주)이지엔텍,인천 남동구 구월동 1148-4 3층,0328151881,수집·운반업,수집·운반
16,한강유역환경청,인천광역시,남동구,예담환경(주),"인천광역시 남동구 남동서로236번길 40 (논현동,예성빌딩)",032-822-9068,수집·운반업,수집·운반
17,한강유역환경청,인천광역시,남동구,이가환경,"인천 남동구 구월로 129, 504호",032-818-7260,수집·운반업,수집·운반
18,한강유역환경청,인천광역시,남동구,욱성산업(주),인천 남동구 장수동778-4 장환빌딩 2층,032-463-3155,수집·운반업,수집·운반
19,한강유역환경청,인천광역시,남동구,삼호환경(주),"인천광역시 남동구 인주대로 793 302호 (구월동,진흥빌딩)",032-467-0142,수집·운반업,수집·운반
20,한강유역환경청,인천광역시,남동구,남동에너지(주),인천 남동구 고잔동728-7 (남동공단 157-9LT),032-812-0871,수집·운반업,수집·운반
21,한강유역환경청,인천광역시,남동구,(주)세명이앤지,인천 남동구 고잔동631(산업용품상가 제B동 254호(임대)),032-817-0361,수집·운반업,수집·운반
22,한강유역환경청,인천광역시,남동구,(주)드림월드개발,인천 남동구 고잔동150번지,032-467-0070,수집·운반업,수집·운반
23,한강유역환경청,인천광역시,남동구,에스지개발(주)(남동구),인천 남동구 논현고잔로 56,032-421-0497,수집·운반업,수집·운반
24,한강유역환경청,인천광역시,남동구,(주)정화,인천광역시 남동구 서창남순환로215번길 48,032-466-7972,수집·운반업,수집·운반
25,한강유역환경청,인천광역시,남동구,주식회사 베르데산업,인천광역시 남동구 석산로 125,0324296777,수집·운반업,수집·운반
26,한강유역환경청,인천광역시,남동구,(주)향우,"인천광역시 남동구 논고개로123번길 35, 713-2호 (논현동,칼리오페)",032-812-7101,수집·운반업,수집·운반
27,한강유역환경청,인천광역시,남동구,(주)남동이엔지,"인천광역시 남동구 논현로46번길 51 (논현동, 유승테라폴리스) 1318호",070-7543-8764,수집·운반업,수집·운반
28,한강유역환경청,인천광역시,남동구,에이치환경,인천광역시 남동구 소래역남로16번길 8-7 소래시티 602호 (논현동),07041150801,수집·운반업,수집·운반
29,한강유역환경청,인천광역시,동구,유성이엔텍,인천 동구 송림동294  산업용품유통센터 15동 306호,032-588-3830,수집·운반업,수집·운반
30,한강유역환경청,인천광역시,동구,(주)유니환경,"인천광역시 동구 보세로 29(만석동,유니환경)",032-579-4408,수집·운반업,수집·운반
31,한강유역환경청,인천광역시,동구,(주)한정특수,인천 동구 송림동295번지 (산업용품유통센타 17동 234호),032-817-8787,수집·운반업,수집·운반
32,한강유역환경청,인천광역시,동구,(주)신대한환경,인천 동구 송림동296-15,032-578-1355,수집·운반업,수집·운반
33,한강유역환경청,인천광역시,동구,그린텍(Green Tec),"인천광역시 동구 방축로83번길 23 (송현동,인천산업용품유통단지)",032-589-6166,수집·운반업,수집·운반
34,한강유역환경청,인천광역시,미추홀구,(주)이피코리아,인천 남구 학익동587-58 114호,032-831-1180,수집·운반업,수집·운반
35,한강유역환경청,인천광역시,미추홀구,진성산업개발(주),인천광역시 미추홀구 소성로 153 503호,032-467-1376,수집·운반업,수집·운반
36,한강유역환경청,인천광역시,서구,경인환경에너지(주),인천광역시 서구 사렴로65번길 24 (경서동 678-1),032-567-2929,수집·운반업,수집·운반
37,한강유역환경청,인천광역시,서구,이경화학주식회사,"인천광역시 서구 검단천로 155 (오류동,이알에스켐)",032-573-9200,수집·운반업,수집·운반
38,한강유역환경청,인천광역시,서구,(주)삼화정유,인천 서구 석남동223-259,032-578-8490,수집·운반업,수집·운반
39,한강유역환경청,인천광역시,서구,신오케미칼(주),인천 서구 석남동223-468,032-584-3901,수집·운반업,수집·운반
40,한강유역환경청,인천광역시,서구,(주)새움,인천광역시 서구 원당대로480번길 10 (왕길동 112-1),032-561-4221,수집·운반업,수집·운반
41,한강유역환경청,인천광역시,서구,(주)가달이엔티,인천광역시 서구 두루물로96번길 18 1층 (오류동),032-582-8855,수집·운반업,수집·운반
42,한강유역환경청,인천광역시,서구,(주)삼화정유(운반)경유시,인천 서구 석남동223-259,032-578-8490,수집·운반업,수집·운반
43,한강유역환경청,인천광역시,서구,나우엔텍,인천 서구 석남동223-716,0325759705,수집·운반업,수집·운반
44,한강유역환경청,인천광역시,서구,대성자원(검단점),인천광역시 서구 봉수대로1581번길 5-7,032-568-3224,수집·운반업,수집·운반
45,한강유역환경청,인천광역시,서구,도명특송 주식회사,인천광역시 서구 중봉대로393번길 36,032-583-6111,수집·운반업,수집·운반
46,한강유역환경청,인천광역시,연수구,주식회사 동원환경,인천 연수구 함박뫼로4번길 17,032-812-1614,수집·운반업,수집·운반
47,한강유역환경청,인천광역시,중구,동양탱크산업,"인천광역시 중구 서해대로210번길 33 (A동 204호, 신흥동3가)",032-888-7781,수집·운반업,수집·운반
48,한강유역환경청,인천광역시,중구,(주)선방,인천광역시 중구 연안부두로21번길 13 유한빌딩 301-B,032-888-3151,수집·운반업,수집·운반
49,한강유역환경청,인천광역시,미추홀구,(주)정인로지스,인천 남구 미추로 61 (숭의동 159-1) 광해리드빌 101동 203호,031-356-2188,수집·운반업,수집·운반
50,한강유역환경청,인천광역시,연수구,인하환경,"인천 연수구 청능대로 113번길 11(연수동, 연수그린타워 403호)",032-814-8778,수집·운반업,수집·운반
51,한강유역환경청,인천광역시,동구,광성환경(주),인천 동구 송림동 297-44,032-578-4800,수집·운반업,수집·운반
52,한강유역환경청,인천광역시,동구,(주)현성환경개발,"인천 동구 방축로 37번길 30, 인천산업용품유통단지 8동 313호",032-571-6767,수집·운반업,수집·운반
53,한강유역환경청,인천광역시,미추홀구,(주)북부환경,인천 남구 학익동 251-39,032-583-0151,수집·운반업,수집·운반
54,한강유역환경청,인천광역시,남동구,대한민국상이군경회 인천광역시지부 지정폐기물사업소,"인천 남동구 경인로 734, 2층(간석동, 인천보훈회관)",032-507-7641,수집·운반업,수집·운반
55,한강유역환경청,인천광역시,부평구,동국종합상사,인천 부평구 부평동 457-9 이레빌딩 201호,032-514-9777,수집·운반업,수집·운반
56,한강유역환경청,인천광역시,서구,(주)유성엔텍[구.유성엔텍],"인천 서구 북항로31번길 24, 2층",032-582-6811,수집·운반업,수집·운반
57,한강유역환경청,경기도,고양시,일진환경(주),경기도 고양시 일산동구 고풍로43번길 36-14 201호 (풍동),031-907-7696,수집·운반업,수집·운반
58,한강유역환경청,경기도,고양시,(주)성림에너지(지정),경기 고양시 일산서구 구산동5-10번지,031-923-5700,수집·운반업,수집·운반
59,한강유역환경청,경기도,고양시,아이엔지환경개발(주),경기 고양시 덕양구 내유동3번지,031-972-3084,수집·운반업,수집·운반
60,한강유역환경청,경기도,고양시,서원환경,경기도 고양시 덕양구 대장길 56-5 가동 (대장동),031-967-6623,수집·운반업,수집·운반
61,한강유역환경청,경기도,김포시,세방정유(주),경기 김포시 대곶면 송마리209,031-989-5100,수집·운반업,수집·운반
62,한강유역환경청,경기도,김포시,대성자원 (수집운반),경기 김포시 대곶면 송마리210,032-563-3220,수집·운반업,수집·운반
63,한강유역환경청,경기도,김포시,(주)일광자원,경기 김포시 하성면 하사리87-17,031-998-8932,수집·운반업,수집·운반
64,한강유역환경청,경기도,김포시,해성상사,경기도 김포시 양촌읍 삼도공단로11번길 31-1,0319844620,수집·운반업,수집·운반
65,한강유역환경청,경기도,김포시,까치환경(주)(운반),경기 김포시 통진읍 가현리616-1,031-997-9437,수집·운반업,수집·운반
66,한강유역환경청,경기도,남양주시,(주)자연산업,경기도 남양주시 미금로 10 송라빌딩 402호,031-566-4477,수집·운반업,수집·운반
67,한강유역환경청,경기도,남양주시,남양그린(주),"경기도 남양주시 경춘로1256번길 6 405호 (평내동,다모아프라자)",031-511-9831,수집·운반업,수집·운반
68,한강유역환경청,경기도,동두천시,(주)삼백건설.,경기 동두천시 생연동440-3 신궁전맨션상가동 106호,0318652300,수집·운반업,수집·운반
69,한강유역환경청,경기도,동두천시,(주)진성건설에너지,경기도 동두천시 삼육사로659번길 42-14,031-866-2114,수집·운반업,수집·운반
70,한강유역환경청,경기도,동두천시,(주)덕양,경기도 동두천시 송내로71번길 7-14,031-868-5205,수집·운반업,수집·운반
71,한강유역환경청,경기도,부천시,예름사(주),경기도 부천시 오정로134번길 5,032-684-3743,수집·운반업,수집·운반
72,한강유역환경청,경기도,부천시,(주)자산이에스,경기도 부천시 옥산로251번길 20,032-677-5922,수집·운반업,수집·운반
73,한강유역환경청,경기도,부천시,(주)하이테크,"경기도 부천시 석천로 397 (삼정동, 부천테크노파크쌍용3차)101동 1209호 3호",0326242425,수집·운반업,수집·운반
74,한강유역환경청,경기도,수원시,(주)케이투제이개발,경기도 수원시 장안구 장안로 296 (정자동) 2층,031-268-7270,수집·운반업,수집·운반
75,한강유역환경청,경기도,시흥시,(주)씨에스그린,"경기도 시흥시 배곧3로 86 409호 (정왕동,센터프라자Ⅱ)",031-433-3911,수집·운반업,수집·운반
76,한강유역환경청,경기도,시흥시,(주)일진환경자원,경기 시흥시 대야동541-1 유호오피스텔 203호,031-314-8905,수집·운반업,수집·운반
77,한강유역환경청,경기도,시흥시,(주)남양에너지,"경기도 시흥시 옥구천서로81번길 73, 시화공단 1마 702,703",031-433-7011,수집·운반업,수집·운반
78,한강유역환경청,경기도,시흥시,(주)성림E.T,경기 시흥시 정왕동1398-2 206호,031-319-4105,수집·운반업,수집·운반
79,한강유역환경청,경기도,시흥시,천지에너지(주),"경기도 시흥시 옥구천서로81번길 13, (정왕동 1697-2 시화공단 1마 503,천지에너지(주))",031-498-3251,수집·운반업,수집·운반
80,한강유역환경청,경기도,시흥시,케이지이티에스(주),경기 시흥시 소망공원로 5 (정왕동 1235-7),031-488-1192,수집·운반업,수집·운반
81,한강유역환경청,경기도,시흥시,(주)드림에코,경기도 시흥시 역전로 33 4층 402호,031-431-3778,수집·운반업,수집·운반
82,한강유역환경청,경기도,시흥시,(주)상우환경,경기 시흥시 정왕동1728-17 금성플라자304호,031-431-0619,수집·운반업,수집·운반
83,한강유역환경청,경기도,시흥시,(주)범진환경,경기도 시흥시 봉우재로175번길 36-4 2층,031-499-6322,수집·운반업,수집·운반
84,한강유역환경청,경기도,시흥시,(주)케이비에스산업,경기 시흥시 정왕동2321-1번지 블랙이글빌딩 5층,031-488-9371,수집·운반업,수집·운반
85,한강유역환경청,경기도,시흥시,(주)시온산업,"경기도 시흥시 공단1대로 244, 27동 220호 (정왕동,시화유통상가)",031-430-7899,수집·운반업,수집·운반
86,한강유역환경청,경기도,시흥시,신일정유,경기도 시흥시 옥구천서로81번길 34 (정왕동 1355-9 시화공단 1마 317),031-498-8338,수집·운반업,수집·운반
87,한강유역환경청,경기도,시흥시,주식회사 에스케이와이서비스,경기도 시흥시 서해안로736번길 220,031-432-4646,수집·운반업,수집·운반
88,한강유역환경청,경기도,시흥시,주식회사 위캔두,경기도 시흥시 하중로 193 2층 202호(하중동),031-431-9973,수집·운반업,수집·운반
89,한강유역환경청,경기도,시흥시,태양환경 주식회사,"경기도 시흥시 평안상가4길 17(정왕동, 삼성프라자) 4층 8호",0314315244,수집·운반업,수집·운반
90,한강유역환경청,경기도,시흥시,수정환경,"경기도 시흥시 오이도로 21, 3층 315호 (정왕동, STEELLAND)",0314955257,수집·운반업,수집·운반
91,한강유역환경청,경기도,안산시,기성산업환경(주),"경기 안산시 단원구 신길동1423-1, 5층",031-493-9679,수집·운반업,수집·운반
92,한강유역환경청,경기도,안산시,비노텍(주),경기 안산시 원시동836-9,031-491-5000,수집·운반업,수집·운반
93,한강유역환경청,경기도,안산시,한국환경개발(주),경기도 안산시 단원구 첨단로207번길 5,031-498-6644,수집·운반업,수집·운반
94,한강유역환경청,경기도,안산시,성림유화(주),경기도 안산시 단원구 첨단로 215(성곡동),031-499-3813,수집·운반업,수집·운반
95,한강유역환경청,경기도,안산시,대일개발(주),경기도 안산시 단원구 지원로 7 시화공단 5바 514,031-498-1451,수집·운반업,수집·운반
96,한강유역환경청,경기도,안산시,부경산업(주),경기도 안산시 단원구 신원로91번길 16 반월공단 608B-14L,031-491-3971,수집·운반업,수집·운반
97,한강유역환경청,경기도,안산시,합자회사 서진,경기 안산시 상록구 사동1402-1번지(장화1길 50),031-408-8272,수집·운반업,수집·운반
98,한강유역환경청,경기도,안산시,(주)복천,경기 안산시 단원구 고잔동775 폴리타운 711,031-493-6432,수집·운반업,수집·운반
99,한강유역환경청,경기도,안산시,(주)뉴대성,경기도 안산시 상록구 석호로 348 (본오동 2층),031-407-6464,수집·운반업,수집·운반
100,한강유역환경청,경기도,안산시,(주)동우개발-지정,경기 안산시 단원구 고잔동518번지 자유센타 506~508호,0314116815,수집·운반업,수집·운반
101,한강유역환경청,경기도,안산시,유진에너지(주),경기 안산시 상록구 본오동877-5 우남센스빌 535호,031-419-9480,수집·운반업,수집·운반
102,한강유역환경청,경기도,안산시,기민이엔지(주),"경기도 안산시 상록구 안산천동로4길 10-1, 102호(월피동)",031-484-5953,수집·운반업,수집·운반
103,한강유역환경청,경기도,안성시,덕산실업(주),경기도 안성시 미양면 미양로 269-130,031-671-1241,수집·운반업,수집·운반
104,한강유역환경청,경기도,안양시,(주)매일환경개발(지정),"경기도 안양시 동안구 안양판교로 20 (관양동, 신한데뷰오피스텔) 405호",031-473-7878,수집·운반업,수집·운반
105,한강유역환경청,경기도,양주시,신성화학,경기도 양주시 화합로1325번길 439,031-863-6177,수집·운반업,수집·운반
106,한강유역환경청,경기도,양주시,세방환경(주),경기 양주시 남면운하로 88(상수리 5-5),031-866-0606,수집·운반업,수집·운반
107,한강유역환경청,경기도,양평군,주식회사금왕산업개발,경기 양평군 지평면 무왕리337-2,031-774-1335,수집·운반업,수집·운반
108,한강유역환경청,경기도,연천군,(주)정인산업개발,경기 연천군 청산면순욱길 25-60,031-832-1918,수집·운반업,수집·운반
109,한강유역환경청,경기도,오산시,대성리사이클,경기도 오산시 경기대로636번길 25,031-375-9225,수집·운반업,수집·운반
110,한강유역환경청,경기도,오산시,(주)신호정유(오산),경기도 오산시 황새로149번길 56,031-375-5871,수집·운반업,수집·운반
111,한강유역환경청,경기도,용인시,효원환경(주) 용인지점,경기도 용인시 처인구 이동읍 문화로 118,031-675-2350,수집·운반업,수집·운반
112,한강유역환경청,경기도,이천시,동일특운(주),경기 이천시 율면 고당리140-1,031-641-0280,수집·운반업,수집·운반
113,한강유역환경청,경기도,이천시,하나케이주식회사,경기도 이천시 대월면 양녕로 57,031-632-8888,수집·운반업,수집·운반
114,한강유역환경청,경기도,이천시,(주)아주환경연구소(운반),경기도 이천시 대월면 진상미로1588번길 125,031-634-0494,수집·운반업,수집·운반
115,한강유역환경청,경기도,평택시,주식회사 화인에코,경기도 평택시 청북읍 현곡길 168-11,031-684-6667,수집·운반업,수집·운반
116,한강유역환경청,경기도,평택시,(주)클린코리아,경기도 평택시 진위면 서탄로 43-6,031-668-0211,수집·운반업,수집·운반
117,한강유역환경청,경기도,평택시,(주)뉴그린,경기도 평택시 포승읍 포승공단순환로 602,031-682-2700,수집·운반업,수집·운반
118,한강유역환경청,경기도,평택시,(주)경인환경,경기도 평택시 진위면 진위로 181-55,031-668-7956,수집·운반업,수집·운반
119,한강유역환경청,경기도,평택시,(주)재운환경산업,경기 평택시 서탄면 내천리206-4,031-665-0451,수집·운반업,수집·운반
120,한강유역환경청,경기도,평택시,대진개발(주),경기도 평택시 청북읍 청북산단로 40 302호,031-682-5604,수집·운반업,수집·운반
121,한강유역환경청,경기도,평택시,(주)에이엠,경기도 평택시 오성면 오성산단1로 112-104 B동2층,031-8059-1372,수집·운반업,수집·운반
122,한강유역환경청,경기도,평택시,(주)대경이엔지,경기 평택시 내천길 142-22,031-662-5130,수집·운반업,수집·운반
123,한강유역환경청,경기도,평택시,나로환경,경기도 평택시 청북읍 어연길 108-10,0316116661,수집·운반업,수집·운반
124,한강유역환경청,경기도,평택시,주식회사 그린이앤씨,경기도 평택시 포승읍 평택항만길 86-54,031-686-6796,수집·운반업,수집·운반
125,한강유역환경청,경기도,평택시,(주)원엔원,경기도 평택시 비전2로 216 308호,031-658-2229,수집·운반업,수집·운반
126,한강유역환경청,경기도,평택시,(주)클린코리아 경기사업소,경기 평택시 삼봉로 77-8,031-663-3179,수집·운반업,수집·운반
127,한강유역환경청,경기도,평택시,오복환경,경기 평택시 서탄면 수월암길 15-8 (수월암리 380-1),031-212-1083,수집·운반업,수집·운반
128,한강유역환경청,경기도,하남시,(주)네이처산업,경기도 하남시 하남대로776번길 61-5 (신장동 394-3 한울빌딩4층),031-794-6886,수집·운반업,수집·운반
129,한강유역환경청,경기도,화성시,(주)케이에스에너지(운반),경기 화성시 정남면 내향로 240-55,031-317-1674,수집·운반업,수집·운반
130,한강유역환경청,경기도,화성시,(주)대청환경,"경기 화성시 팔탄면 구장리33-3(원골길 7), 제B동 2층",031-353-0601,수집·운반업,수집·운반
131,한강유역환경청,경기도,화성시,(주)지엔티,경기도 화성시 동탄반석로 160 B동 504호,031-372-2191,수집·운반업,수집·운반
132,한강유역환경청,경기도,화성시,대양그린산업,경기 화성시 비봉면 자안리725,031-355-4423,수집·운반업,수집·운반
133,한강유역환경청,경기도,화성시,경기환경,경기 화성시 팔탄면 서해로987번길 11,031-227-5982,수집·운반업,수집·운반
134,한강유역환경청,경기도,화성시,인영리싸이클링(주),경기 화성시 장안면 수촌리745-10(방축말길35번길 60-13),0313543767,수집·운반업,수집·운반
135,한강유역환경청,경기도,화성시,덕은인터라인정유(주),경기 화성시 마도면 쌍송리268-3,031-357-5151,수집·운반업,수집·운반
136,한강유역환경청,경기도,화성시,신대한정유산업(주),"경기 화성시 정남면 고지리28-1,4번지(가장로 334-10)",031-352-3831,수집·운반업,수집·운반
137,한강유역환경청,경기도,화성시,인바이오텍(주) 화성지점,경기 화성시 팔탄면 율암리112-2,031-354-1990,수집·운반업,수집·운반
138,한강유역환경청,경기도,화성시,(주)하나이앤에스(운반),경기 화성시 장안면 노진리16-11,031-351-8873,수집·운반업,수집·운반
139,한강유역환경청,경기도,화성시,광진데코(주),경기 화성시 비봉면 양노남길 131,031-366-9565,수집·운반업,수집·운반
140,한강유역환경청,경기도,화성시,한국석유공업(주),경기 화성시 향남읍 구문천리657-6,031-354-2650,수집·운반업,수집·운반
141,한강유역환경청,경기도,화성시,꿈에그린(주),경기 화성시 정남면서봉로851번길 16-8,031-354-2808,수집·운반업,수집·운반
142,한강유역환경청,경기도,화성시,이엔래비스(주),경기 화성시 우정읍 호곡리230-192,031-416-3515,수집·운반업,수집·운반
143,한강유역환경청,경기도,화성시,디에이치산업(주),경기도 화성시 마도면 해운로630번길 58 A동 1층,031-356-5976,수집·운반업,수집·운반
144,한강유역환경청,경기도,화성시,(주)케이환경(지정),경기 화성시 팔탄면 서해로 851-5,031-353-3554,수집·운반업,수집·운반
145,한강유역환경청,경기도,화성시,(주)화성에너텍,경기 화성시 비봉면 양노리760,031-355-7433,수집·운반업,수집·운반
146,한강유역환경청,경기도,화성시,미래환경(지정),경기 화성시 팔탄면 가재리279-3(201호),031-202-5959,수집·운반업,수집·운반
147,한강유역환경청,경기도,화성시,(주)엠케이그린에너지산업,경기도 화성시 향남읍 발안로464번길 14-9,031-8059-1280,수집·운반업,수집·운반
148,한강유역환경청,경기도,화성시,(주)동현자원,경기도 화성시 팔탄면 율암길95번길 43,031-311-5883,수집·운반업,수집·운반
149,한강유역환경청,경기도,화성시,대양그린산업(주),경기도 화성시 장안면 장안로227번길 35-31,031-353-0468,수집·운반업,수집·운반
150,한강유역환경청,경기도,화성시,(주)탑에코,경기도 화성시 향남읍 장안로 662-107,031-8047-0407,수집·운반업,수집·운반
151,한강유역환경청,경기도,화성시,주식회사 세진,경기도 화성시 양감면 초록로693번길 20-10,031-354-8266,수집·운반업,수집·운반
152,한강유역환경청,경기도,화성시,(주)씨에스에코,경기도 화성시 장안면 매바위로366번길 68-13,0313546527,수집·운반업,수집·운반
153,한강유역환경청,경기도,화성시,(주)삼동그린,경기 화성시 양감면 용소금각로 121-25,031-357-3664,수집·운반업,수집·운반
154,한강유역환경청,경기도,화성시,(주)HB에너지,경기 화성시 정남면 괘랑보통길 119,031-353-8628,수집·운반업,수집·운반
155,한강유역환경청,경기도,고양시,(주)매디이엔지,경기 고양시 덕양구 토당로 168번길 7-4,031-979-9297,수집·운반업,수집·운반
156,한강유역환경청,경기도,부천시,(주)그린써비스,경기 부천시 오정구 삼정동 205-1,032-673-8700,수집·운반업,수집·운반
157,한강유역환경청,경기도,군포시,한국위험물환경기도술(주),경기 군포시 금정동 718-1(4층)(임대),031-457-1194,수집·운반업,수집·운반
158,한강유역환경청,경기도,양주시,(주)하이텍코리아,경기 양주시 백석읍 가업리 570,031-855-7788,수집·운반업,수집·운반
159,한강유역환경청,경기도,용인시,고성피앤피,경기 용인시 기흥구 언남동 2-1,-,수집·운반업,수집·운반
160,한강유역환경청,경기도,용인시,용문산업(주),경기 용인시 처인구 백암면 가창로 29(가창리),031-338-8787,수집·운반업,수집·운반
161,한강유역환경청,경기도,안산시,(주)시온산업[구.(주)성일산업(주).방주환경]],"경기 안산시 선부동 1028, 제일종합시장 3030호",031-480-4114,수집·운반업,수집·운반
162,한강유역환경청,경기도,안산시,지알에스환경(주),"경기 안산시  상록구 양지편로 36, 201호",031-475-8056,수집·운반업,수집·운반
163,한강유역환경청,경기도,남양주시,고려상사,경기 남양주시 진건읍 용정리 237,031-574-5978,수집·운반업,수집·운반
164,한강유역환경청,경기도,화성시,(주)용마환경,경기 화성시 송산동 192-236,031-223-4696,수집·운반업,수집·운반
165,한강유역환경청,경기도,화성시,(주)수연산업개발,경기 화성시 양감면 용소금각로 111(용소리),031-664-8582,수집·운반업,수집·운반
166,한강유역환경청,경기도,화성시,에코환경,경기 화성시 양감면 신왕리 11-3,031-351-8827,수집·운반업,수집·운반
167,한강유역환경청,경기도,화성시,디에이치환경(주),"경기 화성시 마도면 청원로 155번길 96
(쌍송리 405)",031-357-5930,수집·운반업,수집·운반
168,한강유역환경청,경기도,평택시,거해지엔씨(주),"경기 평택시 진위면 동천리 613-1, 202호",031-668-1220,수집·운반업,수집·운반
169,한강유역환경청,경기도,평택시,(주)서해석유,경기 평택시 포승읍 포승향남로 194-75 1층 (도곡리 141-14),031-683-0549,수집·운반업,수집·운반
170,한강유역환경청,경기도,평택시,(주)지인테크,경기 평택시 포승읍 서동대로 1147,031-684-4562,수집·운반업,수집·운반
171,한강유역환경청,경기도,의정부시,(주)이솔루션,경기 의정부시 금오동 471-2 해피플러스 506호,031-853-8787,수집·운반업,수집·운반
172,한강유역환경청,경기도,의정부시,(주)에코존,경기 의정부시 신곡동 522-1 대영프라자 2층 203-2호,031-865-1444,수집·운반업,수집·운반
173,한강유역환경청,경기도,시흥시,(주)초심,"경기 시흥시 연성로 13번길 5-4, 402호 403호",031-319-9030,수집·운반업,수집·운반
174,한강유역환경청,경기도,김포시,(주)클린환경,경기도 김포시 대곶면 수남로 55,031-996-4455,수집·운반업,수집·운반
175,한강유역환경청,경기도,이천시,(주)에이에스엠,경기 이천시 대월면 사동리 3-5,031-636-2918,수집·운반업,수집·운반
176,한강유역환경청,경기도,포천시,미래폴,경기 포천시 창수면 추동리 570,031-531-7131,수집·운반업,수집·운반
177,낙동강유역환경청,부산광역시,강서구,지테크환경주식회사,부산 강서구 대저동2440-2,051-326-7070,수집·운반업,수집·운반
178,낙동강유역환경청,부산광역시,강서구,(주)지오환경(강서구),부산광역시 강서구 녹산산단165로14번길 11-13,051-831-1954,수집·운반업,수집·운반
179,낙동강유역환경청,부산광역시,강서구,유담환경,부산광역시 강서구 낙동북로21번길 19,051-972-3510,수집·운반업,수집·운반
180,낙동강유역환경청,부산광역시,강서구,(주)은성이엔씨,부산광역시 강서구 명지오션시티9로 55 207호,051-201-1412,수집·운반업,수집·운반
181,낙동강유역환경청,부산광역시,강서구,우봉이엔티,부산광역시 강서구 경전철로 211 3층,051-972-0953,수집·운반업,수집·운반
182,낙동강유역환경청,부산광역시,금정구,(주)명진로지스,부산 금정구 금정로 143-2 3층 (장전동),051-582-3978,수집·운반업,수집·운반
183,낙동강유역환경청,부산광역시,금정구,동건환경,부산광역시 금정구 수원지로22번길 38,051-525-3205,수집·운반업,수집·운반
184,낙동강유역환경청,부산광역시,금정구,현대실업,부산광역시 금정구 공단로8번길 15,051-523-0007,수집·운반업,수집·운반
185,낙동강유역환경청,부산광역시,기장군,육육로지스틱스(주),부산 기장군 장안읍정관로 1148,051-526-6666,수집·운반업,수집·운반
186,낙동강유역환경청,부산광역시,동래구,흥한환경개발(주),"부산광역시 동래구 미남로132번길 14 708호 (온천동, 효창오피스텔)",051-973-2504,수집·운반업,수집·운반
187,낙동강유역환경청,부산광역시,사상구,한국특수환경,부산 사상구 삼락동398-12,051-302-6997,수집·운반업,수집·운반
188,낙동강유역환경청,부산광역시,사상구,(주)동아유화,부산 사상구 감전동146-8,051-323-4411,수집·운반업,수집·운반
189,낙동강유역환경청,부산광역시,사상구,(주)미천환경,부산광역시 사상구 낙동대로916번길 17,051-323-6168,수집·운반업,수집·운반
190,낙동강유역환경청,부산광역시,사하구,태봉산업(주)(운반자),부산 사하구 하단동901-1번지,055-323-7225,수집·운반업,수집·운반
191,낙동강유역환경청,부산광역시,연제구,명성통운(주),부산 연제구 연산동588-3,051-853-3330,수집·운반업,수집·운반
192,낙동강유역환경청,부산광역시,영도구,한성산업,부산광역시 영도구 태종로50번길 35 1층,051-418-2272,수집·운반업,수집·운반
193,낙동강유역환경청,부산광역시,중구,신세기기업(주),부산광역시 중구 충장대로9번길 18 2층 (중앙동4가),051-466-8181,수집·운반업,수집·운반
194,낙동강유역환경청,부산광역시,해운대구,한울로지스틱스,"부산 해운대구 좌동순환로 473 ,216호 (중동, 해운대로데오아울렛)",051-791-1166,수집·운반업,수집·운반
195,낙동강유역환경청,부산광역시,기장군,(주)티아이맥,부산 기장군 장안읍 고무로 288,051-758-8340,수집·운반업,수집·운반
196,낙동강유역환경청,부산광역시,중구,(주)오션클린서비스,부산 중구 충장대로 9번길 31 굿어스빌딩 702호,051-996-9993,수집·운반업,수집·운반
197,낙동강유역환경청,부산광역시,동래구,(주)매일환경,부산 동래구 안락동 422-20,051-556-2259,수집·운반업,수집·운반
198,낙동강유역환경청,부산광역시,북구,(주)세원씨오,"부산 북구 백양대로1172번길 12 (구포동,2층)",051-941-5176,수집·운반업,수집·운반
199,낙동강유역환경청,부산광역시,강서구,(주)세환건영,부산 강서구 낙동남로 1042,051-271-1462,수집·운반업,수집·운반
200,낙동강유역환경청,부산광역시,연제구,(주)용호환경,"부산 연제구 중앙대로1043번길 34 (연산동,한창타운 303호)",051-868-1242~4,수집·운반업,수집·운반
201,낙동강유역환경청,울산광역시,남구,(주)새길물류,울산 남구 두왕동411-1,052-268-6776,수집·운반업,수집·운반
202,낙동강유역환경청,울산광역시,남구,동광엘앤이(주),울산광역시 남구 산업로 100 (상개동)내트럭(주) 울산사업소 408호,052-260-7472,수집·운반업,수집·운반
203,낙동강유역환경청,울산광역시,남구,세아산업(주),울산광역시 남구 산업로 92,052-261-8555,수집·운반업,수집·운반
204,낙동강유역환경청,울산광역시,남구,NC울산(주)-운반자,"울산 남구 용잠로 339 (용잠동,NCC(주))",052-256-0111,수집·운반업,수집·운반
205,낙동강유역환경청,울산광역시,남구,신영산업(주),울산광역시 남구 산업로 100 301호(상개동),052-256-0755,수집·운반업,수집·운반
206,낙동강유역환경청,울산광역시,남구,(주)영진화학,울산광역시 남구 용잠로 328,052-256-1597,수집·운반업,수집·운반
207,낙동강유역환경청,울산광역시,남구,삼진공사,울산 남구 야음동219-6,052-265-3020,수집·운반업,수집·운반
208,낙동강유역환경청,울산광역시,남구,(주)우영엔텍,울산 남구 상개동50번지 402호,052-260-2641,수집·운반업,수집·운반
209,낙동강유역환경청,울산광역시,남구,(주)삼경에너지,울산광역시 남구 용연로 295-150 4층,052-258-7670,수집·운반업,수집·운반
210,낙동강유역환경청,울산광역시,남구,(주)블루엔텍,울산광역시 남구 장생포고래로 307 1층,052-716-1101,수집·운반업,수집·운반
211,낙동강유역환경청,울산광역시,북구,덕진엔지니어링(주),울산광역시 북구 진장24길 3 302호,052-243-8101,수집·운반업,수집·운반
212,낙동강유역환경청,울산광역시,울주군,(주)케이지엑스,울산 울주군 온산읍 화산리1040,052-231-6418,수집·운반업,수집·운반
213,낙동강유역환경청,울산광역시,울주군,(유)봉산물류,"울산 울주군 청량면덕하로33, 비동7호",052-258-3004,수집·운반업,수집·운반
214,낙동강유역환경청,울산광역시,울주군,(주)대동에너지,울산 울주군 청량면덕정로 66,052-267-8322,수집·운반업,수집·운반
215,낙동강유역환경청,울산광역시,울주군,청록환경(주),울산 울주군 웅촌면 웅촌로 496,052-221-6333,수집·운반업,수집·운반
216,낙동강유역환경청,울산광역시,울주군,(주)한창환경,울산 울주군 온양읍 망양리275-1,052-260-0049,수집·운반업,수집·운반
217,낙동강유역환경청,울산광역시,울주군,(주)명신정유(운반자),울산광역시 울주군 삼남읍 공암공단로 16-21,055-364-6605,수집·운반업,수집·운반
218,낙동강유역환경청,울산광역시,울주군,신흥에너텍(주),울산 울주군 온산읍 화산로화산로 19,052-237-5155,수집·운반업,수집·운반
219,낙동강유역환경청,울산광역시,울주군,지에코시스(주),울산광역시 울주군 청량읍 덕하로 33 B동 12호 (울주종함화물터미널(주)),052-267-8944,수집·운반업,수집·운반
220,낙동강유역환경청,울산광역시,울주군,(주)정도이엔이,울산광역시 울주군 웅촌면 은현공단2길 12,052-716-4001,수집·운반업,수집·운반
221,낙동강유역환경청,울산광역시,울주군,(주)에코앤리소스,울산 울주군 삼동면 삼동로 63,052-913-3625,수집·운반업,수집·운반
222,낙동강유역환경청,울산광역시,울주군,(주)그린환경로직스,울산광역시 울주군 청량읍 덕정로 66 212호,052-273-6138,수집·운반업,수집·운반
223,낙동강유역환경청,울산광역시,울주군,(주)에코티엔엘,"울산광역시 울주군 청량면 덕정로66, 110호",052-277-4321,수집·운반업,수집·운반
224,낙동강유역환경청,울산광역시,울주군,대신에너지,울산광역시 울주군 온산읍 종동길 57,052-237-8838,수집·운반업,수집·운반
225,낙동강유역환경청,울산광역시,울주군,주식회사 케이에이치물류,"울산광역시 울주군 청량읍 상남2길 31-20, 401호(화이트하우스)",052-256-8857,수집·운반업,수집·운반
226,낙동강유역환경청,울산광역시,울주군,삼양통운(주),울산광역시 울주군 청량면 화창6길 16,0522583630,수집·운반업,수집·운반
227,낙동강유역환경청,울산광역시,울주군,태영이앤엘 주식회사,울산 울주군 온산읍 덕신로 326,052-237-0912,수집·운반업,수집·운반
228,낙동강유역환경청,울산광역시,울주군,(주)에스지물류,울산 울주군 온산읍 명봉거남로 199,052-257-7650,수집·운반업,수집·운반
229,낙동강유역환경청,경상남도,고성군,(주)그린환경,경남 고성군 고성읍 이당리294-2,055-674-7766,수집·운반업,수집·운반
230,낙동강유역환경청,경상남도,김해시,(주)태창크린텍,경상남도 김해시 진영읍 본산로219번길 10,055-322-3274,수집·운반업,수집·운반
231,낙동강유역환경청,경상남도,김해시,세종환경,경남 김해시 진영읍 본산리1204-3,055-345-6217,수집·운반업,수집·운반
232,낙동강유역환경청,경상남도,김해시,에이스환경,경상남도 김해시 번화1로44번길 31 508호,055-326-5188,수집·운반업,수집·운반
233,낙동강유역환경청,경상남도,김해시,청해티엔에스,경남 김해시 화목동702-8,055-323-2833,수집·운반업,수집·운반
234,낙동강유역환경청,경상남도,김해시,대양이엔티,경상남도 김해시 한림면 가동로103번길 10,055-342-2377,수집·운반업,수집·운반
235,낙동강유역환경청,경상남도,김해시,(주)강명산업사,경상남도 김해시 김해대로1685번길 13,055-339-9852,수집·운반업,수집·운반
236,낙동강유역환경청,경상남도,김해시,(주)삼우오엔이,경남 김해시 한림면 김해대로916번길 219,055-326-6613,수집·운반업,수집·운반
237,낙동강유역환경청,경상남도,김해시,남도환경(주),경남 김해시 한림면 용덕리825,055-321-6782,수집·운반업,수집·운반
238,낙동강유역환경청,경상남도,김해시,(주)금화로지스,경상남도 김해시 함박로 51 2층,055-327-9867,수집·운반업,수집·운반
239,낙동강유역환경청,경상남도,김해시,부용환경물류(주),경남 김해시 생림면 장재로520번길 8-71,055-324-4906,수집·운반업,수집·운반
240,낙동강유역환경청,경상남도,김해시,(주)삼일환경,경남 김해시 진례면 서부로 520,055-336-5131,수집·운반업,수집·운반
241,낙동강유역환경청,경상남도,김해시,(주)재경산업,경남 김해시 안곡로 136,055-338-7762,수집·운반업,수집·운반
242,낙동강유역환경청,경상남도,김해시,미래환경(김해),"경남 김해시 한림면 김해대로927번길 155-1, 2층",055-322-0772,수집·운반업,수집·운반
243,낙동강유역환경청,경상남도,김해시,가야이앤애스(가야E`S),경남 김해시 진영읍 진영리1591-2 성주빌 204호,055-343-1361,수집·운반업,수집·운반
244,낙동강유역환경청,경상남도,김해시,(주)이알,경상남도 김해시 한림면 안하로116번길 42,055-321-2203,수집·운반업,수집·운반
245,낙동강유역환경청,경상남도,김해시,(주)해암물류,경남 김해시 상동면 상동로 265-7,055-333-3286,수집·운반업,수집·운반
246,낙동강유역환경청,경상남도,김해시,청호이엔지,경상남도 김해시 상동면 동북로473번길 220,070-8633-0116,수집·운반업,수집·운반
247,낙동강유역환경청,경상남도,김해시,용현산업,경상남도 김해시 칠산로413번길 6,055-323-5534,수집·운반업,수집·운반
248,낙동강유역환경청,경상남도,김해시,한스틸,경남 김해시 진례면 고모리고모로526번길 51-9,055-345-7057,수집·운반업,수집·운반
249,낙동강유역환경청,경상남도,김해시,주식회사 제일자원(운반),경상남도 김해시 진영읍 본산로269번길 28,055-342-3625,수집·운반업,수집·운반
250,낙동강유역환경청,경상남도,김해시,대동산업,경상남도 김해시 상동면 동북로1007번길 34,055-342-6757,수집·운반업,수집·운반
251,낙동강유역환경청,경상남도,김해시,(주)용현산업,경남 김해시 주촌면 서부로 1644-65,055-362-7229,수집·운반업,수집·운반
252,낙동강유역환경청,경상남도,김해시,디유환경,경상남도 김해시 안곡로 132,055-342-2797,수집·운반업,수집·운반
253,낙동강유역환경청,경상남도,김해시,김해환경,"경상남도 김해시 김해대로 1705, 2층",055-331-1606,수집·운반업,수집·운반
254,낙동강유역환경청,경상남도,김해시,(주)조은에스앤씨,경남 김해시 진영읍 김해대로 245 206호,055-346-6884,수집·운반업,수집·운반
255,낙동강유역환경청,경상남도,사천시,(주)장산환경,경남 사천시 송포공단길 72-36,055-835-1445,수집·운반업,수집·운반
256,낙동강유역환경청,경상남도,사천시,한솔환경산업(주),경남 사천시 벌용길 118,0558338350,수집·운반업,수집·운반
257,낙동강유역환경청,경상남도,사천시,오케이환경(주),경남 사천시 축동면 내축로 104,,수집·운반업,수집·운반
258,낙동강유역환경청,경상남도,양산시,득원산업,경남 양산시 북정공단1길 97,055-366-0122,수집·운반업,수집·운반
259,낙동강유역환경청,경상남도,양산시,제일씨엔오,경남 양산시 상북면대석리1343-3,055-363-3212,수집·운반업,수집·운반
260,낙동강유역환경청,경상남도,양산시,(주)엔엘티에스,경남 양산시 산막공단북4길 30,055-387-5235,수집·운반업,수집·운반
261,낙동강유역환경청,경상남도,양산시,주식회사 동남정유,경남 양산시 산막공단남6길 63,055-335-3521,수집·운반업,수집·운반
262,낙동강유역환경청,경상남도,양산시,대진기업(주),경상남도 양산시 상북면 상북중앙로 129,055-375-7888,수집·운반업,수집·운반
263,낙동강유역환경청,경상남도,양산시,(주)혁진,경남 양산시 산막공단북5길 23,055-385-6578,수집·운반업,수집·운반
264,낙동강유역환경청,경상남도,양산시,(주)경남로지스,경남 양산시 산막공단로 56,055-387-2277,수집·운반업,수집·운반
265,낙동강유역환경청,경상남도,양산시,(주)동남정유 제2공장,경남 양산시 산막공단북4길 30,055-335-3521,수집·운반업,수집·운반
266,낙동강유역환경청,경상남도,양산시,(주)한국환경정유산업,경남 양산시 호계동산막공단남14길 16,055-385-4171,수집·운반업,수집·운반
267,낙동강유역환경청,경상남도,양산시,(주)도원산업,경상남도 양산시 어실로 482-1,055-387-0026,수집·운반업,수집·운반
268,낙동강유역환경청,경상남도,양산시,(주)카원,경남 양산시 상북면 공원로 403-19,055-381-0703,수집·운반업,수집·운반
269,낙동강유역환경청,경상남도,양산시,(주)동우에코,경남 양산시 하북면 삼덕로 25,055-374-0007,수집·운반업,수집·운반
270,낙동강유역환경청,경상남도,양산시,(주)대원씨앤티,경남 양산시 북정공단1길 97,055-785-2002,수집·운반업,수집·운반
271,낙동강유역환경청,경상남도,양산시,주식회사 여주,경상남도 양산시 산막공단남11길 23-16,070-4896-5795,수집·운반업,수집·운반
272,낙동강유역환경청,경상남도,양산시,(주)에스제이랜드,"경상남도 양산시 하북면 신평강변6길 12, 힐튼팰리스 103호",055-385-3830,수집·운반업,수집·운반
273,낙동강유역환경청,경상남도,양산시,(주)이지에너지,"경상남도 양산시 소노길 73-1, 2층",055-381-5460,수집·운반업,수집·운반
274,낙동강유역환경청,경상남도,진주시,하나환경 주식회사,"경남 진주시 판문로229번길 1, 3층",055-753-1801,수집·운반업,수집·운반
275,낙동강유역환경청,경상남도,창원시,(주)에코원,"경남 창원시 마산회원구 북성로 500-1 (두척동,2층2호)",055-231-5244,수집·운반업,수집·운반
276,낙동강유역환경청,경상남도,창원시,KC환경서비스(주)창원사업부,경상남도 창원시 마산회원구 자유무역6길 103,055-251-7272,수집·운반업,수집·운반
277,낙동강유역환경청,경상남도,창원시,(주)만수,경남 창원시 의창구 차상로 20,055-297-7171,수집·운반업,수집·운반
278,낙동강유역환경청,경상남도,창원시,(주)지구환경,"경남 창원시 마산회원구 봉암공단14길 23, 201호",055-264-6663,수집·운반업,수집·운반
279,낙동강유역환경청,경상남도,창원시,주식회사 이알엠,경남 창원시 팔용동39-5번지 (주)공단특수육운 203호,055-296-0866,수집·운반업,수집·운반
280,낙동강유역환경청,경상남도,창원시,(주)아시아환경,경상남도 창원시 마산회원구 북성로 313 202-1호 (회성동),055-251-9993,수집·운반업,수집·운반
281,낙동강유역환경청,경상남도,창원시,신성환경,경남 마산시 진전면 오서리1711-27,055-271-0068,수집·운반업,수집·운반
282,낙동강유역환경청,경상남도,창원시,(주)태경산업환경,경상남도 창원시 마산회원구 내서읍 함마대로 2484,055-232-4079,수집·운반업,수집·운반
283,낙동강유역환경청,경상남도,창원시,(주)우리환경(창원),"경남 창원시 성산구 정동로162번길 57 (남산동, 한양상가 301호)",055-261-1110,수집·운반업,수집·운반
284,낙동강유역환경청,경상남도,창원시,주식회사 나라환경,경남 창원시 마산회원구 합포성지길 5,055-244-3222,수집·운반업,수집·운반
285,낙동강유역환경청,경상남도,창원시,(주)엠에스,경남 창원시 의창구 북면 동전로256번길 3-43,055-297-7278,수집·운반업,수집·운반
286,낙동강유역환경청,경상남도,창원시,시온환경,"경남 창원시 성산구 중앙대로37, 512호",055-297-0736,수집·운반업,수집·운반
287,낙동강유역환경청,경상남도,창원시,현대케미칼,경상남도 창원시 의창구 의창대로54번길 14-14,055-268-6267,수집·운반업,수집·운반
288,낙동강유역환경청,경상남도,창원시,(주)그린에코텍,경남 창원시 성산구 정동로162번길 57 3층 3-3호,055-261-3363,수집·운반업,수집·운반
289,낙동강유역환경청,경상남도,창원시,그린나래,"경남 창원시 의창구 차상로72번길 5-3, 4층",0552960371,수집·운반업,수집·운반
290,낙동강유역환경청,경상남도,함안군,태경환경(함안),경남 함안군 칠서면 대부로 460-1,055-586-0433,수집·운반업,수집·운반
291,낙동강유역환경청,경상남도,함안군,경상환경energy,경남 함안군 칠원면 운서리988-3,055-586-4016,수집·운반업,수집·운반
292,낙동강유역환경청,경상남도,함안군,(주)지에스로직스,경상남도 함안군 법수면 장백로 485-7,055-582-6913,수집·운반업,수집·운반
293,낙동강유역환경청,경상남도,함안군,제이엠에너지,경남 함안군 칠서면용성리 418-4,055-586-5805,수집·운반업,수집·운반
294,낙동강유역환경청,경상남도,함안군,(주)승현알엔티,경남 함안군 대산면 부목리205-8,0552514490,수집·운반업,수집·운반
295,낙동강유역환경청,경상남도,함안군,(주)새나라환경(운반),경남 함안군 칠원읍 동대이길 221,055-251-9898,수집·운반업,수집·운반
296,낙동강유역환경청,경상남도,양산시,철당(주),경남 양산시 산막동 314-5,055-362-1704,수집·운반업,수집·운반
297,낙동강유역환경청,경상남도,김해시,(주)오엔이(ONE),경남 김해시 한림면 안곡로 316-11,055-336-9720,수집·운반업,수집·운반
298,낙동강유역환경청,경상남도,김해시,(주)동방금속,경남 양산시 상북면 소토2길 28(258-7),055-374-5501,수집·운반업,수집·운반
299,낙동강유역환경청,경상남도,양산시,(주)엔이텍크,"경남 양산시 물금읍 새실로159
E동 108-1(나래메트로시티)",051-362-1102,수집·운반업,수집·운반
300,낙동강유역환경청,경상남도,양산시,(주)광동산업,경남 양산시 상북면 율리길 47-22,055-375-5552,수집·운반업,수집·운반
301,낙동강유역환경청,경상남도,양산시,보원에코,"경남 양산시 동면 금오4길 43-15, 202호",,수집·운반업,수집·운반
302,낙동강유역환경청,경상남도,함안군,(주)태종기업,경남 함안군 군북면 삼봉로 142,055-584-0282,수집·운반업,수집·운반
303,금강유역환경청,대전광역시,대덕구,유정석면환경(주),대전광역시 대덕구 덕암로154번길 13 1층,042-936-6577,수집·운반업,수집·운반
304,금강유역환경청,대전광역시,대덕구,아프로(주),대전 대덕구 평촌동274-1,042-933-8903,수집·운반업,수집·운반
305,금강유역환경청,대전광역시,대덕구,(주)한사랑산업보건연구소,"대전 대덕구 덕암로182번길 9, 2층",042-936-0125,수집·운반업,수집·운반
306,금강유역환경청,대전광역시,대덕구,(주)동양환경,대전 대덕구 문평동로48번길 125,042-933-0450,수집·운반업,수집·운반
307,금강유역환경청,대전광역시,대덕구,(유)세광,대전 대덕구 아리랑로 55번길 52,042-625-9211,수집·운반업,수집·운반
308,금강유역환경청,대전광역시,대덕구,대룡환경산업(주),대전 대덕구 평촌동61-2,042-625-7136,수집·운반업,수집·운반
309,금강유역환경청,대전광역시,대덕구,성진환경(주),"대전광역시 대덕구 신일동로17번길 5, 704-1호",042-934-9687,수집·운반업,수집·운반
310,금강유역환경청,대전광역시,동구,(주)성창환경산업,대전광역시 동구 대전로340번길 20 상가2동 101호,070-8625-2700,수집·운반업,수집·운반
311,금강유역환경청,대전광역시,서구,대신산업개발(주),대전 서구 유등로 509-4,042-521-9300,수집·운반업,수집·운반
312,금강유역환경청,대전광역시,서구,대전환경산업(주),"대전 서구 월평동월드컵대로484번길 187-27, 202호",042-223-2255,수집·운반업,수집·운반
313,금강유역환경청,대전광역시,유성구,유영산업(주),대전 유성구 관평동테크노중앙로 72 대덕신대륙프라자 504호,042-934-6653,수집·운반업,수집·운반
314,금강유역환경청,대전광역시,유성구,(주)청정함,대전 유성구 복용로40번길 9 1층,042-546-8881,수집·운반업,수집·운반
315,금강유역환경청,대전광역시,중구,주식회사 여강산업,대전광역시 중구 보문산로227번안길 26,042-863-5112,수집·운반업,수집·운반
316,금강유역환경청,대전광역시,중구,디에스산업,대전 중구 안영동642-5,042-583-6600,수집·운반업,수집·운반
317,금강유역환경청,대전광역시,유성구,대한환경산업(주),"대전 유성구 문화원로 131, 204호 (봉명동, 투유2)",042-531-8500,수집·운반업,수집·운반
318,금강유역환경청,대전광역시,유성구,(주)스마트환경건설,대전광역시 중구 계백로 1578,042-528-3844,수집·운반업,수집·운반
319,금강유역환경청,대전광역시,대덕구,태전환경(주),"대전 대덕구 신일동로17번길 5, 701호 (신일동, 테크노시티빌딩)",042-626-7640,수집·운반업,수집·운반
320,금강유역환경청,세종특별자치시,세종특별자치시,한국석유관리원,"(사무실)경기 성남시 분당구 안양판교로 1207(백현동)
(주차장)세종 조치원읍 세종로 2178",031-789-0376,수집·운반업,수집·운반
321,금강유역환경청,세종특별자치시,세종특별자치시,유림환경(합),세종특별자치시 부강면 연청로 745-46 중부복합물류 관리동 202호,044-863-8095,수집·운반업,수집·운반
322,금강유역환경청,세종특별자치시,세종특별자치시,(주)대청이앤지(지정),충남 연기군 조치원읍 침산리89 욱일아파트상가동 304-2호,044-868-6666,수집·운반업,수집·운반
323,금강유역환경청,세종특별자치시,세종특별자치시,(주)강우이앤이,세종특별자치시 조치원읍 내창3길 19 202호,044-415-1888,수집·운반업,수집·운반
324,금강유역환경청,충청북도,옥천군,(주)충청환경,충북 옥천군 청산면 인정리962번지,043-731-1797,수집·운반업,수집·운반
325,금강유역환경청,충청북도,진천군,(주)디와이솔루션-지정운반,충북 진천군 문백면 문진로 320-65,043-537-6541,수집·운반업,수집·운반
326,금강유역환경청,충청북도,진천군,(주)범창,충북 진천군 이월면 수평1길 126,043-534-5800,수집·운반업,수집·운반
327,금강유역환경청,충청북도,진천군,미지산업(주),충북 진천군 이월면 수청길 153,043-535-7361,수집·운반업,수집·운반
328,금강유역환경청,충청북도,진천군,(주)천지화학,충북 진천군 덕산읍 화상리135-7,043-537-8090,수집·운반업,수집·운반
329,금강유역환경청,충청북도,진천군,(주)오성아이케이진천지점(1공장),충북 진천군 이월면 장수로 381,043-537-2020,수집·운반업,수집·운반
330,금강유역환경청,충청북도,진천군,주식회사에이치아이에너지,충북 진천군 진천읍 송두4길 47-8,0435362206,수집·운반업,수집·운반
331,금강유역환경청,충청북도,청주시,광도이앤씨(주),충북 청주시 흥덕구 옥산면 호죽성재로 105-2,043-232-5182,수집·운반업,수집·운반
332,금강유역환경청,충청북도,청주시,(주)진성리텍,충북 청주시 청원구 오창읍 중신길 50-12,043-716-0007,수집·운반업,수집·운반
333,금강유역환경청,충청북도,청주시,(주)케이그린,충북 청원군 현도면시목외천로 287-18,043-235-1415,수집·운반업,수집·운반
334,금강유역환경청,충청북도,청주시,대덕정유(주),충청북도 청주시 서원구 현도면 양지시목로 39,042-933-5172,수집·운반업,수집·운반
335,금강유역환경청,충청북도,청주시,반도환경(주),충북 청주시 상당구 월오동436-3,043-214-3270,수집·운반업,수집·운반
336,금강유역환경청,충청북도,청주시,미래이에스(주),충북 청원군 오창면 모정리110-2,043-216-2601,수집·운반업,수집·운반
337,금강유역환경청,충청북도,청주시,(주)대일기업,충북 청주시 흥덕구 강내면 황탄리길 150,0432326476,수집·운반업,수집·운반
338,금강유역환경청,충청북도,청주시,대로이엔씨(주)-운반,충북 청주시 서원구 남이면 남석로 87-9,043-223-7904,수집·운반업,수집·운반
339,금강유역환경청,충청북도,청주시,(주)대한철거산업(운반),충북 청주시 서원구 3순환로 242,043-285-4040,수집·운반업,수집·운반
340,금강유역환경청,충청북도,청주시,해동산업개발,충청북도 청주시 청원구 외남로104번길 42,043-213-8248,수집·운반업,수집·운반
341,금강유역환경청,충청북도,청주시,(주)보건환경산업,충북 청주시 상당구 평촌동345번지,043-233-4402,수집·운반업,수집·운반
342,금강유역환경청,충청북도,청주시,(주)디에스이엔지(지정),충북 청주시 서원구 남이면 양촌리102-1,043-295-4560,수집·운반업,수집·운반
343,금강유역환경청,충청북도,청주시,케이지환경서비스주식회사,충북 청주시 흥덕구 강내면 태성1길 20-34,043-233-7464,수집·운반업,수집·운반
344,금강유역환경청,충청북도,청주시,주식회사 서윤산업,충북 청주시 흥덕구 옥산면 환희길 116,043-273-8804,수집·운반업,수집·운반
345,금강유역환경청,충청북도,청주시,천지이에스(주),충북 청주시 상당구 영운천로153번길 12,043-905-4952,수집·운반업,수집·운반
346,금강유역환경청,충청북도,청주시,천지에코(주),충북 청주시 흥덕구 남석로 535-40,043-232-5172,수집·운반업,수집·운반
347,금강유역환경청,충청남도,공주시,(유)정인이엔씨,충청남도 공주시 우성면 목천2길 26,041-960-8383,수집·운반업,수집·운반
348,금강유역환경청,충청남도,논산시,영진환경산업(주),충남 논산시 은진면 탑정로 273,0417357797,수집·운반업,수집·운반
349,금강유역환경청,충청남도,논산시,한울환경주식회사,충남 논산시 계백로 1201,0419802900,수집·운반업,수집·운반
350,금강유역환경청,충청남도,당진시,(주)성림이엔티,충남 당진시 신평면 부수리362-14,041-356-5271,수집·운반업,수집·운반
351,금강유역환경청,충청남도,당진시,코스람산업(주),충남 당진시 순성면 틀모시로 216,041-352-0780,수집·운반업,수집·운반
352,금강유역환경청,충청남도,당진시,(주)성화환경,충남 당진시 신평면 독암길 34-18,041-363-2123,수집·운반업,수집·운반
353,금강유역환경청,충청남도,당진시,아주환경개발(주),충남 당진시 순성면 갈뫼길 12,041-355-7288,수집·운반업,수집·운반
354,금강유역환경청,충청남도,당진시,(주)수목환경,충남 당진시 석문면산단7로 62,041-430-8575~6,수집·운반업,수집·운반
355,금강유역환경청,충청남도,당진시,(유)대한청정환경,충남 당진시 송악읍 조비실길 131-4,041-357-7431,수집·운반업,수집·운반
356,금강유역환경청,충청남도,당진시,(주)드림개발,충남 당진시 순성면 남부로 1088,070-4773-4423,수집·운반업,수집·운반
357,금강유역환경청,충청남도,당진시,인바이오텍(주) 당진지점,충남 당진시 송산면가곡로 210,041-356-7960,수집·운반업,수집·운반
358,금강유역환경청,충청남도,당진시,(주)에코윈,충남 당진시 송산면 가곡리무수들길 300,032-433-4165,수집·운반업,수집·운반
359,금강유역환경청,충청남도,당진시,(주)알엔씨,충남 당진시 석문면 산단7로 62,041-430-8575,수집·운반업,수집·운반
360,금강유역환경청,충청남도,당진시,이엔케미칼(주)당진지점,충남 당진시 송산면 가곡로 200,041-430-8870,수집·운반업,수집·운반
361,금강유역환경청,충청남도,보령시,삼홍조경건설,충남 보령시 웅천읍 대천리64-1,041-934-0207,수집·운반업,수집·운반
362,금강유역환경청,충청남도,서산시,"연합환경(주)(건설,지정)",충남 서산시 음암면노루골길 36,041-669-8388,수집·운반업,수집·운반
363,금강유역환경청,충청남도,서산시,조은이엔지(주),충남 서산시 쌍연남1로 32 2층,041-681-8899,수집·운반업,수집·운반
364,금강유역환경청,충청남도,서산시,(주)서광하이테크,충남 서산시 대산읍죽엽로 388,041-663-7053,수집·운반업,수집·운반
365,금강유역환경청,충청남도,서산시,(주)통인환경물류,충남 서산시 지곡면 대요리386-20(충의로 1442),041-662-3113,수집·운반업,수집·운반
366,금강유역환경청,충청남도,서산시,대진환경(주)(서산),충남 서산시 대산읍 충의로 2230-29,041-664-8640,수집·운반업,수집·운반
367,금강유역환경청,충청남도,서산시,제일환경산업(주),충남 서산시 운산면 산수동길 10,041-663-5145~6,수집·운반업,수집·운반
368,금강유역환경청,충청남도,서산시,(주)아진환경,충남 서산시 오산7길 34,0416698456,수집·운반업,수집·운반
369,금강유역환경청,충청남도,서산시,대산에코주식회사,충남 서산시 성연면 선창길 114-11,0416656675,수집·운반업,수집·운반
370,금강유역환경청,충청남도,아산시,(주)그린토피아,충남 아산시 장존동순천향로 830,041-547-2801,수집·운반업,수집·운반
371,금강유역환경청,충청남도,아산시,에이스켐(주),충남 아산시 신창면 환경공원로 227,041-911-9211,수집·운반업,수집·운반
372,금강유역환경청,충청남도,아산시,(주)하이그린,충남 아산시 둔포면 아산밸리중앙로 80-13 403호,041-532-7538,수집·운반업,수집·운반
373,금강유역환경청,충청남도,아산시,(주)유진환경,충남 아산시 삼동로70번길 12 1층 102호,041-532-8787,수집·운반업,수집·운반
374,금강유역환경청,충청남도,아산시,(주)제이앤에스산업,충남 아산시 설화산길 79-11,041-545-6792,수집·운반업,수집·운반
375,금강유역환경청,충청남도,아산시,(주)평송기업,충남 아산시 영인면 고룡산로 301,0415337749,수집·운반업,수집·운반
376,금강유역환경청,충청남도,예산군,(주)건영종합환경,충남 예산군 예산읍 향천사로 3,041-335-1677,수집·운반업,수집·운반
377,금강유역환경청,충청남도,예산군,(주)대영환경,충남 예산군 신암면 탄중리148-2,041-332-4774,수집·운반업,수집·운반
378,금강유역환경청,충청남도,천안시,(주)보경,충남 천안시 서북구 직산읍 군수1길 101,041-583-2933,수집·운반업,수집·운반
379,금강유역환경청,충청남도,천안시,(주)동우,충남 천안시 서북구 업성동174-3 201호,041-583-4456,수집·운반업,수집·운반
380,금강유역환경청,충청남도,천안시,삼화환경(주),충남 천안시 서북구 두정동395-5,041-568-4517,수집·운반업,수집·운반
381,금강유역환경청,충청남도,천안시,하나환경(주),충청남도 천안시 동남구 광덕면 광덕로 258-37,041-568-0116,수집·운반업,수집·운반
382,금강유역환경청,충청남도,천안시,상록수환경(주),충남 천안시 동남구 구성동128-2,041-622-2772,수집·운반업,수집·운반
383,금강유역환경청,충청남도,천안시,원광종합개발(주),충남 천안시 동남구 구룡동1 화물터미널214호,041-568-1158,수집·운반업,수집·운반
384,금강유역환경청,충청남도,천안시,현무환경(주),충남 천안시 서북구 직산읍 남산리9-52,041-561-0949,수집·운반업,수집·운반
385,금강유역환경청,충청남도,천안시,자연보호환경(주),충남 천안시 동남구 광덕면 차령고개로 981,070-7533-2112,수집·운반업,수집·운반
386,금강유역환경청,충청남도,천안시,(주)에코트랜스,충남 천안시 동남구 수신면 신풍리564 (충남 천안시 동남구 수신면 5산단4로 150-5),041-568-1357,수집·운반업,수집·운반
387,금강유역환경청,충청남도,천안시,(주)에스엠유화 천안지점,충청남도 천안시 서북구 직산읍 군수1길 81,041-588-5703,수집·운반업,수집·운반
388,금강유역환경청,충청남도,천안시,베이스환경(주),충남 천안시 서북구 직산읍 정자1길 151,041-567-5679,수집·운반업,수집·운반
389,금강유역환경청,충청남도,청양군,미래환경(주),충남 청양군 청양읍 학사길 35-4,041-332-7221,수집·운반업,수집·운반
390,금강유역환경청,충청남도,청양군,그린엔특장(주),충남 청양군 청양읍 충절로 1194,041-942-2588,수집·운반업,수집·운반
391,금강유역환경청,충청남도,홍성군,(주)신우(운반),충남 홍성군 홍성읍 내포로156번길 16-7,0416313800,수집·운반업,수집·운반
392,금강유역환경청,충청남도,보령시,주원건설(주),충남 보령시 큰오랏7길 32(동대동),041-935-8111~2,수집·운반업,수집·운반
393,금강유역환경청,충청북도,청주시,(주)금강티앤씨,충북 청주시 흥덕구 내거로52번길 16 (서촌동),043-236-2056,수집·운반업,수집·운반
394,금강유역환경청,충청북도,청주시,(주)한사랑산업보건연구소,충북 청주시 상당구 가덕면 단재로 1486-13,043-291-2588,수집·운반업,수집·운반
395,금강유역환경청,충청남도,서산시,(주)명진종합환경,"충남 서산시 안견로 277 (읍내동, 3층)",041-669-4001,수집·운반업,수집·운반
396,금강유역환경청,충청남도,서산시,우선산업(주),충남 서산시 해미면 산수로 137-24,041-688-6388,수집·운반업,수집·운반
397,금강유역환경청,충청남도,당진시,동양산업개발(주),충남 당진시 송산면 송산로 725-59,041-354-2255,수집·운반업,수집·운반
398,영산강유역환경청,광주광역시,광산구,(주)근영케미칼,광주 광산구 도천동도천북길 59,062-974-3445,수집·운반업,수집·운반
399,영산강유역환경청,광주광역시,광산구,자연환경(유),광주 광산구 우산천변길 67-30,062-674-2060,수집·운반업,수집·운반
400,영산강유역환경청,광주광역시,광산구,(주)지구환경서비스,광주 광산구 소촌로152번길 53-24 에이동호,062-675-1215,수집·운반업,수집·운반
401,영산강유역환경청,광주광역시,광산구,(주)빛고을환경,광주광역시 광산구 도천남길 41-27,062-954-7600,수집·운반업,수집·운반
402,영산강유역환경청,광주광역시,광산구,(주)대림정유,광주 광산구 하남산단7번로 42-3,062-952-3855,수집·운반업,수집·운반
403,영산강유역환경청,광주광역시,광산구,(주)아이온,광주광역시 광산구 하남산단1번로 23,062-531-6117,수집·운반업,수집·운반
404,영산강유역환경청,광주광역시,광산구,(주)전남클린코리아,"광주 광산구 체암로 1612, 나동",0629732431,수집·운반업,수집·운반
405,영산강유역환경청,광주광역시,남구,(주)중경,광주 남구 서문대로 834,062-953-8902,수집·운반업,수집·운반
406,영산강유역환경청,전라남도,광양시,승우산업개발(주),전남 광양시 금호동863-1,061-797-1500,수집·운반업,수집·운반
407,영산강유역환경청,전라남도,광양시,(유)세림상운,전남 광양시 마동421-2,061-792-5709,수집·운반업,수집·운반
408,영산강유역환경청,전라남도,광양시,서기산업(주),전남 광양시 성황동34-1,061-791-8383,수집·운반업,수집·운반
409,영산강유역환경청,전라남도,광양시,범창에너지,전남 광양시 옥정로 78,061-792-5960,수집·운반업,수집·운반
410,영산강유역환경청,전라남도,광양시,(주)상록,전남 광양시 옥곡면 신금산단5길 61,061-772-3500,수집·운반업,수집·운반
411,영산강유역환경청,전라남도,목포시,(주)목포청결사,전남 목포시 연산동둔재머리길 53,061-283-2816,수집·운반업,수집·운반
412,영산강유역환경청,전라남도,목포시,바다환경(주)-목포,전남 목포시 고하대로719번길 40-1,0612857223,수집·운반업,수집·운반
413,영산강유역환경청,전라남도,순천시,(주)세윤,전남 순천시 서면 압곡리572,061-755-1119,수집·운반업,수집·운반
414,영산강유역환경청,전라남도,순천시,에코그린환경,전남 순천시 서면 구만리221-1 (구만길 9),061-755-9766,수집·운반업,수집·운반
415,영산강유역환경청,전라남도,순천시,"백진환경(자)-운반,중간처리",전남 순천시 대룡길 10,061-742-6701,수집·운반업,수집·운반
416,영산강유역환경청,전라남도,순천시,(주)순천에코환경,전남 순천시 해룡면 해룡로 496,061-723-2442,수집·운반업,수집·운반
417,영산강유역환경청,전라남도,순천시,(유)미림산업,전남 순천시 서면 구랑실재길 103,0617410015,수집·운반업,수집·운반
418,영산강유역환경청,전라남도,여수시,(주)푸른환경,전남 여수시 여수산단2로 341,061-684-8844,수집·운반업,수집·운반
419,영산강유역환경청,전라남도,여수시,(유)동부환경,전남 여수시 상암로 325,061-653-7666,수집·운반업,수집·운반
420,영산강유역환경청,전라남도,여수시,(주)대신환경(전남여수),전남 여수시 소라면 봉두리922,061-685-3696,수집·운반업,수집·운반
421,영산강유역환경청,전라남도,여수시,(주)그린(여수),전남 여수시 봉계3길 19,061-691-4161,수집·운반업,수집·운반
422,영산강유역환경청,전라남도,여수시,재원산업(주),전남 여수시 낙포단지길 79,061-690-9272,수집·운반업,수집·운반
423,영산강유역환경청,전라남도,여수시,케이씨환경서비스(주)(소각)-월내,전남 여수시 진달래길 310-73,061-685-4149,수집·운반업,수집·운반
424,영산강유역환경청,전라남도,여수시,(주)청해이엔티,전남 여수시 소라면 운암길 5,061-654-2673,수집·운반업,수집·운반
425,영산강유역환경청,전라남도,여수시,해동이앤티(주),전남 여수시 여수산단1로 306,061-685-1525,수집·운반업,수집·운반
426,영산강유역환경청,전라남도,여수시,(주)그린포트(여수),전라남도 여수시 웅천남4로 17 비동 903호 (웅천동),061-685-9411,수집·운반업,수집·운반
427,영산강유역환경청,전라남도,여수시,(주)녹색환경산업(여수),전남 여수시 소라면 봉두로 61,061-685-3300,수집·운반업,수집·운반
428,영산강유역환경청,전라남도,여수시,(주)신정개발,전남 여수시 봉계2길 27,061-682-5537,수집·운반업,수집·운반
429,영산강유역환경청,전라남도,여수시,(주)제일이앤씨,전남 여수시 여수산단로 285-11,061-686-5720,수집·운반업,수집·운반
430,영산강유역환경청,전라남도,여수시,퍼스텍(주),전남 여수시 상암로 644-23,061-661-5000,수집·운반업,수집·운반
431,영산강유역환경청,전라남도,영암군,(유)천하환경,전남 영암군 삼호읍 백야길 29-215,061-464-3000,수집·운반업,수집·운반
432,영산강유역환경청,전라남도,장성군,대경에코서비스(주),전남 장성군 장성읍 유탕리1385-1,061-393-0433,수집·운반업,수집·운반
433,영산강유역환경청,전라남도,장성군,(주)명진,전남 장성군 황룡면 신호리84-1,061-392-5780,수집·운반업,수집·운반
434,영산강유역환경청,전라남도,여수시,씨앤에스(주),전남 여수시 여수산단1로 69(해산동),061-691-9300,수집·운반업,수집·운반
435,영산강유역환경청,전라남도,여수시,지구환경(주),전남 여수시 대평길 32,061-686-8258,수집·운반업,수집·운반
436,영산강유역환경청,전라남도,광양시,(주)에버그린,"전남 광양시 백운로 1027, 2층(성황동)",061-763-2810,수집·운반업,수집·운반
437,영산강유역환경청,광주광역시,북구,DS스틸,광주 북구 동운로32번길 30(동림동),062-522-3410,수집·운반업,수집·운반
438,영산강유역환경청,광주광역시,광산구,(주)무등환경,"광주 광산구 금봉로 18, 107호",062-946-0100,수집·운반업,수집·운반
439,영산강유역환경청,전라남도,여수시,(주)퍼스트환경,"(사무실)전남 여수시 어항로 7, 2층
(주차장)전남 여수시 여수산단2로 241",061-685-9537,수집·운반업,수집·운반
440,영산강유역환경청,전라남도,여수시,(주)우성로지스틱,전남 여수시 무선5길 1,061-686-3851,수집·운반업,수집·운반
441,영산강유역환경청,전라남도,광양시,성암산업(주),전남 광양시 산업로 1(태인동),061-798-8887,수집·운반업,수집·운반
442,영산강유역환경청,전라남도,광양시,(주)가나환경,전남 광양시 성황동 184-1,061-791-5566,수집·운반업,수집·운반
443,영산강유역환경청,전라남도,광양시,(주)한빛테크,"(사무실) 전남 광양시 옥룡면 사곡로 608
(주차장) 전남 광양시 백운로 955-8",061-763-7533,수집·운반업,수집·운반
444,영산강유역환경청,전라남도,영광군,"대한민국특수임무유공자회 
광주광역시지부",전남 영광군 군서면 군서로 364-16,061-352-5212,수집·운반업,수집·운반
445,영산강유역환경청,전라남도,장성군,유성리텍,전남 장성군 황룡면 황룡로 221,070-4112-0161,수집·운반업,수집·운반
446,원주지방환경청,강원도,강릉시,지우건설(주),강원 강릉시 월대산로 85-36(입암동),033-655-3533,수집·운반업,수집·운반
447,원주지방환경청,강원도,강릉시,형제에너지(주),강원 강릉시 강변로692번길 16,033-655-5177,수집·운반업,수집·운반
448,원주지방환경청,강원도,강릉시,(주)황소-운반,강원 강릉시 화부산로 8번길 4,033-655-7904,수집·운반업,수집·운반
449,원주지방환경청,강원도,삼척시,명진산업주식회사,강원 삼척시 우지1길 31,033-575-3003,수집·운반업,수집·운반
450,원주지방환경청,강원도,삼척시,(주)남동에너지,강원 삼척시 우지1길 23(우지동),033-575-4585,수집·운반업,수집·운반
451,원주지방환경청,강원도,영월군,행운기업주식회사(지정운반),강원 영월군 영월읍 봉래산로 169,033-375-4455,수집·운반업,수집·운반
452,원주지방환경청,강원도,영월군,신광환경합자회사,강원 영월군 영월읍 덕포리674-5,033-375-0104,수집·운반업,수집·운반
453,원주지방환경청,강원도,원주시,하나그린(주),강원 원주시 판부면 서곡길 177,033-761-0765,수집·운반업,수집·운반
454,원주지방환경청,강원도,원주시,중부신대한정유산업(주),강원 원주시 소초면 흥양리1193,033-747-4255,수집·운반업,수집·운반
455,원주지방환경청,강원도,원주시,(합)부흥환경,강원 원주시 지정면 보통로 561-4(보통리),033-734-6788,수집·운반업,수집·운반
456,원주지방환경청,강원도,원주시,천지에너텍,강원 원주시 문막읍 만디길 31(궁촌리) 천지에너텍,033-732-3328,수집·운반업,수집·운반
457,원주지방환경청,강원도,원주시,니즈환경,강원 원주시 문막읍 동화리 399-16,033-748-8273,수집·운반업,수집·운반
458,원주지방환경청,강원도,태백시,(주)태봉산업,강원 태백시 문곡동18-3,033-581-0082,수집·운반업,수집·운반
459,원주지방환경청,강원도,태백시,(합자)에스엠에코,강원 태백시 싸리밭길 50(화전동),033-552-2931,수집·운반업,수집·운반
460,원주지방환경청,충청북도,제천시,화신산업(주),충북 제천시 내토로 1107 1층(고암동),043-653-9745,수집·운반업,수집·운반
461,원주지방환경청,충청북도,제천시,(주)디와이텍,충북 제천시 단양로 3020 2층(대랑동),043-653-4018,수집·운반업,수집·운반
462,원주지방환경청,충청북도,제천시,대영산업(주),충북 제천시 고암동208-2,043-646-0663,수집·운반업,수집·운반
463,원주지방환경청,충청북도,제천시,(주)범창산업,충북 제천시 단양로3309-1(고명동),043-646-3194,수집·운반업,수집·운반
464,원주지방환경청,충청북도,충주시,(주)문화환경개발(운반),충북 충주시 안림동477-2,043-853-0369,수집·운반업,수집·운반
465,원주지방환경청,충청북도,충주시,(주)산수개발환경,충북 충주시 칠금동287번지,043-845-1143,수집·운반업,수집·운반
466,원주지방환경청,충청북도,충주시,케이그린(주),충북 충주시 대소원면 만정리17-2,043-854-8828,수집·운반업,수집·운반
467,원주지방환경청,충청북도,충주시,(주)중원인더스트리,충북 충주시 목행산단7로 10 (목행동),043-853-9027,수집·운반업,수집·운반
468,대구지방환경청,대구광역시,달서구,(주)서광기업,대구 달서구 장동15,053-584-9100,수집·운반업,수집·운반
469,대구지방환경청,대구광역시,달성군,대구환경,대구광역시 달성군 다사읍 서재로14길 28,053-593-0030,수집·운반업,수집·운반
470,대구지방환경청,대구광역시,달성군,주식회사 친환경,대구광역시 달성군 하빈면 달구벌대로8길 62,053-573-5003,수집·운반업,수집·운반
471,대구지방환경청,대구광역시,달성군,한국비철(주),대구 달성군 논공읍 비슬로264길 23,053-617-6300,수집·운반업,수집·운반
472,대구지방환경청,대구광역시,달성군,열린환경(주),대구광역시 달성군 현풍읍 현풍서로71길 7,053-639-8008,수집·운반업,수집·운반
473,대구지방환경청,대구광역시,달성군,주식회사 금백테크,대구 달성군 논공읍 비슬로264길 56,0536175002,수집·운반업,수집·운반
474,대구지방환경청,대구광역시,동구,(주)강동환경,대구 동구 괴전동159-2,053-965-3006,수집·운반업,수집·운반
475,대구지방환경청,대구광역시,동구,신성비철산업,대구 동구 안심로65길 10,053-963-8877,수집·운반업,수집·운반
476,대구지방환경청,대구광역시,동구,대경환경,대구 동구 용계동 931,053-964-0437,수집·운반업,수집·운반
477,대구지방환경청,대구광역시,동구,(주)삼우환경,대구 동구 괴전동323-2,053-964-2504,수집·운반업,수집·운반
478,대구지방환경청,대구광역시,동구,(주)녹색환경산업사,대구 동구 공항로31길 9-7,053-424-8271,수집·운반업,수집·운반
479,대구지방환경청,대구광역시,북구,(주)태경환경,대구 북구 복현동366-4,053-958-9595,수집·운반업,수집·운반
480,대구지방환경청,대구광역시,북구,대신테크,대구 북구 팔달북로8길 82-11,053-359-0610,수집·운반업,수집·운반
481,대구지방환경청,대구광역시,서구,(주)환경코리아,대구 서구 국채보상로7길 42-7,053-568-3060,수집·운반업,수집·운반
482,대구지방환경청,경상북도,경산시,성진환경(운반),경북 경산시 자인면 자인공단4로 6,053-857-3305,수집·운반업,수집·운반
483,대구지방환경청,경상북도,경산시,대경씨엔,경북 경산시 압량면 신월리330번지,053-817-0791,수집·운반업,수집·운반
484,대구지방환경청,경상북도,경산시,한빛에너지(주),경북 경산시 자인면 한장군로 480,053-854-4747,수집·운반업,수집·운반
485,대구지방환경청,경상북도,경산시,한일정유(주)(운반),경상북도 경산시 자인면 자인 공단로 50,053-856-8672,수집·운반업,수집·운반
486,대구지방환경청,경상북도,경산시,주식회사 지에스아이,경북 경산시 와촌면 금송로87길 44,054-336-7227,수집·운반업,수집·운반
487,대구지방환경청,경상북도,경산시,주식회사 건협,경북 경산시 진량읍 평사리120,053-856-0340,수집·운반업,수집·운반
488,대구지방환경청,경상북도,경산시,호경산업,경북 경산시 진량읍 두인길 9,053-851-0731,수집·운반업,수집·운반
489,대구지방환경청,경상북도,경산시,(주)뉴리소스,경북 경산시 자인면 일연로 130,053-710-0714,수집·운반업,수집·운반
490,대구지방환경청,경상북도,경주시,(주)녹색환경,경북 경주시 안강읍 두류길 208,054-762-6224,수집·운반업,수집·운반
491,대구지방환경청,경상북도,경주시,(주)클린코리아안강공장,경북 경주시 안강읍 두류길 162,054-762-7672,수집·운반업,수집·운반
492,대구지방환경청,경상북도,경주시,(주)동진환경,경북 경주시 천북면 동산리861,054-742-8572,수집·운반업,수집·운반
493,대구지방환경청,경상북도,경주시,(주)비씨에너지,경북 경주시 외동읍 개곡공단길 128,054-748-5960,수집·운반업,수집·운반
494,대구지방환경청,경상북도,경주시,(주)서원이엔티,경북 경주시 안강읍 두류길 178-12,054-763-7301,수집·운반업,수집·운반
495,대구지방환경청,경상북도,고령군,(주)민심산업,경북 고령군 다산면 나정리367,054-956-6879,수집·운반업,수집·운반
496,대구지방환경청,경상북도,고령군,남문개발주식회사,경북 고령군 우곡면 사촌리491-1 (우곡로 1156),054-956-0214,수집·운반업,수집·운반
497,대구지방환경청,경상북도,구미시,주은산업(주)-지정,경북 구미시 산동면성수4길 15,054-474-5063,수집·운반업,수집·운반
498,대구지방환경청,경상북도,구미시,"(주)태흥환경개발(운,처리자)",경북 구미시 장천면 신장리626-5,054-475-2288,수집·운반업,수집·운반
499,대구지방환경청,경상북도,구미시,(주)티케이케미칼수지공장,경북 구미시 1공단로6길 121,054-469-0204,수집·운반업,수집·운반
500,대구지방환경청,경상북도,구미시,경북환경에너지주식회사,경북 구미시 4공단로 44,054-475-4141,수집·운반업,수집·운반
501,대구지방환경청,경상북도,구미시,금오 리싸이클,경북 구미시 도량동810-5,054-455-4414,수집·운반업,수집·운반
502,대구지방환경청,경상북도,구미시,(주)한국이앤티,경북 구미시 인동가산로 562,054-474-8087,수집·운반업,수집·운반
503,대구지방환경청,경상북도,구미시,에이치에스씨케미칼,경북 구미시 신동180-1,0544711006,수집·운반업,수집·운반
504,대구지방환경청,경상북도,구미시,(주)에스에이치로지스-,"경북 구미시 인동25길 15, 202호",0544730208,수집·운반업,수집·운반
505,대구지방환경청,경상북도,군위군,홍익산업,경북 군위군 중앙길 51,054-383-1992,수집·운반업,수집·운반
506,대구지방환경청,경상북도,김천시,(주)중앙환경산업,경북 김천시 덕곡동673-2(아포대로 56-39),054-430-4244,수집·운반업,수집·운반
507,대구지방환경청,경상북도,김천시,(주)한백에코개발,경북 김천시 구농고6길 6,054-435-4343,수집·운반업,수집·운반
508,대구지방환경청,경상북도,상주시,(주)안석개발(운반자),경상북도 상주시 외서면 북상주로 783-7,054-541-9316,수집·운반업,수집·운반
509,대구지방환경청,경상북도,안동시,삼성석면환경(주),경북 안동시 서후면 풍산태사로 2671,054-859-1138,수집·운반업,수집·운반
510,대구지방환경청,경상북도,영주시,현대환경(주),경북 영주시 적서공단로 204,054-632-2626,수집·운반업,수집·운반
511,대구지방환경청,경상북도,영천시,(주)에스피켐텍,경북 영천시 금호읍 도남공단1길 5-35,054-332-1191,수집·운반업,수집·운반
512,대구지방환경청,경상북도,영천시,일성산업,경상북도 영천시 대창면 금창로 451-140,054-334-1900,수집·운반업,수집·운반
513,대구지방환경청,경상북도,영천시,(주)세화정유,경북 영천시 금호읍 칠백로 746,054-331-7403,수집·운반업,수집·운반
514,대구지방환경청,경상북도,영천시,(주)에스에이치산업,경상북도 영천시 채신1공단길 74-22,054-331-4997,수집·운반업,수집·운반
515,대구지방환경청,경상북도,영천시,신성유통,경북 영천시 금호읍 오계리65-2,054-332-3402,수집·운반업,수집·운반
516,대구지방환경청,경상북도,영천시,(주)자연환경,경북 영천시 도남공단3길 2,054-336-5200,수집·운반업,수집·운반
517,대구지방환경청,경상북도,영천시,(주)덕성,경북 영천시 채신1공단길 40-5,054-336-4341,수집·운반업,수집·운반
518,대구지방환경청,경상북도,영천시,(주)삼한알엔텍,경북 영천시 채신1공단길 60-8,054-338-5584,수집·운반업,수집·운반
519,대구지방환경청,경상북도,영천시,(주)에스피환경,경북 영천시 도남공단3길 25,054-336-0280,수집·운반업,수집·운반
520,대구지방환경청,경상북도,영천시,(주)피제이산업,경북 영천시 청통면 장수로 430,054-292-2290,수집·운반업,수집·운반
521,대구지방환경청,경상북도,울진군,시원환경(주),경북 울진군 북면 나곡리647-1,054-783-6441,수집·운반업,수집·운반
522,대구지방환경청,경상북도,칠곡군,(주)성은,경북 칠곡군 북삼읍 율리769-9,054-972-8147,수집·운반업,수집·운반
523,대구지방환경청,경상북도,칠곡군,(주)대구경북환경공사,경북 칠곡군 가산면 학하리923-5,053-525-6813,수집·운반업,수집·운반
524,대구지방환경청,경상북도,칠곡군,세일환경유통,경북 칠곡군 약목면 교8길 113-20,054-975-3100,수집·운반업,수집·운반
525,대구지방환경청,경상북도,칠곡군,금오환경개발,경북 칠곡군 약목면 관호리117번지,054-975-1456,수집·운반업,수집·운반
526,대구지방환경청,경상북도,칠곡군,사회복지법인 행복한사람들,경북 칠곡군 왜관읍 중앙로12길 19-1 3층,054-974-3030,수집·운반업,수집·운반
527,대구지방환경청,경상북도,칠곡군,(주)태인산업,경북 칠곡군 기산면 남평로 120,054-974-5599,수집·운반업,수집·운반
528,대구지방환경청,경상북도,포항시,(주)보원에코,경북 포항시 남구 연일읍 철강로107번길 17-6,054-285-3088,수집·운반업,수집·운반
529,대구지방환경청,경상북도,포항시,(주)가람환경산업,경북 포항시 남구 오천읍 문덕로64번길 33,054-293-0110,수집·운반업,수집·운반
530,대구지방환경청,경상북도,포항시,금강환경(주),경북 포항시 남구 연일읍 남성길1번길 66,054-285-9277,수집·운반업,수집·운반
531,대구지방환경청,경상북도,포항시,(주)면강,경북 포항시 남구 오천읍 냉천로 540,0542781700,수집·운반업,수집·운반
532,대구지방환경청,경상북도,포항시,(유)종운환경,경북 포항시 남구 정몽주로 823-10,054-291-1204,수집·운반업,수집·운반
533,대구지방환경청,경상북도,포항시,(주)성진티에스,경북 포항시 남구 효성로 70-20 201호,054-272-8190,수집·운반업,수집·운반
534,대구지방환경청,경상북도,포항시,대영환경(주),경북 포항시 남구 오천읍 문덕서로 155,054-293-5515,수집·운반업,수집·운반
535,대구지방환경청,경상북도,포항시,동일환경(주),경북 포항시 남구 연일읍연일로 342-36,054-286-0079,수집·운반업,수집·운반
536,대구지방환경청,경상북도,포항시,(주)유일,경북 포항시 남구 포스코대로 437,054-222-5204,수집·운반업,수집·운반
537,대구지방환경청,경상북도,포항시,(주)피앤비,경북 포항시 남구 오천읍 정몽주로 793,054-292-0095,수집·운반업,수집·운반
538,대구지방환경청,경상북도,포항시,매일환경(주),경북 포항시 남구 오천읍 문덕리 585-5,054-292-5677,수집·운반업,수집·운반
539,대구지방환경청,경상북도,안동시,동방환경산업(주),경북 안동시 수하동 797-30,054-859-7979,수집·운반업,수집·운반
540,대구지방환경청,경상북도,영천시,대금환경,경북 영천시 금호읍 삼호리 82-4,054-335-1577(F),수집·운반업,수집·운반
541,대구지방환경청,경상북도,경산시,(주)남부써비스,경북 경산시 압량면 신월리 73,053-817-3396,수집·운반업,수집·운반
542,대구지방환경청,경상북도,고령군,(주)유진씨엔디,경북 고령군 다산면 사문나루길 94-2,053-624-5800,수집·운반업,수집·운반
543,전북지방환경청,충청북도,청주시,주)대림 청주임시보관장소,충북 청주시 서원구 현도면 현도시동길 53,063-468-5455,수집·운반업,수집·운반
544,전북지방환경청,전라북도,군산시,(주)엔아이티,전북 군산시 서해로 259,063-467-4142,수집·운반업,수집·운반
545,전북지방환경청,전라북도,군산시,(주)대림-군산,전북 군산시 외항로 816,063-468-5455,수집·운반업,수집·운반
546,전북지방환경청,전라북도,군산시,(유)원산업,전북 군산시 미원동184,063-445-4251,수집·운반업,수집·운반
547,전북지방환경청,전라북도,군산시,(유)우주산업,전북 군산시 외항로 293-1,063-466-6693,수집·운반업,수집·운반
548,전북지방환경청,전라북도,군산시,(유)대한이앤이(군산),전북 군산시 옥서북길 276-27,063-451-7111,수집·운반업,수집·운반
549,전북지방환경청,전라북도,군산시,(주)대림(임시보관장 경유),전북 군산시 소룡동1647-2,063-468-5455,수집·운반업,수집·운반
550,전북지방환경청,전라북도,군산시,(유)레오텍해운,전북 군산시 외항안길 145,063-442-5189,수집·운반업,수집·운반
551,전북지방환경청,전라북도,군산시,(유)이문산업,전북 군산시 공항로 480,0634658384,수집·운반업,수집·운반
552,전북지방환경청,전라북도,김제시,(유)승미,전북 김제시 신풍동138-9,063-543-1718,수집·운반업,수집·운반
553,전북지방환경청,전라북도,익산시,(유)제이와이산업,전북 익산시 덕기1길 116,063-831-1130,수집·운반업,수집·운반
554,전북지방환경청,전라북도,익산시,(주)일진도시환경,전북 익산시 낭산면 낭산리99-2,063-856-1111,수집·운반업,수집·운반
555,전북지방환경청,전라북도,익산시,(유)클린환경산업,전북 익산시 왕궁면 온수리52-7,063-291-3244,수집·운반업,수집·운반
556,전북지방환경청,전라북도,전주시,(유)금솔,전북 전주시 덕진구 기린대로 1012,063-211-6900,수집·운반업,수집·운반
557,전북지방환경청,전라북도,전주시,(유)에스앤피,전북 전주시 덕진구 팔복로 252-8,063-212-7700,수집·운반업,수집·운반
558,전북지방환경청,전라북도,전주시,(유)삼우환경개발,전북 전주시 완산구 견훤로 155,063-291-8385,수집·운반업,수집·운반
559,전북지방환경청,전라북도,전주시,케이씨환경서비스(주)전주사업부,전주시 덕진구 서귀로 211-6,063-212-5261,수집·운반업,수집·운반
560,전북지방환경청,전라북도,정읍시,범유산업(주),전북 정읍시 정우면 정우길 79-13,063-538-8686,수집·운반업,수집·운반
561,전북지방환경청,전라북도,전주시,(유)초원석면환경,전북 전주시 덕진구 팔달로 310-7,063-275-1007,수집·운반업,수집·운반
562,전북지방환경청,전라북도,군산시,(유)태한산업,전북 군산시 성산면 군장대길 3,063-451-1799,수집·운반업,수집·운반
563,전북지방환경청,전라북도,정읍시,(유)세강알엔씨,전북 정읍시 고부면 고신길 37-11,063-538-0047,수집·운반업,수집·운반
564,제주특별자치도,제주특별자치도,제주시,유성화학(주),제주 제주시 조천읍 와산리1488-8,064-782-8936,수집·운반업,수집·운반
565,제주특별자치도,제주특별자치도,제주시,삼성환경자원,제주특별자치도 제주시 선반로2길 24,064-759-8828,수집·운반업,수집·운반
566,제주특별자치도,제주특별자치도,제주시,주식회사 서부자원,제주특별자치도 제주시 월산북길 13-1,064-713-4161,수집·운반업,수집·운반
567,한강유역환경청,인천광역시,남동구,(주)그린스코,인천 남동구 앵고개로654번길 99 남동공단,032-718-0164,중간처분업,소각
568,한강유역환경청,인천광역시,남동구,(주)이알지서비스,인천 남동구 남동서로316번길 41,032-822-2961,중간처분업,소각
569,한강유역환경청,인천광역시,서구,경인환경에너지(주),인천 서구 사렴로65번길 24,032-567-2929,중간처분업,소각
570,한강유역환경청,인천광역시,서구,(주)케이비아이텍,인천 서구 석남동223-21,032-571-3224,중간처분업,소각
571,한강유역환경청,경기도,평택시,(주)뉴그린,경기 평택시 포승읍 포승공단순환로 602,031-682-2700,중간처분업,소각
572,한강유역환경청,경기도,안산시,비노텍(주),경기 안산시 원시동836-9,031-491-5000,중간처분업,소각
573,한강유역환경청,경기도,안산시,한국환경개발(주),경기 안산시 단원구 첨단로207번길 5,031-498-6644,중간처분업,소각
574,한강유역환경청,경기도,안산시,성림유화(주),경기 안산시 단원구 첨단로 215,031-499-3813,중간처분업,소각
575,한강유역환경청,경기도,안산시,대일개발(주),경기 안산시 단원구 지원로 7,031-498-1451,중간처분업,소각
576,한강유역환경청,경기도,안산시,부경산업(주),경기 안산시 단원구 신원로91번길 12,031-491-3971,중간처분업,소각
577,한강유역환경청,경기도,시흥시,케이지이티에스(주),경기도 시흥시 소망공원로 5,031-488-1192,중간처분업,소각
578,한강유역환경청,경기도,화성시,신대한정유산업(주),"경기 화성시 정남면 고지리28-1,4번지(가장로 334-10)",031-352-3831,중간처분업,소각
579,한강유역환경청,경기도,양주시,(주)가나에너지,경기 양주시 남면 삼일로485번길 78-7,031-858-3201,중간처분업,소각
580,낙동강유역환경청,부산광역시,사하구,(주)에너지네트웍,부산시 사하구 강변대로 20,051-204-0000,중간처분업,소각
581,낙동강유역환경청,부산광역시,사하구,에이치엘비에너지주식회사,부산 사하구 감천항로291번길 80,051-266-6701,중간처분업,소각
582,낙동강유역환경청,울산광역시,남구,(주)토탈,울산 남구 용연동490-4,052-256-0207,중간처분업,소각
583,낙동강유역환경청,울산광역시,남구,NC울산(주)-처리자,"울산 남구 용잠로 339 (용잠동,NCC(주))",052-256-0111,중간처분업,소각
584,낙동강유역환경청,울산광역시,남구,(주)코엔텍,울산 남구 용잠로 328,052-228-7300,중간처분업,소각
585,낙동강유역환경청,울산광역시,울주군,(주)범우(울산),울산광역시 울주군 온산읍 온산로 219-3,052-238-1561,중간처분업,소각
586,낙동강유역환경청,울산광역시,울주군,(주)유니큰 온산공장,울산 울주군 온산읍 원산로 59,052-228-7011,중간처분업,소각
587,낙동강유역환경청,경상남도,창원시,KC환경서비스(주)창원사업부,경남 창원시 마산회원구 자유무역5길 100,055-251-7272,중간처분업,소각
588,낙동강유역환경청,경상남도,창원시,(주)창원에너텍,경남 창원시 성산구 남면로113번길 27,055-273-0500,중간처분업,소각
589,낙동강유역환경청,경상남도,양산시,NC양산(주),경남 양산시 산막동332-3,055-367-1515,중간처분업,소각
590,금강유역환경청,대전광역시,대덕구,(주)동양환경,대전 대덕구 문평동로48번길 125,042-933-0450,중간처분업,소각
591,금강유역환경청,충청북도,청주시,(주)다나에너지솔루션,충북 청주시 청원구 오창읍 여천3길 166,043-241-7887,중간처분업,소각
592,금강유역환경청,충청남도,천안시,(주)영흥산업환경,충남 천안시 동남구 목천읍 소사리187-4,041-554-7811,중간처분업,소각
593,금강유역환경청,충청남도,서산시,(주)서광하이테크,충남 서산시 대산읍죽엽로 388,041-663-7053,중간처분업,소각
594,금강유역환경청,충청남도,당진시,충청환경에너지(주),충남 당진시 송악읍 부곡공단로 73,041-356-9500,중간처분업,소각
595,금강유역환경청,충청남도,당진시,(주)대성에코에너지센터,충남 당진시 석문면 장고항리1421번지 (주)대성에코에너지센터,041-360-7300,중간처분업,소각
596,영산강유역환경청,전라남도,여수시,케이씨환경서비스(주)(소각)-월내,전남 여수시 진달래길 310-73,061-685-4149,중간처분업,소각
597,영산강유역환경청,전라남도,여수시,(주)와이엔텍,전남 여수시 여수산단로 1232,061-690-6914,중간처분업,소각
598,영산강유역환경청,전라남도,여수시,케이씨환경서비스(주)여수사업부(중간)-화치,전남 여수시 산단중앙로 30-36,061-805-9501,중간처분업,소각
599,원주지방환경청,강원도,동해시,(주)동해이엠씨,강원 동해시 공단2로 16(구호동 243-24),033-522-4900,중간처분업,소각
600,대구지방환경청,경상북도,포항시,네이처이앤티(주),경북 포항시 남구 대송면 철강로492번길 49,054-271-3151,중간처분업,소각
601,대구지방환경청,경상북도,경주시,정세환경기술(주),경북 경주시 두류길 218-44,054-761-6767,중간처분업,소각
602,대구지방환경청,경상북도,구미시,(주)케이비아이국인산업(구미),경북 구미시 3공단3로 46-79,054-473-1116,중간처분업,소각
603,대구지방환경청,경상북도,구미시,경북환경에너지주식회사,경북 구미시 4공단로 44,054-475-4141,중간처분업,소각
604,대구지방환경청,경상북도,영천시,(주)에스피환경,경북 영천시 도남동 214-1,054-336-0280,중간처분업,소각
605,전북지방환경청,전라북도,전주시,케이씨환경서비스(주)전주사업부,전북 전주시 덕진구 서귀로 211-6,063-212-5261,중간처분업,소각
606,전북지방환경청,전라북도,군산시,(주)엔아이티,전북 군산시 서해로 259,063-467-4142,중간처분업,소각
607,전북지방환경청,전라북도,군산시,한솔이엠이(주)군산사업소,전북 군산시 소룡동1585,063-467-2285,중간처분업,소각
608,한강유역환경청,경기도,평택시,(주)뉴그린,경기 평택시 포승읍 포승공단순환로 602,031-682-2700,중간처분업,기타
609,한강유역환경청,경기도,평택시,(주)포앤테크,경기도 평택시 오성면 양교리449-10,031-683-6873,중간처분업,기타
610,한강유역환경청,경기도,동두천시,(주)진성건설에너지,경기 동두천시 삼육사로659번길 42-14,031-866-2114,중간처분업,기타
611,한강유역환경청,경기도,안산시,한국환경개발(주),경기 안산시 단원구 첨단로207번길 5,031-498-6644,중간처분업,기타
612,한강유역환경청,경기도,안산시,성림유화(주),"경기도 안산시 단원구 첨단로 215(성곡동,성림유화(주))",031-499-3813,중간처분업,기타
613,한강유역환경청,경기도,안산시,대일개발(주),경기 안산시 단원구 지원로 7,031-498-1451,중간처분업,기타
614,한강유역환경청,경기도,시흥시,케이지이티에스(주),경기도 시흥시 옥구천동로 46,031-488-1192,중간처분업,기타
615,한강유역환경청,경기도,파주시,대덕피에스디(주),경기도 파주시 야동동247-8,031-947-1810,중간처분업,기타
616,한강유역환경청,경기도,화성시,신대한정유산업(주),"경기도 화성시 정남면 고지리28-1,4번지(가장로 334-10)",031-352-3831,중간처분업,기타
617,한강유역환경청,경기도,화성시,성림산업(주),경기도 화성시 우정읍 주곡리161-112,031-373-5771,중간처분업,기타
618,한강유역환경청,경기도,화성시,인바이오텍(주) 화성지점,경기도 화성시 팔탄면 율암리112-2,031-354-1990,중간처분업,기타
619,한강유역환경청,경기도,화성시,(주)하나이앤에스(처리),경기 화성시 장안면 화곡로 280-42,031-351-8872,중간처분업,기타
620,한강유역환경청,경기도,화성시,(주)씨에스에코,경기 화성시 장안면 매바위로366번길 68-13,031-354-6527,중간처분업,기타
621,한강유역환경청,경기도,화성시,대한케미칼(주),경기도 화성시 우정읍 버들로191번길 71-41,031-358-2256,중간처분업,기타
622,한강유역환경청,경기도,화성시,에스티에코(주),경기 화성시 정남면 가장로 324-20,031-352-3833,중간처분업,기타
623,한강유역환경청,경기도,화성시,에스지개발(주)화성지점,경기 화성시 장안면 고해길 59,031-358-2204,중간처분업,기타
624,낙동강유역환경청,경상남도,김해시,(주)봉수산업 김해사업소,경상남도 김해시 생림면 장재로520번길 8-75,070-8230-6267,중간처분업,기타
625,낙동강유역환경청,경상남도,김해시,학산금속공업(주),경남 김해시 생림면 장재로520번길 8-69,055-329-6312,중간처분업,기타
626,낙동강유역환경청,경상남도,양산시,(주)협진알씨,경남 양산시 산막공단남11길 65-9,055-362-0011,중간처분업,기타
627,금강유역환경청,대전광역시,유성구,(주)청정함,대전 유성구 복용로40번길 9 1층,042-546-8881,중간처분업,기타
628,금강유역환경청,대전광역시,대덕구,(주)동양환경,대전 대덕구 문평동로48번길 125,042-933-0450,중간처분업,기타
629,금강유역환경청,충청북도,진천군,(주)썬에너지,충청북도 진천군 초평면 은암리279번지,043-838-5670,중간처분업,기타
630,금강유역환경청,충청북도,진천군,(주)디와이솔루션-진천,충청북도 진천군 문백면 문진로 320-65,043-537-6541,중간처분업,기타
631,금강유역환경청,충청북도,진천군,(주)천호금속 진천공장,충북 진천군 광혜원면 진광로 1080,043-533-7730,중간처분업,기타
632,금강유역환경청,충청남도,논산시,(주)태평에어앤워터,충남 논산시 고내곡로 40-55,041-741-3500,중간처분업,기타
633,금강유역환경청,충청남도,당진시,인바이오텍(주) 당진지점,충청남도 당진시 송산면가곡로 210,041-356-7960,중간처분업,기타
634,금강유역환경청,충청남도,당진시,이엔케미칼(주)당진지점,충남 당진시 송산면 가곡로 200,041-430-8870,중간처분업,기타
635,영산강유역환경청,전라남도,여수시,(주)와이엔텍,전라남도 여수시 여수산단로 1232,061-690-6914,중간처분업,기타
636,영산강유역환경청,전라남도,광양시,승우산업개발(주),전라남도 광양시 금호동863-1,061-797-1500,중간처분업,기타
637,대구지방환경청,대구광역시,동구,신성비철산업,대구광역시 동구 안심로 347,053-963-8877,중간처분업,기타
638,대구지방환경청,대구광역시,서구,(주)환경코리아,대구 서구 국채보상로7길 42-7,053-568-3060,중간처분업,기타
639,대구지방환경청,대구광역시,북구,대신테크,대구 북구 팔달북로8길 82-11,053-359-0610,중간처분업,기타
640,대구지방환경청,대구광역시,달서구,(주)에스에이치,대구광역시 달서구 장기동750-1번지,053-593-8117,중간처분업,기타
641,대구지방환경청,대구광역시,달성군,(주)대흥금속,대구시 달성군 논공읍 논공로 69길 48,053-615-0500,중간처분업,기타
642,대구지방환경청,경상북도,경주시,(주)씨엠텍코리아,경상북도 경주시 서면 심곡리1138-7,054-700-9220,중간처분업,기타
643,대구지방환경청,경상북도,구미시,(주)티케이케미칼수지공장,경북 구미시 1공단로6길 121,054-469-0204,중간처분업,기타
644,대구지방환경청,경상북도,구미시,(주)에스이,경북 구미시 장천면 장천상림3길 83,054-476-6303,중간처분업,기타
645,대구지방환경청,경상북도,영천시,오케이테크,경상북도 영천시 도남동407,054-333-0555,중간처분업,기타
646,대구지방환경청,경상북도,영천시,(주)보광,경북 영천시 금호읍 오계공단길 1-55,053-241-5081,중간처분업,기타
647,대구지방환경청,경상북도,영천시,(주)앤씨티,경북 영천시 용내길 67-32,054-336-8372,중간처분업,기타
648,대구지방환경청,경상북도,칠곡군,보강산업,경북 칠곡군 가산면 학하리 808-1,054-971-4145,중간처분업,기타
649,대구지방환경청,경상북도,칠곡군,(주)알씨텍,경상북도 칠곡군 약목면 복성리366-2,054-977-3090,중간처분업,기타
650,전북지방환경청,전라북도,전주시,(유)에스앤피,전북 전주시 덕진구 팔복로 252-8,063-212-7700,중간처분업,기타
651,전북지방환경청,전라북도,군산시,(주)엔아이티,전북 군산시 서해로 259,063-467-4142,중간처분업,기타
652,전북지방환경청,전라북도,정읍시,(유)와이에스산업,전라북도 정읍시 감곡면 통석리989번지,063-571-8116,중간처분업,기타
653,한강유역환경청,경기도,화성시,(주)진흥중공업(소각매립),경기도 화성시 향남읍 구문천리 929-15,031-8059-2233,최종처분업,매립
654,낙동강유역환경청,울산광역시,남구,(주)유니큰,울산 남구 용잠동529-27,052-229-0600,최종처분업,매립
655,낙동강유역환경청,울산광역시,남구,(주)코엔텍,울산 남구 용잠로 328,052-228-7300,최종처분업,매립
656,낙동강유역환경청,울산광역시,울주군,(주)이에스티,울산 울주군 온산읍 당월리248,052-238-8721,최종처분업,매립
657,낙동강유역환경청,경상남도,창원시,에코시스템(주),경남 창원시 성산구 적현로279번길 167,055-210-3936,최종처분업,매립
658,금강유역환경청,충청남도,보령시,(주)보림씨에스,충남 보령시 웅천읍 대창증산로 166,041-932-2323,최종처분업,매립
659,금강유역환경청,충청남도,아산시,(주)세창이엔텍아산지점,충남 아산시 둔포면 아산밸리북로 155,041-548-0681,최종처분업,매립
660,영산강유역환경청,전라남도,여수시,(주)와이엔텍,전남 여수시 여수산단로 1232,061-690-6914,최종처분업,매립
661,영산강유역환경청,전라남도,여수시,한맥테코산업(주)-여수,전남 여수시 율촌면 율촌산단1로 219,061-683-1815,최종처분업,매립
662,영산강유역환경청,전라남도,여수시,케이씨환경서비스(주)여수사업부(최종)-화치,전남 여수시 산단중앙로 30-36,061-685-4149,최종처분업,매립
663,영산강유역환경청,전라남도,광양시,인선이엔티(주)광양,전남 광양시 제철로 2412,061-797-1516,최종처분업,매립
664,원주지방환경청,충청북도,충주시,아세아테크(주),충청북도 충주시 대소원면 첨단산업1로 279,043-844-6767,최종처분업,매립
665,원주지방환경청,충청북도,충주시,(주)에코비트 그린 충주,충북 충주시 대소원면 영평리750(메가폴리스 3로 95),070-4112-9000,최종처분업,매립
666,대구지방환경청,경상북도,포항시,네이처이앤티(주),경북 포항시 남구 대송면 철강로492번길 49,054-271-3151,최종처분업,매립
667,대구지방환경청,경상북도,포항시,에코시스템(주) 포항,경북 포항시 남구 대송면 송덕로 188,054-277-8288,최종처분업,매립
668,대구지방환경청,경상북도,경주시,(주)와이에스텍,경북 경주시 강동면 강동산단로1길 82,054-705-5805,최종처분업,매립
669,대구지방환경청,경상북도,경주시,(주)제넨바이오 경주지점-지정,경북 경주시 건천읍 용명공단길 173-160,054-751-6688,최종처분업,매립
670,대구지방환경청,경상북도,구미시,에코시스템(주)구미,경북 구미시 4공단로10길 56,054-476-5543,최종처분업,매립
671,대구지방환경청,경상북도,구미시,(주)이앤컴퍼니 구미지점,경북 구미시 산동읍 송백로 396,054-714-3115,최종처분업,매립
672,대구지방환경청,경상북도,고령군,(주)양원이엔지,경북 고령군 성산면 동고령산단2길 77,054-956-7250,최종처분업,매립
673,대구지방환경청,경상북도,성주군,(주)지엠이앤씨,경북 성주군 성주읍 성주산업단지로1길 102,054-933-9611,최종처분업,매립
674,전북지방환경청,전라북도,군산시,(주)케이비아이국인산업(군산),전북 군산시 외항로 1270,063-464-6075,최종처분업,매립
675,-,세종특별자치도,전의면,(주)이원켐텍,세종 전의면 산단길 21-142 (주)이원켐텍,044-868-2175,종합 재활용업,재활용
676,-,경기도,평택시,(주)현대그린텍,경기 평택시 청북면 청오로 439-53 토진리308-1,0316828813,종합 재활용업,재활용
677,-,경기도,화성시,중부산업(주),경기 화성시 팔탄면 하저리 16-1,031-356-8551,종합 재활용업,재활용
678,-,충청남도,논산시,시온텍논산공장,충남 논산시 연무읍 동산리 978번지,041-742-0401,종합 재활용업,재활용
679,-,전라북도,군산시,(유)에코,전북 군산시 서수면 상장곤윗길 58 ((유)에코),063-451-0192,종합 재활용업,재활용
680,-,전라북도,김제시,(주)지티산업,전북 김제시 백산면 대동공단2길 34-50 (수록리 968),063-544-9114,종합 재활용업,재활용
681,-,전라북도,익산시,(주)유광드럼,"전북 익산시 석암로1길 149 (팔봉동,(주)유광드림)",063-838-0123,종합 재활용업,재활용
682,-,경상북도,경주시,에스켐텍(주),경북 경주시 안강읍 두류길 100-39,0547637100,종합 재활용업,재활용
683,-,경상남도,김해시,(주)동서,경남 김해시 생림면 장재로 420-114 (주)동서,055-323-7161,중간 재활용업,재활용
684,-,경상남도,양산시,유국산업(주),"경남 양산시 어곡동 어곡공단4길 17-21 (어곡동,유국산업(주))",055-372-4800,중간 재활용업,재활용
685,-,대구광역시,달성군,한국비철(주),대구 달성군 논공읍 비슬로264길 23,053-617-6300,종합 재활용업,재활용
686,-,인천광역시,서구,(주)에코리사이클링(지정재활용),인천 서구 도담3로 13 (오류동),070-4416-6254,종합 재활용업,재활용
687,-,인천광역시,서구,(주)미광금속,인천 서구 경서동 363-169,032-568-8801,종합 재활용업,재활용
688,-,인천광역시,남동구,신명PM,"인천 남동구 승기천로 24 (고잔동,금강금속)",0328150968,종합 재활용업,재활용
689,-,인천광역시,남동구,에스지개발(주)(남동구),인천 남동구 고잔동 논현고잔로 56,032-421-0497,종합 재활용업,재활용
690,-,인천광역시,서구,(주)풍전비철,인천 서구 경서동 680-3,032-561-9111,종합 재활용업,재활용
691,-,울산광역시,울주군,고려아연(주) 온산제련소,울산 울주군 온산읍 이진로 139 고려아연(주) 온산제련소,0522316092,종합 재활용업,재활용
692,-,경기도,평택시,비투금속(주),경기 평택시 청북읍 백봉길 151 (백봉리),031-686-6151,중간 재활용업,재활용
693,-,경기도,김포시,평창산업(주),경기 김포시 하성면 원산리 122-7,031-989-7025,중간 재활용업,재활용
694,-,경기도,안산시,대양산업(주),경기 안산시 상록구 사동 1489-4,031-502-2297,종합 재활용업,재활용
695,-,경기도,화성시,(주)서원화성공장,경기 화성시 마도면 쌍송리 666-1,031-355-9591,종합 재활용업,재활용
696,-,경기도,평택시,(주)엔에이치리사이텍컴퍼니,"경기 평택시 현덕면 현덕로 350-3 ,350-4",02-1899-2567,종합 재활용업,재활용
697,-,경기도,안산시,(주)상신금속,경기 안산시 단원구 성곡동 701-3,031-499-4011,종합 재활용업,재활용
698,-,경기도,평택시,(주)디엠코리아,경기 평택시 청북읍 청북중앙로 277-44 (고잔리),031-681-4667,종합 재활용업,재활용
699,-,충청북도,진천군,(주)티에스케이프리텍,충북 진천군 초평면 오갑리 86번지,043-532-8191,종합 재활용업,재활용
700,-,충청북도,단양군,(주)지알엠(국내),충북 단양군 매포읍 매포농공단지로 260 (상괴리203),043-767-4080,종합 재활용업,재활용
701,-,충청북도,음성군,(주)광메탈,충북 음성군 생극면 관성리 5-1,043-877-8871,중간 재활용업,재활용
702,-,충청북도,음성군,주식회사 그린코어,충북 음성군 생극면 송곡길48번길 42-6 주식회사 그린코어,070-4128-7970,중간 재활용업,재활용
703,-,충청북도,음성군,(주)광메탈 제2공장,충북 음성군 원남면 상노리 751-4 (주)광메탈제2공장,043-750-8871,최종 재활용업,재활용
704,-,충청북도,옥천군,(주)미래리서스,"충북 옥천군 청산면 만월로 175 (만월리, 미래리서스공장)",043-733-7228,중간 재활용업,재활용
705,-,충청북도,진천군,(주)에코코리아,충북 진천군 덕산면 용몽리 694,043-537-5551,중간 재활용업,재활용
706,-,충청남도,공주시,(주)백제금속,충남 공주시 유구읍 유구외곽로 39 (녹천리),041-841-9955,종합 재활용업,재활용
707,-,충청남도,천안시,성일금속,충남 천안시 서북구 차암동 37번지,041-621-7721,중간 재활용업,재활용
708,-,전라북도,군산시,성일하이메탈(주),전북 군산시 군산산단로 143-15 (비응도동),063-462-0162,종합 재활용업,재활용
709,-,전라북도,군산시,(주)골든리버,전북 군산시 군산산단1길 50 (비응도동),063-467-3807,종합 재활용업,재활용
710,-,전라북도,군산시,(주)단석산업 군산1공장,전북 군산시 소룡동 1582-13,063-464-3541,종합 재활용업,재활용
711,-,전라남도,도 장,(주)동양메탈,전라남도 장성군 황룡면 강변로 452-13,061-903-5000,종합 재활용업,재활용
712,-,경상북도,영천시,(주)덕성,경북 영천시 채신동 채신1공단길 40-5 (채신동),054-336-4341,종합 재활용업,재활용
713,-,경상북도,경주시,에스켐텍(주),경북 경주시 안강읍 두류길 100-39,0547637100,종합 재활용업,재활용
714,-,경상북도,구미시,동호테크,경북 구미시 산동읍 동백로 243 (동곡리),054-474-2245,종합 재활용업,재활용
715,-,경상북도,경주시,(주)광태산업,경북 경주시 외동읍 모화리 50-66,054-774-8334,종합 재활용업,재활용
716,-,경상북도,경주시,주식회사 승헌 제2공장,경북 경주시 강동면 강동산단로1길 86-39 (왕신리),054-763-6684,종합 재활용업,재활용
717,-,경상북도,영천시,(주)국제금속,경북 영천시 금호읍 오계공단길 1-61,054-338-6625,종합 재활용업,재활용
718,-,경상북도,포항시,(주)레스코,경북 포항시 남구 중앙로62번길 4-1 (해도동),054-283-7930,중간 재활용업,재활용
719,-,경상남도,합천군,대경케미칼(주),경남 합천군 율곡면 대야로 1707 (와리),055-933-0090,종합 재활용업,재활용
720,-,경상남도,밀양시,(주)티에스케이프리텍 밀양지점,경남 밀양시 청도면 인산리 949,055-353-7970,중간 재활용업,재활용
721,-,경상남도,함안군,(주)화창,경남 함안군 칠서면 공단북길 78 ((주)화창),055-589-9037,종합 재활용업,재활용
722,-,경상남도,김해시,(주)이알,경남 김해시 한림면 안하로116번길 42,055-321-2203,종합 재활용업,재활용
723,-,충청북도,진천군,현대산업(주),충북 진천군 진천읍 송두4길 47-8 (현대산업),043-536-2207,종합 재활용업,재활용
724,-,전라북도,김제시,(주)지티산업,전북 김제시 백산면 대동공단2길 34-50 (수록리 968),063-544-9114,종합 재활용업,재활용
725,-,부산광역시,강서구,대호수지,부산 강서구 송정동 1648-4,051-831-2731,중간 재활용업,재활용
726,-,부산광역시,강서구,한솔환경,부산 강서구 송정동 녹산산업중로167번길 12 (송정동),051-831-4167,종합 재활용업,재활용
727,-,부산광역시,기장군,(주)고려화학,부산 기장군 정관면 용수공단2길 85 (고려화학),051-728-6237,중간 재활용업,재활용
728,-,대구광역시,달성군,한국비철(주),대구 달성군 논공읍 비슬로264길 23,053-617-6300,종합 재활용업,재활용
729,-,인천광역시,서구,신오케미칼(주),인천 서구 석남동 223-468,032-584-3901,종합 재활용업,재활용
730,-,인천광역시,남동구,(주)일성화학,인천 남동구 남동서로316번길 20,032-812-3001,중간 재활용업,재활용
731,-,인천광역시,서구,디엠시(주),인천 서구 오류동 434-68,032-569-6360,종합 재활용업,재활용
732,-,인천광역시,서구,(주)서경,인천 서구 원창로89번길 48 (원창동),032-574-3547,종합 재활용업,재활용
733,-,인천광역시,서구,(주)삼우화학,인천 서구 건지로97번길 26 (석남동),0325796688,종합 재활용업,재활용
734,-,인천광역시,서구,인천화학(주),인천 서구 가좌동 173-90,0325710282,종합 재활용업,재활용
735,-,인천광역시,남동구,(주)상우케미칼,인천 남동구 청능대로448번길 149-37 (고잔동),032-816-4411,종합 재활용업,재활용
736,-,인천광역시,서구,삼정금속(주),인천 서구 건지로109번길 33 (석남동 223-251),032-572-4196,종합 재활용업,재활용
737,-,광주광역시,남구,유한회사 그린메탈,"광주 남구 송하동 서문대로473번길 8-13 (송하동,태산기업)",062-674-2323,종합 재활용업,재활용
738,-,광주광역시,광산구,(주)메탈링크,광주 광산구 평동산단외로 197 (지죽동),062-514-6233,중간 재활용업,재활용
739,-,대전광역시,대덕구,대전공업사,대전 대덕구 읍내동 486,042-634-3391,중간 재활용업,재활용
740,-,대전광역시,대덕구,(주)동양이앤씨,대전 대덕구 대화로52번안길 18 (대화동),042-633-5022,종합 재활용업,재활용
741,-,대전광역시,대덕구,보림산업,대전 대덕구 평촌동 274-1,042-933-8900,종합 재활용업,재활용
742,-,울산광역시,남구,(주)일진신소재,"울산 남구 신여천로 41 (여천동,국제플랜트(주))",052-258-6471,종합 재활용업,재활용
743,-,울산광역시,울주군,고려아연(주) 온산제련소,울산 울주군 온산읍 이진로 139 고려아연(주) 온산제련소,0522316092,종합 재활용업,재활용
744,-,울산광역시,울주군,(주)비봉케미칼,울산 울주군 온산읍 화산로 219,052-272-3822,종합 재활용업,재활용
745,-,울산광역시,울주군,(주)에코솔루텍,울산 울주군 삼남면 가천리 852-149,052-264-8521,종합 재활용업,재활용
746,-,울산광역시,남구,명진산업,울산 남구 장생포로19번길 5 (여천동),052-274-6766,중간 재활용업,재활용
747,-,경기도,안산시,(주)에이치에스켐텍,경기 안산시 원시동 740번지 8B 4-2,031-491-8973,중간 재활용업,재활용
748,-,경기도,김포시,대영용기(주),경기 김포시 통진읍 가현로3번길 50 (가현리),031-988-8848,중간 재활용업,재활용
749,-,경기도,파주시,조일케미칼,경기 파주시 법원읍 법원리 480-2,031-959-7171,중간 재활용업,재활용
750,-,경기도,화성시,(주)케미온,경기 화성시 장안면 수촌리 1029-9,0313516801,중간 재활용업,재활용
751,-,경기도,화성시,주식회사 고도리,경기 화성시 우정읍 매바위로 221-56 (주곡리),0313588218,중간 재활용업,재활용
752,-,경기도,화성시,현대에코라인(주),경기 화성시 장안면 3.1만세로281번길 51,031-358-5506,종합 재활용업,재활용
753,-,경기도,평택시,(주)현대그린텍,경기 평택시 청북면 청오로 439-53 토진리308-1,0316828813,종합 재활용업,재활용
754,-,경기도,시흥시,협동산업(주),"경기 시흥시 정왕동 경기과기대로 249 (정왕동,(주)협동산업)",031-498-8301,중간 재활용업,재활용
755,-,경기도,안산시,(주)한국라이신화공사,경기 안산시 단원구 엠티브이5로 14 7사 801호 (목내동),031-432-1515,종합 재활용업,재활용
756,-,경기도,시흥시,(주)광진화학,"경기 시흥시 정왕동 옥구천서로185번길 46 (정왕동, 광진화학) 시화공단 1다 306호",031-498-4555,종합 재활용업,재활용
757,-,경기도,안산시,(주)삼우화학 안산지점,경기 안산시 단원구 해봉로 254 (성곡동),031-494-6544,종합 재활용업,재활용
758,-,경기도,시흥시,(주)태원 2공장,경기 시흥시 공단1대로80번길 16 시화공단 1다 302호 (정왕동),031-499-1357,종합 재활용업,재활용
759,-,경기도,시흥시,(주)창우,"경기 시흥시 공단1대로28번길 57 , 시화공단 1 라213 (정왕동)",0314976200,종합 재활용업,재활용
760,-,경기도,시흥시,(주)태원,경기 시흥시 옥구천서로93번길 65,031-499-1357,종합 재활용업,재활용
761,-,경기도,평택시,씨피켐(주),경기 평택시 포승읍 원정리 1203-6 (씨피텍(주)),031-683-3048,종합 재활용업,재활용
762,-,경기도,안산시,현대드럼산업(주),"경기 안산시 단원구 번영로10번길 9 (성곡동, 시화공단 4바 610-1 현대드럼산업)",031-431-0266,종합 재활용업,재활용
763,-,경기도,화성시,중부산업(주),경기 화성시 팔탄면 하저리 16-1,031-356-8551,종합 재활용업,재활용
764,-,경기도,화성시,(주)드럼코리아,경기 화성시 마도면 송정리530-34,031-355-9586,종합 재활용업,재활용
765,-,경기도,평택시,넥스테크(주),경기 평택시 청북면 청북중앙로 459-33,031-683-2461,종합 재활용업,재활용
766,-,경기도,시흥시,(주)광진화학엠티브이지점,경기 시흥시 정왕동 엠티브이 27로 58번길 15,031-498-4555,종합 재활용업,재활용
767,-,경기도,평택시,(주)엔에이치리사이텍컴퍼니,"경기 평택시 현덕면 현덕로 350-3 ,350-4",02-1899-2567,종합 재활용업,재활용
768,-,경기도,화성시,대성과학,경기 화성시 송산면 당성로 361-61,031-355-0753,종합 재활용업,재활용
769,-,경기도,안산시,(주)중일,경기 안산시 단원구 성곡동 635-6,031-494-3008,종합 재활용업,재활용
770,-,경기도,안산시,(주)상신금속,경기 안산시 단원구 성곡동 701-3,031-499-4011,종합 재활용업,재활용
771,-,경기도,화성시,(주)리코코리아,경기 화성시 우정읍 호곡리 1-121,031-494-6682,종합 재활용업,재활용
772,-,경기도,안산시,(주)화성씨제이,경기 안산시 단원구 별망로269번길 63 (성곡동),031-495-5691,종합 재활용업,재활용
773,-,경기도,화성시,우신화학(주),경기 화성시 정남면 문학리 719-2,031-354-5300,종합 재활용업,재활용
774,-,경기도,시흥시,케이지이티에스(주),경기 시흥시 소망공원로 5 (정왕동 1235-7),031-488-1192,종합 재활용업,재활용
775,-,경기도,평택시,(주)디엠코리아,경기 평택시 청북읍 청북중앙로 277-44 (고잔리),031-681-4667,종합 재활용업,재활용
776,-,경기도,양주시,두리텍,경기 양주시 고암동 501-1,031-863-2161,중간 재활용업,재활용
777,-,강원도,원주시,(주)뉴보텍 문막공장,강원 원주시 문막읍 동화큰골길 12-1 (동화리) (주)뉴보텍,033-742-6060,종합 재활용업,재활용
778,-,충청북도,청주시,영남기업,충북 청주시 흥덕구 강내면 황탄리길 85-45 영남기업,043-231-6991,종합 재활용업,재활용
779,-,충청북도,청주시,(사)청주산업단지관리공단,"충북 청주시 흥덕구 산단로 186 (봉명동, 동명종합건설)",043-266-0912,종합 재활용업,재활용
780,-,충청북도,진천군,협동산업(주)진천공장,충북 진천군 이월면 신월리 398-21,043-534-6241,종합 재활용업,재활용
781,-,충청북도,진천군,현대산업(주),충북 진천군 진천읍 송두4길 47-8 (현대산업),043-536-2207,종합 재활용업,재활용
782,-,충청북도,진천군,진솔화학(주),충북 진천군 문백면 평산리 503-2,043-532-8131,종합 재활용업,재활용
783,-,충청북도,진천군,주식회사 티에스케이프리텍 2공장,충북 진천군 초평면 초금로 160 주식회사 티에스케이프리텍 2공장,043-753-7000,종합 재활용업,재활용
784,-,충청북도,청주시,(주)세원산업,충북 청주시 흥덕구 옥산면 국사리 1079,07050997075,종합 재활용업,재활용
785,-,충청남도,천안시,(주)이한산업,충남 천안시 동남구 성남면 성남로 417,041-553-2544,종합 재활용업,재활용
786,-,충청남도,당진시,(주)광진화학 당진지점,충남 당진시 석문면 산단3로 8길 29-13,041-356-0216,종합 재활용업,재활용
787,-,충청남도,아산시,(주)한민,충남 아산시 둔포면 해위안길 82-10,041-532-8195,종합 재활용업,재활용
788,-,충청남도,천안시,(주)태원천안2공장,충남 천안시 동남구 성남면 대화리 369-1,041-562-1358,종합 재활용업,재활용
789,-,충청남도,당진시,씨피켐 (주)2공장,"충남 당진시 송산면 동곡로 155-66 (동곡리, (주)씨피켐2공장)",041-358-9100,종합 재활용업,재활용
790,-,충청남도,당진시,인바이오텍(주) 당진지점,충남 당진시 송산면 가곡로 210,041-356-7960,종합 재활용업,재활용
791,-,충청남도,예산군,삼지금속공업(주) 예당공장,"충남 예산군 고덕면 오추리 825, 삼지금속공업(주)",041-337-3933,종합 재활용업,재활용
792,-,충청남도,당진시,미주엔비켐(주) 석문,충남 당진시 석문면 통정리 1594,041-355-3558,종합 재활용업,재활용
793,-,충청남도,천안시,(주)동명케미칼,충남 천안시 동남구 성남면 5산단2로 36,041-557-3395,종합 재활용업,재활용
794,-,충청남도,아산시,(주)토리컴,충남 아산시 둔포면 아산밸리동로 78,041-537-6031,종합 재활용업,재활용
795,-,충청남도,천안시,주식회사 연송,충남 천안시 서북구 백석공단1로 97-14 (백석동),041-566-5581,종합 재활용업,재활용
796,-,충청남도,천안시,(주)태원 천안공장,충남 천안시 동남구 성남면 5산단2로 81,041-551-1357,종합 재활용업,재활용
797,-,충청남도,당진시,넥스테크(주) 당진공장,충남 당진시 석문면 산단3로8길 45-24 (통정리)1522번지,041-354-6622,종합 재활용업,재활용
798,-,충청남도,아산시,(주)세명테크,충남 아산시 둔포면 장영실로 922-5번지 (신남리 624-3),041-532-3707,종합 재활용업,재활용
799,-,충청남도,당진시,주식회사 삼주 당진공장,충남 당진시 송산면 동곡로 195 (동곡리),041-970-6282,종합 재활용업,재활용
800,-,전라북도,익산시,(주)에스제이켐,전북 익산시 왕궁면 광암리 577-102,063-836-9454,종합 재활용업,재활용
801,-,전라북도,군산시,(유)에코,전북 군산시 서수면 상장곤윗길 58 ((유)에코),063-451-0192,종합 재활용업,재활용
802,-,전라북도,군산시,성일하이메탈(주),전북 군산시 군산산단로 143-15 (비응도동),063-462-0162,종합 재활용업,재활용
803,-,전라북도,군산시,(주)우기화학,전북 군산시 비응도동 30-6,063-464-8086,종합 재활용업,재활용
804,-,전라북도,김제시,(주)지티산업,전북 김제시 백산면 대동공단2길 34-50 (수록리 968),063-544-9114,종합 재활용업,재활용
805,-,전라북도,군산시,(주)단석산업 군산1공장,전북 군산시 소룡동 1582-13,063-464-3541,종합 재활용업,재활용
806,-,전라북도,익산시,(주)유광드럼,"전북 익산시 석암로1길 149 (팔봉동,(주)유광드림)",063-838-0123,종합 재활용업,재활용
807,-,전라남도,나주시,주식회사 대산이엔지,전남 나주시 왕곡면 혁신산단6길 14 (덕산리) 주시회사 대산이엔지,0613338806,중간 재활용업,재활용
808,-,전라남도,도 장,(주)동양메탈,전라남도 장성군 황룡면 강변로 452-13,061-903-5000,종합 재활용업,재활용
809,-,경상북도,경산시,(주)이화실업,"경북 경산시 진량읍 일연로 639-8 (선화리, 주이화실업)",053-851-7390,종합 재활용업,재활용
810,-,경상북도,구미시,신오케미칼(주)구미1공장,경북 구미시 구포동 옥계2공단로 125 (구포동),054-475-8018,종합 재활용업,재활용
811,-,경상북도,구미시,에스엠(SM)환경산업,경북 구미시 장천면 학신로 278-11,054-471-7825,종합 재활용업,재활용
812,-,경상북도,영천시,(주)덕성,경북 영천시 채신동 채신1공단길 40-5 (채신동),054-336-4341,종합 재활용업,재활용
813,-,경상북도,구미시,(주)케이엠씨,경북 구미시 시미동 3공단3로 40 (시미동),054-472-0051,종합 재활용업,재활용
814,-,경상북도,고령군,(주)영한금속,경북 고령군 대가야읍 장기공단1길 46-20 장기리,054-956-5071,종합 재활용업,재활용
815,-,경상북도,영천시,(주)세기리텍,경북 영천시 금호읍 오계공단길 1-67 (어은리 386-1),054-334-8383,종합 재활용업,재활용
816,-,경상북도,영천시,(주)형제케미칼,경북 영천시 도남동 618-1,054-335-5091,종합 재활용업,재활용
817,-,경상북도,칠곡군,(주)엔코,경북 칠곡군 약목면 칠곡대로 472-12,054-975-1050,종합 재활용업,재활용
818,-,경상북도,구미시,(주)세화이에스,경북 구미시 3공단3로 196-5 (주)세화이에스,054-473-5757,종합 재활용업,재활용
819,-,경상북도,김천시,(주)새빗켐,경북 김천시 공단로 98 (대광동),054-431-3586,종합 재활용업,재활용
820,-,경상북도,영천시,(주)에스피켐텍,경북 영천시 금호읍 도남공단1길 5-35,054-332-1191,종합 재활용업,재활용
821,-,경상북도,경주시,양정산업주식회사 경주지점,경북 경주시 안강읍 두류길 218-96 양정산업주식회사 경주지점,054-763-0581,종합 재활용업,재활용
822,-,경상북도,칠곡군,(주)성은,경북 칠곡군 북삼읍 율리 769-9,054-972-8147,종합 재활용업,재활용
823,-,경상북도,영천시,오케이테크,경북 영천시 도남동 407,054-333-0555,종합 재활용업,재활용
824,-,경상북도,영천시,(주)드림텍,경북 영천시 채신동 채신1공단길 60-7 (채신동),054-338-0277,종합 재활용업,재활용
825,-,경상북도,영천시,(주)그린월드,경북 영천시 도남동 도남공단3길 2-1 (도남동),054-333-5933,종합 재활용업,재활용
826,-,경상북도,구미시,홍익이서화학(주)2공장,경북 구미시 구포동 옥계2공단로 179-60 (구포동),054-475-0063,종합 재활용업,재활용
827,-,경상북도,경산시,호경산업,경북 경산시 진량읍 두인길 9,053-851-0731,종합 재활용업,재활용
828,-,경상북도,구미시,(주)성은 구미공장,"경북 구미시 공단동 1공단로10길 53-24 (공단동,성은주식회사)",054-464-0086,종합 재활용업,재활용
829,-,경상북도,고령군,(주)제이씨,경북 고령군 고령읍 장기공단1길 112,054-956-4508,종합 재활용업,재활용
830,-,경상북도,영천시,(주)국제금속,경북 영천시 금호읍 오계공단길 1-61,054-338-6625,종합 재활용업,재활용
831,-,경상남도,양산시,(주)안평양산지점,"경남 양산시 산막동 산막공단북5길 81 (산막동,안평양산지점)",055-384-8126,종합 재활용업,재활용
832,-,경상남도,양산시,철당(주),"경남 양산시 산막동 산막공단북2길 22 (산막동,케이디아이(주))",055-362-1704,종합 재활용업,재활용
833,-,경상남도,함안군,(주)바이텍,경남 함안군 법수면 장백로 623-37,055-582-9949,중간 재활용업,재활용
834,-,경상남도,김해시,(주)유피,경남 김해시 주촌면 서부로1541번길 86-59 (내삼리),055-724-0233,중간 재활용업,재활용
835,-,경상남도,김해시,(주)비알피,경남 김해시 주촌면 서부로1409번길 40 (주)비알피,0557233360,중간 재활용업,재활용
836,-,경상남도,양산시,유국산업(주),"경남 양산시 어곡동 어곡공단4길 17-21 (어곡동,유국산업(주))",055-372-4800,중간 재활용업,재활용
837,-,경상남도,함안군,(주)화창,경남 함안군 칠서면 공단북길 78 ((주)화창),055-589-9037,종합 재활용업,재활용
838,-,경상남도,양산시,태영케미컬(주),경남 양산시 유산공단8길 73 (유산동),055-362-7661,중간 재활용업,재활용
839,-,경상남도,양산시,(주)씨엠아이,경남 양산시 교동 53-2,055-387-0066,종합 재활용업,재활용
840,-,인천광역시,서구,대성금속(주)-종합재활용,인천 서구 가좌동 173-77,032-575-8547,종합 재활용업,재활용
841,-,광주광역시,남구,유한회사 그린메탈,"광주 남구 송하동 서문대로473번길 8-13 (송하동,태산기업)",062-674-2323,종합 재활용업,재활용
842,-,대전광역시,대덕구,보림산업,대전 대덕구 평촌동 274-1,042-933-8900,종합 재활용업,재활용
843,-,울산광역시,남구,명진산업,울산 남구 장생포로19번길 5 (여천동),052-274-6766,중간 재활용업,재활용
844,-,경기도,김포시,대영용기(주),경기 김포시 통진읍 가현로3번길 50 (가현리),031-988-8848,중간 재활용업,재활용
845,-,경기도,화성시,현대에코라인(주),경기 화성시 장안면 3.1만세로281번길 51,031-358-5506,종합 재활용업,재활용
846,-,경기도,평택시,(주)현대그린텍,경기 평택시 청북면 청오로 439-53 토진리308-1,0316828813,종합 재활용업,재활용
847,-,경기도,시흥시,(주)태원 2공장,경기 시흥시 공단1대로80번길 16 시화공단 1다 302호 (정왕동),031-499-1357,종합 재활용업,재활용
848,-,경기도,시흥시,(주)창우,"경기 시흥시 공단1대로28번길 57 , 시화공단 1 라213 (정왕동)",0314976200,종합 재활용업,재활용
849,-,경기도,안산시,현대드럼산업(주),"경기 안산시 단원구 번영로10번길 9 (성곡동, 시화공단 4바 610-1 현대드럼산업)",031-431-0266,종합 재활용업,재활용
850,-,경기도,화성시,중부산업(주),경기 화성시 팔탄면 하저리 16-1,031-356-8551,종합 재활용업,재활용
851,-,경기도,화성시,(주)드럼코리아,경기 화성시 마도면 송정리530-34,031-355-9586,종합 재활용업,재활용
852,-,경기도,평택시,넥스테크(주),경기 평택시 청북면 청북중앙로 459-33,031-683-2461,종합 재활용업,재활용
853,-,경기도,시흥시,(주)광진화학엠티브이지점,경기 시흥시 정왕동 엠티브이 27로 58번길 15,031-498-4555,종합 재활용업,재활용
854,-,경기도,안산시,(주)화성씨제이,경기 안산시 단원구 별망로269번길 63 (성곡동),031-495-5691,종합 재활용업,재활용
855,-,경기도,시흥시,케이지이티에스(주),경기 시흥시 소망공원로 5 (정왕동 1235-7),031-488-1192,종합 재활용업,재활용
856,-,경기도,양주시,두리텍,경기 양주시 고암동 501-1,031-863-2161,중간 재활용업,재활용
857,-,강원도,원주시,(주)뉴보텍 문막공장,강원 원주시 문막읍 동화큰골길 12-1 (동화리) (주)뉴보텍,033-742-6060,종합 재활용업,재활용
858,-,충청북도,청주시,영남기업,충북 청주시 흥덕구 강내면 황탄리길 85-45 영남기업,043-231-6991,종합 재활용업,재활용
859,-,충청북도,진천군,협동산업(주)진천공장,충북 진천군 이월면 신월리 398-21,043-534-6241,종합 재활용업,재활용
860,-,충청북도,청주시,(주)세원산업,충북 청주시 흥덕구 옥산면 국사리 1079,07050997075,종합 재활용업,재활용
861,-,충청남도,천안시,(주)이한산업,충남 천안시 동남구 성남면 성남로 417,041-553-2544,종합 재활용업,재활용
862,-,충청남도,천안시,(주)동명케미칼,충남 천안시 동남구 성남면 5산단2로 36,041-557-3395,종합 재활용업,재활용
863,-,충청남도,당진시,넥스테크(주) 당진공장,충남 당진시 석문면 산단3로8길 45-24 (통정리)1522번지,041-354-6622,종합 재활용업,재활용
864,-,충청남도,아산시,(주)세명테크,충남 아산시 둔포면 장영실로 922-5번지 (신남리 624-3),041-532-3707,종합 재활용업,재활용
865,-,충청남도,당진시,주식회사 삼주 당진공장,충남 당진시 송산면 동곡로 195 (동곡리),041-970-6282,종합 재활용업,재활용
866,-,전라북도,익산시,(주)광진,전북 익산시 왕궁면 쌍제1길 83 (쌍제리),063-291-6312,종합 재활용업,재활용
867,-,전라북도,익산시,(주)에스제이켐,전북 익산시 왕궁면 광암리 577-102,063-836-9454,종합 재활용업,재활용
868,-,전라북도,군산시,(유)에코,전북 군산시 서수면 상장곤윗길 58 ((유)에코),063-451-0192,종합 재활용업,재활용
869,-,전라북도,군산시,(주)우기화학,전북 군산시 비응도동 30-6,063-464-8086,종합 재활용업,재활용
870,-,전라북도,김제시,(주)지티산업,전북 김제시 백산면 대동공단2길 34-50 (수록리 968),063-544-9114,종합 재활용업,재활용
871,-,전라북도,익산시,(주)유광드럼,"전북 익산시 석암로1길 149 (팔봉동,(주)유광드림)",063-838-0123,종합 재활용업,재활용
872,-,경상북도,구미시,신오케미칼(주)구미1공장,경북 구미시 구포동 옥계2공단로 125 (구포동),054-475-8018,종합 재활용업,재활용
873,-,경상북도,구미시,(주)세화이에스,경북 구미시 3공단3로 196-5 (주)세화이에스,054-473-5757,종합 재활용업,재활용
874,-,경상북도,칠곡군,(주)성은,경북 칠곡군 북삼읍 율리 769-9,054-972-8147,종합 재활용업,재활용
875,-,경상남도,김해시,(주)비알피,경남 김해시 주촌면 서부로1409번길 40 (주)비알피,0557233360,중간 재활용업,재활용
876,-,경상남도,함안군,(주)코바,경남 함안군 칠서면 삼칠로 806-20 ((주)코바),055-586-2203,종합 재활용업,재활용
877,-,경상남도,양산시,태광케미칼(주),"경남 양산시 산막공단북4길 30 (산막동, 태광케미칼(주))",055-387-5235,종합 재활용업,재활용
878,-,부산광역시,기장군,천광산업,부산 기장군 정관읍 산단4로 19 (달산리 1051-3),051-715-9983,중간 재활용업,재활용
879,-,대구광역시,달성군,한국비철(주),대구 달성군 논공읍 비슬로264길 23,053-617-6300,종합 재활용업,재활용
880,-,인천광역시,서구,(주)풍전비철,인천 서구 경서동 680-3,032-561-9111,종합 재활용업,재활용
881,-,울산광역시,울주군,고려아연(주) 온산제련소,울산 울주군 온산읍 이진로 139 고려아연(주) 온산제련소,0522316092,종합 재활용업,재활용
882,-,경기도,김포시,평창산업(주),경기 김포시 하성면 원산리 122-7,031-989-7025,중간 재활용업,재활용
883,-,경기도,안산시,대양산업(주),경기 안산시 상록구 사동 1489-4,031-502-2297,종합 재활용업,재활용
884,-,경기도,화성시,(주)서원화성공장,경기 화성시 마도면 쌍송리 666-1,031-355-9591,종합 재활용업,재활용
885,-,경기도,평택시,(주)한승비철금속,경기 평택시 청북면 청북중앙로 578-7 (고잔리),031-683-2030,종합 재활용업,재활용
886,-,충청북도,단양군,(주)지알엠(국내),충북 단양군 매포읍 매포농공단지로 260 (상괴리203),043-767-4080,종합 재활용업,재활용
887,-,충청남도,공주시,(주)백제금속,충남 공주시 유구읍 유구외곽로 39 (녹천리),041-841-9955,종합 재활용업,재활용
888,-,전라북도,군산시,성일하이메탈(주),전북 군산시 군산산단로 143-15 (비응도동),063-462-0162,종합 재활용업,재활용
889,-,전라북도,군산시,(주)단석산업 군산1공장,전북 군산시 소룡동 1582-13,063-464-3541,종합 재활용업,재활용
890,-,경상북도,영천시,(주)국제금속,경북 영천시 금호읍 오계공단길 1-61,054-338-6625,종합 재활용업,재활용
891,-,경상남도,합천군,대경케미칼(주),경남 합천군 율곡면 대야로 1707 (와리),055-933-0090,종합 재활용업,재활용
892,-,경상남도,함안군,(주)화창,경남 함안군 칠서면 공단북길 78 ((주)화창),055-589-9037,종합 재활용업,재활용
893,-,경상남도,김해시,동양금속공업사,경남 김해시 김해대로2596번길 11-28 (안동),055-324-1601,최종 재활용업,재활용
894,-,경상남도,양산시,(주)경남로지스,경남 양산시 북정동 산막공단로 56 (북정동),055-387-2277,중간 재활용업,재활용
895,-,대구광역시,달성군,한국비철(주),대구 달성군 논공읍 비슬로264길 23,053-617-6300,종합 재활용업,재활용
896,-,인천광역시,남동구,에스지개발(주)(남동구),인천 남동구 고잔동 논현고잔로 56,032-421-0497,종합 재활용업,재활용
897,-,인천광역시,서구,(주)풍전비철,인천 서구 경서동 680-3,032-561-9111,종합 재활용업,재활용
898,-,울산광역시,울주군,엘에스니꼬 동제련(주),울산 울주군 온산읍 산암로 148 LS-Nikko 동제련(주),052-231-0223,중간 재활용업,재활용
899,-,울산광역시,울주군,고려아연(주) 온산제련소,울산 울주군 온산읍 이진로 139 고려아연(주) 온산제련소,0522316092,종합 재활용업,재활용
900,-,경기도,안산시,(주)서원,경기 안산시 단원구 목내동 402-3,031-365-8785,중간 재활용업,재활용
901,-,경기도,김포시,평창산업(주),경기 김포시 하성면 원산리 122-7,031-989-7025,중간 재활용업,재활용
902,-,경기도,화성시,(주)유민기업,경기 화성시 남양읍 무하로36번길 29,031-355-0997,종합 재활용업,재활용
903,-,경기도,화성시,(주)서원화성공장,경기 화성시 마도면 쌍송리 666-1,031-355-9591,종합 재활용업,재활용
904,-,충청북도,단양군,(주)지알엠(국내),충북 단양군 매포읍 매포농공단지로 260 (상괴리203),043-767-4080,종합 재활용업,재활용
905,-,충청북도,음성군,(주)광메탈,충북 음성군 생극면 관성리 5-1,043-877-8871,중간 재활용업,재활용
906,-,충청북도,제천시,(주)케이엠,충북 제천시 내토로 1107 (고암동),043-642-9747,종합 재활용업,재활용
907,-,충청북도,옥천군,(주)미래리서스,"충북 옥천군 청산면 만월로 175 (만월리, 미래리서스공장)",043-733-7228,중간 재활용업,재활용
908,-,충청북도,진천군,(주)에코코리아,충북 진천군 덕산면 용몽리 694,043-537-5551,중간 재활용업,재활용
909,-,충청남도,공주시,(주)백제금속,충남 공주시 유구읍 유구외곽로 39 (녹천리),041-841-9955,종합 재활용업,재활용
910,-,전라북도,군산시,(주)골든리버,전북 군산시 군산산단1길 50 (비응도동),063-467-3807,종합 재활용업,재활용
911,-,전라북도,군산시,(주)단석산업 군산1공장,전북 군산시 소룡동 1582-13,063-464-3541,종합 재활용업,재활용
912,-,전라남도,광양시,(주)리스텍비즈,전남 광양시 금호동 제철로 2148-97 (금호동 859),061-797-2011,종합 재활용업,재활용
913,-,전라남도,광양시,(주)제철세라믹,전남 광양시 태인동 태인3길 80 1659번지,061-791-1850,종합 재활용업,재활용
914,-,전라남도,순천시,(주)지에스디케이,"전남 순천시 해룡면 율촌산단2로 23 (신성리, ㈜지에스디케이)",061-740-2782,종합 재활용업,재활용
915,-,경상북도,경주시,주식회사 징크옥사이드코퍼레이션,경북 경주시 천북면 천북산단로1길 8-65 징콕스코리아주식회사,054-778-7614,종합 재활용업,재활용
916,-,경상북도,경주시,베페사징크코리아주식회사,경북 경주시 천북면 천북산단로 265-15,054-777-3111,종합 재활용업,재활용
917,-,경상북도,포항시,(주)SIMPAC 포항1공장,경북 포항시 남구 괴동로 153 (괴동동),054-271-8743,종합 재활용업,재활용
918,-,경상북도,경주시,(주)황조,경북 경주시 안강읍 두류길 149 (두류공단) (주)황조,054-763-1711,종합 재활용업,재활용
919,-,경상북도,경주시,양정산업주식회사 경주지점,경북 경주시 안강읍 두류길 218-96 양정산업주식회사 경주지점,054-763-0581,종합 재활용업,재활용
920,-,경상북도,포항시,동일산업(주),"경북 포항시 남구 장흥동 괴동로 112 (장흥동,동일산업)",054-288-7781,종합 재활용업,재활용
921,-,경상북도,영천시,(주)동산에스엔알 영천공장,경북 영천시 금호읍 오계공단길 6-1,054-332-8443,종합 재활용업,재활용
922,-,경상북도,경주시,(주)광태산업,경북 경주시 외동읍 모화리 50-66,054-774-8334,종합 재활용업,재활용
923,-,경상북도,영천시,(주)국제금속,경북 영천시 금호읍 오계공단길 1-61,054-338-6625,종합 재활용업,재활용
924,-,경상북도,포항시,(주)레스코,경북 포항시 남구 중앙로62번길 4-1 (해도동),054-283-7930,중간 재활용업,재활용
925,-,경상남도,합천군,대경케미칼(주),경남 합천군 율곡면 대야로 1707 (와리),055-933-0090,종합 재활용업,재활용
926,-,경상남도,함안군,(주)화창,경남 함안군 칠서면 공단북길 78 ((주)화창),055-589-9037,종합 재활용업,재활용
927,-,경상남도,김해시,(주)비에스씨,경남 김해시 진영읍 본산리 858-15,055-346-4224,중간 재활용업,재활용
928,-,경상남도,김해시,(주)동산리싸이클링,경남 김해시 주촌면 내삼리 534-3,055-338-6229,종합 재활용업,재활용
929,-,경상남도,김해시,(주)이알,경남 김해시 한림면 안하로116번길 42,055-321-2203,종합 재활용업,재활용
930,-,경기도,화성시,(주)유민기업,경기 화성시 남양읍 무하로36번길 29,031-355-0997,종합 재활용업,재활용
931,-,울산광역시,남구,(주)일진신소재,"울산 남구 신여천로 41 (여천동,국제플랜트(주))",052-258-6471,종합 재활용업,재활용
932,-,울산광역시,울주군,GS에코메탈(주),울산 울주군 온산읍 화산1길 75-34 (화산리),052-237-5405,중간 재활용업,재활용
933,-,전라북도,군산시,성일하이메탈(주),전북 군산시 군산산단로 143-15 (비응도동),063-462-0162,종합 재활용업,재활용
934,-,전라북도,군산시,(주)골든리버,전북 군산시 군산산단1길 50 (비응도동),063-467-3807,종합 재활용업,재활용
935,-,전라남도,여수시,케이씨환경서비스(주)[재활용전문]-월내,전남 여수시 진달래길 310-75 (월내동),061-685-4149,종합 재활용업,재활용
936,-,경상북도,경산시,(주)영신금속,경북 경산시 진량읍 신상리 1206-11,053-856-6486,종합 재활용업,재활용
937,-,경상북도,경주시,주식회사 승헌 제2공장,경북 경주시 강동면 강동산단로1길 86-39 (왕신리),054-763-6684,종합 재활용업,재활용
938,-,경상남도,김해시,(주)건양메탈,경남 김해시 한림면 김해대로916번길 54-27 (주)건양메탈,055-345-2647,종합 재활용업,재활용
939,-,경상남도,함안군,홍징자원(주),경남 함안군 군북면 원북리 13-2,055-585-2240,중간 재활용업,재활용
940,-,경상남도,김해시,(주)영신금속김해공장,경남 김해시 유하로133번길 35 (유하동),055-337-6480,중간 재활용업,재활용
941,-,경상남도,김해시,(주)이알,경남 김해시 한림면 안하로116번길 42,055-321-2203,종합 재활용업,재활용
942,-,인천광역시,서구,엘티메탈(주),인천 서구 가좌동 173-89,032-714-5621,종합 재활용업,재활용
943,-,인천광역시,서구,(주)에닉스,인천 서구 가좌동 178-32,032-574-0025,중간 재활용업,재활용
944,-,경기도,평택시,(주)엔에이치리사이텍컴퍼니,"경기 평택시 현덕면 현덕로 350-3 ,350-4",02-1899-2567,종합 재활용업,재활용
945,-,경기도,안산시,(주)화성씨제이,경기 안산시 단원구 별망로269번길 63 (성곡동),031-495-5691,종합 재활용업,재활용
946,-,경기도,화성시,(주)하나이앤에스(처리),"경기 화성시 장안면 노진리 16-11, 16-13",031-351-8872,중간 재활용업,재활용
947,-,충청남도,논산시,(주)태성공영,충남 논산시 상월면 상월로 216-20,042-633-7520,종합 재활용업,재활용
948,-,전라북도,군산시,성일하이메탈(주),전북 군산시 군산산단로 143-15 (비응도동),063-462-0162,종합 재활용업,재활용
949,-,인천광역시,남동구,경외산업,인천 남동구 논현동 429-7,0328185592,중간 재활용업,재활용
950,-,부산광역시,강서구,(주)금산,부산 강서구 송정동 녹산산업중로 259 (송정동),051-831-6060,중간 재활용업,재활용
951,-,부산광역시,강서구,동락화학공업사,부산 강서구 송정동 녹산산단165로14번길 11-5 (송정동),051-831-6457,중간 재활용업,재활용
952,-,부산광역시,강서구,(주)정산인터내셔널,부산 강서구 송정동 녹산산단382로49번길 11 (송정동),051-960-3252,중간 재활용업,재활용
953,-,인천광역시,역시,(주)덕성,인천 남동구 남촌동 616-9 남동공단 9B-7L,0328142191,종합 재활용업,재활용
954,-,광주광역시,광산구,호남자원(광산구),광주 광산구 안청동 737-3,062-945-4455,중간 재활용업,재활용
955,-,대전광역시,대덕구,유니온정유(주),대전 대덕구 평촌동 148-1,042-933-0025,종합 재활용업,재활용
956,-,울산광역시,남구,덕화산업,"울산 남구 여천동 장생포로19번길 37 (여천동,덕화산업)",052-272-6325,종합 재활용업,재활용
957,-,울산광역시,남구,대흥산업(주),울산 남구 처용로 662 (황성동),052-276-4431,최종 재활용업,재활용
958,-,울산광역시,남구,(주)에너텍(울산),울산 남구 신여천로 99 (여천동),052-276-3914,중간 재활용업,재활용
959,-,울산광역시,남구,수성에스피시티(주),울산 남구 용잠로74번길 18 (부곡동),052-256-7445,중간 재활용업,재활용
960,-,울산광역시,남구,명성기업(주),"울산 남구 여천동 장생포로19번길 11-31 (여천동,명성기업(주))",052-276-6500,종합 재활용업,재활용
961,-,울산광역시,남구,(주)유수에너지,울산 남구 용연로 295-150 (용연동),052-256-3533,중간 재활용업,재활용
962,-,울산광역시,남구,삼영기업(주),울산 남구 용연로98번길 28 (용연동),052-257-0110,중간 재활용업,재활용
963,-,울산광역시,울주군,(주)네오 - 1공장,울산 울주군 온산읍 화산로 13 네오1공장,052-237-0451,중간 재활용업,재활용
964,-,울산광역시,울주군,(주)에코앤리소스,울산 울주군 삼동면 삼동로 63 ((주)에코앤리소스),052-913-3625,종합 재활용업,재활용
965,-,울산광역시,울주군,(주)네오 - 2공장,"울산 울주군 온산읍 우봉강양로 3-92 (우봉리, 네오) 2공장",052-237-0451,중간 재활용업,재활용
966,-,울산광역시,남구,한길(주),울산 남구 용연동 용연로 189 (용연동),052-256-6543,종합 재활용업,재활용
967,-,울산광역시,울주군,한원정밀화학(주),울산 울주군 온산읍 이진로 8,052-239-4931,중간 재활용업,재활용
968,-,울산광역시,울주군,(주)보성정유,울산 울주군 온산읍 화산로 121-1,052-237-0017,종합 재활용업,재활용
969,-,울산광역시,남구,NC울산(주)-처리자,울산 남구 용잠로 339 (용잠동),052-256-0111,중간 재활용업,재활용
970,-,울산광역시,남구,명진산업,울산 남구 장생포로19번길 5 (여천동),052-274-6766,중간 재활용업,재활용
971,-,울산광역시,울주군,온산서가산업,울산 울주군 온산읍 화산로 178,052-238-1975,중간 재활용업,재활용
972,-,울산광역시,울주군,(주)화성,울산 울주군 온산읍 회학3길 34 (주)화성,052-237-2929,종합 재활용업,재활용
973,-,세종특별자치도,별자치,금강리싸이클링,세종 청원군 부강면 시목부강로 453 금강리싸이클링,044-277-6684,중간 재활용업,재활용
974,-,세종특별자치도,전의면,(주)이원켐텍,세종 전의면 산단길 21-142 (주)이원켐텍,044-868-2175,종합 재활용업,재활용
975,-,경기도,시흥시,(주)대생산업,경기 시흥시 조남동 218-5,0314055213,중간 재활용업,재활용
976,-,경기도,오산시,대원화성(주),"경기 오산시 외삼미동 경기대로 868-14 (외삼미동,대원화성(주))",031-372-3992,중간 재활용업,재활용
977,-,경기도,화성시,동광산업,경기 화성시 장안면 수촌리 284-1,031-351-5234,중간 재활용업,재활용
978,-,경기도,용인시,케이씨환경산업(주),경기 용인시 처인구 백암면 죽양대로 829 (KC환경물류산업),031-323-5893,중간 재활용업,재활용
979,-,경기도,화성시,경기알엔씨,경기 화성시 향남읍 솔태상두길 291-25 (백토리),031-352-9771,중간 재활용업,재활용
980,-,경기도,화성시,진우산업(주),경기 화성시 정남면 내향로 240-55 (귀래리),0313663675,중간 재활용업,재활용
981,-,경기도,여주군,상원기공,경기 여주군 점동면 뇌곡리 325-3,031-884-2890,중간 재활용업,재활용
982,-,경기도,의왕시,성신금속상사,경기 의왕시 오전동 880,031-455-9066,종합 재활용업,재활용
983,-,경기도,안산시,덕산약품공업(주),경기 안산시 단원구 성곡동 635-1,031-495-4055,종합 재활용업,재활용
984,-,경기도,안성시,덕산실업(주),경기 안성시 미양면 미양로 269-130,0316711241,종합 재활용업,재활용
985,-,경기도,김포시,(주)리크린폼,경기 김포시 통진읍 가현리 865-38 12동,031-988-5182,종합 재활용업,재활용
986,-,경기도,평택시,(주)클린코리아,경기 평택시 진위면 서탄로 43-6 ((주)클린코리아),031-668-0211,종합 재활용업,재활용
987,-,경기도,평택시,동우화인켐(주)평택공장,경기 평택시 포승읍 포승공단로117번길 35 (동우화인켐(주)평택공장),031-659-4527,종합 재활용업,재활용
988,-,경기도,안산시,덕산약품공업(주) 2공장,"경기 안산시 단원구 신원로133번길 56 (성곡동,덕산약품공업(주))",031-495-4055,종합 재활용업,재활용
989,-,경기도,시흥시,(주)교우산업,경기 시흥시 공단1대로 244,0314990617,종합 재활용업,재활용
990,-,경기도,평택시,(주)교우산업 평택공장,경기 평택시 포승읍 원정리 1206-12,031-647-0737,종합 재활용업,재활용
991,-,경기도,안산시,현대드럼산업(주),"경기 안산시 단원구 번영로10번길 9 (성곡동, 시화공단 4바 610-1 현대드럼산업)",031-431-0266,종합 재활용업,재활용
992,-,경기도,화성시,중부산업(주),경기 화성시 팔탄면 하저리 16-1,031-356-8551,종합 재활용업,재활용
993,-,경기도,안산시,(주)삼창유화,경기 안산시 단원구 진흥로38번길 58,031-434-9621,종합 재활용업,재활용
994,-,경기도,평택시,주식회사 화인에코,경기 평택시 청북면 현곡길 168-11 번지,031-684-6667,종합 재활용업,재활용
995,-,경기도,화성시,(주)탑에코,경기 화성시 향남읍 장안로 662-107 (주)탑에코,031-8047-0407,종합 재활용업,재활용
996,-,경기도,화성시,엘티씨(주),경기 화성시 마도면 청원산단8길 114,070-4364-1214,종합 재활용업,재활용
997,-,경기도,화성시,성림산업(주),경기 화성시 우정읍 주곡리 161-112,0313735771,종합 재활용업,재활용
998,-,경기도,평택시,(주)대경이엔지,경기 평택시 서탄면 내천길 142-22,031-662-5130,종합 재활용업,재활용
999,-,경기도,평택시,(주)엔에이치리사이텍컴퍼니,"경기 평택시 현덕면 현덕로 350-3 ,350-4",02-1899-2567,종합 재활용업,재활용
1000,-,경기도,화성시,에스엘(주)전곡지점,경기 화성시 서신면 전곡산단4길 18 에스엘(주)전곡지점 (전곡리),031-8077-2248,종합 재활용업,재활용
1001,-,경기도,평택시,(주)클린솔루션,경기 평택시 청북면 고렴리 199-1,031-666-1056,종합 재활용업,재활용
1002,-,경기도,화성시,대양그린산업(주)-처리,경기 화성시 장안면 장안로227번길 35-31 35-32,031-353-0468,종합 재활용업,재활용
1003,-,경기도,평택시,(주)디엠코리아,경기 평택시 청북읍 청북중앙로 277-44 (고잔리),031-681-4667,종합 재활용업,재활용
1004,-,경기도,양주시,두리텍,경기 양주시 고암동 501-1,031-863-2161,중간 재활용업,재활용
1005,-,경기도,화성시,신대한정유산업(주),"경기 화성시 정남면 고지리 28-1,4번지(가장로 334-10)",031-352-3831,종합 재활용업,재활용
1006,-,경기도,고양시,(주)서울리사이클링,경기 고양시 일산동구 성석동 517-5,02-3143-6580,중간 재활용업,재활용
1007,-,강원도,원주시,(주)뉴보텍 문막공장,강원 원주시 문막읍 동화큰골길 12-1 (동화리) (주)뉴보텍,033-742-6060,종합 재활용업,재활용
1008,-,충청북도,청주시,영남기업,충북 청주시 흥덕구 강내면 황탄리길 85-45 영남기업,043-231-6991,종합 재활용업,재활용
1009,-,충청북도,진천군,협동산업(주)진천공장,충북 진천군 이월면 신월리 398-21,043-534-6241,종합 재활용업,재활용
1010,-,충청북도,진천군,현대산업(주),충북 진천군 진천읍 송두4길 47-8 (현대산업),043-536-2207,종합 재활용업,재활용
1011,-,충청북도,진천군,(주)영화,충북 진천군 덕산면 한천리 5-4,043-537-9986,종합 재활용업,재활용
1012,-,충청북도,진천군,주식회사 티에스케이프리텍 2공장,충북 진천군 초평면 초금로 160 주식회사 티에스케이프리텍 2공장,043-753-7000,종합 재활용업,재활용
1013,-,충청남도,천안시,(주)이한산업,충남 천안시 동남구 성남면 성남로 417,041-553-2544,종합 재활용업,재활용
1014,-,충청남도,서산시,(주)서광하이테크,충남 서산시 대산읍 죽엽로 382,041-663-7053,종합 재활용업,재활용
1015,-,충청남도,금산군,램테크놀러지(주),충남 금산군 군북면 군북로 1056 (램테크놀러지(주)),0417546470,종합 재활용업,재활용
1016,-,충청남도,공주시,(주)백제금속,충남 공주시 유구읍 유구외곽로 39 (녹천리),041-841-9955,종합 재활용업,재활용
1017,-,충청남도,서산시,아이피에이산업주식회사 대산공장,충남 서산시 대산읍 죽엽로 370 (대죽리),0416655901,종합 재활용업,재활용
1018,-,충청남도,서산시,(주)이엠테크,충남 서산시 대산읍 독곶1로 36-21,041-667-5800,종합 재활용업,재활용
1019,-,충청남도,천안시,한양산업개발(주),충남 천안시 동남구 북면 양곡1길 73,041-553-3797,종합 재활용업,재활용
1020,-,충청남도,예산군,(주)신암정유,충남 예산군 신암면 용산로 82-8 (주)신암정유,041-331-5140,종합 재활용업,재활용
1021,-,충청남도,금산군,대덕정유(주)복수사업소,"충남 금산군 복수면 다복로 537-34 (용진리, 대덕정유(주)복수사업소)",041-753-1301,종합 재활용업,재활용
1022,-,충청남도,서산시,서남환경에너지(주)대산공장,충남 서산시 대산읍 독곶2로 96-78 서남환경에너지(주)대산공장,041-665-9140,종합 재활용업,재활용
1023,-,충청남도,당진시,(주)알엔씨,충남 당진시 석문면 산단7로 62 (통정리 1455번지),041-430-8575,종합 재활용업,재활용
1024,-,충청남도,천안시,티알에스 주식회사,충남 천안시 동남구 성남면 용원1길 10,041-584-1222,종합 재활용업,재활용
1025,-,충청남도,아산시,(주)토리컴,충남 아산시 둔포면 아산밸리동로 78,041-537-6031,종합 재활용업,재활용
1026,-,충청남도,아산시,에이스켐(주),충남 아산시 신창면 환경공원로 227,041-911-9211,종합 재활용업,재활용
1027,-,충청남도,예산군,바이켐(주),충남 예산군 삽교읍 산단2길 53 효림리520,041-404-1800,종합 재활용업,재활용
1028,-,충청남도,천안시,성일금속,충남 천안시 서북구 차암동 37번지,041-621-7721,중간 재활용업,재활용
1029,-,전라북도,군산시,(주)교우산업 군산지점,전북 군산시 소룡동 1650-2,063-467-8667,종합 재활용업,재활용
1030,-,전라북도,군산시,(유)에코,전북 군산시 서수면 상장곤윗길 58 ((유)에코),063-451-0192,종합 재활용업,재활용
1031,-,전라북도,정읍시,(주)리엔켐,전북 정읍시 덕천면 신월리 219,063-535-7956,종합 재활용업,재활용
1032,-,전라북도,익산시,동우화인켐(주),"전북 익산시 신흥동 약촌로 132 (신흥동,동우반도체약품(주))",063-839-2759,종합 재활용업,재활용
1033,-,전라북도,김제시,(주)지티산업,전북 김제시 백산면 대동공단2길 34-50 (수록리 968),063-544-9114,종합 재활용업,재활용
1034,-,전라북도,정읍시,(주)씨에스캠,전북 정읍시 입암면 정읍남로 391-3 (주)씨에스캠,063-531-5557,종합 재활용업,재활용
1035,-,전라북도,군산시,(주)한농화성,"전북 군산시 외항1길 24 (소룡동, 한농화성)",063-462-2455,종합 재활용업,재활용
1036,-,전라북도,익산시,(주)유광드럼,"전북 익산시 석암로1길 149 (팔봉동,(주)유광드림)",063-838-0123,종합 재활용업,재활용
1037,-,전라북도,군산시,성일하이텍(주),"전북 군산시 군산산단로 143-12 (비응도동, 성일하이텍주식회사)",063-440-4732,종합 재활용업,재활용
1038,-,전라북도,익산시,(주)세호,"전북 익산시 낭산면 미륵사지로 900 (용기리, 세호테크익산공장)",063-858-9961,종합 재활용업,재활용
1039,-,전라남도,순천시,(주)대유홀딩스 순천지점,전남 순천시 서면 매천로 370 (주)대유홀딩스 순천지점,061-755-8600,종합 재활용업,재활용
1040,-,전라남도,순천시,(주)세일에너지,전남 순천시 별량면 녹색로 126 (세일에너지),061-742-3252,종합 재활용업,재활용
1041,-,전라남도,여수시,해동이앤티(주),전남 여수시 여수산단1로 306 (화치동),061-685-1525,최종 재활용업,재활용
1042,-,전라남도,순천시,(주)우리케미칼,전남 순천시 해룡면 율촌산단1로 19-62,061-725-5800,종합 재활용업,재활용
1043,-,전라남도,여수시,(주)이앤에프,전남 여수시 율촌면 율촌산단6로 74 (여동리),061-721-3003,종합 재활용업,재활용
1044,-,전라남도,여수시,재원산업(주),전남 여수시 낙포동 낙포단지길 79 재원산업(주),061-690-9272,종합 재활용업,재활용
1045,-,전라남도,영광군,(주)에스엠유화,전남 영광군 군서면 군서로 364-16,061-352-5211,종합 재활용업,재활용
1046,-,전라남도,강진군,이켐주식회사,전남 강진군 성전면 강진산단로2길 104 (명산리),070-7733-5751,종합 재활용업,재활용
1047,-,전라남도,여수시,이일산업(주),전남 여수시 삼동로 27-9 (주삼동),061-808-2161,종합 재활용업,재활용
1048,-,전라남도,순천시,(주)위드에프,전남 순천시 서면 순천로 781 (공장),0618110905,종합 재활용업,재활용
1049,-,전라남도,여수시,(주)케이아이엔티,전남 여수시 여수산단로 812 (중흥동),061-682-1457,종합 재활용업,재활용
1050,-,경상북도,칠곡군,비젼테크놀러지 주식회사,경북 칠곡군 약목면 경호천동길 62-18 비젼테크놀러지(주),054-975-2034,종합 재활용업,재활용
1051,-,경상북도,칠곡군,보강산업,경북 칠곡군 가산면 학신로 94-15 학하리 808-1,054-971-4145,종합 재활용업,재활용
1052,-,경상북도,구미시,에스엠(SM)환경산업,경북 구미시 장천면 학신로 278-11,054-471-7825,종합 재활용업,재활용
1053,-,경상북도,영천시,우석클린(주),경북 영천시 채신동 채신2공단길 79-18 (채신동),051-783-5182,종합 재활용업,재활용
1054,-,경상북도,영천시,남양캐미칼,경북 영천시 도남동 칠백로 808-3 (도남동),054-333-3047,중간 재활용업,재활용
1055,-,경상북도,구미시,(주)케이엠씨,경북 구미시 시미동 3공단3로 40 (시미동),054-472-0051,종합 재활용업,재활용
1056,-,경상북도,김천시,(주)클린솔루션,경북 김천시 어모면 은림로 50-14,054-434-1515,종합 재활용업,재활용
1057,-,경상북도,경산시,대한정밀화학(주),경북 경산시 자인면 자인공단로 71-7,053-856-4230,중간 재활용업,재활용
1058,-,경상북도,경주시,(주)강명산업사 안강지점,경북 경주시 안강읍 두류길 107 (주)강명산업사 안강지점,054-762-9851,종합 재활용업,재활용
1059,-,경상북도,경주시,(주)신디프,경북 경주시 안강읍 두류길 249-278 일원,054-701-2533,종합 재활용업,재활용
1060,-,경상북도,경주시,DK메탈,경북 경주시 안강읍 두류길 219 두류리 413-2,054-763-2464,종합 재활용업,재활용
1061,-,경상북도,경주시,(주)비씨에너지,경북 경주시 외동읍 개곡공단길 128 (주)비씨에너지,054-748-5960,종합 재활용업,재활용
1062,-,경상북도,칠곡군,(주)세신머티리얼즈,경북 칠곡군 북삼읍 칠곡대로 309-9,054-975-9228,종합 재활용업,재활용
1063,-,경상북도,경주시,(주)클린코리아안강공장,경북 경주시 안강읍 두류길 162 ((주)클린코리아),054-762-7672,종합 재활용업,재활용
1064,-,경상북도,고령군,씨켐,경북 고령군 개진면 개진산단길 40-47 씨켐,054-956-8841,종합 재활용업,재활용
1065,-,경상북도,경산시,(주)뉴리소스,경북 경산시 자인면 일연로 130 (북사리),053-710-0714,종합 재활용업,재활용
1066,-,경상북도,칠곡군,리코씰 주식회사,경북 칠곡군 약목면 교8길 50-12 리코씰 주식회사 (교리),054-973-2999,종합 재활용업,재활용
1067,-,경상남도,김해시,(주)동방유화,경남 김해시 주촌면 서부로 1701 번안길 58-218,055-329-0333,종합 재활용업,재활용
1068,-,경상남도,양산시,철당(주),"경남 양산시 산막동 산막공단북2길 22 (산막동,케이디아이(주))",055-362-1704,종합 재활용업,재활용
1069,-,경상남도,양산시,(주)도원산업,"경남 양산시 어곡동 어실로 482-1 (어곡동,도원산업)",055-387-0026,중간 재활용업,재활용
1070,-,경상남도,양산시,현대드럼(지정폐기물),"경남 양산시 웅상읍 소주공단로 61 (소주동,현대드럼)",055-388-7100,종합 재활용업,재활용
1071,-,경상남도,양산시,대진기업사,"경남 양산시 유산동 유산공단10길 66 (유산동,대진기업사)",055-385-4092,중간 재활용업,재활용
1072,-,경상남도,김해시,서남환경에너지주식회사,경남 김해시 상동면 동북로473번길 250-79 (매리),055-331-9140,중간 재활용업,재활용
1073,-,경상남도,김해시,대한화학(처리),경남 김해시 주촌면 내삼리 서부로 1403번길 64,055-338-1401,종합 재활용업,재활용
1074,-,경상남도,도 양,하나DS,경남 양산시 상북면 공원로 97 172번지,055-374-9332,중간 재활용업,재활용
1075,-,경상남도,양산시,태성ENG,경남 양산시 상북면 내석리 67-2,055-374-5503,중간 재활용업,재활용
1076,-,경상남도,양산시,준스틸텍,경남 양산시 유산공단8길 78-6 (유산동) 준스틸텍,055-385-5665,중간 재활용업,재활용
1077,-,경상남도,김해시,디유환경,경남 김해시 안곡로 132 (삼계동),055-342-2797,중간 재활용업,재활용
1078,-,경상남도,김해시,(주)제일자원,경남 김해시 진영읍 본산로269번길 28 본산공단,055-342-3625,종합 재활용업,재활용
1079,-,경상남도,김해시,(주)삼호에너지,경남 김해시 진영읍 서부로396번길 30-31,055-346-7993,중간 재활용업,재활용
1080,-,경상남도,김해시,가야 이엔에스,경남 김해시 진영읍 서부로396번길 20-65,055-343-6692,중간 재활용업,재활용
1081,-,경상남도,양산시,유국산업(주),"경남 양산시 어곡동 어곡공단4길 17-21 (어곡동,유국산업(주))",055-372-4800,중간 재활용업,재활용
1082,-,경상남도,김해시,(주)혁진 김해공장,경남 김해시 생림면 봉림로 115-148 봉림리 1035,055-322-6330,종합 재활용업,재활용
1083,-,경상남도,양산시,여주케미컬,경남 양산시 산막공단남11길 23-16 (호계동),0557811080,중간 재활용업,재활용
1084,-,경상남도,양산시,(주)동림산업,경남 양산시 산막공단남6길 7-1 (호계동),055-386-8501,종합 재활용업,재활용
1085,-,경상남도,김해시,이레산업,경남 김해시 진영읍 본산2로79번길 34,055-343-8509,종합 재활용업,재활용
1086,-,경상남도,함안군,(주)천강,경남 함안군 산인면 싸리재로 19,055-582-4760,종합 재활용업,재활용
1087,-,경상남도,양산시,태광케미칼(주),"경남 양산시 산막공단북4길 30 (산막동, 태광케미칼(주))",055-387-5235,종합 재활용업,재활용
1088,-,경상남도,양산시,(주)한국환경정유산업,경남 양산시 호계동 산막공단남14길 16,055-385-4171,중간 재활용업,재활용
1089,-,경상남도,김해시,(주)이알,경남 김해시 한림면 안하로116번길 42,055-321-2203,종합 재활용업,재활용
1090,-,경상남도,양산시,현대드럼투(주),경남 양산시 소주공단6길 32 (소주동),055-388-7100,종합 재활용업,재활용
1091,-,경상남도,김해시,(주)대영에너지,경남 김해시 안곡로 137 (주)대영에너지,0553397761,종합 재활용업,재활용
1092,-,경상남도,양산시,(주)신화테크,"경남 양산시 어곡로 187-1 (어곡동, SH산업)",055-366-3280,종합 재활용업,재활용
1093,-,경상남도,하동군,주식회사 디에스아이,경남 하동군 금남면 해안로 211-134 (주)디에스아이,055-884-5145,종합 재활용업,재활용
1094,-,경상남도,김해시,(주)미래텍,경남 김해시 진영읍 본산리 309-14,055-342-0678,종합 재활용업,재활용
1095,-,경상남도,함안군,디에너지주식회사,"경남 함안군 법수면 장백로 806 (대송리, 디에너지주식회사)",055-584-5995,종합 재활용업,재활용
1096,-,경상남도,도 김,대림,경남 김해시 진례면 고모로526번길 42-66 42-66,055-346-2094,중간 재활용업,재활용
1097,-,경상남도,김해시,(주)태원케미칼,경남 김해시 안곡로 59-2 (삼계동),055-339-6789,중간 재활용업,재활용
1098,-,부산광역시,사상구,(주)문창산업,부산 사상구 감전동 장인로17번길 38 (주)문창산업,051-317-2365,종합 재활용업,재활용
1099,-,인천광역시,서구,이경화학주식회사,"인천 서구 검단천로 155 (오류동,이알에스켐)",032-573-9200,종합 재활용업,재활용
1100,-,인천광역시,남동구,신영산업사,인천 남동구 고잔동 710-5호 남동공단 139B-6L,032-812-6061,종합 재활용업,재활용
1101,-,울산광역시,남구,우신산업,"울산 남구 여천동 신여천로35번길 26 우신산업 (여천동,우신산업)",052-275-9848,중간 재활용업,재활용
1102,-,세종특별자치도,별자치,(주)경동산업,세종 청원군 부강면 금호황성골길 10-40 (주)경동산업,044-277-6277,종합 재활용업,재활용
1103,-,경기도,김포시,대영용기(주),경기 김포시 통진읍 가현로3번길 50 (가현리),031-988-8848,중간 재활용업,재활용
1104,-,경기도,화성시,현대에코라인(주),경기 화성시 장안면 3.1만세로281번길 51,031-358-5506,종합 재활용업,재활용
1105,-,경기도,평택시,(주)현대그린텍,경기 평택시 청북면 청오로 439-53 토진리308-1,0316828813,종합 재활용업,재활용
1106,-,경기도,시흥시,협동산업(주),"경기 시흥시 정왕동 경기과기대로 249 (정왕동,(주)협동산업)",031-498-8301,중간 재활용업,재활용
1107,-,경기도,시흥시,제일산업,"경기 시흥시 정왕동 옥구천동로44번길 46 (정왕동,제일산업시화공장)",0313192119,종합 재활용업,재활용
1108,-,경기도,화성시,(주)드럼코리아,경기 화성시 마도면 송정리530-34,031-355-9586,종합 재활용업,재활용
1109,-,경기도,평택시,(주)오엔알,경기 평택시 오성면 양교리 890-9,031-8059-1372,종합 재활용업,재활용
1110,-,충청북도,진천군,(주)원테크,충북 진천군 광혜원면 죽현길 103 ((주)원테크),043-536-8226,종합 재활용업,재활용
1111,-,충청북도,진천군,(주)세송유화텍,충북 진천군 덕산면 신척리 425-31,043-536-1500,종합 재활용업,재활용
1112,-,충청북도,진천군,(주)범창,충북 진천군 이월면 수평1길 126 ((주)범창),043-534-5800,종합 재활용업,재활용
1113,-,충청북도,진천군,신성켐오일(주),충북 진천군 진천읍 송두4길 72-12 (신성켐오일(주)),043-533-7833,종합 재활용업,재활용
1114,-,충청북도,청주시,(주)인코케미컬,충북 청주시 흥덕구 강내면 황탄리길 130,043-231-3637,종합 재활용업,재활용
1115,-,충청북도,진천군,미지산업(주)진천공장,충북 진천군 이월면 수청길 153 미지산업(주),0435357361,종합 재활용업,재활용
1116,-,충청북도,진천군,(주)천지화학,충북 진천군 덕산면 화상리 135-7,043-537-8090,종합 재활용업,재활용
1117,-,충청남도,논산시,충청화학에너지(주),충남 논산시 가야곡면 동안로 1274-10 충청화학에너지(주),041-742-5182,종합 재활용업,재활용
1118,-,충청남도,당진시,코스람산업(주),충남 당진시 순성면 틀모시로 216 20,041-352-0780,종합 재활용업,재활용
1119,-,경상북도,영천시,(주)삼한알엔텍,경북 영천시 채신동 채신1공단길 60-8 (채신동),054-338-5584,종합 재활용업,재활용
1120,-,경상북도,경주시,(주)녹색에너텍,경북 경주시 안강읍 두류길 206,054-763-6945,종합 재활용업,재활용
1121,-,경상북도,도 영,(주)피제이산업 영천지점,경북 영천시 칠백로 808-11 (도남동)409번지,0543362290,종합 재활용업,재활용
1122,-,경상남도,김해시,(주)삼육특수유제,경남 김해시 어방동 김해대로2567번길 29 (어방동),055-336-2218,중간 재활용업,재활용
1123,-,경상남도,양산시,동광(주),경남 양산시 산막공단북13길 50 (산막동),055-362-3151,중간 재활용업,재활용
1124,-,경상남도,김해시,주식회사 이블루,경남 김해시 장유면 유하로133번길 63 (유하동),055-313-8468,중간 재활용업,재활용
1125,-,경상남도,김해시,(주)다우링에너지,경남 김해시 한림면 김해대로1402번길 147 (다우림에너지),055-346-3355,종합 재활용업,재활용
1126,-,인천광역시,서구,(주)에닉스,인천 서구 가좌동 178-32,032-574-0025,중간 재활용업,재활용
1127,-,울산광역시,남구,덕화산업,"울산 남구 여천동 장생포로19번길 37 (여천동,덕화산업)",052-272-6325,종합 재활용업,재활용
1128,-,울산광역시,남구,대흥산업(주),울산 남구 처용로 662 (황성동),052-276-4431,최종 재활용업,재활용
1129,-,울산광역시,남구,(주)에너텍(울산),울산 남구 신여천로 99 (여천동),052-276-3914,중간 재활용업,재활용
1130,-,울산광역시,남구,(주)토탈,울산 남구 용연동 490-4,052-256-0207,종합 재활용업,재활용
1131,-,울산광역시,울주군,(주)에코앤리소스,울산 울주군 삼동면 삼동로 63 ((주)에코앤리소스),052-913-3625,종합 재활용업,재활용
1132,-,울산광역시,남구,한길(주),울산 남구 용연동 용연로 189 (용연동),052-256-6543,종합 재활용업,재활용
1133,-,울산광역시,울주군,(주)보성정유,울산 울주군 온산읍 화산로 121-1,052-237-0017,종합 재활용업,재활용
1134,-,울산광역시,남구,(주)토탈,울산 남구 용연동 490-4,052-256-0207,종합 재활용업,재활용
1135,-,울산광역시,남구,명진산업,울산 남구 장생포로19번길 5 (여천동),052-274-6766,중간 재활용업,재활용
1136,-,세종특별자치도,별자치,(주)경동산업,세종 청원군 부강면 금호황성골길 10-40 (주)경동산업,044-277-6277,종합 재활용업,재활용
1137,-,경기도,시흥시,(주)대생산업,경기 시흥시 조남동 218-5,0314055213,중간 재활용업,재활용
1138,-,경기도,김포시,대영용기(주),경기 김포시 통진읍 가현로3번길 50 (가현리),031-988-8848,중간 재활용업,재활용
1139,-,경기도,화성시,경기알엔씨,경기 화성시 향남읍 솔태상두길 291-25 (백토리),031-352-9771,중간 재활용업,재활용
1140,-,경기도,화성시,진우산업(주),경기 화성시 정남면 내향로 240-55 (귀래리),0313663675,중간 재활용업,재활용
1141,-,경기도,화성시,현대에코라인(주),경기 화성시 장안면 3.1만세로281번길 51,031-358-5506,종합 재활용업,재활용
1142,-,경기도,평택시,(주)현대그린텍,경기 평택시 청북면 청오로 439-53 토진리308-1,0316828813,종합 재활용업,재활용
1143,-,경기도,시흥시,협동산업(주),"경기 시흥시 정왕동 경기과기대로 249 (정왕동,(주)협동산업)",031-498-8301,중간 재활용업,재활용
1144,-,경기도,의왕시,성신금속상사,경기 의왕시 오전동 880,031-455-9066,종합 재활용업,재활용
1145,-,경기도,화성시,한국자원트레이드,경기 화성시 팔탄면 덕우리 84-33,031-353-9909,종합 재활용업,재활용
1146,-,경기도,시흥시,(주)교우산업,경기 시흥시 공단1대로 244,0314990617,종합 재활용업,재활용
1147,-,경기도,평택시,(주)교우산업 평택공장,경기 평택시 포승읍 원정리 1206-12,031-647-0737,종합 재활용업,재활용
1148,-,경기도,안산시,현대드럼산업(주),"경기 안산시 단원구 번영로10번길 9 (성곡동, 시화공단 4바 610-1 현대드럼산업)",031-431-0266,종합 재활용업,재활용
1149,-,경기도,화성시,중부산업(주),경기 화성시 팔탄면 하저리 16-1,031-356-8551,종합 재활용업,재활용
1150,-,경기도,화성시,(주)드럼코리아,경기 화성시 마도면 송정리530-34,031-355-9586,종합 재활용업,재활용
1151,-,경기도,김포시,(주)대양피앤티,경기 김포시 하성면 원산리 185-15,031-987-8587,종합 재활용업,재활용
1152,-,경기도,안산시,(주)삼창유화,경기 안산시 단원구 진흥로38번길 58,031-434-9621,종합 재활용업,재활용
1153,-,경기도,평택시,주식회사 화인에코,경기 평택시 청북면 현곡길 168-11 번지,031-684-6667,종합 재활용업,재활용
1154,-,경기도,화성,비전테크 화성공장,경기도 화성시 장안면 방축말길35번길 60-20,0313513016,종합 재활용업,재활용
1155,-,경기도,화성시,(주)탑에코,경기 화성시 향남읍 장안로 662-107 (주)탑에코,031-8047-0407,종합 재활용업,재활용
1156,-,경기도,화성시,파스텔화학,경기 화성시 팔탄면 온천로 437-28 (율암리 823-2),031-353-1788,종합 재활용업,재활용
1157,-,경기도,화성시,성림산업(주),경기 화성시 우정읍 주곡리 161-112,0313735771,종합 재활용업,재활용
1158,-,경기도,평택시,(주)대경이엔지,경기 평택시 서탄면 내천길 142-22,031-662-5130,종합 재활용업,재활용
1159,-,경기도,화성시,한수자원(주),경기 화성시 향남읍 동오리 89-3 번지,03180591775,종합 재활용업,재활용
1160,-,경기도,화성시,에스엘(주)전곡지점,경기 화성시 서신면 전곡산단4길 18 에스엘(주)전곡지점 (전곡리),031-8077-2248,종합 재활용업,재활용
1161,-,경기도,평택시,(주)오엔알,경기 평택시 오성면 양교리 890-9,031-8059-1372,종합 재활용업,재활용
1162,-,경기도,화성시,(주)씨엠케이페인트사업부,경기 화성시 팔탄면 현대기아로 15-28(노하리 621-25),03180594500,종합 재활용업,재활용
1163,-,경기도,화성시,대양그린산업(주)-처리,경기 화성시 장안면 장안로227번길 35-31 35-32,031-353-0468,종합 재활용업,재활용
1164,-,경기도,화성시,신대한정유산업(주),"경기 화성시 정남면 고지리 28-1,4번지(가장로 334-10)",031-352-3831,종합 재활용업,재활용
1165,-,충청북도,진천군,협동산업(주)진천공장,충북 진천군 이월면 신월리 398-21,043-534-6241,종합 재활용업,재활용
1166,-,충청북도,진천군,현대산업(주),충북 진천군 진천읍 송두4길 47-8 (현대산업),043-536-2207,종합 재활용업,재활용
1167,-,충청북도,진천군,(주)세송유화텍,충북 진천군 덕산면 신척리 425-31,043-536-1500,종합 재활용업,재활용
1168,-,충청북도,진천군,(주)범창,충북 진천군 이월면 수평1길 126 ((주)범창),043-534-5800,종합 재활용업,재활용
1169,-,충청북도,청주시,(주)인코케미컬,충북 청주시 흥덕구 강내면 황탄리길 130,043-231-3637,종합 재활용업,재활용
1170,-,충청북도,진천군,(주)천지화학,충북 진천군 덕산면 화상리 135-7,043-537-8090,종합 재활용업,재활용
1171,-,충청남도,논산시,충청화학에너지(주),충남 논산시 가야곡면 동안로 1274-10 충청화학에너지(주),041-742-5182,종합 재활용업,재활용
1172,-,충청남도,당진시,코스람산업(주),충남 당진시 순성면 틀모시로 216 20,041-352-0780,종합 재활용업,재활용
1173,-,충청남도,금산군,대덕정유(주)복수사업소,"충남 금산군 복수면 다복로 537-34 (용진리, 대덕정유(주)복수사업소)",041-753-1301,종합 재활용업,재활용
1174,-,충청남도,당진시,(주)알엔씨,충남 당진시 석문면 산단7로 62 (통정리 1455번지),041-430-8575,종합 재활용업,재활용
1175,-,충청남도,아산시,(주)토리컴,충남 아산시 둔포면 아산밸리동로 78,041-537-6031,종합 재활용업,재활용
1176,-,충청남도,아산시,에이스켐(주),충남 아산시 신창면 환경공원로 227,041-911-9211,종합 재활용업,재활용
1177,-,전라북도,군산시,(주)교우산업 군산지점,전북 군산시 소룡동 1650-2,063-467-8667,종합 재활용업,재활용
1178,-,전라북도,군산시,(유)에코,전북 군산시 서수면 상장곤윗길 58 ((유)에코),063-451-0192,종합 재활용업,재활용
1179,-,전라북도,군산시,성일하이메탈(주),전북 군산시 군산산단로 143-15 (비응도동),063-462-0162,종합 재활용업,재활용
1180,-,전라북도,군산시,(주)골든리버,전북 군산시 군산산단1길 50 (비응도동),063-467-3807,종합 재활용업,재활용
1181,-,전라북도,김제시,(주)지티산업,전북 김제시 백산면 대동공단2길 34-50 (수록리 968),063-544-9114,종합 재활용업,재활용
1182,-,전라북도,익산시,(주)유광드럼,"전북 익산시 석암로1길 149 (팔봉동,(주)유광드림)",063-838-0123,종합 재활용업,재활용
1183,-,전라남도,여수시,해동이앤티(주),전남 여수시 여수산단1로 306 (화치동),061-685-1525,중간 재활용업,재활용
1184,-,전라남도,여수시,해동이앤티(주),전남 여수시 여수산단1로 306 (화치동),061-685-1525,최종 재활용업,재활용
1185,-,경상북도,영천시,남양캐미칼,경북 영천시 도남동 칠백로 808-3 (도남동),054-333-3047,중간 재활용업,재활용
1186,-,경상북도,경주시,(주)강명산업사 안강지점,경북 경주시 안강읍 두류길 107 (주)강명산업사 안강지점,054-762-9851,종합 재활용업,재활용
1187,-,경상북도,경주시,(주)비씨에너지,경북 경주시 외동읍 개곡공단길 128 (주)비씨에너지,054-748-5960,종합 재활용업,재활용
1188,-,경상북도,경주시,(주)클린코리아안강공장,경북 경주시 안강읍 두류길 162 ((주)클린코리아),054-762-7672,종합 재활용업,재활용
1189,-,경상북도,경주시,(주)광태산업,경북 경주시 외동읍 모화리 50-66,054-774-8334,종합 재활용업,재활용
1190,-,경상남도,양산시,철당(주),"경남 양산시 산막동 산막공단북2길 22 (산막동,케이디아이(주))",055-362-1704,종합 재활용업,재활용
1191,-,경상남도,양산시,(주)도원산업,"경남 양산시 어곡동 어실로 482-1 (어곡동,도원산업)",055-387-0026,중간 재활용업,재활용
1192,-,경상남도,양산시,동광(주),경남 양산시 산막공단북13길 50 (산막동),055-362-3151,중간 재활용업,재활용
1193,-,경상남도,양산시,대진기업사,"경남 양산시 유산동 유산공단10길 66 (유산동,대진기업사)",055-385-4092,중간 재활용업,재활용
1194,-,경상남도,김해시,서남환경에너지주식회사,경남 김해시 상동면 동북로473번길 250-79 (매리),055-331-9140,중간 재활용업,재활용
1195,-,경상남도,김해시,대한화학(처리),경남 김해시 주촌면 내삼리 서부로 1403번길 64,055-338-1401,종합 재활용업,재활용
1196,-,경상남도,도 양,하나DS,경남 양산시 상북면 공원로 97 172번지,055-374-9332,중간 재활용업,재활용
1197,-,경상남도,양산시,(주)오픈기업,"경남 양산시 산막공단남12길 46 (호계동,오픈기업)",055-387-0245,중간 재활용업,재활용
1198,-,경상남도,양산시,태성ENG,경남 양산시 상북면 내석리 67-2,055-374-5503,중간 재활용업,재활용
1199,-,경상남도,양산시,준스틸텍,경남 양산시 유산공단8길 78-6 (유산동) 준스틸텍,055-385-5665,중간 재활용업,재활용
1200,-,경상남도,김해시,대흥케미칼,경남 김해시 한림면 용덕로 188-9,055-345-0047,중간 재활용업,재활용
1201,-,경상남도,김해시,디유환경,경남 김해시 안곡로 132 (삼계동),055-342-2797,중간 재활용업,재활용
1202,-,경상남도,김해시,(주)제일자원,경남 김해시 진영읍 본산로269번길 28 본산공단,055-342-3625,종합 재활용업,재활용
1203,-,경상남도,김해시,(주)삼호에너지,경남 김해시 진영읍 서부로396번길 30-31,055-346-7993,중간 재활용업,재활용
1204,-,경상남도,김해시,가야 이엔에스,경남 김해시 진영읍 서부로396번길 20-65,055-343-6692,중간 재활용업,재활용
1205,-,경상남도,양산시,유국산업(주),"경남 양산시 어곡동 어곡공단4길 17-21 (어곡동,유국산업(주))",055-372-4800,중간 재활용업,재활용
1206,-,경상남도,양산시,여주케미컬,경남 양산시 산막공단남11길 23-16 (호계동),0557811080,중간 재활용업,재활용
1207,-,경상남도,양산시,(주)동림산업,경남 양산시 산막공단남6길 7-1 (호계동),055-386-8501,종합 재활용업,재활용
1208,-,경상남도,김해시,동양금속공업사,경남 김해시 김해대로2596번길 11-28 (안동),055-324-1601,최종 재활용업,재활용
1209,-,경상남도,김해시,(주)다우링에너지,경남 김해시 한림면 김해대로1402번길 147 (다우림에너지),055-346-3355,종합 재활용업,재활용
1210,-,경상남도,양산시,태광케미칼(주),"경남 양산시 산막공단북4길 30 (산막동, 태광케미칼(주))",055-387-5235,종합 재활용업,재활용
1211,-,경상남도,통영시,(주)동운크린텍,경남 통영시 광도면 은황길 364 은황길 364,055-649-0308,중간 재활용업,재활용
1212,-,경상남도,양산시,(주)한국환경정유산업,경남 양산시 호계동 산막공단남14길 16,055-385-4171,중간 재활용업,재활용
1213,-,경상남도,김해시,한스틸,경남 김해시 진례면 고모리 고모로526번길 51-9,055-345-7057,중간 재활용업,재활용
1214,-,경상남도,김해시,(주)이알,경남 김해시 한림면 안하로116번길 42,055-321-2203,종합 재활용업,재활용
1215,-,경상남도,김해시,(주)대영에너지,경남 김해시 안곡로 137 (주)대영에너지,0553397761,종합 재활용업,재활용
1216,-,경상남도,김해시,피엘비(PLB),경남 김해시 한림면 김해대로916번길 40-22,055-346-6497,중간 재활용업,재활용
1217,-,부산광역시,강서구,새광엔텍,부산 강서구 송정동 1771-10,051-831-0335,중간 재활용업,재활용
1218,-,부산광역시,기장군,(주)동방비에프,"부산 기장군 정관읍 용수공단2길 51 (용수리, 동방부라쉬)",051-728-5577,종합 재활용업,재활용
1219,-,부산광역시,강서구,(주)지오환경(강서구),부산 강서구 송정동 녹산산단165로14번길 11-13 (송정동),051-831-1954,종합 재활용업,재활용
1220,-,대구광역시,동구,신성비철산업,대구 동구 안심로 347 (각산동),053-963-8877,종합 재활용업,재활용
1221,-,대구광역시,달성군,사회복지법인 대한민국보훈복지재단(대산환경사업단),대구 달성군 논공읍 비슬로264길 56 (상리) (복)대한민국보훈복지재단(대산환경사업단),0536175011,중간 재활용업,재활용
1222,-,대구광역시,동구,대한민국상이군경회 대구사업소,대구 동구 안심로65길 10 (각산동),053-963-2235,종합 재활용업,재활용
1223,-,대구광역시,달서구,진양상사,대구 달서구 달구벌대로240길 50 (신당동),053-582-5405,종합 재활용업,재활용
1224,-,대구광역시,북구,대신테크,대구 북구 팔달북로8길 84 (노원동3가),053-359-0610,종합 재활용업,재활용
1225,-,인천광역시,서구,(주)삼화정유,인천 서구 석남동 223-259,032-578-8490,중간 재활용업,재활용
1226,-,인천광역시,서구,한국에너지기계,인천 서구 가좌동 602-67(2층),070-4240-2150,종합 재활용업,재활용
1227,-,인천광역시,남동구,남동에너지(주),인천 남동구 고잔동 728-7 (남동공단 157-9LT),032-812-0871,종합 재활용업,재활용
1228,-,인천광역시,남동구,신영산업사,인천 남동구 고잔동 710-5호 남동공단 139B-6L,032-812-6061,종합 재활용업,재활용
1229,-,광주광역시,광산구,(주)반도기연,광주 광산구 용아로 627 (오선동)반도기연,062-954-3247,중간 재활용업,재활용
1230,-,광주광역시,광산구,호남자원(광산구),광주 광산구 안청동 737-3,062-945-4455,중간 재활용업,재활용
1231,-,광주광역시,광산구,(주)혁진정유,광주 광산구 하남산단1번로 23 (하남동 505-8),062-954-4150,종합 재활용업,재활용
1232,-,광주광역시,광산구,남성수지,광주 광산구 장덕동 991-10,062-951-4787,종합 재활용업,재활용
1233,-,대전광역시,동구,한진트랜스,대전 동구 동부로 199 (용운동),042-284-8899,중간 재활용업,재활용
1234,-,대전광역시,대덕구,유니온정유(주),대전 대덕구 평촌동 148-1,042-933-0025,종합 재활용업,재활용
1235,-,울산광역시,남구,덕화산업,"울산 남구 여천동 장생포로19번길 37 (여천동,덕화산업)",052-272-6325,종합 재활용업,재활용
1236,-,울산광역시,남구,대흥산업(주),울산 남구 처용로 662 (황성동),052-276-4431,최종 재활용업,재활용
1237,-,울산광역시,남구,(주)에너텍(울산),울산 남구 신여천로 99 (여천동),052-276-3914,중간 재활용업,재활용
1238,-,울산광역시,남구,수성에스피시티(주),울산 남구 용잠로74번길 18 (부곡동),052-256-7445,중간 재활용업,재활용
1239,-,울산광역시,남구,우신산업,"울산 남구 여천동 신여천로35번길 26 우신산업 (여천동,우신산업)",052-275-9848,중간 재활용업,재활용
1240,-,울산광역시,남구,명성기업(주),"울산 남구 여천동 장생포로19번길 11-31 (여천동,명성기업(주))",052-276-6500,종합 재활용업,재활용
1241,-,울산광역시,울주군,(주)명신정유(운반자),"울산 울주군 삼남면 공암공단로 16-21 19-21(가천리, (주)명신정유)",055-364-6605,중간 재활용업,재활용
1242,-,울산광역시,남구,(주)유수에너지,울산 남구 용연로 295-150 (용연동),052-256-3533,중간 재활용업,재활용
1243,-,울산광역시,남구,삼영기업(주),울산 남구 용연로98번길 28 (용연동),052-257-0110,중간 재활용업,재활용
1244,-,울산광역시,울주군,(주)씨에스씨,울산 울주군 웅촌면 고연로 108 (고연리) 에이동,052-296-1974,중간 재활용업,재활용
1245,-,울산광역시,울주군,신흥에너텍(주),울산 울주군 온산읍 화산로 19 화산로 19,052-237-5155,종합 재활용업,재활용
1246,-,울산광역시,남구,(주)신흥유업,울산 남구 여천동 여천로 215-47 (주)신흥유업 (여천동),052-276-5123,중간 재활용업,재활용
1247,-,울산광역시,울주군,(주)에코앤리소스,울산 울주군 삼동면 삼동로 63 ((주)에코앤리소스),052-913-3625,종합 재활용업,재활용
1248,-,울산광역시,울주군,(주)네오 - 2공장,"울산 울주군 온산읍 우봉강양로 3-92 (우봉리, 네오) 2공장",052-237-0451,중간 재활용업,재활용
1249,-,울산광역시,울주군,예림케미칼필터,울산 울주군 웅촌면 은현리 19-1,052-265-9826,종합 재활용업,재활용
1250,-,울산광역시,남구,한길(주),울산 남구 용연동 용연로 189 (용연동),052-256-6543,종합 재활용업,재활용
1251,-,울산광역시,울주군,(주)보성정유,울산 울주군 온산읍 화산로 121-1,052-237-0017,종합 재활용업,재활용
1252,-,울산광역시,남구,NC울산(주)-처리자,울산 남구 용잠로 339 (용잠동),052-256-0111,중간 재활용업,재활용
1253,-,울산광역시,남구,명진산업,울산 남구 장생포로19번길 5 (여천동),052-274-6766,중간 재활용업,재활용
1254,-,울산광역시,남구,(주)동신화학,"울산 남구 황성동 처용로 688 (황성동,동신화학(주))",052-257-0711,종합 재활용업,재활용
1255,-,울산광역시,울주군,(주)명신정유(처리자),"울산 울주군 삼남면 공암공단로 16-21 (가천리, (주)명신정유)",055-364-6604,중간 재활용업,재활용
1256,-,울산광역시,울주군,온산서가산업,울산 울주군 온산읍 화산로 178,052-238-1975,중간 재활용업,재활용
1257,-,세종특별자치도,별자치,금강리싸이클링,세종 청원군 부강면 시목부강로 453 금강리싸이클링,044-277-6684,중간 재활용업,재활용
1258,-,세종특별자치도,전의면,(주)이원켐텍,세종 전의면 산단길 21-142 (주)이원켐텍,044-868-2175,종합 재활용업,재활용
1259,-,세종특별자치도,별자치,(주)경동산업,세종 청원군 부강면 금호황성골길 10-40 (주)경동산업,044-277-6277,종합 재활용업,재활용
1260,-,경기도,동두천,(주)진성건설에너지,"경기 동두천시 삼육사로659번길 42-14 (상패동 569-1,3)",031-866-2114,중간 재활용업,재활용
1261,-,경기도,화성시,동광산업,경기 화성시 장안면 수촌리 284-1,031-351-5234,중간 재활용업,재활용
1262,-,경기도,김포시,대영용기(주),경기 김포시 통진읍 가현로3번길 50 (가현리),031-988-8848,중간 재활용업,재활용
1263,-,경기도,동두천,사회복지법인 시대희망복지재단,경기 동두천시 봉동로 182 (하봉암동 363),02-576-5000,중간 재활용업,재활용
1264,-,경기도,화성시,해성리싸이클링,경기 화성시 봉담읍 덕우리 173-2,031-227-3515,중간 재활용업,재활용
1265,-,경기도,부천시,예름사(주),경기 부천시 오정구 오정로134번길 5 (내동 222-72),032-684-3743,종합 재활용업,재활용
1266,-,경기도,김포시,(주)창대이앤씨,경기 김포시 월곶면 갈산리 140-21,031-981-6141,중간 재활용업,재활용
1267,-,경기도,김포시,(주)진흥전기,경기 김포시 통진읍 귀전리 695-4,031-981-5108,중간 재활용업,재활용
1268,-,경기도,화성시,(주)수도권서부자원순환센터,"경기 화성시 우정읍 매바위로237번길 86-1(86-1,86-2)",031-354-2861,중간 재활용업,재활용
1269,-,경기도,화성시,부여국제전기(주),경기 화성시 장안면 포승장안로 1207 (독정리),031-351-2866,중간 재활용업,재활용
1270,-,경기도,화성시,동진금속상사,경기 화성시 양감면 신왕리 36-8,031-353-8838,중간 재활용업,재활용
1271,-,경기도,김포시,(사)한국지체장애인협회 김포사업소,경기 김포시 월곶면 고막리 18-18,031-996-1690,중간 재활용업,재활용
1272,-,경기도,용인시,케이씨환경산업(주),경기 용인시 처인구 백암면 죽양대로 829 (KC환경물류산업),031-323-5893,중간 재활용업,재활용
1273,-,경기도,김포시,사회적협동조합 푸른하늘 불용품사업단,경기 김포시 통진읍 귀전로56번길 211-19,031-982-9150,중간 재활용업,재활용
1274,-,경기도,김포시,미래파워텍,경기 김포시 대곶면 소래로41번길 31-2 미래파워텍,0319817234,중간 재활용업,재활용
1275,-,경기도,부천시,한강그린,경기 부천시 원미구 원미동 37-5,032-612-9491,중간 재활용업,재활용
1276,-,경기도,동두천,사회복지법인 애국단체원 자원재활용사업단,경기 동두천시 상패로 64,031-866-2001,중간 재활용업,재활용
1277,-,경기도,평택시,미래산업,경기 평택시 청북면 현곡길 168-9,031-681-2589,중간 재활용업,재활용
1278,-,경기도,화성시,(사)원전지역장애인고용창출협회 경기사무소,경기 화성시 장안면 3.1만세로 478-5,03180598368,중간 재활용업,재활용
1279,-,경기도,화성시,경기알엔씨,경기 화성시 향남읍 솔태상두길 291-25 (백토리),031-352-9771,중간 재활용업,재활용
1280,-,경기도,화성시,진우산업(주),경기 화성시 정남면 내향로 240-55 (귀래리),0313663675,중간 재활용업,재활용
1281,-,경기도,화성시,덕은인터라인정유(주),경기 화성시 마도면 쌍송리 268-3,031-357-5151,종합 재활용업,재활용
1282,-,경기도,여주군,상원기공,경기 여주군 점동면 뇌곡리 325-3,031-884-2890,중간 재활용업,재활용
1283,-,경기도,화성시,현대에코라인(주),경기 화성시 장안면 3.1만세로281번길 51,031-358-5506,종합 재활용업,재활용
1284,-,경기도,용인시,지티산업,경기 용인시 처인구 원삼면 원양로602번길 44,031-322-5531,중간 재활용업,재활용
1285,-,경기도,평택시,(주)현대그린텍,경기 평택시 청북면 청오로 439-53 토진리308-1,0316828813,종합 재활용업,재활용
1286,-,경기도,포천시,(주)우리산업,경기 포천시 신북면 만세교리 219-1,031-533-9980,중간 재활용업,재활용
1287,-,경기도,시흥시,(주)남양에너지,경기 시흥시 옥구천서로81번길 73,031-433-7011,종합 재활용업,재활용
1288,-,경기도,파주시,사회복지법인 경신재단 파주지점,경기 파주시 광탄면 용미리 580-1,031-952-5658,중간 재활용업,재활용
1289,-,경기도,시흥시,협동산업(주),"경기 시흥시 정왕동 경기과기대로 249 (정왕동,(주)협동산업)",031-498-8301,중간 재활용업,재활용
1290,-,경기도,동두천,시대희망복지재단동두천사업소(처리자),경기 동두천시 삼육사로659번길 42-14 (상패동),031-866-2001,중간 재활용업,재활용
1291,-,경기도,시흥시,신일정유,경기 시흥시 옥구천서로81번길 34 (정왕동 1355-9 시화공단 1마 317),031-498-8338,종합 재활용업,재활용
1292,-,경기도,김포시,(주)리크린폼,경기 김포시 통진읍 가현리 865-38 12동,031-988-5182,종합 재활용업,재활용
1293,-,경기도,평택시,(주)클린코리아,경기 평택시 진위면 서탄로 43-6 ((주)클린코리아),031-668-0211,종합 재활용업,재활용
1294,-,경기도,평택시,(주)교우산업 평택공장,경기 평택시 포승읍 원정리 1206-12,031-647-0737,종합 재활용업,재활용
1295,-,경기도,안산시,현대드럼산업(주),"경기 안산시 단원구 번영로10번길 9 (성곡동, 시화공단 4바 610-1 현대드럼산업)",031-431-0266,종합 재활용업,재활용
1296,-,경기도,화성시,중부산업(주),경기 화성시 팔탄면 하저리 16-1,031-356-8551,종합 재활용업,재활용
1297,-,경기도,화성시,(주)드럼코리아,경기 화성시 마도면 송정리530-34,031-355-9586,종합 재활용업,재활용
1298,-,경기도,안산시,(주)그린에너지,경기 안산시 단원구 첨단로245번길 4 (주)그린에너지 (성곡동),031-494-0151,종합 재활용업,재활용
1299,-,경기도,김포시,세방정유(주),경기 김포시 대곶면 송마리 209,031-989-5100,종합 재활용업,재활용
1300,-,경기도,안산시,(주)삼창유화,경기 안산시 단원구 진흥로38번길 58,031-434-9621,종합 재활용업,재활용
1301,-,경기도,평택시,주식회사 화인에코,경기 평택시 청북면 현곡길 168-11 번지,031-684-6667,종합 재활용업,재활용
1302,-,경기도,화성시,(주)케이에스에너지,경기 화성시 정남면 귀래리 533-1,031-317-1674,종합 재활용업,재활용
1303,-,경기도,화성시,(주)탑에코,경기 화성시 향남읍 장안로 662-107 (주)탑에코,031-8047-0407,종합 재활용업,재활용
1304,-,경기도,화성시,성림산업(주),경기 화성시 우정읍 주곡리 161-112,0313735771,종합 재활용업,재활용
1305,-,경기도,평택시,(주)대경이엔지,경기 평택시 서탄면 내천길 142-22,031-662-5130,종합 재활용업,재활용
1306,-,경기도,시흥시,천지에너지(주),"경기 시흥시 옥구천서로81번길 13 (정왕동 1697-2 시화공단 1마 503,천지에너지(주))",031-498-3251,종합 재활용업,재활용
1307,-,경기도,오산시,(주)신호정유(오산),경기 오산시 황새로149번길 56 (누읍동 45-1),031-375-5871,종합 재활용업,재활용
1308,-,경기도,화성시,에스엘(주)전곡지점,경기 화성시 서신면 전곡산단4길 18 에스엘(주)전곡지점 (전곡리),031-8077-2248,종합 재활용업,재활용
1309,-,경기도,화성시,(주)연화인텍,경기 화성시 비봉면 자안리 725,031-355-4423,종합 재활용업,재활용
1310,-,경기도,화성시,인영리싸이클링(주),경기 화성시 장안면 수촌리 745-10(방축말길35번길 60-13),0313543767,종합 재활용업,재활용
1311,-,경기도,평택시,(주)오엔알,경기 평택시 오성면 양교리 890-9,031-8059-1372,종합 재활용업,재활용
1312,-,경기도,화성시,주식회사 오성그린환경,경기 화성시 장안면 갈우물길 49 (노진리) 4동,,종합 재활용업,재활용
1313,-,경기도,화성시,대양그린산업(주)-처리,경기 화성시 장안면 장안로227번길 35-31 35-32,031-353-0468,종합 재활용업,재활용
1314,-,경기도,화성시,신대한정유산업(주),"경기 화성시 정남면 고지리 28-1,4번지(가장로 334-10)",031-352-3831,종합 재활용업,재활용
1315,-,경기도,고양시,(주)서울리사이클링,경기 고양시 일산동구 성석동 517-5,02-3143-6580,중간 재활용업,재활용
1316,-,강원도,철원군,사회복지법인 굿피플우리복지재단,강원 철원군 갈말읍 태봉로 1236-29 사회복지법인 굿피플우리복지재단,033-452-4455,중간 재활용업,재활용
1317,-,충청북도,진천군,(주)천호금속 진천공장,충북 진천군 광혜원면 진광로 1080 (죽현리419),043-533-7730,중간 재활용업,재활용
1318,-,충청북도,옥천군,하나트랜스,충북 옥천군 청산면 효목리 617-2번지,043-731-4425,중간 재활용업,재활용
1319,-,충청북도,진천군,대한민국고엽제전우회유류사업소,충북 진천군 이월면 중미로 434-28 대한민국고엽제전우회유류사업소,043-536-7161,종합 재활용업,재활용
1320,-,충청북도,청주시,영남기업,충북 청주시 흥덕구 강내면 황탄리길 85-45 영남기업,043-231-6991,종합 재활용업,재활용
1321,-,충청북도,진천군,협동산업(주)진천공장,충북 진천군 이월면 신월리 398-21,043-534-6241,종합 재활용업,재활용
1322,-,충청북도,진천군,현대산업(주),충북 진천군 진천읍 송두4길 47-8 (현대산업),043-536-2207,종합 재활용업,재활용
1323,-,충청북도,청주시,광도이앤씨,충북 청주시 흥덕구 옥산면 호죽성재로 105-2,043-232-5182,중간 재활용업,재활용
1324,-,충청북도,진천군,(주)세송유화텍,충북 진천군 덕산면 신척리 425-31,043-536-1500,종합 재활용업,재활용
1325,-,충청북도,진천군,(주)범창,충북 진천군 이월면 수평1길 126 ((주)범창),043-534-5800,종합 재활용업,재활용
1326,-,충청북도,진천군,(주)영화,충북 진천군 덕산면 한천리 5-4,043-537-9986,종합 재활용업,재활용
1327,-,충청북도,진천군,케이디페트로주식회사,"충북 진천군 이월면 은행정2길 122 (사곡리, (주)케이디페트로)",043-533-5145,종합 재활용업,재활용
1328,-,충청북도,음성군,향우실업(주) 음성1,충북 음성군 생극면 오신로 398 (생리),043-882-8382,종합 재활용업,재활용
1329,-,충청북도,청주시,대한민국상이군경회 청주사업소(지정),충북 청주시 서원구 현도면 우록리 397-2,043-263-8491,종합 재활용업,재활용
1330,-,충청북도,진천군,(주)썬에너지,충북 진천군 초평면 은암리 279번지,043-838-5670,종합 재활용업,재활용
1331,-,충청북도,청주시,(주)인코케미컬,충북 청주시 흥덕구 강내면 황탄리길 130,043-231-3637,종합 재활용업,재활용
1332,-,충청북도,청주시,(주)유진유포리아,충북 청주시 청원구 북이면 용계내추로 436-24 .,043-212-4936,종합 재활용업,재활용
1333,-,충청북도,청주시,해동산업개발,충북 청주시 청원구 외남로104번길 42 (외남동),043-213-8248,종합 재활용업,재활용
1334,-,충청북도,진천군,미지산업(주)진천공장,충북 진천군 이월면 수청길 153 미지산업(주),0435357361,종합 재활용업,재활용
1335,-,충청북도,진천군,(주)천지화학,충북 진천군 덕산면 화상리 135-7,043-537-8090,종합 재활용업,재활용
1336,-,충청남도,천안시,(주)이한산업,충남 천안시 동남구 성남면 성남로 417,041-553-2544,종합 재활용업,재활용
1337,-,충청남도,예산군,(주)제이에이치리테크,충남 예산군 대술면 대술로 699-1 (화산리),041-333-9415,중간 재활용업,재활용
1338,-,충청남도,금산군,사회복지법인 미래재단,충남 금산군 진산면 태고사로 150 (동일계전(주)),041-754-6301,중간 재활용업,재활용
1339,-,충청남도,공주시,사회복지법인 한국노인생활지원재단 재활용사업단,충남 공주시 탄천면 차돌배기길 72-8,041-881-0102,중간 재활용업,재활용
1340,-,충청남도,서산시,(주)이엠테크,충남 서산시 대산읍 독곶1로 36-21,041-667-5800,종합 재활용업,재활용
1341,-,충청남도,천안시,한양산업개발(주),충남 천안시 동남구 북면 양곡1길 73,041-553-3797,종합 재활용업,재활용
1342,-,충청남도,논산시,충청화학에너지(주),충남 논산시 가야곡면 동안로 1274-10 충청화학에너지(주),041-742-5182,종합 재활용업,재활용
1343,-,충청남도,당진시,코스람산업(주),충남 당진시 순성면 틀모시로 216 20,041-352-0780,종합 재활용업,재활용
1344,-,충청남도,금산군,대덕정유(주)복수사업소,"충남 금산군 복수면 다복로 537-34 (용진리, 대덕정유(주)복수사업소)",041-753-1301,종합 재활용업,재활용
1345,-,충청남도,서산시,서남환경에너지(주)대산공장,충남 서산시 대산읍 독곶2로 96-78 서남환경에너지(주)대산공장,041-665-9140,종합 재활용업,재활용
1346,-,충청남도,당진시,(주)알엔씨,충남 당진시 석문면 산단7로 62 (통정리 1455번지),041-430-8575,종합 재활용업,재활용
1347,-,충청남도,천안시,티알에스 주식회사,충남 천안시 동남구 성남면 용원1길 10,041-584-1222,종합 재활용업,재활용
1348,-,충청남도,아산시,에이스켐(주),충남 아산시 신창면 환경공원로 227,041-911-9211,종합 재활용업,재활용
1349,-,전라북도,군산시,(주)대림-군산,"전북 군산시 외항로 816 (소룡동,㈜대림)",063-468-5455,종합 재활용업,재활용
1350,-,전라북도,정읍시,효성케이디,전북 정읍시 태인면 태흥리 553-9,063-226-2222,종합 재활용업,재활용
1351,-,전라북도,군산시,(유)에코,전북 군산시 서수면 상장곤윗길 58 ((유)에코),063-451-0192,종합 재활용업,재활용
1352,-,전라북도,정읍시,에이블산업(주),전북 정읍시 2산단7길 40 (하북동),0637142141,종합 재활용업,재활용
1353,-,전라북도,정읍시,(주)금강-정읍,전북 정읍시 입암면 정읍남로 453 (주)금강,063-538-2131,종합 재활용업,재활용
1354,-,전라북도,김제시,(주)지티산업,전북 김제시 백산면 대동공단2길 34-50 (수록리 968),063-544-9114,종합 재활용업,재활용
1355,-,전라북도,정읍시,(주)서해페트로,전북 정읍시 북면 3산단3길 84 (㈜남산정유),063-536-5301,종합 재활용업,재활용
1356,-,전라북도,정읍시,(주)씨에스캠,전북 정읍시 입암면 정읍남로 391-3 (주)씨에스캠,063-531-5557,종합 재활용업,재활용
1357,-,전라북도,익산시,(주)유광드럼,"전북 익산시 석암로1길 149 (팔봉동,(주)유광드림)",063-838-0123,종합 재활용업,재활용
1358,-,전라북도,정읍시,(주)국제,전북 정읍시 북면 3산단3길 107 (태곡리),063-536-1501,종합 재활용업,재활용
1359,-,전라남도,영광군,지더블유아이(주),전남 영광군 영광읍 군서로 394,061-352-1666,종합 재활용업,재활용
1360,-,전라남도,여수시,(주)케미렉스,전남 여수시 율촌면 신풍리 774-5,061-685-9961,중간 재활용업,재활용
1361,-,전라남도,광양시,지엔티(주),전남 광양시 진월면 중산길 68,061-793-9608,중간 재활용업,재활용
1362,-,전라남도,여수시,해동이앤티(주),전남 여수시 여수산단1로 306 (화치동),061-685-1525,중간 재활용업,재활용
1363,-,전라남도,여수시,(주)삼우산업-여수,전남 여수시 소라면 대곡길 24-3 (복산리),061-692-1601,중간 재활용업,재활용
1364,-,전라남도,순천시,(주)대유홀딩스 순천지점,전남 순천시 서면 매천로 370 (주)대유홀딩스 순천지점,061-755-8600,종합 재활용업,재활용
1365,-,전라남도,순천시,(주)세일에너지,전남 순천시 별량면 녹색로 126 (세일에너지),061-742-3252,종합 재활용업,재활용
1366,-,전라남도,여수시,해동이앤티(주),전남 여수시 여수산단1로 306 (화치동),061-685-1525,최종 재활용업,재활용
1367,-,전라남도,순천시,(주)우리케미칼,전남 순천시 해룡면 율촌산단1로 19-62,061-725-5800,종합 재활용업,재활용
1368,-,전라남도,여수시,(주)이앤에프,전남 여수시 율촌면 율촌산단6로 74 (여동리),061-721-3003,종합 재활용업,재활용
1369,-,전라남도,여수시,재원산업(주),전남 여수시 낙포동 낙포단지길 79 재원산업(주),061-690-9272,종합 재활용업,재활용
1370,-,전라남도,영광군,(주)에스엠유화,전남 영광군 군서면 군서로 364-16,061-352-5211,종합 재활용업,재활용
1371,-,전라남도,여수시,이일산업(주),전남 여수시 삼동로 27-9 (주삼동),061-808-2161,종합 재활용업,재활용
1372,-,전라남도,순천시,(주)위드에프,전남 순천시 서면 순천로 781 (공장),0618110905,종합 재활용업,재활용
1373,-,전라남도,여수시,(주)케이아이엔티,전남 여수시 여수산단로 812 (중흥동),061-682-1457,종합 재활용업,재활용
1374,-,전라남도,담양군,(주)클린랜드,전남 담양군 무정면 옻재길 95-64 클린랜드,061-383-5182,중간 재활용업,재활용
1375,-,경상북도,경산시,한빛에너지(주),경북 경산시 자인면 한장군로 480 한빛에너지(주),053-854-4747,종합 재활용업,재활용
1376,-,경상북도,칠곡군,비젼테크놀러지 주식회사,경북 칠곡군 약목면 경호천동길 62-18 비젼테크놀러지(주),054-975-2034,종합 재활용업,재활용
1377,-,경상북도,칠곡군,보강산업,경북 칠곡군 가산면 학신로 94-15 학하리 808-1,054-971-4145,종합 재활용업,재활용
1378,-,경상북도,경산시,주식회사 건협,경북 경산시 진량읍 평사1길 104-34,053-857-0340,종합 재활용업,재활용
1379,-,경상북도,영천시,우석클린(주),경북 영천시 채신동 채신2공단길 79-18 (채신동),051-783-5182,종합 재활용업,재활용
1380,-,경상북도,성주군,벧엘산업,경북 성주군 초전면 주천로 308 (대산산업),0549333350,종합 재활용업,재활용
1381,-,경상북도,경산시,대건,경북 경산시 자인면 금박로 177 (115),053-857-5192,종합 재활용업,재활용
1382,-,경상북도,영천시,(주)세화정유,경북 영천시 금호읍 칠백로 746,054-331-7403,종합 재활용업,재활용
1383,-,경상북도,영천시,(주)뉴에코,경북 영천시 고경면 거곡로 227-26,054-336-3200,종합 재활용업,재활용
1384,-,경상북도,칠곡군,(주)세일정유,경북 칠곡군 약목면 교8길 113-20 (교리),054-975-3100,종합 재활용업,재활용
1385,-,경상북도,경주시,(주)강명산업사 안강지점,경북 경주시 안강읍 두류길 107 (주)강명산업사 안강지점,054-762-9851,종합 재활용업,재활용
1386,-,경상북도,칠곡군,사회복지법인대한장애인복지회,경북 칠곡군 왜관읍 금산리 993-8,0549758530,종합 재활용업,재활용
1387,-,경상북도,경주시,(주)주원에너지,경북 경주시 안강읍 두류길 207 (주)주원에너지,054-762-9140,종합 재활용업,재활용
1388,-,경상북도,영천시,(주)신성에너텍,경북 영천시 금호읍 오계공단길 28,054-332-3401,종합 재활용업,재활용
1389,-,경상북도,경주시,삼승(주),"경북 경주시 안강읍 두류길 218-12 (두류리, 삼승주식회사)",054-763-7220,종합 재활용업,재활용
1390,-,경상북도,경주시,(주)비씨에너지,경북 경주시 외동읍 개곡공단길 128 (주)비씨에너지,054-748-5960,종합 재활용업,재활용
1391,-,경상북도,구미시,(주)보성산업환경,경북 구미시 장천면 신장1길 75,0544741981,종합 재활용업,재활용
1392,-,경상북도,경산시,주식회사 리너텍,경북 경산시 자인면 금박로 179 주식회사 리너텍,053-854-7167,종합 재활용업,재활용
1393,-,경상북도,경산시,한일정유(주),경북 경산시 자인면 자인공단로 50 (북사리 1087-8),053-856-8672,종합 재활용업,재활용
1394,-,경상북도,경주시,(주)클린코리아안강공장,경북 경주시 안강읍 두류길 162 ((주)클린코리아),054-762-7672,종합 재활용업,재활용
1395,-,경상북도,고령군,씨켐,경북 고령군 개진면 개진산단길 40-47 씨켐,054-956-8841,종합 재활용업,재활용
1396,-,경상북도,경산시,(주)뉴리소스,경북 경산시 자인면 일연로 130 (북사리),053-710-0714,종합 재활용업,재활용
1397,-,경상북도,도 영,(주)피제이산업 영천지점,경북 영천시 칠백로 808-11 (도남동)409번지,0543362290,종합 재활용업,재활용
1398,-,경상북도,영천시,호경산업 영천공장,경북 영천시 도남공단2길 4 (도남동),054-337-5211,종합 재활용업,재활용
1399,-,경상북도,경산시,(주)유림케미칼,경북 경산시 압량면 의송길27길 21 (의송리),053-818-5402,종합 재활용업,재활용
1400,-,경상북도,칠곡군,사회복지법인 행복한사람들,경북 칠곡군 왜관읍 공단로3길 17-27,054-974-3030,종합 재활용업,재활용
1401,-,경상남도,김해시,(주)삼육특수유제,경남 김해시 어방동 김해대로2567번길 29 (어방동),055-336-2218,중간 재활용업,재활용
1402,-,경상남도,김해시,학산금속공업(주),경남 김해시 생림면 장재로520번길 8-69 (학산금속공업),055-329-6312,중간 재활용업,재활용
1403,-,경상남도,양산시,철당(주),"경남 양산시 산막동 산막공단북2길 22 (산막동,케이디아이(주))",055-362-1704,종합 재활용업,재활용
1404,-,경상남도,양산시,(주)도원산업,"경남 양산시 어곡동 어실로 482-1 (어곡동,도원산업)",055-387-0026,중간 재활용업,재활용
1405,-,경상남도,양산시,동광(주),경남 양산시 산막공단북13길 50 (산막동),055-362-3151,중간 재활용업,재활용
1406,-,경상남도,양산시,현대드럼(지정폐기물),"경남 양산시 웅상읍 소주공단로 61 (소주동,현대드럼)",055-388-7100,종합 재활용업,재활용
1407,-,경상남도,양산시,대진기업사,"경남 양산시 유산동 유산공단10길 66 (유산동,대진기업사)",055-385-4092,중간 재활용업,재활용
1408,-,경상남도,김해시,서남환경에너지주식회사,경남 김해시 상동면 동북로473번길 250-79 (매리),055-331-9140,중간 재활용업,재활용
1409,-,경상남도,도 양,하나DS,경남 양산시 상북면 공원로 97 172번지,055-374-9332,중간 재활용업,재활용
1410,-,경상남도,김해시,(주)동서,경남 김해시 생림면 장재로 420-114 (주)동서,055-323-7161,중간 재활용업,재활용
1411,-,경상남도,김해시,태산테크,경남 김해시 진례면 고모로 285-12,055-342-8750,중간 재활용업,재활용
1412,-,경상남도,김해시,(주)봉수산업 김해사업소,경남 김해시 생림면 장재로520번길 8 -75,070-8230-6267,중간 재활용업,재활용
1413,-,경상남도,김해시,(사)행복한 오늘,경남 김해시 생림면 장재로520번길 8-71,070-8230-6266,중간 재활용업,재활용
1414,-,경상남도,김해시,옥성코아,경남 김해시 진영읍 서부로396번길 20-27,055-346-7558,중간 재활용업,재활용
1415,-,경상남도,양산시,태성ENG,경남 양산시 상북면 내석리 67-2,055-374-5503,중간 재활용업,재활용
1416,-,경상남도,창원시,KC환경서비스(주)창원사업부,"경남 창원시 마산회원구 자유무역6길 103 (봉암동, KC환경서비스(주)창원사업부)",055-251-7272,중간 재활용업,재활용
1417,-,경상남도,양산시,준스틸텍,경남 양산시 유산공단8길 78-6 (유산동) 준스틸텍,055-385-5665,중간 재활용업,재활용
1418,-,경상남도,양산시,(주)케이지,경남 양산시 상북면 신전리 81,055-383-2575,중간 재활용업,재활용
1419,-,경상남도,김해시,사단법인 장애인녹색일자리사랑회,경남 김해시 한림면 장방로 232-25 (장방리),055-345-8928,중간 재활용업,재활용
1420,-,경상남도,김해시,(주)BGR메탈,경남 김해시 한림면 한림로 17 (주)BGR메탈,055-346-2776,중간 재활용업,재활용
1421,-,경상남도,김해시,디유환경,경남 김해시 안곡로 132 (삼계동),055-342-2797,중간 재활용업,재활용
1422,-,경상남도,김해시,우성메탈,경남 김해시 주촌면 서부로1499번길 25-26 우성메탈,055-312-6969,중간 재활용업,재활용
1423,-,경상남도,김해시,(주)제일자원,경남 김해시 진영읍 본산로269번길 28 본산공단,055-342-3625,종합 재활용업,재활용
1424,-,경상남도,김해시,에너지산업,경남 김해시 장유면 장유로115번길 50-83 (부곡동),055-337-8177,종합 재활용업,재활용
1425,-,경상남도,김해시,(주)삼호에너지,경남 김해시 진영읍 서부로396번길 30-31,055-346-7993,중간 재활용업,재활용
1426,-,경상남도,양산시,(주)카원,경남 양산시 상북면 공원로 403-19 (상삼리 631번지),055-381-0703,중간 재활용업,재활용
1427,-,경상남도,김해시,가야 이엔에스,경남 김해시 진영읍 서부로396번길 20-65,055-343-6692,중간 재활용업,재활용
1428,-,경상남도,양산시,유국산업(주),"경남 양산시 어곡동 어곡공단4길 17-21 (어곡동,유국산업(주))",055-372-4800,중간 재활용업,재활용
1429,-,경상남도,김해시,(주)혁진 김해공장,경남 김해시 생림면 봉림로 115-148 봉림리 1035,055-322-6330,종합 재활용업,재활용
1430,-,경상남도,김해시,그린비 정유,경남 김해시 생림대로27번길 5-1 (삼계동),055-335-5172,종합 재활용업,재활용
1431,-,경상남도,양산시,여주케미컬,경남 양산시 산막공단남11길 23-16 (호계동),0557811080,중간 재활용업,재활용
1432,-,경상남도,양산시,(주)동림산업,경남 양산시 산막공단남6길 7-1 (호계동),055-386-8501,종합 재활용업,재활용
1433,-,경상남도,김해시,진우정유,경남 김해시 진영읍 본산로269번길 25,055-342-5782,종합 재활용업,재활용
1434,-,경상남도,김해시,(주)세양루브,경남 김해시 한림면 김해대로916번길 219 (병동리),055-346-3898,중간 재활용업,재활용
1435,-,경상남도,양산시,(주)디케이유업,경남 양산시 산막공단북5길 46-6 (산막동) (주)디케이유업,055-372-3588,중간 재활용업,재활용
1436,-,경상남도,김해시,이레산업,경남 김해시 진영읍 본산2로79번길 34,055-343-8509,종합 재활용업,재활용
1437,-,경상남도,김해시,(주)재경산업,경남 김해시 안곡로 136 (삼계동),055-338-7762,종합 재활용업,재활용
1438,-,경상남도,김해시,(주)다우링에너지,경남 김해시 한림면 김해대로1402번길 147 (다우림에너지),055-346-3355,종합 재활용업,재활용
1439,-,경상남도,양산시,(주)혁진,경남 양산시 산막동 산막공단북5길 23 (산막동),055-385-6578,종합 재활용업,재활용
1440,-,경상남도,김해시,동남RC,경남 김해시 한림면 김해대로916번길 157,055-323-9737,중간 재활용업,재활용
1441,-,경상남도,함안군,(주)천강,경남 함안군 산인면 싸리재로 19,055-582-4760,종합 재활용업,재활용
1442,-,경상남도,양산시,태광케미칼(주),"경남 양산시 산막공단북4길 30 (산막동, 태광케미칼(주))",055-387-5235,종합 재활용업,재활용
1443,-,경상남도,양산시,(주)한국환경정유산업,경남 양산시 호계동 산막공단남14길 16,055-385-4171,중간 재활용업,재활용
1444,-,경상남도,양산시,주식회사 동남정유,경남 양산시 산막공단남6길 63 (호계동),055-335-3521,중간 재활용업,재활용
1445,-,경상남도,김해시,(주)이알,경남 김해시 한림면 안하로116번길 42,055-321-2203,종합 재활용업,재활용
1446,-,경상남도,김해시,한일루켐(주),경남 김해시 진영읍 본산1로56번길 22,055-345-9990,종합 재활용업,재활용
1447,-,경상남도,김해시,에코플루이드,경남 김해시 주촌면 서부로1409번길 83-6 (내삼리),0557232326,중간 재활용업,재활용
1448,-,경상남도,김해시,(주)신해테크,경남 김해시 상동면 상동로 265-7,055-326-3288,중간 재활용업,재활용
1449,-,경상남도,김해시,대한민국상이군경회 김해사업소,경남 김해시 주촌면 서부로1403번길 23-34 (내삼리),055-338-6481,종합 재활용업,재활용
1450,-,경상남도,김해시,(주)강명산업사,"경남 김해시 김해대로1685번길 13 (삼계동,강명산업사)",055-339-9852,중간 재활용업,재활용
1451,-,경상남도,양산시,(주)아시아에너지(지정),"경남 양산시 산막공단북5길 73 (산막동, 아시아에너지)",055-781-2274,중간 재활용업,재활용
1452,-,경상남도,김해시,(주)대영에너지,경남 김해시 안곡로 137 (주)대영에너지,0553397761,종합 재활용업,재활용
1453,-,경상남도,김해시,(주)수성크린텍,경남 김해시 김해대로2579번길 36 (안동),055-329-4445,중간 재활용업,재활용
1454,-,경상남도,양산시,(주)어반오일,경남 양산시 산막공단북1길 75 (산막동),055-382-2775,중간 재활용업,재활용
1455,-,경상남도,김해시,우성에코텍(주)유테크 영남지점,경남 김해시 김해대로2553번길 34 (어방동),055-331-3400,종합 재활용업,재활용
1456,-,경상남도,하동군,주식회사 디에스아이,경남 하동군 금남면 해안로 211-134 (주)디에스아이,055-884-5145,종합 재활용업,재활용
1457,-,경상남도,김해시,(주)미래텍,경남 김해시 진영읍 본산리 309-14,055-342-0678,종합 재활용업,재활용
1458,-,경상남도,김해시,(주)제이케이유화,경남 김해시 김해대로2579번길 36 제이케이유화,055-324-7944,중간 재활용업,재활용
1459,-,경상남도,함안군,디에너지주식회사,"경남 함안군 법수면 장백로 806 (대송리, 디에너지주식회사)",055-584-5995,종합 재활용업,재활용
1460,-,경상남도,김해시,하성정유,경남 김해시 어방동 1063-7,055-334-5836,종합 재활용업,재활용
1461,-,경상남도,도 김,대림,경남 김해시 진례면 고모로526번길 42-66 42-66,055-346-2094,중간 재활용업,재활용
1462,-,경상남도,김해시,한국포리머,경남 김해시 분성로557번길 46-4 (어방동),055-325-9981,종합 재활용업,재활용
1463,-,제주특별자치도,제주시,대림자원,제주 제주시 애월읍 고성리 742,064-747-2487,중간 재활용업,재활용
1464,-,제주특별자치도,제주시,유성에너지(주),제주 제주시 선반로8길 5 (화북일동) 선반로8길5-2,064-782-8936,중간 재활용업,재활용
1465,-,인천광역시,서구,(주)에닉스,인천 서구 가좌동 178-32,032-574-0025,중간 재활용업,재활용
1466,-,울산광역시,남구,수성에스피시티(주),울산 남구 용잠로74번길 18 (부곡동),052-256-7445,중간 재활용업,재활용
1467,-,울산광역시,남구,한길(주),울산 남구 용연동 용연로 189 (용연동),052-256-6543,종합 재활용업,재활용
1468,-,경기도,김포시,대영용기(주),경기 김포시 통진읍 가현로3번길 50 (가현리),031-988-8848,중간 재활용업,재활용
1469,-,경기도,화성시,현대에코라인(주),경기 화성시 장안면 3.1만세로281번길 51,031-358-5506,종합 재활용업,재활용
1470,-,경기도,평택시,(주)현대그린텍,경기 평택시 청북면 청오로 439-53 토진리308-1,0316828813,종합 재활용업,재활용
1471,-,경기도,시흥시,협동산업(주),"경기 시흥시 정왕동 경기과기대로 249 (정왕동,(주)협동산업)",031-498-8301,중간 재활용업,재활용
1472,-,경기도,화성시,(주)드럼코리아,경기 화성시 마도면 송정리530-34,031-355-9586,종합 재활용업,재활용
1473,-,경기도,평택시,(주)엔에이치리사이텍컴퍼니,"경기 평택시 현덕면 현덕로 350-3 ,350-4",02-1899-2567,종합 재활용업,재활용
1474,-,경기도,양주시,두리텍,경기 양주시 고암동 501-1,031-863-2161,중간 재활용업,재활용
1475,-,강원도,원주시,(주)뉴보텍 문막공장,강원 원주시 문막읍 동화큰골길 12-1 (동화리) (주)뉴보텍,033-742-6060,종합 재활용업,재활용
1476,-,충청북도,청주시,영남기업,충북 청주시 흥덕구 강내면 황탄리길 85-45 영남기업,043-231-6991,종합 재활용업,재활용
1477,-,충청북도,진천군,협동산업(주)진천공장,충북 진천군 이월면 신월리 398-21,043-534-6241,종합 재활용업,재활용
1478,-,충청북도,진천군,현대산업(주),충북 진천군 진천읍 송두4길 47-8 (현대산업),043-536-2207,종합 재활용업,재활용
1479,-,충청북도,진천군,주식회사 티에스케이프리텍 2공장,충북 진천군 초평면 초금로 160 주식회사 티에스케이프리텍 2공장,043-753-7000,종합 재활용업,재활용
1480,-,충청북도,진천군,(주)오성아이케이진천지점(1공장),충북 진천군 이월면 장수로 381 (오성아이케이),043-537-2020,종합 재활용업,재활용
1481,-,충청북도,청주시,(주)진성리텍,"충북 청주시 청원구 오창읍 중신길 50-12 (중신리, (주)진성리텍)",043-716-0007,종합 재활용업,재활용
1482,-,충청남도,천안시,(주)이한산업,충남 천안시 동남구 성남면 성남로 417,041-553-2544,종합 재활용업,재활용
1483,-,충청남도,당진시,인바이오텍(주) 당진지점,충남 당진시 송산면 가곡로 210,041-356-7960,종합 재활용업,재활용
1484,-,충청남도,천안시,(주)태원 천안공장,충남 천안시 동남구 성남면 5산단2로 81,041-551-1357,종합 재활용업,재활용
1485,-,전라북도,군산시,(유)에코,전북 군산시 서수면 상장곤윗길 58 ((유)에코),063-451-0192,종합 재활용업,재활용
1486,-,전라북도,군산시,성일하이메탈(주),전북 군산시 군산산단로 143-15 (비응도동),063-462-0162,종합 재활용업,재활용
1487,-,전라북도,군산시,(주)골든리버,전북 군산시 군산산단1길 50 (비응도동),063-467-3807,종합 재활용업,재활용
1488,-,전라북도,김제시,(주)지티산업,전북 김제시 백산면 대동공단2길 34-50 (수록리 968),063-544-9114,종합 재활용업,재활용
1489,-,전라북도,익산시,(주)유광드럼,"전북 익산시 석암로1길 149 (팔봉동,(주)유광드림)",063-838-0123,종합 재활용업,재활용
1490,-,전라북도,군산시,성일하이텍(주),"전북 군산시 군산산단로 143-12 (비응도동, 성일하이텍주식회사)",063-440-4732,종합 재활용업,재활용
1491,-,경상북도,구미시,에스엠(SM)환경산업,경북 구미시 장천면 학신로 278-11,054-471-7825,종합 재활용업,재활용
1492,-,경상북도,구미시,타운마이닝캄파니(주),경북 구미시 1공단로 216,054-462-6117,종합 재활용업,재활용
1493,-,경상북도,김천시,(주)지엠텍 김천지점,"경북 김천시 어모면 산업단지4로 89-25 (남산리, (주)지엠텍)",054-472-0054,종합 재활용업,재활용
1494,-,경상북도,칠곡군,(주)지엠텍,경북 칠곡군 석적읍 중리 525-1번지,054-472-0054,종합 재활용업,재활용
1495,-,경상북도,포항시,케이에스피코리아(주),경북 포항시 남구 오천읍 송덕로 222,054-286-7230,종합 재활용업,재활용
1496,-,경상북도,김천시,(주)새빗켐2공장,경북 김천시 공단1길 11-54 (대광동),054-431-3586,종합 재활용업,재활용
1497,-,경상남도,김해시,(주)건양메탈,경남 김해시 한림면 김해대로916번길 54-27 (주)건양메탈,055-345-2647,종합 재활용업,재활용
1498,-,경상남도,양산시,철당(주),"경남 양산시 산막동 산막공단북2길 22 (산막동,케이디아이(주))",055-362-1704,종합 재활용업,재활용
1499,-,경상남도,양산시,현대드럼(지정폐기물),"경남 양산시 웅상읍 소주공단로 61 (소주동,현대드럼)",055-388-7100,종합 재활용업,재활용
1500,-,경상남도,함안군,홍징자원(주),경남 함안군 군북면 원북리 13-2,055-585-2240,중간 재활용업,재활용
1501,-,경상남도,양산시,유국산업(주),"경남 양산시 어곡동 어곡공단4길 17-21 (어곡동,유국산업(주))",055-372-4800,중간 재활용업,재활용
1502,-,경상남도,김해시,(주)이알,경남 김해시 한림면 안하로116번길 42,055-321-2203,종합 재활용업,재활용
1503,-,충청북도,음성군,(주)녹십자웰빙,충북 음성군 금왕읍 내송리 156-50,043-879-2958,종합 재활용업,재활용
1504,-,충청남도,아산시,유니메드제약(주)(의료),충남 아산시 실옥로 110-27 (실옥동),041-537-5441,종합 재활용업,재활용
1505,-,경상남도,의령군,경남제약(주),경남 의령군 의령읍 구룡로4남길 79 경남제약(주),055-572-8700,중간 재활용업,재활용
